time,forecast_inflow_m3h,capacity_ratio,warning_level,advice,lead_time_min
2026-08-08 22:55:00,3433.2,0.429,正常,常规运行,120
2026-08-08 23:00:00,3441.7,0.43,正常,常规运行,120
2026-08-08 23:05:00,3398.4,0.425,正常,常规运行,120
2026-08-08 23:10:00,3342.4,0.418,正常,常规运行,120
2026-08-08 23:15:00,3377.2,0.422,正常,常规运行,120
2026-08-08 23:20:00,3331.2,0.416,正常,常规运行,120
2026-08-08 23:25:00,3330.0,0.416,正常,常规运行,120
2026-08-08 23:30:00,3211.9,0.401,正常,常规运行,120
2026-08-08 23:35:00,3255.8,0.407,正常,常规运行,120
2026-08-08 23:40:00,3072.4,0.384,正常,常规运行,120
2026-08-08 23:45:00,3168.0,0.396,正常,常规运行,120
2026-08-08 23:50:00,3087.5,0.386,正常,常规运行,120
2026-08-08 23:55:00,3054.1,0.382,正常,常规运行,120
2026-08-09 00:00:00,2957.8,0.37,正常,常规运行,120
2026-08-09 00:05:00,2959.7,0.37,正常,常规运行,120
2026-08-09 00:10:00,2897.7,0.362,正常,常规运行,120
2026-08-09 00:15:00,2885.4,0.361,正常,常规运行,120
2026-08-09 00:20:00,2824.6,0.353,正常,常规运行,120
2026-08-09 00:25:00,2804.3,0.351,正常,常规运行,120
2026-08-09 00:30:00,2788.4,0.349,正常,常规运行,120
2026-08-09 00:35:00,2719.4,0.34,正常,常规运行,120
2026-08-09 00:40:00,2746.2,0.343,正常,常规运行,120
2026-08-09 00:45:00,2725.8,0.341,正常,常规运行,120
2026-08-09 00:50:00,2692.2,0.337,正常,常规运行,120
2026-08-09 00:55:00,2683.1,0.335,正常,常规运行,120
2026-08-09 01:00:00,2689.2,0.336,正常,常规运行,120
2026-08-09 01:05:00,2685.2,0.336,正常,常规运行,120
2026-08-09 01:10:00,2684.8,0.336,正常,常规运行,120
2026-08-09 01:15:00,2669.5,0.334,正常,常规运行,120
2026-08-09 01:20:00,2674.2,0.334,正常,常规运行,120
2026-08-09 01:25:00,2652.7,0.332,正常,常规运行,120
2026-08-09 01:30:00,2679.7,0.335,正常,常规运行,120
2026-08-09 01:35:00,2699.1,0.337,正常,常规运行,120
2026-08-09 01:40:00,2693.2,0.337,正常,常规运行,120
2026-08-09 01:45:00,2727.8,0.341,正常,常规运行,120
2026-08-09 01:50:00,2691.2,0.336,正常,常规运行,120
2026-08-09 01:55:00,2758.6,0.345,正常,常规运行,120
2026-08-09 02:00:00,2714.9,0.339,正常,常规运行,120
2026-08-09 02:05:00,2749.4,0.344,正常,常规运行,120
2026-08-09 02:10:00,2744.9,0.343,正常,常规运行,120
2026-08-09 02:15:00,2795.4,0.349,正常,常规运行,120
2026-08-09 02:20:00,2790.9,0.349,正常,常规运行,120
2026-08-09 02:25:00,2833.0,0.354,正常,常规运行,120
2026-08-09 02:30:00,2869.1,0.359,正常,常规运行,120
2026-08-09 02:35:00,2959.5,0.37,正常,常规运行,120
2026-08-09 02:40:00,2993.9,0.374,正常,常规运行,120
2026-08-09 02:45:00,3062.1,0.383,正常,常规运行,120
2026-08-09 02:50:00,3069.7,0.384,正常,常规运行,120
2026-08-09 02:55:00,3194.3,0.399,正常,常规运行,120
2026-08-09 03:00:00,3289.1,0.411,正常,常规运行,120
2026-08-09 03:05:00,3300.8,0.413,正常,常规运行,120
2026-08-09 03:10:00,3361.7,0.42,正常,常规运行,120
2026-08-09 03:15:00,3311.2,0.414,正常,常规运行,120
2026-08-09 03:20:00,3434.3,0.429,正常,常规运行,120
2026-08-09 03:25:00,3504.3,0.438,正常,常规运行,120
2026-08-09 03:30:00,3582.9,0.448,正常,常规运行,120
2026-08-09 03:35:00,3586.1,0.448,正常,常规运行,120
2026-08-09 03:40:00,3698.1,0.462,正常,常规运行,120
2026-08-09 03:45:00,3730.3,0.466,正常,常规运行,120
2026-08-09 03:50:00,3828.7,0.479,正常,常规运行,120
2026-08-09 03:55:00,3936.5,0.492,正常,常规运行,120
2026-08-09 04:00:00,3918.0,0.49,正常,常规运行,120
2026-08-09 04:05:00,4007.5,0.501,正常,常规运行,120
2026-08-09 04:10:00,4085.9,0.511,正常,常规运行,120
2026-08-09 04:15:00,4133.1,0.517,正常,常规运行,120
2026-08-09 04:20:00,4157.4,0.52,正常,常规运行,120
2026-08-09 04:25:00,4192.3,0.524,正常,常规运行,120
2026-08-09 04:30:00,4298.7,0.537,正常,常规运行,120
2026-08-09 04:35:00,4338.7,0.542,正常,常规运行,120
2026-08-09 04:40:00,4349.4,0.544,正常,常规运行,120
2026-08-09 04:45:00,4429.0,0.554,正常,常规运行,120
2026-08-09 04:50:00,4500.4,0.563,正常,常规运行,120
2026-08-09 04:55:00,4553.0,0.569,正常,常规运行,120
2026-08-09 05:00:00,4557.7,0.57,正常,常规运行,120
2026-08-09 05:05:00,4644.9,0.581,正常,常规运行,120
2026-08-09 05:10:00,4761.1,0.595,正常,常规运行,120
2026-08-09 05:15:00,4712.1,0.589,正常,常规运行,120
2026-08-09 05:20:00,4701.4,0.588,正常,常规运行,120
2026-08-09 05:25:00,4877.7,0.61,蓝色,加强监视：关注上游液位与雨量变化趋势,120
2026-08-09 05:30:00,4844.4,0.606,蓝色,加强监视：关注上游液位与雨量变化趋势,120
2026-08-09 05:35:00,4921.8,0.615,蓝色,加强监视：关注上游液位与雨量变化趋势,120
2026-08-09 05:40:00,4867.6,0.608,蓝色,加强监视：关注上游液位与雨量变化趋势,120
2026-08-09 05:45:00,5005.3,0.626,蓝色,加强监视：关注上游液位与雨量变化趋势,120
2026-08-09 05:50:00,5060.8,0.633,蓝色,加强监视：关注上游液位与雨量变化趋势,120
2026-08-09 05:55:00,5051.5,0.631,蓝色,加强监视：关注上游液位与雨量变化趋势,120
2026-08-09 06:00:00,5072.6,0.634,蓝色,加强监视：关注上游液位与雨量变化趋势,120
2026-08-09 06:05:00,5039.2,0.63,蓝色,加强监视：关注上游液位与雨量变化趋势,120
2026-08-09 06:10:00,5213.1,0.652,蓝色,加强监视：关注上游液位与雨量变化趋势,120
2026-08-09 06:15:00,5169.1,0.646,蓝色,加强监视：关注上游液位与雨量变化趋势,120
2026-08-09 06:20:00,5196.9,0.65,蓝色,加强监视：关注上游液位与雨量变化趋势,120
2026-08-09 06:25:00,5281.3,0.66,蓝色,加强监视：关注上游液位与雨量变化趋势,120
2026-08-09 06:30:00,5372.2,0.672,蓝色,加强监视：关注上游液位与雨量变化趋势,120
2026-08-09 06:35:00,5331.8,0.666,蓝色,加强监视：关注上游液位与雨量变化趋势,120
2026-08-09 06:40:00,5304.5,0.663,蓝色,加强监视：关注上游液位与雨量变化趋势,120
2026-08-09 06:45:00,5276.9,0.66,蓝色,加强监视：关注上游液位与雨量变化趋势,120
2026-08-09 06:50:00,5257.6,0.657,蓝色,加强监视：关注上游液位与雨量变化趋势,120
2026-08-09 06:55:00,5222.3,0.653,蓝色,加强监视：关注上游液位与雨量变化趋势,120
2026-08-09 07:00:00,5295.6,0.662,蓝色,加强监视：关注上游液位与雨量变化趋势,120
2026-08-09 07:05:00,5278.0,0.66,蓝色,加强监视：关注上游液位与雨量变化趋势,120
2026-08-09 07:10:00,5369.3,0.671,蓝色,加强监视：关注上游液位与雨量变化趋势,120
2026-08-09 07:15:00,5231.6,0.654,蓝色,加强监视：关注上游液位与雨量变化趋势,120
2026-08-09 07:20:00,5289.3,0.661,蓝色,加强监视：关注上游液位与雨量变化趋势,120
2026-08-09 07:25:00,5335.2,0.667,蓝色,加强监视：关注上游液位与雨量变化趋势,120
2026-08-09 07:30:00,5362.7,0.67,蓝色,加强监视：关注上游液位与雨量变化趋势,120
2026-08-09 07:35:00,5211.0,0.651,蓝色,加强监视：关注上游液位与雨量变化趋势,120
2026-08-09 07:40:00,5215.4,0.652,蓝色,加强监视：关注上游液位与雨量变化趋势,120
2026-08-09 07:45:00,5197.9,0.65,蓝色,加强监视：关注上游液位与雨量变化趋势,120
2026-08-09 07:50:00,5175.8,0.647,蓝色,加强监视：关注上游液位与雨量变化趋势,120
2026-08-09 07:55:00,5150.8,0.644,蓝色,加强监视：关注上游液位与雨量变化趋势,120
2026-08-09 08:00:00,5199.0,0.65,蓝色,加强监视：关注上游液位与雨量变化趋势,120
2026-08-09 08:05:00,5704.6,0.713,蓝色,加强监视：关注上游液位与雨量变化趋势,120
2026-08-09 08:10:00,5078.6,0.635,蓝色,加强监视：关注上游液位与雨量变化趋势,120
2026-08-09 08:15:00,5086.4,0.636,蓝色,加强监视：关注上游液位与雨量变化趋势,120
2026-08-09 08:20:00,5090.9,0.636,蓝色,加强监视：关注上游液位与雨量变化趋势,120
2026-08-09 08:25:00,5033.0,0.629,蓝色,加强监视：关注上游液位与雨量变化趋势,120
2026-08-09 08:30:00,4975.4,0.622,蓝色,加强监视：关注上游液位与雨量变化趋势,120
2026-08-09 08:35:00,4989.0,0.624,蓝色,加强监视：关注上游液位与雨量变化趋势,120
2026-08-09 08:40:00,4880.2,0.61,蓝色,加强监视：关注上游液位与雨量变化趋势,120
2026-08-09 08:45:00,5333.9,0.667,蓝色,加强监视：关注上游液位与雨量变化趋势,120
2026-08-09 08:50:00,4818.6,0.602,蓝色,加强监视：关注上游液位与雨量变化趋势,120
2026-08-09 08:55:00,4797.6,0.6,正常,常规运行,120
2026-08-09 09:00:00,4806.7,0.601,蓝色,加强监视：关注上游液位与雨量变化趋势,120
2026-08-09 09:05:00,4732.8,0.592,正常,常规运行,120
2026-08-09 09:10:00,4689.1,0.586,正常,常规运行,120
2026-08-09 09:15:00,4624.1,0.578,正常,常规运行,120
2026-08-09 09:20:00,4611.5,0.576,正常,常规运行,120
2026-08-09 09:25:00,4572.8,0.572,正常,常规运行,120
2026-08-09 09:30:00,4592.0,0.574,正常,常规运行,120
2026-08-09 09:35:00,4530.4,0.566,正常,常规运行,120
2026-08-09 09:40:00,4505.5,0.563,正常,常规运行,120
2026-08-09 09:45:00,4450.0,0.556,正常,常规运行,120
2026-08-09 09:50:00,4542.9,0.568,正常,常规运行,120
2026-08-09 09:55:00,4415.0,0.552,正常,常规运行,120
2026-08-09 10:00:00,4506.7,0.563,正常,常规运行,120
2026-08-09 10:05:00,4323.1,0.54,正常,常规运行,120
2026-08-09 10:10:00,4350.3,0.544,正常,常规运行,120
2026-08-09 10:15:00,4234.1,0.529,正常,常规运行,120
2026-08-09 10:20:00,4354.2,0.544,正常,常规运行,120
2026-08-09 10:25:00,4197.7,0.525,正常,常规运行,120
2026-08-09 10:30:00,4258.8,0.532,正常,常规运行,120
2026-08-09 10:35:00,4227.0,0.528,正常,常规运行,120
2026-08-09 10:40:00,4328.9,0.541,正常,常规运行,120
2026-08-09 10:45:00,4182.1,0.523,正常,常规运行,120
2026-08-09 10:50:00,4157.6,0.52,正常,常规运行,120
2026-08-09 10:55:00,4192.6,0.524,正常,常规运行,120
2026-08-09 11:00:00,4133.0,0.517,正常,常规运行,120
2026-08-09 11:05:00,4121.3,0.515,正常,常规运行,120
2026-08-09 11:10:00,4109.7,0.514,正常,常规运行,120
2026-08-09 11:15:00,4164.5,0.521,正常,常规运行,120
2026-08-09 11:20:00,4087.5,0.511,正常,常规运行,120
2026-08-09 11:25:00,4033.0,0.504,正常,常规运行,120
2026-08-09 11:30:00,4031.8,0.504,正常,常规运行,120
2026-08-09 11:35:00,4096.5,0.512,正常,常规运行,120
2026-08-09 11:40:00,4072.1,0.509,正常,常规运行,120
2026-08-09 11:45:00,4007.7,0.501,正常,常规运行,120
2026-08-09 11:50:00,4011.8,0.501,正常,常规运行,120
2026-08-09 11:55:00,3991.5,0.499,正常,常规运行,120
2026-08-09 12:00:00,4123.0,0.515,正常,常规运行,120
2026-08-09 12:05:00,4099.2,0.512,正常,常规运行,120
2026-08-09 12:10:00,4122.0,0.515,正常,常规运行,120
2026-08-09 12:15:00,4033.5,0.504,正常,常规运行,120
2026-08-09 12:20:00,4061.9,0.508,正常,常规运行,120
2026-08-09 12:25:00,3924.2,0.491,正常,常规运行,120
2026-08-09 12:30:00,4054.6,0.507,正常,常规运行,120
2026-08-09 12:35:00,4071.5,0.509,正常,常规运行,120
2026-08-09 12:40:00,4146.5,0.518,正常,常规运行,120
2026-08-09 12:45:00,3962.9,0.495,正常,常规运行,120
2026-08-09 12:50:00,4013.9,0.502,正常,常规运行,120
2026-08-09 12:55:00,4094.9,0.512,正常,常规运行,120
2026-08-09 13:00:00,4043.5,0.505,正常,常规运行,120
2026-08-09 13:05:00,3998.4,0.5,正常,常规运行,120
2026-08-09 13:10:00,3962.0,0.495,正常,常规运行,120
2026-08-09 13:15:00,4108.6,0.514,正常,常规运行,120
2026-08-09 13:20:00,4001.4,0.5,正常,常规运行,120
2026-08-09 13:25:00,4057.4,0.507,正常,常规运行,120
2026-08-09 13:30:00,4015.5,0.502,正常,常规运行,120
2026-08-09 13:35:00,4100.8,0.513,正常,常规运行,120
2026-08-09 13:40:00,4030.9,0.504,正常,常规运行,120
2026-08-09 13:45:00,4138.4,0.517,正常,常规运行,120
2026-08-09 13:50:00,4173.3,0.522,正常,常规运行,120
2026-08-09 13:55:00,4207.2,0.526,正常,常规运行,120
2026-08-09 14:00:00,4138.9,0.517,正常,常规运行,120
2026-08-09 14:05:00,4081.1,0.51,正常,常规运行,120
2026-08-09 14:10:00,4152.1,0.519,正常,常规运行,120
2026-08-09 14:15:00,4234.6,0.529,正常,常规运行,120
2026-08-09 14:20:00,4290.1,0.536,正常,常规运行,120
2026-08-09 14:25:00,4154.8,0.519,正常,常规运行,120
2026-08-09 14:30:00,4287.5,0.536,正常,常规运行,120
2026-08-09 14:35:00,4301.3,0.538,正常,常规运行,120
2026-08-09 14:40:00,4298.2,0.537,正常,常规运行,120
2026-08-09 14:45:00,4285.7,0.536,正常,常规运行,120
2026-08-09 14:50:00,4353.5,0.544,正常,常规运行,120
2026-08-09 14:55:00,4388.5,0.549,正常,常规运行,120
2026-08-09 15:00:00,4382.1,0.548,正常,常规运行,120
2026-08-09 15:05:00,4418.7,0.552,正常,常规运行,120
2026-08-09 15:10:00,4401.4,0.55,正常,常规运行,120
2026-08-09 15:15:00,4464.9,0.558,正常,常规运行,120
2026-08-09 15:20:00,4498.8,0.562,正常,常规运行,120
2026-08-09 15:25:00,4510.5,0.564,正常,常规运行,120
2026-08-09 15:30:00,4602.4,0.575,正常,常规运行,120
2026-08-09 15:35:00,4739.1,0.592,正常,常规运行,120
2026-08-09 15:40:00,4664.8,0.583,正常,常规运行,120
2026-08-09 15:45:00,4607.8,0.576,正常,常规运行,120
2026-08-09 15:50:00,4727.4,0.591,正常,常规运行,120
2026-08-09 15:55:00,4706.4,0.588,正常,常规运行,120
2026-08-09 16:00:00,4709.5,0.589,正常,常规运行,120
2026-08-09 16:05:00,4801.9,0.6,蓝色,加强监视：关注上游液位与雨量变化趋势,120
2026-08-09 16:10:00,4688.5,0.586,正常,常规运行,120
2026-08-09 16:15:00,4801.9,0.6,蓝色,加强监视：关注上游液位与雨量变化趋势,120
2026-08-09 16:20:00,4801.3,0.6,蓝色,加强监视：关注上游液位与雨量变化趋势,120
2026-08-09 16:25:00,4824.6,0.603,蓝色,加强监视：关注上游液位与雨量变化趋势,120
2026-08-09 16:30:00,4830.2,0.604,蓝色,加强监视：关注上游液位与雨量变化趋势,120
2026-08-09 16:35:00,4948.2,0.619,蓝色,加强监视：关注上游液位与雨量变化趋势,120
2026-08-09 16:40:00,4874.2,0.609,蓝色,加强监视：关注上游液位与雨量变化趋势,120
2026-08-09 16:45:00,4982.4,0.623,蓝色,加强监视：关注上游液位与雨量变化趋势,120
2026-08-09 16:50:00,4962.1,0.62,蓝色,加强监视：关注上游液位与雨量变化趋势,120
2026-08-09 16:55:00,5005.0,0.626,蓝色,加强监视：关注上游液位与雨量变化趋势,120
2026-08-09 17:00:00,5005.9,0.626,蓝色,加强监视：关注上游液位与雨量变化趋势,120
2026-08-09 17:05:00,5013.6,0.627,蓝色,加强监视：关注上游液位与雨量变化趋势,120
2026-08-09 17:10:00,5116.9,0.64,蓝色,加强监视：关注上游液位与雨量变化趋势,120
2026-08-09 17:15:00,5135.9,0.642,蓝色,加强监视：关注上游液位与雨量变化趋势,120
2026-08-09 17:20:00,5171.1,0.646,蓝色,加强监视：关注上游液位与雨量变化趋势,120
2026-08-09 17:25:00,5025.3,0.628,蓝色,加强监视：关注上游液位与雨量变化趋势,120
2026-08-09 17:30:00,5234.8,0.654,蓝色,加强监视：关注上游液位与雨量变化趋势,120
2026-08-09 17:35:00,5104.6,0.638,蓝色,加强监视：关注上游液位与雨量变化趋势,120
2026-08-09 17:40:00,5230.3,0.654,蓝色,加强监视：关注上游液位与雨量变化趋势,120
2026-08-09 17:45:00,5116.2,0.64,蓝色,加强监视：关注上游液位与雨量变化趋势,120
2026-08-09 17:50:00,5155.7,0.644,蓝色,加强监视：关注上游液位与雨量变化趋势,120
2026-08-09 17:55:00,5092.6,0.637,蓝色,加强监视：关注上游液位与雨量变化趋势,120
2026-08-09 18:00:00,5137.6,0.642,蓝色,加强监视：关注上游液位与雨量变化趋势,120
2026-08-09 18:05:00,5130.3,0.641,蓝色,加强监视：关注上游液位与雨量变化趋势,120
2026-08-09 18:10:00,5162.5,0.645,蓝色,加强监视：关注上游液位与雨量变化趋势,120
2026-08-09 18:15:00,5052.1,0.632,蓝色,加强监视：关注上游液位与雨量变化趋势,120
2026-08-09 18:20:00,5093.5,0.637,蓝色,加强监视：关注上游液位与雨量变化趋势,120
2026-08-09 18:25:00,5143.3,0.643,蓝色,加强监视：关注上游液位与雨量变化趋势,120
2026-08-09 18:30:00,5160.4,0.645,蓝色,加强监视：关注上游液位与雨量变化趋势,120
2026-08-09 18:35:00,5113.4,0.639,蓝色,加强监视：关注上游液位与雨量变化趋势,120
2026-08-09 18:40:00,5013.4,0.627,蓝色,加强监视：关注上游液位与雨量变化趋势,120
2026-08-09 18:45:00,4999.2,0.625,蓝色,加强监视：关注上游液位与雨量变化趋势,120
2026-08-09 18:50:00,5032.9,0.629,蓝色,加强监视：关注上游液位与雨量变化趋势,120
2026-08-09 18:55:00,4990.4,0.624,蓝色,加强监视：关注上游液位与雨量变化趋势,120
2026-08-09 19:00:00,5009.0,0.626,蓝色,加强监视：关注上游液位与雨量变化趋势,120
2026-08-09 19:05:00,4955.0,0.619,蓝色,加强监视：关注上游液位与雨量变化趋势,120
2026-08-09 19:10:00,4967.6,0.621,蓝色,加强监视：关注上游液位与雨量变化趋势,120
2026-08-09 19:15:00,4949.7,0.619,蓝色,加强监视：关注上游液位与雨量变化趋势,120
2026-08-09 19:20:00,4885.2,0.611,蓝色,加强监视：关注上游液位与雨量变化趋势,120
2026-08-09 19:25:00,4876.6,0.61,蓝色,加强监视：关注上游液位与雨量变化趋势,120
2026-08-09 19:30:00,4896.8,0.612,蓝色,加强监视：关注上游液位与雨量变化趋势,120
2026-08-09 19:35:00,4797.9,0.6,正常,常规运行,120
2026-08-09 19:40:00,4888.8,0.611,蓝色,加强监视：关注上游液位与雨量变化趋势,120
2026-08-09 19:45:00,4750.1,0.594,正常,常规运行,120
2026-08-09 19:50:00,4747.8,0.593,正常,常规运行,120
2026-08-09 19:55:00,4722.9,0.59,正常,常规运行,120
2026-08-09 20:00:00,4683.7,0.585,正常,常规运行,120
2026-08-09 20:05:00,4668.4,0.584,正常,常规运行,120
2026-08-09 20:10:00,4548.4,0.569,正常,常规运行,120
2026-08-09 20:15:00,4601.1,0.575,正常,常规运行,120
2026-08-09 20:20:00,4542.8,0.568,正常,常规运行,120
2026-08-09 20:25:00,4495.3,0.562,正常,常规运行,120
2026-08-09 20:30:00,4525.5,0.566,正常,常规运行,120
2026-08-09 20:35:00,4465.0,0.558,正常,常规运行,120
2026-08-09 20:40:00,4458.4,0.557,正常,常规运行,120
2026-08-09 20:45:00,4449.0,0.556,正常,常规运行,120
2026-08-09 20:50:00,4428.3,0.554,正常,常规运行,120
2026-08-09 20:55:00,4388.3,0.549,正常,常规运行,120
2026-08-09 21:00:00,4416.9,0.552,正常,常规运行,120
2026-08-09 21:05:00,4375.3,0.547,正常,常规运行,120
2026-08-09 21:10:00,4399.3,0.55,正常,常规运行,120
2026-08-09 21:15:00,4349.9,0.544,正常,常规运行,120
2026-08-09 21:20:00,4392.8,0.549,正常,常规运行,120
2026-08-09 21:25:00,4245.0,0.531,正常,常规运行,120
2026-08-09 21:30:00,4284.2,0.536,正常,常规运行,120
2026-08-09 21:35:00,4329.8,0.541,正常,常规运行,120
2026-08-09 21:40:00,4182.6,0.523,正常,常规运行,120
2026-08-09 21:45:00,4217.9,0.527,正常,常规运行,120
2026-08-09 21:50:00,4154.9,0.519,正常,常规运行,120
2026-08-09 21:55:00,4228.2,0.529,正常,常规运行,120
2026-08-09 22:00:00,3998.2,0.5,正常,常规运行,120
2026-08-09 22:05:00,4096.2,0.512,正常,常规运行,120
2026-08-09 22:10:00,3971.7,0.496,正常,常规运行,120
2026-08-09 22:15:00,3913.0,0.489,正常,常规运行,120
2026-08-09 22:20:00,3972.3,0.497,正常,常规运行,120
2026-08-09 22:25:00,3924.8,0.491,正常,常规运行,120
2026-08-09 22:30:00,3997.3,0.5,正常,常规运行,120
2026-08-09 22:35:00,3893.3,0.487,正常,常规运行,120
2026-08-09 22:40:00,3954.5,0.494,正常,常规运行,120
2026-08-09 22:45:00,3875.5,0.484,正常,常规运行,120
2026-08-09 22:50:00,3796.9,0.475,正常,常规运行,120
2026-08-09 22:55:00,3760.4,0.47,正常,常规运行,120
2026-08-09 23:00:00,3763.2,0.47,正常,常规运行,120
2026-08-09 23:05:00,3695.1,0.462,正常,常规运行,120
2026-08-09 23:10:00,3662.9,0.458,正常,常规运行,120
2026-08-09 23:15:00,3677.9,0.46,正常,常规运行,120
2026-08-09 23:20:00,3533.5,0.442,正常,常规运行,120
2026-08-09 23:25:00,3482.6,0.435,正常,常规运行,120
2026-08-09 23:30:00,3541.1,0.443,正常,常规运行,120
2026-08-09 23:35:00,3474.3,0.434,正常,常规运行,120
2026-08-09 23:40:00,3495.1,0.437,正常,常规运行,120
2026-08-09 23:45:00,3452.6,0.432,正常,常规运行,120
2026-08-09 23:50:00,3392.8,0.424,正常,常规运行,120
2026-08-09 23:55:00,3393.0,0.424,正常,常规运行,120
2026-08-10 00:00:00,3280.8,0.41,正常,常规运行,120
2026-08-10 00:05:00,3197.1,0.4,正常,常规运行,120
2026-08-10 00:10:00,3195.9,0.399,正常,常规运行,120
2026-08-10 00:15:00,3203.5,0.4,正常,常规运行,120
2026-08-10 00:20:00,3104.7,0.388,正常,常规运行,120
2026-08-10 00:25:00,3092.4,0.387,正常,常规运行,120
2026-08-10 00:30:00,3029.5,0.379,正常,常规运行,120
2026-08-10 00:35:00,3087.4,0.386,正常,常规运行,120
2026-08-10 00:40:00,2929.8,0.366,正常,常规运行,120
2026-08-10 00:45:00,2961.2,0.37,正常,常规运行,120
2026-08-10 00:50:00,2897.3,0.362,正常,常规运行,120
2026-08-10 00:55:00,2871.1,0.359,正常,常规运行,120
2026-08-10 01:00:00,2842.0,0.355,正常,常规运行,120
2026-08-10 01:05:00,2852.3,0.357,正常,常规运行,120
2026-08-10 01:10:00,2844.0,0.355,正常,常规运行,120
2026-08-10 01:15:00,2810.2,0.351,正常,常规运行,120
2026-08-10 01:20:00,2847.7,0.356,正常,常规运行,120
2026-08-10 01:25:00,2834.2,0.354,正常,常规运行,120
2026-08-10 01:30:00,2813.5,0.352,正常,常规运行,120
2026-08-10 01:35:00,2832.2,0.354,正常,常规运行,120
2026-08-10 01:40:00,2836.3,0.355,正常,常规运行,120
2026-08-10 01:45:00,2839.0,0.355,正常,常规运行,120
2026-08-10 01:50:00,2863.5,0.358,正常,常规运行,120
2026-08-10 01:55:00,2939.4,0.367,正常,常规运行,120
2026-08-10 02:00:00,2923.6,0.365,正常,常规运行,120
2026-08-10 02:05:00,2945.9,0.368,正常,常规运行,120
2026-08-10 02:10:00,2945.5,0.368,正常,常规运行,120
2026-08-10 02:15:00,3058.0,0.382,正常,常规运行,120
2026-08-10 02:20:00,3036.5,0.38,正常,常规运行,120
2026-08-10 02:25:00,3173.2,0.397,正常,常规运行,120
2026-08-10 02:30:00,3151.6,0.394,正常,常规运行,120
2026-08-10 02:35:00,3196.3,0.4,正常,常规运行,120
2026-08-10 02:40:00,3183.6,0.398,正常,常规运行,120
2026-08-10 02:45:00,3332.2,0.417,正常,常规运行,120
2026-08-10 02:50:00,3365.3,0.421,正常,常规运行,120
2026-08-10 02:55:00,3340.5,0.418,正常,常规运行,120
2026-08-10 03:00:00,3466.0,0.433,正常,常规运行,120
2026-08-10 03:05:00,3518.0,0.44,正常,常规运行,120
2026-08-10 03:10:00,3634.3,0.454,正常,常规运行,120
2026-08-10 03:15:00,3664.9,0.458,正常,常规运行,120
2026-08-10 03:20:00,3649.3,0.456,正常,常规运行,120
2026-08-10 03:25:00,3764.5,0.471,正常,常规运行,120
2026-08-10 03:30:00,3865.6,0.483,正常,常规运行,120
2026-08-10 03:35:00,4006.5,0.501,正常,常规运行,120
2026-08-10 03:40:00,3932.5,0.492,正常,常规运行,120
2026-08-10 03:45:00,4132.0,0.516,正常,常规运行,120
2026-08-10 03:50:00,4140.1,0.518,正常,常规运行,120
2026-08-10 03:55:00,4324.5,0.541,正常,常规运行,120
2026-08-10 04:00:00,4447.9,0.556,正常,常规运行,120
2026-08-10 04:05:00,4455.0,0.557,正常,常规运行,120
2026-08-10 04:10:00,4505.9,0.563,正常,常规运行,120
2026-08-10 04:15:00,4458.4,0.557,正常,常规运行,120
2026-08-10 04:20:00,4518.5,0.565,正常,常规运行,120
2026-08-10 04:25:00,4554.4,0.569,正常,常规运行,120
2026-08-10 04:30:00,5019.7,0.627,蓝色,加强监视：关注上游液位与雨量变化趋势,120
2026-08-10 04:35:00,4776.0,0.597,正常,常规运行,120
2026-08-10 04:40:00,4711.7,0.589,正常,常规运行,120
2026-08-10 04:45:00,4824.6,0.603,蓝色,加强监视：关注上游液位与雨量变化趋势,120
2026-08-10 04:50:00,4888.8,0.611,蓝色,加强监视：关注上游液位与雨量变化趋势,120
2026-08-10 04:55:00,5246.2,0.656,蓝色,加强监视：关注上游液位与雨量变化趋势,120
2026-08-10 05:00:00,4991.4,0.624,蓝色,加强监视：关注上游液位与雨量变化趋势,120
2026-08-10 05:05:00,5396.2,0.675,蓝色,加强监视：关注上游液位与雨量变化趋势,120
2026-08-10 05:10:00,6683.7,0.835,黄色,雨前预抽空：预降各泵站前池液位，腾出调蓄容积,120
2026-08-10 05:15:00,5897.6,0.737,蓝色,加强监视：关注上游液位与雨量变化趋势,120
2026-08-10 05:20:00,5840.1,0.73,蓝色,加强监视：关注上游液位与雨量变化趋势,120
2026-08-10 05:25:00,5673.6,0.709,蓝色,加强监视：关注上游液位与雨量变化趋势,120
2026-08-10 05:30:00,6057.6,0.757,蓝色,加强监视：关注上游液位与雨量变化趋势,120
2026-08-10 05:35:00,5530.0,0.691,蓝色,加强监视：关注上游液位与雨量变化趋势,120
2026-08-10 05:40:00,5428.8,0.679,蓝色,加强监视：关注上游液位与雨量变化趋势,120
2026-08-10 05:45:00,5392.9,0.674,蓝色,加强监视：关注上游液位与雨量变化趋势,120
2026-08-10 05:50:00,5755.3,0.719,蓝色,加强监视：关注上游液位与雨量变化趋势,120
2026-08-10 05:55:00,5462.3,0.683,蓝色,加强监视：关注上游液位与雨量变化趋势,120
2026-08-10 06:00:00,5916.1,0.74,蓝色,加强监视：关注上游液位与雨量变化趋势,120
2026-08-10 06:05:00,6398.6,0.8,蓝色,加强监视：关注上游液位与雨量变化趋势,120
2026-08-10 06:10:00,7495.9,0.937,黄色,雨前预抽空：预降各泵站前池液位，腾出调蓄容积,120
2026-08-10 06:15:00,6405.4,0.801,黄色,雨前预抽空：预降各泵站前池液位，腾出调蓄容积,120
2026-08-10 06:20:00,7916.0,0.99,橙色,彭越浦总站错峰：上游支线泵站延迟 30~60min 开泵，削峰错时进厂,120
2026-08-10 06:25:00,9653.9,1.207,红色,全网限流：上游泵站按能力 70% 限排，启用调蓄，厂内超越预案待命,120
2026-08-10 06:30:00,15731.3,1.966,红色,全网限流：上游泵站按能力 70% 限排，启用调蓄，厂内超越预案待命,120
2026-08-10 06:35:00,18876.1,2.36,红色,全网限流：上游泵站按能力 70% 限排，启用调蓄，厂内超越预案待命,120
2026-08-10 06:40:00,22834.7,2.854,红色,全网限流：上游泵站按能力 70% 限排，启用调蓄，厂内超越预案待命,120
2026-08-10 06:45:00,24515.0,3.064,红色,全网限流：上游泵站按能力 70% 限排，启用调蓄，厂内超越预案待命,120
2026-08-10 06:50:00,26280.3,3.285,红色,全网限流：上游泵站按能力 70% 限排，启用调蓄，厂内超越预案待命,120
2026-08-10 06:55:00,25953.8,3.244,红色,全网限流：上游泵站按能力 70% 限排，启用调蓄，厂内超越预案待命,120
2026-08-10 07:00:00,23140.4,2.893,红色,全网限流：上游泵站按能力 70% 限排，启用调蓄，厂内超越预案待命,120
2026-08-10 07:05:00,23054.7,2.882,红色,全网限流：上游泵站按能力 70% 限排，启用调蓄，厂内超越预案待命,120
2026-08-10 07:10:00,18260.3,2.283,红色,全网限流：上游泵站按能力 70% 限排，启用调蓄，厂内超越预案待命,120
2026-08-10 07:15:00,15713.0,1.964,红色,全网限流：上游泵站按能力 70% 限排，启用调蓄，厂内超越预案待命,120
2026-08-10 07:20:00,12803.6,1.6,红色,全网限流：上游泵站按能力 70% 限排，启用调蓄，厂内超越预案待命,120
2026-08-10 07:25:00,10281.7,1.285,红色,全网限流：上游泵站按能力 70% 限排，启用调蓄，厂内超越预案待命,120
2026-08-10 07:30:00,8228.3,1.029,橙色,彭越浦总站错峰：上游支线泵站延迟 30~60min 开泵，削峰错时进厂,120
2026-08-10 07:35:00,9773.1,1.222,红色,全网限流：上游泵站按能力 70% 限排，启用调蓄，厂内超越预案待命,120
2026-08-10 07:40:00,5663.0,0.708,蓝色,加强监视：关注上游液位与雨量变化趋势,120
2026-08-10 07:45:00,5653.0,0.707,蓝色,加强监视：关注上游液位与雨量变化趋势,120
2026-08-10 07:50:00,5660.1,0.708,蓝色,加强监视：关注上游液位与雨量变化趋势,120
2026-08-10 07:55:00,6089.4,0.761,蓝色,加强监视：关注上游液位与雨量变化趋势,120
2026-08-10 08:00:00,6201.3,0.775,蓝色,加强监视：关注上游液位与雨量变化趋势,120
2026-08-10 08:05:00,5771.7,0.721,蓝色,加强监视：关注上游液位与雨量变化趋势,120
2026-08-10 08:10:00,5398.3,0.675,蓝色,加强监视：关注上游液位与雨量变化趋势,120
2026-08-10 08:15:00,5472.6,0.684,蓝色,加强监视：关注上游液位与雨量变化趋势,120
2026-08-10 08:20:00,5644.7,0.706,蓝色,加强监视：关注上游液位与雨量变化趋势,120
2026-08-10 08:25:00,5442.1,0.68,蓝色,加强监视：关注上游液位与雨量变化趋势,120
2026-08-10 08:30:00,5699.7,0.712,蓝色,加强监视：关注上游液位与雨量变化趋势,120
2026-08-10 08:35:00,5957.2,0.745,蓝色,加强监视：关注上游液位与雨量变化趋势,120
2026-08-10 08:40:00,5861.1,0.733,蓝色,加强监视：关注上游液位与雨量变化趋势,120
2026-08-10 08:45:00,5609.0,0.701,蓝色,加强监视：关注上游液位与雨量变化趋势,120
2026-08-10 08:50:00,7325.7,0.916,黄色,雨前预抽空：预降各泵站前池液位，腾出调蓄容积,120
2026-08-10 08:55:00,5833.4,0.729,蓝色,加强监视：关注上游液位与雨量变化趋势,120
2026-08-10 09:00:00,5609.3,0.701,蓝色,加强监视：关注上游液位与雨量变化趋势,120
2026-08-10 09:05:00,5240.5,0.655,蓝色,加强监视：关注上游液位与雨量变化趋势,120
2026-08-10 09:10:00,5083.1,0.635,蓝色,加强监视：关注上游液位与雨量变化趋势,120
2026-08-10 09:15:00,5102.2,0.638,蓝色,加强监视：关注上游液位与雨量变化趋势,120
2026-08-10 09:20:00,5134.8,0.642,蓝色,加强监视：关注上游液位与雨量变化趋势,120
2026-08-10 09:25:00,4903.5,0.613,蓝色,加强监视：关注上游液位与雨量变化趋势,120
2026-08-10 09:30:00,4889.0,0.611,蓝色,加强监视：关注上游液位与雨量变化趋势,120
2026-08-10 09:35:00,4913.9,0.614,蓝色,加强监视：关注上游液位与雨量变化趋势,120
2026-08-10 09:40:00,4806.3,0.601,蓝色,加强监视：关注上游液位与雨量变化趋势,120
2026-08-10 09:45:00,4815.7,0.602,蓝色,加强监视：关注上游液位与雨量变化趋势,120
2026-08-10 09:50:00,4768.8,0.596,正常,常规运行,120
2026-08-10 09:55:00,4725.5,0.591,正常,常规运行,120
2026-08-10 10:00:00,4775.2,0.597,正常,常规运行,120
2026-08-10 10:05:00,4663.0,0.583,正常,常规运行,120
2026-08-10 10:10:00,4652.5,0.582,正常,常规运行,120
2026-08-10 10:15:00,4612.9,0.577,正常,常规运行,120
2026-08-10 10:20:00,4646.2,0.581,正常,常规运行,120
2026-08-10 10:25:00,4559.7,0.57,正常,常规运行,120
2026-08-10 10:30:00,4631.9,0.579,正常,常规运行,120
2026-08-10 10:35:00,4537.6,0.567,正常,常规运行,120
2026-08-10 10:40:00,4488.8,0.561,正常,常规运行,120
2026-08-10 10:45:00,4538.6,0.567,正常,常规运行,120
2026-08-10 10:50:00,4534.8,0.567,正常,常规运行,120
2026-08-10 10:55:00,4476.1,0.56,正常,常规运行,120
2026-08-10 11:00:00,4452.9,0.557,正常,常规运行,120
2026-08-10 11:05:00,4470.9,0.559,正常,常规运行,120
2026-08-10 11:10:00,4419.2,0.552,正常,常规运行,120
2026-08-10 11:15:00,4419.7,0.552,正常,常规运行,120
2026-08-10 11:20:00,4444.3,0.556,正常,常规运行,120
2026-08-10 11:25:00,4423.8,0.553,正常,常规运行,120
2026-08-10 11:30:00,4450.6,0.556,正常,常规运行,120
2026-08-10 11:35:00,4407.1,0.551,正常,常规运行,120
2026-08-10 11:40:00,4369.5,0.546,正常,常规运行,120
2026-08-10 11:45:00,4392.4,0.549,正常,常规运行,120
2026-08-10 11:50:00,4388.6,0.549,正常,常规运行,120
2026-08-10 11:55:00,4408.0,0.551,正常,常规运行,120
2026-08-10 12:00:00,4375.7,0.547,正常,常规运行,120
2026-08-10 12:05:00,4393.8,0.549,正常,常规运行,120
2026-08-10 12:10:00,4404.2,0.551,正常,常规运行,120
2026-08-10 12:15:00,4398.7,0.55,正常,常规运行,120
2026-08-10 12:20:00,4353.3,0.544,正常,常规运行,120
2026-08-10 12:25:00,4375.6,0.547,正常,常规运行,120
2026-08-10 12:30:00,4420.9,0.553,正常,常规运行,120
2026-08-10 12:35:00,4428.1,0.554,正常,常规运行,120
2026-08-10 12:40:00,4354.3,0.544,正常,常规运行,120
2026-08-10 12:45:00,4358.6,0.545,正常,常规运行,120
2026-08-10 12:50:00,4398.6,0.55,正常,常规运行,120
2026-08-10 12:55:00,4358.3,0.545,正常,常规运行,120
2026-08-10 13:00:00,4389.1,0.549,正常,常规运行,120
2026-08-10 13:05:00,4341.7,0.543,正常,常规运行,120
2026-08-10 13:10:00,4392.1,0.549,正常,常规运行,120
2026-08-10 13:15:00,4401.4,0.55,正常,常规运行,120
2026-08-10 13:20:00,4359.0,0.545,正常,常规运行,120
2026-08-10 13:25:00,4413.5,0.552,正常,常规运行,120
2026-08-10 13:30:00,4453.1,0.557,正常,常规运行,120
2026-08-10 13:35:00,4457.3,0.557,正常,常规运行,120
2026-08-10 13:40:00,4449.7,0.556,正常,常规运行,120
2026-08-10 13:45:00,4482.6,0.56,正常,常规运行,120
2026-08-10 13:50:00,4486.3,0.561,正常,常规运行,120
2026-08-10 13:55:00,4611.7,0.576,正常,常规运行,120
2026-08-10 14:00:00,4544.5,0.568,正常,常规运行,120
2026-08-10 14:05:00,4547.4,0.568,正常,常规运行,120
2026-08-10 14:10:00,4564.8,0.571,正常,常规运行,120
2026-08-10 14:15:00,4598.8,0.575,正常,常规运行,120
2026-08-10 14:20:00,4564.3,0.571,正常,常规运行,120
2026-08-10 14:25:00,4607.2,0.576,正常,常规运行,120
2026-08-10 14:30:00,4639.1,0.58,正常,常规运行,120
2026-08-10 14:35:00,4791.0,0.599,正常,常规运行,120
2026-08-10 14:40:00,4654.1,0.582,正常,常规运行,120
2026-08-10 14:45:00,4656.7,0.582,正常,常规运行,120
2026-08-10 14:50:00,4702.1,0.588,正常,常规运行,120
2026-08-10 14:55:00,4843.3,0.605,蓝色,加强监视：关注上游液位与雨量变化趋势,120
2026-08-10 15:00:00,4711.1,0.589,正常,常规运行,120
2026-08-10 15:05:00,4808.2,0.601,蓝色,加强监视：关注上游液位与雨量变化趋势,120
2026-08-10 15:10:00,4850.1,0.606,蓝色,加强监视：关注上游液位与雨量变化趋势,120
2026-08-10 15:15:00,4888.6,0.611,蓝色,加强监视：关注上游液位与雨量变化趋势,120
2026-08-10 15:20:00,4888.3,0.611,蓝色,加强监视：关注上游液位与雨量变化趋势,120
2026-08-10 15:25:00,4855.3,0.607,蓝色,加强监视：关注上游液位与雨量变化趋势,120
2026-08-10 15:30:00,4949.6,0.619,蓝色,加强监视：关注上游液位与雨量变化趋势,120
2026-08-10 15:35:00,5101.7,0.638,蓝色,加强监视：关注上游液位与雨量变化趋势,120
2026-08-10 15:40:00,5064.4,0.633,蓝色,加强监视：关注上游液位与雨量变化趋势,120
2026-08-10 15:45:00,5063.8,0.633,蓝色,加强监视：关注上游液位与雨量变化趋势,120
2026-08-10 15:50:00,5088.4,0.636,蓝色,加强监视：关注上游液位与雨量变化趋势,120
2026-08-10 15:55:00,5143.2,0.643,蓝色,加强监视：关注上游液位与雨量变化趋势,120
2026-08-10 16:00:00,5211.6,0.651,蓝色,加强监视：关注上游液位与雨量变化趋势,120
2026-08-10 16:05:00,5236.7,0.655,蓝色,加强监视：关注上游液位与雨量变化趋势,120
2026-08-10 16:10:00,5254.6,0.657,蓝色,加强监视：关注上游液位与雨量变化趋势,120
2026-08-10 16:15:00,5301.5,0.663,蓝色,加强监视：关注上游液位与雨量变化趋势,120
2026-08-10 16:20:00,5342.1,0.668,蓝色,加强监视：关注上游液位与雨量变化趋势,120
2026-08-10 16:25:00,5540.4,0.693,蓝色,加强监视：关注上游液位与雨量变化趋势,120
2026-08-10 16:30:00,5632.6,0.704,蓝色,加强监视：关注上游液位与雨量变化趋势,120
2026-08-10 16:35:00,5299.0,0.662,蓝色,加强监视：关注上游液位与雨量变化趋势,120
2026-08-10 16:40:00,5386.2,0.673,蓝色,加强监视：关注上游液位与雨量变化趋势,120
2026-08-10 16:45:00,5351.5,0.669,蓝色,加强监视：关注上游液位与雨量变化趋势,120
2026-08-10 16:50:00,5389.4,0.674,蓝色,加强监视：关注上游液位与雨量变化趋势,120
2026-08-10 16:55:00,5387.4,0.673,蓝色,加强监视：关注上游液位与雨量变化趋势,120
2026-08-10 17:00:00,5417.4,0.677,蓝色,加强监视：关注上游液位与雨量变化趋势,120
2026-08-10 17:05:00,5401.5,0.675,蓝色,加强监视：关注上游液位与雨量变化趋势,120
2026-08-10 17:10:00,5421.5,0.678,蓝色,加强监视：关注上游液位与雨量变化趋势,120
2026-08-10 17:15:00,5442.3,0.68,蓝色,加强监视：关注上游液位与雨量变化趋势,120
2026-08-10 17:20:00,5469.5,0.684,蓝色,加强监视：关注上游液位与雨量变化趋势,120
2026-08-10 17:25:00,5459.8,0.682,蓝色,加强监视：关注上游液位与雨量变化趋势,120
2026-08-10 17:30:00,5453.6,0.682,蓝色,加强监视：关注上游液位与雨量变化趋势,120
2026-08-10 17:35:00,5473.2,0.684,蓝色,加强监视：关注上游液位与雨量变化趋势,120
2026-08-10 17:40:00,5446.0,0.681,蓝色,加强监视：关注上游液位与雨量变化趋势,120
2026-08-10 17:45:00,5512.5,0.689,蓝色,加强监视：关注上游液位与雨量变化趋势,120
2026-08-10 17:50:00,5481.8,0.685,蓝色,加强监视：关注上游液位与雨量变化趋势,120
2026-08-10 17:55:00,5574.8,0.697,蓝色,加强监视：关注上游液位与雨量变化趋势,120
2026-08-10 18:00:00,5500.0,0.688,蓝色,加强监视：关注上游液位与雨量变化趋势,120
2026-08-10 18:05:00,5488.2,0.686,蓝色,加强监视：关注上游液位与雨量变化趋势,120
2026-08-10 18:10:00,5470.2,0.684,蓝色,加强监视：关注上游液位与雨量变化趋势,120
2026-08-10 18:15:00,5551.9,0.694,蓝色,加强监视：关注上游液位与雨量变化趋势,120
2026-08-10 18:20:00,5620.3,0.703,蓝色,加强监视：关注上游液位与雨量变化趋势,120
2026-08-10 18:25:00,5442.9,0.68,蓝色,加强监视：关注上游液位与雨量变化趋势,120
2026-08-10 18:30:00,5465.1,0.683,蓝色,加强监视：关注上游液位与雨量变化趋势,120
2026-08-10 18:35:00,5502.1,0.688,蓝色,加强监视：关注上游液位与雨量变化趋势,120
2026-08-10 18:40:00,5465.5,0.683,蓝色,加强监视：关注上游液位与雨量变化趋势,120
2026-08-10 18:45:00,5450.0,0.681,蓝色,加强监视：关注上游液位与雨量变化趋势,120
2026-08-10 18:50:00,5402.2,0.675,蓝色,加强监视：关注上游液位与雨量变化趋势,120
2026-08-10 18:55:00,5452.2,0.682,蓝色,加强监视：关注上游液位与雨量变化趋势,120
2026-08-10 19:00:00,5383.0,0.673,蓝色,加强监视：关注上游液位与雨量变化趋势,120
2026-08-10 19:05:00,5310.4,0.664,蓝色,加强监视：关注上游液位与雨量变化趋势,120
2026-08-10 19:10:00,5406.6,0.676,蓝色,加强监视：关注上游液位与雨量变化趋势,120
2026-08-10 19:15:00,5359.7,0.67,蓝色,加强监视：关注上游液位与雨量变化趋势,120
2026-08-10 19:20:00,5389.4,0.674,蓝色,加强监视：关注上游液位与雨量变化趋势,120
2026-08-10 19:25:00,5218.9,0.652,蓝色,加强监视：关注上游液位与雨量变化趋势,120
2026-08-10 19:30:00,5227.3,0.653,蓝色,加强监视：关注上游液位与雨量变化趋势,120
2026-08-10 19:35:00,5261.9,0.658,蓝色,加强监视：关注上游液位与雨量变化趋势,120
2026-08-10 19:40:00,5221.0,0.653,蓝色,加强监视：关注上游液位与雨量变化趋势,120
2026-08-10 19:45:00,5178.9,0.647,蓝色,加强监视：关注上游液位与雨量变化趋势,120
2026-08-10 19:50:00,5179.8,0.647,蓝色,加强监视：关注上游液位与雨量变化趋势,120
2026-08-10 19:55:00,5100.2,0.638,蓝色,加强监视：关注上游液位与雨量变化趋势,120
2026-08-10 20:00:00,5144.1,0.643,蓝色,加强监视：关注上游液位与雨量变化趋势,120
2026-08-10 20:05:00,5083.4,0.635,蓝色,加强监视：关注上游液位与雨量变化趋势,120
2026-08-10 20:10:00,5092.0,0.636,蓝色,加强监视：关注上游液位与雨量变化趋势,120
2026-08-10 20:15:00,5006.9,0.626,蓝色,加强监视：关注上游液位与雨量变化趋势,120
2026-08-10 20:20:00,5069.3,0.634,蓝色,加强监视：关注上游液位与雨量变化趋势,120
2026-08-10 20:25:00,4930.8,0.616,蓝色,加强监视：关注上游液位与雨量变化趋势,120
2026-08-10 20:30:00,4834.4,0.604,蓝色,加强监视：关注上游液位与雨量变化趋势,120
2026-08-10 20:35:00,4882.1,0.61,蓝色,加强监视：关注上游液位与雨量变化趋势,120
2026-08-10 20:40:00,4910.8,0.614,蓝色,加强监视：关注上游液位与雨量变化趋势,120
2026-08-10 20:45:00,4842.2,0.605,蓝色,加强监视：关注上游液位与雨量变化趋势,120
2026-08-10 20:50:00,4791.0,0.599,正常,常规运行,120
2026-08-10 20:55:00,4822.5,0.603,蓝色,加强监视：关注上游液位与雨量变化趋势,120
2026-08-10 21:00:00,4698.7,0.587,正常,常规运行,120
2026-08-10 21:05:00,4696.9,0.587,正常,常规运行,120
2026-08-10 21:10:00,4772.6,0.597,正常,常规运行,120
2026-08-10 21:15:00,4886.5,0.611,蓝色,加强监视：关注上游液位与雨量变化趋势,120
2026-08-10 21:20:00,4699.7,0.587,正常,常规运行,120
2026-08-10 21:25:00,4583.3,0.573,正常,常规运行,120
2026-08-10 21:30:00,4554.6,0.569,正常,常规运行,120
2026-08-10 21:35:00,4569.6,0.571,正常,常规运行,120
2026-08-10 21:40:00,4603.0,0.575,正常,常规运行,120
2026-08-10 21:45:00,4452.5,0.557,正常,常规运行,120
2026-08-10 21:50:00,4519.8,0.565,正常,常规运行,120
2026-08-10 21:55:00,4440.5,0.555,正常,常规运行,120
2026-08-10 22:00:00,4138.2,0.517,正常,常规运行,120
2026-08-10 22:05:00,4054.8,0.507,正常,常规运行,120
2026-08-10 22:10:00,4114.6,0.514,正常,常规运行,120
2026-08-10 22:15:00,4023.3,0.503,正常,常规运行,120
2026-08-10 22:20:00,4044.0,0.506,正常,常规运行,120
2026-08-10 22:25:00,3853.4,0.482,正常,常规运行,120
2026-08-10 22:30:00,3922.4,0.49,正常,常规运行,120
2026-08-10 22:35:00,3955.8,0.494,正常,常规运行,120
2026-08-10 22:40:00,3869.8,0.484,正常,常规运行,120
2026-08-10 22:45:00,3811.5,0.476,正常,常规运行,120
2026-08-10 22:50:00,3838.6,0.48,正常,常规运行,120
2026-08-10 22:55:00,3812.9,0.477,正常,常规运行,120
2026-08-10 23:00:00,3773.3,0.472,正常,常规运行,120
2026-08-10 23:05:00,3767.3,0.471,正常,常规运行,120
2026-08-10 23:10:00,3658.0,0.457,正常,常规运行,120
2026-08-10 23:15:00,3655.2,0.457,正常,常规运行,120
2026-08-10 23:20:00,3556.3,0.445,正常,常规运行,120
2026-08-10 23:25:00,3662.7,0.458,正常,常规运行,120
2026-08-10 23:30:00,3599.6,0.45,正常,常规运行,120
2026-08-10 23:35:00,3535.7,0.442,正常,常规运行,120
2026-08-10 23:40:00,3476.2,0.435,正常,常规运行,120
2026-08-10 23:45:00,3410.5,0.426,正常,常规运行,120
2026-08-10 23:50:00,3384.5,0.423,正常,常规运行,120
2026-08-10 23:55:00,3288.9,0.411,正常,常规运行,120
2026-08-11 00:00:00,3194.0,0.399,正常,常规运行,120
2026-08-11 00:05:00,3229.2,0.404,正常,常规运行,120
2026-08-11 00:10:00,3280.1,0.41,正常,常规运行,120
2026-08-11 00:15:00,3312.2,0.414,正常,常规运行,120
2026-08-11 00:20:00,3270.7,0.409,正常,常规运行,120
2026-08-11 00:25:00,3428.0,0.428,正常,常规运行,120
2026-08-11 00:30:00,3452.9,0.432,正常,常规运行,120
2026-08-11 00:35:00,3513.6,0.439,正常,常规运行,120
2026-08-11 00:40:00,3519.5,0.44,正常,常规运行,120
2026-08-11 00:45:00,3563.0,0.445,正常,常规运行,120
2026-08-11 00:50:00,3803.3,0.475,正常,常规运行,120
2026-08-11 00:55:00,3972.5,0.497,正常,常规运行,120
2026-08-11 01:00:00,4295.5,0.537,正常,常规运行,120
2026-08-11 01:05:00,4577.9,0.572,正常,常规运行,120
2026-08-11 01:10:00,4771.6,0.596,正常,常规运行,120
2026-08-11 01:15:00,4581.5,0.573,正常,常规运行,120
2026-08-11 01:20:00,5621.8,0.703,蓝色,加强监视：关注上游液位与雨量变化趋势,120
2026-08-11 01:25:00,5969.2,0.746,蓝色,加强监视：关注上游液位与雨量变化趋势,120
2026-08-11 01:30:00,5731.8,0.716,蓝色,加强监视：关注上游液位与雨量变化趋势,120
2026-08-11 01:35:00,5827.6,0.728,蓝色,加强监视：关注上游液位与雨量变化趋势,120
2026-08-11 01:40:00,5919.6,0.74,蓝色,加强监视：关注上游液位与雨量变化趋势,120
2026-08-11 01:45:00,5382.4,0.673,蓝色,加强监视：关注上游液位与雨量变化趋势,120
2026-08-11 01:50:00,5853.6,0.732,蓝色,加强监视：关注上游液位与雨量变化趋势,120
2026-08-11 01:55:00,6268.9,0.784,蓝色,加强监视：关注上游液位与雨量变化趋势,120
2026-08-11 02:00:00,7315.9,0.914,黄色,雨前预抽空：预降各泵站前池液位，腾出调蓄容积,120
2026-08-11 02:05:00,8960.0,1.12,红色,全网限流：上游泵站按能力 70% 限排，启用调蓄，厂内超越预案待命,120
2026-08-11 02:10:00,9849.2,1.231,红色,全网限流：上游泵站按能力 70% 限排，启用调蓄，厂内超越预案待命,120
2026-08-11 02:15:00,9661.3,1.208,红色,全网限流：上游泵站按能力 70% 限排，启用调蓄，厂内超越预案待命,120
2026-08-11 02:20:00,11008.1,1.376,红色,全网限流：上游泵站按能力 70% 限排，启用调蓄，厂内超越预案待命,120
2026-08-11 02:25:00,10761.6,1.345,红色,全网限流：上游泵站按能力 70% 限排，启用调蓄，厂内超越预案待命,120
2026-08-11 02:30:00,11064.0,1.383,红色,全网限流：上游泵站按能力 70% 限排，启用调蓄，厂内超越预案待命,120
2026-08-11 02:35:00,11849.5,1.481,红色,全网限流：上游泵站按能力 70% 限排，启用调蓄，厂内超越预案待命,120
2026-08-11 02:40:00,12773.8,1.597,红色,全网限流：上游泵站按能力 70% 限排，启用调蓄，厂内超越预案待命,120
2026-08-11 02:45:00,10492.1,1.312,红色,全网限流：上游泵站按能力 70% 限排，启用调蓄，厂内超越预案待命,120
2026-08-11 02:50:00,11025.1,1.378,红色,全网限流：上游泵站按能力 70% 限排，启用调蓄，厂内超越预案待命,120
2026-08-11 02:55:00,11120.6,1.39,红色,全网限流：上游泵站按能力 70% 限排，启用调蓄，厂内超越预案待命,120
2026-08-11 03:00:00,12638.2,1.58,红色,全网限流：上游泵站按能力 70% 限排，启用调蓄，厂内超越预案待命,120
2026-08-11 03:05:00,10801.6,1.35,红色,全网限流：上游泵站按能力 70% 限排，启用调蓄，厂内超越预案待命,120
2026-08-11 03:10:00,10096.2,1.262,红色,全网限流：上游泵站按能力 70% 限排，启用调蓄，厂内超越预案待命,120
2026-08-11 03:15:00,9328.3,1.166,红色,全网限流：上游泵站按能力 70% 限排，启用调蓄，厂内超越预案待命,120
2026-08-11 03:20:00,10800.8,1.35,红色,全网限流：上游泵站按能力 70% 限排，启用调蓄，厂内超越预案待命,120
2026-08-11 03:25:00,9879.9,1.235,红色,全网限流：上游泵站按能力 70% 限排，启用调蓄，厂内超越预案待命,120
2026-08-11 03:30:00,9971.5,1.246,红色,全网限流：上游泵站按能力 70% 限排，启用调蓄，厂内超越预案待命,120
2026-08-11 03:35:00,8231.9,1.029,橙色,彭越浦总站错峰：上游支线泵站延迟 30~60min 开泵，削峰错时进厂,120
2026-08-11 03:40:00,8949.6,1.119,红色,全网限流：上游泵站按能力 70% 限排，启用调蓄，厂内超越预案待命,120
2026-08-11 03:45:00,10044.4,1.256,红色,全网限流：上游泵站按能力 70% 限排，启用调蓄，厂内超越预案待命,120
2026-08-11 03:50:00,10840.0,1.355,红色,全网限流：上游泵站按能力 70% 限排，启用调蓄，厂内超越预案待命,120
2026-08-11 03:55:00,8511.9,1.064,橙色,彭越浦总站错峰：上游支线泵站延迟 30~60min 开泵，削峰错时进厂,120
2026-08-11 04:00:00,9440.4,1.18,红色,全网限流：上游泵站按能力 70% 限排，启用调蓄，厂内超越预案待命,120
2026-08-11 04:05:00,8891.2,1.111,红色,全网限流：上游泵站按能力 70% 限排，启用调蓄，厂内超越预案待命,120
2026-08-11 04:10:00,8890.0,1.111,红色,全网限流：上游泵站按能力 70% 限排，启用调蓄，厂内超越预案待命,120
2026-08-11 04:15:00,7305.5,0.913,黄色,雨前预抽空：预降各泵站前池液位，腾出调蓄容积,120
2026-08-11 04:20:00,7373.2,0.922,黄色,雨前预抽空：预降各泵站前池液位，腾出调蓄容积,120
2026-08-11 04:25:00,7631.3,0.954,橙色,彭越浦总站错峰：上游支线泵站延迟 30~60min 开泵，削峰错时进厂,120
2026-08-11 04:30:00,8125.9,1.016,橙色,彭越浦总站错峰：上游支线泵站延迟 30~60min 开泵，削峰错时进厂,120
2026-08-11 04:35:00,7995.0,0.999,橙色,彭越浦总站错峰：上游支线泵站延迟 30~60min 开泵，削峰错时进厂,120
2026-08-11 04:40:00,5436.3,0.68,蓝色,加强监视：关注上游液位与雨量变化趋势,120
2026-08-11 04:45:00,5564.7,0.696,蓝色,加强监视：关注上游液位与雨量变化趋势,120
2026-08-11 04:50:00,5240.8,0.655,蓝色,加强监视：关注上游液位与雨量变化趋势,120
2026-08-11 04:55:00,5325.7,0.666,蓝色,加强监视：关注上游液位与雨量变化趋势,120
2026-08-11 05:00:00,5556.6,0.695,蓝色,加强监视：关注上游液位与雨量变化趋势,120
2026-08-11 05:05:00,5774.2,0.722,蓝色,加强监视：关注上游液位与雨量变化趋势,120
2026-08-11 05:10:00,5555.8,0.694,蓝色,加强监视：关注上游液位与雨量变化趋势,120
2026-08-11 05:15:00,5720.2,0.715,蓝色,加强监视：关注上游液位与雨量变化趋势,120
2026-08-11 05:20:00,5633.7,0.704,蓝色,加强监视：关注上游液位与雨量变化趋势,120
2026-08-11 05:25:00,5616.1,0.702,蓝色,加强监视：关注上游液位与雨量变化趋势,120
2026-08-11 05:30:00,5909.7,0.739,蓝色,加强监视：关注上游液位与雨量变化趋势,120
2026-08-11 05:35:00,6054.8,0.757,蓝色,加强监视：关注上游液位与雨量变化趋势,120
2026-08-11 05:40:00,5772.0,0.722,蓝色,加强监视：关注上游液位与雨量变化趋势,120
2026-08-11 05:45:00,5522.5,0.69,蓝色,加强监视：关注上游液位与雨量变化趋势,120
2026-08-11 05:50:00,5755.7,0.719,蓝色,加强监视：关注上游液位与雨量变化趋势,120
2026-08-11 05:55:00,6351.2,0.794,蓝色,加强监视：关注上游液位与雨量变化趋势,120
2026-08-11 06:00:00,5817.9,0.727,蓝色,加强监视：关注上游液位与雨量变化趋势,120
2026-08-11 06:05:00,5718.3,0.715,蓝色,加强监视：关注上游液位与雨量变化趋势,120
2026-08-11 06:10:00,5805.4,0.726,蓝色,加强监视：关注上游液位与雨量变化趋势,120
2026-08-11 06:15:00,5733.2,0.717,蓝色,加强监视：关注上游液位与雨量变化趋势,120
2026-08-11 06:20:00,5431.2,0.679,蓝色,加强监视：关注上游液位与雨量变化趋势,120
2026-08-11 06:25:00,7079.0,0.885,黄色,雨前预抽空：预降各泵站前池液位，腾出调蓄容积,120
2026-08-11 06:30:00,6144.3,0.768,蓝色,加强监视：关注上游液位与雨量变化趋势,120
2026-08-11 06:35:00,6729.8,0.841,黄色,雨前预抽空：预降各泵站前池液位，腾出调蓄容积,120
2026-08-11 06:40:00,5727.0,0.716,蓝色,加强监视：关注上游液位与雨量变化趋势,120
2026-08-11 06:45:00,5715.2,0.714,蓝色,加强监视：关注上游液位与雨量变化趋势,120
2026-08-11 06:50:00,5713.3,0.714,蓝色,加强监视：关注上游液位与雨量变化趋势,120
2026-08-11 06:55:00,5700.4,0.713,蓝色,加强监视：关注上游液位与雨量变化趋势,120
2026-08-11 07:00:00,6896.1,0.862,黄色,雨前预抽空：预降各泵站前池液位，腾出调蓄容积,120
2026-08-11 07:05:00,5706.2,0.713,蓝色,加强监视：关注上游液位与雨量变化趋势,120
2026-08-11 07:10:00,7406.1,0.926,黄色,雨前预抽空：预降各泵站前池液位，腾出调蓄容积,120
2026-08-11 07:15:00,5723.2,0.715,蓝色,加强监视：关注上游液位与雨量变化趋势,120
2026-08-11 07:20:00,7012.4,0.877,黄色,雨前预抽空：预降各泵站前池液位，腾出调蓄容积,120
2026-08-11 07:25:00,5657.6,0.707,蓝色,加强监视：关注上游液位与雨量变化趋势,120
2026-08-11 07:30:00,5581.2,0.698,蓝色,加强监视：关注上游液位与雨量变化趋势,120
2026-08-11 07:35:00,5645.3,0.706,蓝色,加强监视：关注上游液位与雨量变化趋势,120
2026-08-11 07:40:00,5618.8,0.702,蓝色,加强监视：关注上游液位与雨量变化趋势,120
2026-08-11 07:45:00,5509.4,0.689,蓝色,加强监视：关注上游液位与雨量变化趋势,120
2026-08-11 07:50:00,6032.5,0.754,蓝色,加强监视：关注上游液位与雨量变化趋势,120
2026-08-11 07:55:00,5611.7,0.701,蓝色,加强监视：关注上游液位与雨量变化趋势,120
2026-08-11 08:00:00,5441.8,0.68,蓝色,加强监视：关注上游液位与雨量变化趋势,120
2026-08-11 08:05:00,5456.8,0.682,蓝色,加强监视：关注上游液位与雨量变化趋势,120
2026-08-11 08:10:00,5607.9,0.701,蓝色,加强监视：关注上游液位与雨量变化趋势,120
2026-08-11 08:15:00,5383.5,0.673,蓝色,加强监视：关注上游液位与雨量变化趋势,120
2026-08-11 08:20:00,5423.0,0.678,蓝色,加强监视：关注上游液位与雨量变化趋势,120
2026-08-11 08:25:00,5363.5,0.67,蓝色,加强监视：关注上游液位与雨量变化趋势,120
2026-08-11 08:30:00,5380.1,0.673,蓝色,加强监视：关注上游液位与雨量变化趋势,120
2026-08-11 08:35:00,5315.5,0.664,蓝色,加强监视：关注上游液位与雨量变化趋势,120
2026-08-11 08:40:00,5312.3,0.664,蓝色,加强监视：关注上游液位与雨量变化趋势,120
2026-08-11 08:45:00,5232.6,0.654,蓝色,加强监视：关注上游液位与雨量变化趋势,120
2026-08-11 08:50:00,5274.9,0.659,蓝色,加强监视：关注上游液位与雨量变化趋势,120
2026-08-11 08:55:00,5206.0,0.651,蓝色,加强监视：关注上游液位与雨量变化趋势,120
2026-08-11 09:00:00,5171.6,0.646,蓝色,加强监视：关注上游液位与雨量变化趋势,120
2026-08-11 09:05:00,5026.4,0.628,蓝色,加强监视：关注上游液位与雨量变化趋势,120
2026-08-11 09:10:00,5110.5,0.639,蓝色,加强监视：关注上游液位与雨量变化趋势,120
2026-08-11 09:15:00,4995.1,0.624,蓝色,加强监视：关注上游液位与雨量变化趋势,120
2026-08-11 09:20:00,5036.0,0.63,蓝色,加强监视：关注上游液位与雨量变化趋势,120
2026-08-11 09:25:00,4871.0,0.609,蓝色,加强监视：关注上游液位与雨量变化趋势,120
2026-08-11 09:30:00,4981.2,0.623,蓝色,加强监视：关注上游液位与雨量变化趋势,120
2026-08-11 09:35:00,4889.5,0.611,蓝色,加强监视：关注上游液位与雨量变化趋势,120
2026-08-11 09:40:00,4777.5,0.597,正常,常规运行,120
2026-08-11 09:45:00,4839.9,0.605,蓝色,加强监视：关注上游液位与雨量变化趋势,120
2026-08-11 09:50:00,4789.1,0.599,正常,常规运行,120
2026-08-11 09:55:00,4799.6,0.6,正常,常规运行,120
2026-08-11 10:00:00,4706.6,0.588,正常,常规运行,120
2026-08-11 10:05:00,4650.8,0.581,正常,常规运行,120
2026-08-11 10:10:00,4647.1,0.581,正常,常规运行,120
2026-08-11 10:15:00,4641.8,0.58,正常,常规运行,120
2026-08-11 10:20:00,4688.0,0.586,正常,常规运行,120
2026-08-11 10:25:00,4508.4,0.564,正常,常规运行,120
2026-08-11 10:30:00,4555.9,0.569,正常,常规运行,120
2026-08-11 10:35:00,4542.2,0.568,正常,常规运行,120
2026-08-11 10:40:00,4547.9,0.568,正常,常规运行,120
2026-08-11 10:45:00,4507.3,0.563,正常,常规运行,120
2026-08-11 10:50:00,4536.1,0.567,正常,常规运行,120
2026-08-11 10:55:00,4560.3,0.57,正常,常规运行,120
2026-08-11 11:00:00,4470.5,0.559,正常,常规运行,120
2026-08-11 11:05:00,4489.4,0.561,正常,常规运行,120
2026-08-11 11:10:00,4457.6,0.557,正常,常规运行,120
2026-08-11 11:15:00,4406.2,0.551,正常,常规运行,120
2026-08-11 11:20:00,4441.7,0.555,正常,常规运行,120
2026-08-11 11:25:00,4489.0,0.561,正常,常规运行,120
2026-08-11 11:30:00,4414.6,0.552,正常,常规运行,120
2026-08-11 11:35:00,4414.6,0.552,正常,常规运行,120
2026-08-11 11:40:00,4419.8,0.552,正常,常规运行,120
2026-08-11 11:45:00,4414.6,0.552,正常,常规运行,120
2026-08-11 11:50:00,4403.2,0.55,正常,常规运行,120
2026-08-11 11:55:00,4397.8,0.55,正常,常规运行,120
2026-08-11 12:00:00,4418.5,0.552,正常,常规运行,120
2026-08-11 12:05:00,4416.9,0.552,正常,常规运行,120
2026-08-11 12:10:00,4340.9,0.543,正常,常规运行,120
2026-08-11 12:15:00,4342.5,0.543,正常,常规运行,120
2026-08-11 12:20:00,4355.0,0.544,正常,常规运行,120
2026-08-11 12:25:00,4309.9,0.539,正常,常规运行,120
2026-08-11 12:30:00,4352.8,0.544,正常,常规运行,120
2026-08-11 12:35:00,4393.5,0.549,正常,常规运行,120
2026-08-11 12:40:00,4367.9,0.546,正常,常规运行,120
2026-08-11 12:45:00,4358.8,0.545,正常,常规运行,120
2026-08-11 12:50:00,4387.4,0.548,正常,常规运行,120
2026-08-11 12:55:00,4374.3,0.547,正常,常规运行,120
2026-08-11 13:00:00,4391.4,0.549,正常,常规运行,120
2026-08-11 13:05:00,4439.2,0.555,正常,常规运行,120
2026-08-11 13:10:00,4405.1,0.551,正常,常规运行,120
2026-08-11 13:15:00,4337.5,0.542,正常,常规运行,120
2026-08-11 13:20:00,4414.0,0.552,正常,常规运行,120
2026-08-11 13:25:00,4472.2,0.559,正常,常规运行,120
2026-08-11 13:30:00,4392.9,0.549,正常,常规运行,120
2026-08-11 13:35:00,4444.9,0.556,正常,常规运行,120
2026-08-11 13:40:00,4444.2,0.556,正常,常规运行,120
2026-08-11 13:45:00,4498.0,0.562,正常,常规运行,120
2026-08-11 13:50:00,4475.9,0.559,正常,常规运行,120
2026-08-11 13:55:00,4518.8,0.565,正常,常规运行,120
2026-08-11 14:00:00,4537.2,0.567,正常,常规运行,120
2026-08-11 14:05:00,4542.1,0.568,正常,常规运行,120
2026-08-11 14:10:00,4552.4,0.569,正常,常规运行,120
2026-08-11 14:15:00,4603.3,0.575,正常,常规运行,120
2026-08-11 14:20:00,4578.0,0.572,正常,常规运行,120
2026-08-11 14:25:00,4705.3,0.588,正常,常规运行,120
2026-08-11 14:30:00,4602.4,0.575,正常,常规运行,120
2026-08-11 14:35:00,4682.0,0.585,正常,常规运行,120
2026-08-11 14:40:00,4656.1,0.582,正常,常规运行,120
2026-08-11 14:45:00,4644.9,0.581,正常,常规运行,120
2026-08-11 14:50:00,4692.4,0.587,正常,常规运行,120
2026-08-11 14:55:00,4663.5,0.583,正常,常规运行,120
2026-08-11 15:00:00,4796.9,0.6,正常,常规运行,120
2026-08-11 15:05:00,4761.7,0.595,正常,常规运行,120
2026-08-11 15:10:00,4776.6,0.597,正常,常规运行,120
2026-08-11 15:15:00,4903.7,0.613,蓝色,加强监视：关注上游液位与雨量变化趋势,120
2026-08-11 15:20:00,4837.0,0.605,蓝色,加强监视：关注上游液位与雨量变化趋势,120
2026-08-11 15:25:00,5038.4,0.63,蓝色,加强监视：关注上游液位与雨量变化趋势,120
2026-08-11 15:30:00,4883.6,0.61,蓝色,加强监视：关注上游液位与雨量变化趋势,120
2026-08-11 15:35:00,5069.3,0.634,蓝色,加强监视：关注上游液位与雨量变化趋势,120
2026-08-11 15:40:00,4973.6,0.622,蓝色,加强监视：关注上游液位与雨量变化趋势,120
2026-08-11 15:45:00,5167.2,0.646,蓝色,加强监视：关注上游液位与雨量变化趋势,120
2026-08-11 15:50:00,5120.3,0.64,蓝色,加强监视：关注上游液位与雨量变化趋势,120
2026-08-11 15:55:00,5169.1,0.646,蓝色,加强监视：关注上游液位与雨量变化趋势,120
2026-08-11 16:00:00,5196.9,0.65,蓝色,加强监视：关注上游液位与雨量变化趋势,120
2026-08-11 16:05:00,5198.9,0.65,蓝色,加强监视：关注上游液位与雨量变化趋势,120
2026-08-11 16:10:00,5208.1,0.651,蓝色,加强监视：关注上游液位与雨量变化趋势,120
2026-08-11 16:15:00,5206.3,0.651,蓝色,加强监视：关注上游液位与雨量变化趋势,120
2026-08-11 16:20:00,5246.1,0.656,蓝色,加强监视：关注上游液位与雨量变化趋势,120
2026-08-11 16:25:00,5266.8,0.658,蓝色,加强监视：关注上游液位与雨量变化趋势,120
2026-08-11 16:30:00,5289.9,0.661,蓝色,加强监视：关注上游液位与雨量变化趋势,120
2026-08-11 16:35:00,5343.0,0.668,蓝色,加强监视：关注上游液位与雨量变化趋势,120
2026-08-11 16:40:00,5348.7,0.669,蓝色,加强监视：关注上游液位与雨量变化趋势,120
2026-08-11 16:45:00,5372.8,0.672,蓝色,加强监视：关注上游液位与雨量变化趋势,120
2026-08-11 16:50:00,5371.7,0.671,蓝色,加强监视：关注上游液位与雨量变化趋势,120
2026-08-11 16:55:00,5370.8,0.671,蓝色,加强监视：关注上游液位与雨量变化趋势,120
2026-08-11 17:00:00,5362.4,0.67,蓝色,加强监视：关注上游液位与雨量变化趋势,120
2026-08-11 17:05:00,5395.4,0.674,蓝色,加强监视：关注上游液位与雨量变化趋势,120
2026-08-11 17:10:00,5450.7,0.681,蓝色,加强监视：关注上游液位与雨量变化趋势,120
2026-08-11 17:15:00,5421.5,0.678,蓝色,加强监视：关注上游液位与雨量变化趋势,120
2026-08-11 17:20:00,5430.2,0.679,蓝色,加强监视：关注上游液位与雨量变化趋势,120
2026-08-11 17:25:00,5443.3,0.68,蓝色,加强监视：关注上游液位与雨量变化趋势,120
2026-08-11 17:30:00,5438.0,0.68,蓝色,加强监视：关注上游液位与雨量变化趋势,120
2026-08-11 17:35:00,5530.3,0.691,蓝色,加强监视：关注上游液位与雨量变化趋势,120
2026-08-11 17:40:00,5485.1,0.686,蓝色,加强监视：关注上游液位与雨量变化趋势,120
2026-08-11 17:45:00,5483.2,0.685,蓝色,加强监视：关注上游液位与雨量变化趋势,120
2026-08-11 17:50:00,5450.9,0.681,蓝色,加强监视：关注上游液位与雨量变化趋势,120
2026-08-11 17:55:00,5496.2,0.687,蓝色,加强监视：关注上游液位与雨量变化趋势,120
2026-08-11 18:00:00,5499.3,0.687,蓝色,加强监视：关注上游液位与雨量变化趋势,120
2026-08-11 18:05:00,5546.2,0.693,蓝色,加强监视：关注上游液位与雨量变化趋势,120
2026-08-11 18:10:00,5471.5,0.684,蓝色,加强监视：关注上游液位与雨量变化趋势,120
2026-08-11 18:15:00,5462.3,0.683,蓝色,加强监视：关注上游液位与雨量变化趋势,120
2026-08-11 18:20:00,5476.1,0.685,蓝色,加强监视：关注上游液位与雨量变化趋势,120
2026-08-11 18:25:00,5477.4,0.685,蓝色,加强监视：关注上游液位与雨量变化趋势,120
2026-08-11 18:30:00,5577.6,0.697,蓝色,加强监视：关注上游液位与雨量变化趋势,120
2026-08-11 18:35:00,5461.6,0.683,蓝色,加强监视：关注上游液位与雨量变化趋势,120
2026-08-11 18:40:00,5382.2,0.673,蓝色,加强监视：关注上游液位与雨量变化趋势,120
2026-08-11 18:45:00,5383.7,0.673,蓝色,加强监视：关注上游液位与雨量变化趋势,120
2026-08-11 18:50:00,5399.6,0.675,蓝色,加强监视：关注上游液位与雨量变化趋势,120
2026-08-11 18:55:00,5311.2,0.664,蓝色,加强监视：关注上游液位与雨量变化趋势,120
2026-08-11 19:00:00,5295.6,0.662,蓝色,加强监视：关注上游液位与雨量变化趋势,120
2026-08-11 19:05:00,5289.6,0.661,蓝色,加强监视：关注上游液位与雨量变化趋势,120
2026-08-11 19:10:00,5340.2,0.668,蓝色,加强监视：关注上游液位与雨量变化趋势,120
2026-08-11 19:15:00,5112.9,0.639,蓝色,加强监视：关注上游液位与雨量变化趋势,120
2026-08-11 19:20:00,5345.2,0.668,蓝色,加强监视：关注上游液位与雨量变化趋势,120
2026-08-11 19:25:00,5225.7,0.653,蓝色,加强监视：关注上游液位与雨量变化趋势,120
2026-08-11 19:30:00,5211.8,0.651,蓝色,加强监视：关注上游液位与雨量变化趋势,120
2026-08-11 19:35:00,5069.0,0.634,蓝色,加强监视：关注上游液位与雨量变化趋势,120
2026-08-11 19:40:00,5773.0,0.722,蓝色,加强监视：关注上游液位与雨量变化趋势,120
2026-08-11 19:45:00,5262.1,0.658,蓝色,加强监视：关注上游液位与雨量变化趋势,120
2026-08-11 19:50:00,5184.4,0.648,蓝色,加强监视：关注上游液位与雨量变化趋势,120
2026-08-11 19:55:00,5065.5,0.633,蓝色,加强监视：关注上游液位与雨量变化趋势,120
2026-08-11 20:00:00,5098.7,0.637,蓝色,加强监视：关注上游液位与雨量变化趋势,120
2026-08-11 20:05:00,5114.3,0.639,蓝色,加强监视：关注上游液位与雨量变化趋势,120
2026-08-11 20:10:00,5039.6,0.63,蓝色,加强监视：关注上游液位与雨量变化趋势,120
2026-08-11 20:15:00,4939.1,0.617,蓝色,加强监视：关注上游液位与雨量变化趋势,120
2026-08-11 20:20:00,5008.6,0.626,蓝色,加强监视：关注上游液位与雨量变化趋势,120
2026-08-11 20:25:00,5038.3,0.63,蓝色,加强监视：关注上游液位与雨量变化趋势,120
2026-08-11 20:30:00,5005.3,0.626,蓝色,加强监视：关注上游液位与雨量变化趋势,120
2026-08-11 20:35:00,4820.9,0.603,蓝色,加强监视：关注上游液位与雨量变化趋势,120
2026-08-11 20:40:00,4891.9,0.611,蓝色,加强监视：关注上游液位与雨量变化趋势,120
2026-08-11 20:45:00,4863.4,0.608,蓝色,加强监视：关注上游液位与雨量变化趋势,120
2026-08-11 20:50:00,4833.0,0.604,蓝色,加强监视：关注上游液位与雨量变化趋势,120
2026-08-11 20:55:00,4775.6,0.597,正常,常规运行,120
2026-08-11 21:00:00,4791.4,0.599,正常,常规运行,120
2026-08-11 21:05:00,4779.5,0.597,正常,常规运行,120
2026-08-11 21:10:00,4740.3,0.593,正常,常规运行,120
2026-08-11 21:15:00,4733.8,0.592,正常,常规运行,120
2026-08-11 21:20:00,4598.0,0.575,正常,常规运行,120
2026-08-11 21:25:00,4588.4,0.574,正常,常规运行,120
2026-08-11 21:30:00,4611.1,0.576,正常,常规运行,120
2026-08-11 21:35:00,4499.1,0.562,正常,常规运行,120
2026-08-11 21:40:00,4527.4,0.566,正常,常规运行,120
2026-08-11 21:45:00,4529.7,0.566,正常,常规运行,120
2026-08-11 21:50:00,4678.3,0.585,正常,常规运行,120
2026-08-11 21:55:00,4374.1,0.547,正常,常规运行,120
2026-08-11 22:00:00,4256.1,0.532,正常,常规运行,120
2026-08-11 22:05:00,4129.1,0.516,正常,常规运行,120
2026-08-11 22:10:00,4085.8,0.511,正常,常规运行,120
2026-08-11 22:15:00,4047.6,0.506,正常,常规运行,120
2026-08-11 22:20:00,4030.2,0.504,正常,常规运行,120
2026-08-11 22:25:00,3939.2,0.492,正常,常规运行,120
2026-08-11 22:30:00,3877.9,0.485,正常,常规运行,120
2026-08-11 22:35:00,3885.2,0.486,正常,常规运行,120
2026-08-11 22:40:00,3827.3,0.478,正常,常规运行,120
2026-08-11 22:45:00,3797.9,0.475,正常,常规运行,120
2026-08-11 22:50:00,3823.5,0.478,正常,常规运行,120
2026-08-11 22:55:00,3700.0,0.463,正常,常规运行,120
2026-08-11 23:00:00,3698.3,0.462,正常,常规运行,120
2026-08-11 23:05:00,3649.5,0.456,正常,常规运行,120
2026-08-11 23:10:00,3696.7,0.462,正常,常规运行,120
2026-08-11 23:15:00,3589.9,0.449,正常,常规运行,120
2026-08-11 23:20:00,3677.9,0.46,正常,常规运行,120
2026-08-11 23:25:00,3458.5,0.432,正常,常规运行,120
2026-08-11 23:30:00,3552.1,0.444,正常,常规运行,120
2026-08-11 23:35:00,3401.2,0.425,正常,常规运行,120
2026-08-11 23:40:00,3516.5,0.44,正常,常规运行,120
2026-08-11 23:45:00,3461.5,0.433,正常,常规运行,120
2026-08-11 23:50:00,3419.5,0.427,正常,常规运行,120
2026-08-11 23:55:00,3239.2,0.405,正常,常规运行,120
2026-08-12 00:00:00,3230.5,0.404,正常,常规运行,120
2026-08-12 00:05:00,3226.8,0.403,正常,常规运行,120
2026-08-12 00:10:00,3208.7,0.401,正常,常规运行,120
2026-08-12 00:15:00,3128.3,0.391,正常,常规运行,120
2026-08-12 00:20:00,3107.2,0.388,正常,常规运行,120
2026-08-12 00:25:00,3021.5,0.378,正常,常规运行,120
2026-08-12 00:30:00,3040.7,0.38,正常,常规运行,120
2026-08-12 00:35:00,3020.9,0.378,正常,常规运行,120
2026-08-12 00:40:00,2973.3,0.372,正常,常规运行,120
2026-08-12 00:45:00,2976.5,0.372,正常,常规运行,120
2026-08-12 00:50:00,2885.9,0.361,正常,常规运行,120
2026-08-12 00:55:00,2888.2,0.361,正常,常规运行,120
2026-08-12 01:00:00,2895.4,0.362,正常,常规运行,120
2026-08-12 01:05:00,2867.7,0.358,正常,常规运行,120
2026-08-12 01:10:00,2850.3,0.356,正常,常规运行,120
2026-08-12 01:15:00,2815.5,0.352,正常,常规运行,120
2026-08-12 01:20:00,2820.9,0.353,正常,常规运行,120
2026-08-12 01:25:00,2838.4,0.355,正常,常规运行,120
2026-08-12 01:30:00,2809.0,0.351,正常,常规运行,120
2026-08-12 01:35:00,2796.1,0.35,正常,常规运行,120
2026-08-12 01:40:00,2815.0,0.352,正常,常规运行,120
2026-08-12 01:45:00,2812.3,0.352,正常,常规运行,120
2026-08-12 01:50:00,2805.2,0.351,正常,常规运行,120
2026-08-12 01:55:00,2934.2,0.367,正常,常规运行,120
2026-08-12 02:00:00,2954.0,0.369,正常,常规运行,120
2026-08-12 02:05:00,2975.0,0.372,正常,常规运行,120
2026-08-12 02:10:00,2949.9,0.369,正常,常规运行,120
2026-08-12 02:15:00,3013.2,0.377,正常,常规运行,120
2026-08-12 02:20:00,3087.8,0.386,正常,常规运行,120
2026-08-12 02:25:00,3019.0,0.377,正常,常规运行,120
2026-08-12 02:30:00,3162.8,0.395,正常,常规运行,120
2026-08-12 02:35:00,3115.4,0.389,正常,常规运行,120
2026-08-12 02:40:00,3263.3,0.408,正常,常规运行,120
2026-08-12 02:45:00,3241.4,0.405,正常,常规运行,120
2026-08-12 02:50:00,3342.2,0.418,正常,常规运行,120
2026-08-12 02:55:00,3329.5,0.416,正常,常规运行,120
2026-08-12 03:00:00,3427.4,0.428,正常,常规运行,120
2026-08-12 03:05:00,3499.4,0.437,正常,常规运行,120
2026-08-12 03:10:00,3532.0,0.441,正常,常规运行,120
2026-08-12 03:15:00,3667.3,0.458,正常,常规运行,120
2026-08-12 03:20:00,3644.1,0.456,正常,常规运行,120
2026-08-12 03:25:00,3785.8,0.473,正常,常规运行,120
2026-08-12 03:30:00,3816.3,0.477,正常,常规运行,120
2026-08-12 03:35:00,3918.9,0.49,正常,常规运行,120
2026-08-12 03:40:00,3907.2,0.488,正常,常规运行,120
2026-08-12 03:45:00,3981.6,0.498,正常,常规运行,120
2026-08-12 03:50:00,4095.9,0.512,正常,常规运行,120
2026-08-12 03:55:00,4390.2,0.549,正常,常规运行,120
2026-08-12 04:00:00,4167.9,0.521,正常,常规运行,120
2026-08-12 04:05:00,4215.9,0.527,正常,常规运行,120
2026-08-12 04:10:00,4348.6,0.544,正常,常规运行,120
2026-08-12 04:15:00,4469.2,0.559,正常,常规运行,120
2026-08-12 04:20:00,4626.1,0.578,正常,常规运行,120
2026-08-12 04:25:00,4611.7,0.576,正常,常规运行,120
2026-08-12 04:30:00,4909.3,0.614,蓝色,加强监视：关注上游液位与雨量变化趋势,120
2026-08-12 04:35:00,4688.7,0.586,正常,常规运行,120
2026-08-12 04:40:00,4767.8,0.596,正常,常规运行,120
2026-08-12 04:45:00,4770.3,0.596,正常,常规运行,120
2026-08-12 04:50:00,4948.8,0.619,蓝色,加强监视：关注上游液位与雨量变化趋势,120
2026-08-12 04:55:00,4961.4,0.62,蓝色,加强监视：关注上游液位与雨量变化趋势,120
2026-08-12 05:00:00,5001.4,0.625,蓝色,加强监视：关注上游液位与雨量变化趋势,120
2026-08-12 05:05:00,5008.9,0.626,蓝色,加强监视：关注上游液位与雨量变化趋势,120
2026-08-12 05:10:00,5091.7,0.636,蓝色,加强监视：关注上游液位与雨量变化趋势,120
2026-08-12 05:15:00,5146.7,0.643,蓝色,加强监视：关注上游液位与雨量变化趋势,120
2026-08-12 05:20:00,5179.6,0.647,蓝色,加强监视：关注上游液位与雨量变化趋势,120
2026-08-12 05:25:00,5161.6,0.645,蓝色,加强监视：关注上游液位与雨量变化趋势,120
2026-08-12 05:30:00,5286.2,0.661,蓝色,加强监视：关注上游液位与雨量变化趋势,120
2026-08-12 05:35:00,5264.8,0.658,蓝色,加强监视：关注上游液位与雨量变化趋势,120
2026-08-12 05:40:00,5315.0,0.664,蓝色,加强监视：关注上游液位与雨量变化趋势,120
2026-08-12 05:45:00,5375.7,0.672,蓝色,加强监视：关注上游液位与雨量变化趋势,120
2026-08-12 05:50:00,5380.8,0.673,蓝色,加强监视：关注上游液位与雨量变化趋势,120
2026-08-12 05:55:00,5601.9,0.7,蓝色,加强监视：关注上游液位与雨量变化趋势,120
2026-08-12 06:00:00,5455.4,0.682,蓝色,加强监视：关注上游液位与雨量变化趋势,120
2026-08-12 06:05:00,5432.0,0.679,蓝色,加强监视：关注上游液位与雨量变化趋势,120
2026-08-12 06:10:00,5433.0,0.679,蓝色,加强监视：关注上游液位与雨量变化趋势,120
2026-08-12 06:15:00,5454.9,0.682,蓝色,加强监视：关注上游液位与雨量变化趋势,120
2026-08-12 06:20:00,5400.4,0.675,蓝色,加强监视：关注上游液位与雨量变化趋势,120
2026-08-12 06:25:00,5454.6,0.682,蓝色,加强监视：关注上游液位与雨量变化趋势,120
2026-08-12 06:30:00,5511.9,0.689,蓝色,加强监视：关注上游液位与雨量变化趋势,120
2026-08-12 06:35:00,5538.3,0.692,蓝色,加强监视：关注上游液位与雨量变化趋势,120
2026-08-12 06:40:00,5620.2,0.703,蓝色,加强监视：关注上游液位与雨量变化趋势,120
2026-08-12 06:45:00,5689.8,0.711,蓝色,加强监视：关注上游液位与雨量变化趋势,120
2026-08-12 06:50:00,5517.2,0.69,蓝色,加强监视：关注上游液位与雨量变化趋势,120
2026-08-12 06:55:00,6212.4,0.777,蓝色,加强监视：关注上游液位与雨量变化趋势,120
2026-08-12 07:00:00,6050.7,0.756,蓝色,加强监视：关注上游液位与雨量变化趋势,120
2026-08-12 07:05:00,5692.5,0.712,蓝色,加强监视：关注上游液位与雨量变化趋势,120
2026-08-12 07:10:00,5514.3,0.689,蓝色,加强监视：关注上游液位与雨量变化趋势,120
2026-08-12 07:15:00,5663.8,0.708,蓝色,加强监视：关注上游液位与雨量变化趋势,120
2026-08-12 07:20:00,5613.7,0.702,蓝色,加强监视：关注上游液位与雨量变化趋势,120
2026-08-12 07:25:00,5933.3,0.742,蓝色,加强监视：关注上游液位与雨量变化趋势,120
2026-08-12 07:30:00,6566.3,0.821,黄色,雨前预抽空：预降各泵站前池液位，腾出调蓄容积,120
2026-08-12 07:35:00,5677.3,0.71,蓝色,加强监视：关注上游液位与雨量变化趋势,120
2026-08-12 07:40:00,5742.0,0.718,蓝色,加强监视：关注上游液位与雨量变化趋势,120
2026-08-12 07:45:00,6196.5,0.775,蓝色,加强监视：关注上游液位与雨量变化趋势,120
2026-08-12 07:50:00,5827.9,0.728,蓝色,加强监视：关注上游液位与雨量变化趋势,120
2026-08-12 07:55:00,5469.3,0.684,蓝色,加强监视：关注上游液位与雨量变化趋势,120
2026-08-12 08:00:00,5557.0,0.695,蓝色,加强监视：关注上游液位与雨量变化趋势,120
2026-08-12 08:05:00,5751.7,0.719,蓝色,加强监视：关注上游液位与雨量变化趋势,120
2026-08-12 08:10:00,5450.3,0.681,蓝色,加强监视：关注上游液位与雨量变化趋势,120
2026-08-12 08:15:00,5456.3,0.682,蓝色,加强监视：关注上游液位与雨量变化趋势,120
2026-08-12 08:20:00,5408.9,0.676,蓝色,加强监视：关注上游液位与雨量变化趋势,120
2026-08-12 08:25:00,5510.3,0.689,蓝色,加强监视：关注上游液位与雨量变化趋势,120
2026-08-12 08:30:00,5303.6,0.663,蓝色,加强监视：关注上游液位与雨量变化趋势,120
2026-08-12 08:35:00,5365.4,0.671,蓝色,加强监视：关注上游液位与雨量变化趋势,120
2026-08-12 08:40:00,5340.1,0.668,蓝色,加强监视：关注上游液位与雨量变化趋势,120
2026-08-12 08:45:00,5228.2,0.654,蓝色,加强监视：关注上游液位与雨量变化趋势,120
2026-08-12 08:50:00,5268.4,0.659,蓝色,加强监视：关注上游液位与雨量变化趋势,120
2026-08-12 08:55:00,5140.1,0.643,蓝色,加强监视：关注上游液位与雨量变化趋势,120
2026-08-12 09:00:00,5112.9,0.639,蓝色,加强监视：关注上游液位与雨量变化趋势,120
2026-08-12 09:05:00,5154.5,0.644,蓝色,加强监视：关注上游液位与雨量变化趋势,120
2026-08-12 09:10:00,5221.4,0.653,蓝色,加强监视：关注上游液位与雨量变化趋势,120
2026-08-12 09:15:00,5091.5,0.636,蓝色,加强监视：关注上游液位与雨量变化趋势,120
2026-08-12 09:20:00,4990.2,0.624,蓝色,加强监视：关注上游液位与雨量变化趋势,120
2026-08-12 09:25:00,5035.4,0.629,蓝色,加强监视：关注上游液位与雨量变化趋势,120
2026-08-12 09:30:00,4897.6,0.612,蓝色,加强监视：关注上游液位与雨量变化趋势,120
2026-08-12 09:35:00,4928.2,0.616,蓝色,加强监视：关注上游液位与雨量变化趋势,120
2026-08-12 09:40:00,4923.0,0.615,蓝色,加强监视：关注上游液位与雨量变化趋势,120
2026-08-12 09:45:00,4856.4,0.607,蓝色,加强监视：关注上游液位与雨量变化趋势,120
2026-08-12 09:50:00,4799.7,0.6,正常,常规运行,120
2026-08-12 09:55:00,4767.9,0.596,正常,常规运行,120
2026-08-12 10:00:00,4691.8,0.586,正常,常规运行,120
2026-08-12 10:05:00,4764.3,0.596,正常,常规运行,120
2026-08-12 10:10:00,4661.1,0.583,正常,常规运行,120
2026-08-12 10:15:00,4682.2,0.585,正常,常规运行,120
2026-08-12 10:20:00,4696.2,0.587,正常,常规运行,120
2026-08-12 10:25:00,4651.3,0.581,正常,常规运行,120
2026-08-12 10:30:00,4625.4,0.578,正常,常规运行,120
2026-08-12 10:35:00,4516.5,0.565,正常,常规运行,120
2026-08-12 10:40:00,4608.4,0.576,正常,常规运行,120
2026-08-12 10:45:00,4517.4,0.565,正常,常规运行,120
2026-08-12 10:50:00,4560.4,0.57,正常,常规运行,120
2026-08-12 10:55:00,4504.3,0.563,正常,常规运行,120
2026-08-12 11:00:00,4482.0,0.56,正常,常规运行,120
2026-08-12 11:05:00,4484.0,0.561,正常,常规运行,120
2026-08-12 11:10:00,4456.8,0.557,正常,常规运行,120
2026-08-12 11:15:00,4459.5,0.557,正常,常规运行,120
2026-08-12 11:20:00,4442.3,0.555,正常,常规运行,120
2026-08-12 11:25:00,4434.7,0.554,正常,常规运行,120
2026-08-12 11:30:00,4456.6,0.557,正常,常规运行,120
2026-08-12 11:35:00,4379.3,0.547,正常,常规运行,120
2026-08-12 11:40:00,4385.4,0.548,正常,常规运行,120
2026-08-12 11:45:00,4417.6,0.552,正常,常规运行,120
2026-08-12 11:50:00,4407.0,0.551,正常,常规运行,120
2026-08-12 11:55:00,4392.1,0.549,正常,常规运行,120
2026-08-12 12:00:00,4402.8,0.55,正常,常规运行,120
2026-08-12 12:05:00,4400.4,0.55,正常,常规运行,120
2026-08-12 12:10:00,4432.0,0.554,正常,常规运行,120
2026-08-12 12:15:00,4393.3,0.549,正常,常规运行,120
2026-08-12 12:20:00,4445.0,0.556,正常,常规运行,120
2026-08-12 12:25:00,4358.6,0.545,正常,常规运行,120
2026-08-12 12:30:00,4428.6,0.554,正常,常规运行,120
2026-08-12 12:35:00,4373.4,0.547,正常,常规运行,120
2026-08-12 12:40:00,4435.4,0.554,正常,常规运行,120
2026-08-12 12:45:00,4410.8,0.551,正常,常规运行,120
2026-08-12 12:50:00,4397.5,0.55,正常,常规运行,120
2026-08-12 12:55:00,4452.2,0.557,正常,常规运行,120
2026-08-12 13:00:00,4411.4,0.551,正常,常规运行,120
2026-08-12 13:05:00,4393.5,0.549,正常,常规运行,120
2026-08-12 13:10:00,4395.9,0.549,正常,常规运行,120
2026-08-12 13:15:00,4428.0,0.554,正常,常规运行,120
2026-08-12 13:20:00,4461.1,0.558,正常,常规运行,120
2026-08-12 13:25:00,4402.2,0.55,正常,常规运行,120
2026-08-12 13:30:00,4408.0,0.551,正常,常规运行,120
2026-08-12 13:35:00,4437.9,0.555,正常,常规运行,120
2026-08-12 13:40:00,4457.7,0.557,正常,常规运行,120
2026-08-12 13:45:00,4431.9,0.554,正常,常规运行,120
2026-08-12 13:50:00,4455.3,0.557,正常,常规运行,120
2026-08-12 13:55:00,4462.7,0.558,正常,常规运行,120
2026-08-12 14:00:00,4502.4,0.563,正常,常规运行,120
2026-08-12 14:05:00,4555.4,0.569,正常,常规运行,120
2026-08-12 14:10:00,4553.9,0.569,正常,常规运行,120
2026-08-12 14:15:00,4602.8,0.575,正常,常规运行,120
2026-08-12 14:20:00,4635.8,0.579,正常,常规运行,120
2026-08-12 14:25:00,4632.2,0.579,正常,常规运行,120
2026-08-12 14:30:00,4663.3,0.583,正常,常规运行,120
2026-08-12 14:35:00,4627.7,0.578,正常,常规运行,120
2026-08-12 14:40:00,4674.1,0.584,正常,常规运行,120
2026-08-12 14:45:00,4682.9,0.585,正常,常规运行,120
2026-08-12 14:50:00,4708.9,0.589,正常,常规运行,120
2026-08-12 14:55:00,4817.5,0.602,蓝色,加强监视：关注上游液位与雨量变化趋势,120
2026-08-12 15:00:00,4849.8,0.606,蓝色,加强监视：关注上游液位与雨量变化趋势,120
2026-08-12 15:05:00,4861.1,0.608,蓝色,加强监视：关注上游液位与雨量变化趋势,120
2026-08-12 15:10:00,4862.6,0.608,蓝色,加强监视：关注上游液位与雨量变化趋势,120
2026-08-12 15:15:00,4889.9,0.611,蓝色,加强监视：关注上游液位与雨量变化趋势,120
2026-08-12 15:20:00,4937.6,0.617,蓝色,加强监视：关注上游液位与雨量变化趋势,120
2026-08-12 15:25:00,5065.7,0.633,蓝色,加强监视：关注上游液位与雨量变化趋势,120
2026-08-12 15:30:00,4941.2,0.618,蓝色,加强监视：关注上游液位与雨量变化趋势,120
2026-08-12 15:35:00,4999.4,0.625,蓝色,加强监视：关注上游液位与雨量变化趋势,120
2026-08-12 15:40:00,5042.5,0.63,蓝色,加强监视：关注上游液位与雨量变化趋势,120
2026-08-12 15:45:00,5159.7,0.645,蓝色,加强监视：关注上游液位与雨量变化趋势,120
2026-08-12 15:50:00,5124.3,0.641,蓝色,加强监视：关注上游液位与雨量变化趋势,120
2026-08-12 15:55:00,5120.4,0.64,蓝色,加强监视：关注上游液位与雨量变化趋势,120
2026-08-12 16:00:00,5213.1,0.652,蓝色,加强监视：关注上游液位与雨量变化趋势,120
2026-08-12 16:05:00,5210.0,0.651,蓝色,加强监视：关注上游液位与雨量变化趋势,120
2026-08-12 16:10:00,5169.7,0.646,蓝色,加强监视：关注上游液位与雨量变化趋势,120
2026-08-12 16:15:00,5413.1,0.677,蓝色,加强监视：关注上游液位与雨量变化趋势,120
2026-08-12 16:20:00,5277.7,0.66,蓝色,加强监视：关注上游液位与雨量变化趋势,120
2026-08-12 16:25:00,5188.9,0.649,蓝色,加强监视：关注上游液位与雨量变化趋势,120
2026-08-12 16:30:00,5236.3,0.655,蓝色,加强监视：关注上游液位与雨量变化趋势,120
2026-08-12 16:35:00,5331.8,0.666,蓝色,加强监视：关注上游液位与雨量变化趋势,120
2026-08-12 16:40:00,5359.1,0.67,蓝色,加强监视：关注上游液位与雨量变化趋势,120
2026-08-12 16:45:00,5328.4,0.666,蓝色,加强监视：关注上游液位与雨量变化趋势,120
2026-08-12 16:50:00,5379.1,0.672,蓝色,加强监视：关注上游液位与雨量变化趋势,120
2026-08-12 16:55:00,5416.1,0.677,蓝色,加强监视：关注上游液位与雨量变化趋势,120
2026-08-12 17:00:00,5446.7,0.681,蓝色,加强监视：关注上游液位与雨量变化趋势,120
2026-08-12 17:05:00,5456.5,0.682,蓝色,加强监视：关注上游液位与雨量变化趋势,120
2026-08-12 17:10:00,5456.1,0.682,蓝色,加强监视：关注上游液位与雨量变化趋势,120
2026-08-12 17:15:00,5443.1,0.68,蓝色,加强监视：关注上游液位与雨量变化趋势,120
2026-08-12 17:20:00,5504.6,0.688,蓝色,加强监视：关注上游液位与雨量变化趋势,120
2026-08-12 17:25:00,5551.7,0.694,蓝色,加强监视：关注上游液位与雨量变化趋势,120
2026-08-12 17:30:00,5495.1,0.687,蓝色,加强监视：关注上游液位与雨量变化趋势,120
2026-08-12 17:35:00,5485.9,0.686,蓝色,加强监视：关注上游液位与雨量变化趋势,120
2026-08-12 17:40:00,5491.5,0.686,蓝色,加强监视：关注上游液位与雨量变化趋势,120
2026-08-12 17:45:00,5817.8,0.727,蓝色,加强监视：关注上游液位与雨量变化趋势,120
2026-08-12 17:50:00,5507.4,0.688,蓝色,加强监视：关注上游液位与雨量变化趋势,120
2026-08-12 17:55:00,5465.8,0.683,蓝色,加强监视：关注上游液位与雨量变化趋势,120
2026-08-12 18:00:00,5470.9,0.684,蓝色,加强监视：关注上游液位与雨量变化趋势,120
2026-08-12 18:05:00,5477.9,0.685,蓝色,加强监视：关注上游液位与雨量变化趋势,120
2026-08-12 18:10:00,5486.6,0.686,蓝色,加强监视：关注上游液位与雨量变化趋势,120
2026-08-12 18:15:00,5482.1,0.685,蓝色,加强监视：关注上游液位与雨量变化趋势,120
2026-08-12 18:20:00,5484.1,0.686,蓝色,加强监视：关注上游液位与雨量变化趋势,120
2026-08-12 18:25:00,5475.4,0.684,蓝色,加强监视：关注上游液位与雨量变化趋势,120
2026-08-12 18:30:00,5458.8,0.682,蓝色,加强监视：关注上游液位与雨量变化趋势,120
2026-08-12 18:35:00,5476.2,0.685,蓝色,加强监视：关注上游液位与雨量变化趋势,120
2026-08-12 18:40:00,5411.3,0.676,蓝色,加强监视：关注上游液位与雨量变化趋势,120
2026-08-12 18:45:00,5415.6,0.677,蓝色,加强监视：关注上游液位与雨量变化趋势,120
2026-08-12 18:50:00,5368.3,0.671,蓝色,加强监视：关注上游液位与雨量变化趋势,120
2026-08-12 18:55:00,5379.2,0.672,蓝色,加强监视：关注上游液位与雨量变化趋势,120
2026-08-12 19:00:00,5415.6,0.677,蓝色,加强监视：关注上游液位与雨量变化趋势,120
2026-08-12 19:05:00,5379.6,0.672,蓝色,加强监视：关注上游液位与雨量变化趋势,120
2026-08-12 19:10:00,5343.8,0.668,蓝色,加强监视：关注上游液位与雨量变化趋势,120
2026-08-12 19:15:00,5317.1,0.665,蓝色,加强监视：关注上游液位与雨量变化趋势,120
2026-08-12 19:20:00,5331.3,0.666,蓝色,加强监视：关注上游液位与雨量变化趋势,120
2026-08-12 19:25:00,5297.6,0.662,蓝色,加强监视：关注上游液位与雨量变化趋势,120
2026-08-12 19:30:00,5309.6,0.664,蓝色,加强监视：关注上游液位与雨量变化趋势,120
2026-08-12 19:35:00,5227.4,0.653,蓝色,加强监视：关注上游液位与雨量变化趋势,120
2026-08-12 19:40:00,5108.9,0.639,蓝色,加强监视：关注上游液位与雨量变化趋势,120
2026-08-12 19:45:00,5151.5,0.644,蓝色,加强监视：关注上游液位与雨量变化趋势,120
2026-08-12 19:50:00,5137.5,0.642,蓝色,加强监视：关注上游液位与雨量变化趋势,120
2026-08-12 19:55:00,5112.6,0.639,蓝色,加强监视：关注上游液位与雨量变化趋势,120
2026-08-12 20:00:00,5071.2,0.634,蓝色,加强监视：关注上游液位与雨量变化趋势,120
2026-08-12 20:05:00,5020.0,0.627,蓝色,加强监视：关注上游液位与雨量变化趋势,120
2026-08-12 20:10:00,4967.2,0.621,蓝色,加强监视：关注上游液位与雨量变化趋势,120
2026-08-12 20:15:00,5007.5,0.626,蓝色,加强监视：关注上游液位与雨量变化趋势,120
2026-08-12 20:20:00,4985.6,0.623,蓝色,加强监视：关注上游液位与雨量变化趋势,120
2026-08-12 20:25:00,4923.5,0.615,蓝色,加强监视：关注上游液位与雨量变化趋势,120
2026-08-12 20:30:00,4935.8,0.617,蓝色,加强监视：关注上游液位与雨量变化趋势,120
2026-08-12 20:35:00,4828.0,0.603,蓝色,加强监视：关注上游液位与雨量变化趋势,120
2026-08-12 20:40:00,4836.9,0.605,蓝色,加强监视：关注上游液位与雨量变化趋势,120
2026-08-12 20:45:00,4823.3,0.603,蓝色,加强监视：关注上游液位与雨量变化趋势,120
2026-08-12 20:50:00,4802.5,0.6,蓝色,加强监视：关注上游液位与雨量变化趋势,120
2026-08-12 20:55:00,4764.9,0.596,正常,常规运行,120
2026-08-12 21:00:00,4774.1,0.597,正常,常规运行,120
2026-08-12 21:05:00,4759.8,0.595,正常,常规运行,120
2026-08-12 21:10:00,4750.5,0.594,正常,常规运行,120
2026-08-12 21:15:00,4624.8,0.578,正常,常规运行,120
2026-08-12 21:20:00,4685.0,0.586,正常,常规运行,120
2026-08-12 21:25:00,4760.5,0.595,正常,常规运行,120
2026-08-12 21:30:00,4583.1,0.573,正常,常规运行,120
2026-08-12 21:35:00,4609.9,0.576,正常,常规运行,120
2026-08-12 21:40:00,4564.2,0.571,正常,常规运行,120
2026-08-12 21:45:00,4463.9,0.558,正常,常规运行,120
2026-08-12 21:50:00,4498.4,0.562,正常,常规运行,120
2026-08-12 21:55:00,4401.3,0.55,正常,常规运行,120
2026-08-12 22:00:00,4232.6,0.529,正常,常规运行,120
2026-08-12 22:05:00,4072.3,0.509,正常,常规运行,120
2026-08-12 22:10:00,4028.3,0.504,正常,常规运行,120
2026-08-12 22:15:00,4008.3,0.501,正常,常规运行,120
2026-08-12 22:20:00,4005.2,0.501,正常,常规运行,120
2026-08-12 22:25:00,3988.1,0.499,正常,常规运行,120
2026-08-12 22:30:00,3925.6,0.491,正常,常规运行,120
2026-08-12 22:35:00,4014.7,0.502,正常,常规运行,120
2026-08-12 22:40:00,3811.7,0.476,正常,常规运行,120
2026-08-12 22:45:00,3892.0,0.486,正常,常规运行,120
2026-08-12 22:50:00,3836.1,0.48,正常,常规运行,120
2026-08-12 22:55:00,3802.8,0.475,正常,常规运行,120
2026-08-12 23:00:00,3778.6,0.472,正常,常规运行,120
2026-08-12 23:05:00,3726.7,0.466,正常,常规运行,120
2026-08-12 23:10:00,3696.9,0.462,正常,常规运行,120
2026-08-12 23:15:00,3678.1,0.46,正常,常规运行,120
2026-08-12 23:20:00,3609.1,0.451,正常,常规运行,120
2026-08-12 23:25:00,3584.1,0.448,正常,常规运行,120
2026-08-12 23:30:00,3414.2,0.427,正常,常规运行,120
2026-08-12 23:35:00,3489.2,0.436,正常,常规运行,120
2026-08-12 23:40:00,3472.2,0.434,正常,常规运行,120
2026-08-12 23:45:00,3459.9,0.432,正常,常规运行,120
2026-08-12 23:50:00,3373.3,0.422,正常,常规运行,120
2026-08-12 23:55:00,3274.1,0.409,正常,常规运行,120
2026-08-13 00:00:00,3168.9,0.396,正常,常规运行,120
2026-08-13 00:05:00,3221.1,0.403,正常,常规运行,120
2026-08-13 00:10:00,3220.2,0.403,正常,常规运行,120
2026-08-13 00:15:00,3121.0,0.39,正常,常规运行,120
2026-08-13 00:20:00,3111.8,0.389,正常,常规运行,120
2026-08-13 00:25:00,3000.6,0.375,正常,常规运行,120
2026-08-13 00:30:00,3035.4,0.379,正常,常规运行,120
2026-08-13 00:35:00,2934.5,0.367,正常,常规运行,120
2026-08-13 00:40:00,2923.3,0.365,正常,常规运行,120
2026-08-13 00:45:00,2886.4,0.361,正常,常规运行,120
2026-08-13 00:50:00,2915.3,0.364,正常,常规运行,120
2026-08-13 00:55:00,2861.8,0.358,正常,常规运行,120
2026-08-13 01:00:00,2842.5,0.355,正常,常规运行,120
2026-08-13 01:05:00,2840.8,0.355,正常,常规运行,120
2026-08-13 01:10:00,2806.4,0.351,正常,常规运行,120
2026-08-13 01:15:00,2858.3,0.357,正常,常规运行,120
2026-08-13 01:20:00,2810.5,0.351,正常,常规运行,120
2026-08-13 01:25:00,2808.6,0.351,正常,常规运行,120
2026-08-13 01:30:00,2804.5,0.351,正常,常规运行,120
2026-08-13 01:35:00,2790.9,0.349,正常,常规运行,120
2026-08-13 01:40:00,2831.8,0.354,正常,常规运行,120
2026-08-13 01:45:00,2790.8,0.349,正常,常规运行,120
2026-08-13 01:50:00,2801.2,0.35,正常,常规运行,120
2026-08-13 01:55:00,2835.1,0.354,正常,常规运行,120
2026-08-13 02:00:00,2892.1,0.362,正常,常规运行,120
2026-08-13 02:05:00,2932.2,0.367,正常,常规运行,120
2026-08-13 02:10:00,2951.9,0.369,正常,常规运行,120
2026-08-13 02:15:00,2954.5,0.369,正常,常规运行,120
2026-08-13 02:20:00,3011.5,0.376,正常,常规运行,120
2026-08-13 02:25:00,3050.2,0.381,正常,常规运行,120
2026-08-13 02:30:00,3175.1,0.397,正常,常规运行,120
2026-08-13 02:35:00,3146.5,0.393,正常,常规运行,120
2026-08-13 02:40:00,3243.8,0.405,正常,常规运行,120
2026-08-13 02:45:00,3246.7,0.406,正常,常规运行,120
2026-08-13 02:50:00,3358.5,0.42,正常,常规运行,120
2026-08-13 02:55:00,3376.2,0.422,正常,常规运行,120
2026-08-13 03:00:00,3428.8,0.429,正常,常规运行,120
2026-08-13 03:05:00,3484.6,0.436,正常,常规运行,120
2026-08-13 03:10:00,3569.4,0.446,正常,常规运行,120
2026-08-13 03:15:00,3755.8,0.469,正常,常规运行,120
2026-08-13 03:20:00,3704.2,0.463,正常,常规运行,120
2026-08-13 03:25:00,3832.6,0.479,正常,常规运行,120
2026-08-13 03:30:00,3908.7,0.489,正常,常规运行,120
2026-08-13 03:35:00,3855.8,0.482,正常,常规运行,120
2026-08-13 03:40:00,3932.2,0.492,正常,常规运行,120
2026-08-13 03:45:00,4163.6,0.52,正常,常规运行,120
2026-08-13 03:50:00,4099.9,0.512,正常,常规运行,120
2026-08-13 03:55:00,4145.8,0.518,正常,常规运行,120
2026-08-13 04:00:00,4271.0,0.534,正常,常规运行,120
2026-08-13 04:05:00,4517.9,0.565,正常,常规运行,120
2026-08-13 04:10:00,4411.3,0.551,正常,常规运行,120
2026-08-13 04:15:00,4511.2,0.564,正常,常规运行,120
2026-08-13 04:20:00,4496.1,0.562,正常,常规运行,120
2026-08-13 04:25:00,4580.5,0.573,正常,常规运行,120
2026-08-13 04:30:00,4715.1,0.589,正常,常规运行,120
2026-08-13 04:35:00,4573.2,0.572,正常,常规运行,120
2026-08-13 04:40:00,4897.0,0.612,蓝色,加强监视：关注上游液位与雨量变化趋势,120
2026-08-13 04:45:00,4748.4,0.594,正常,常规运行,120
2026-08-13 04:50:00,4780.1,0.598,正常,常规运行,120
2026-08-13 04:55:00,4842.1,0.605,蓝色,加强监视：关注上游液位与雨量变化趋势,120
2026-08-13 05:00:00,4926.8,0.616,蓝色,加强监视：关注上游液位与雨量变化趋势,120
2026-08-13 05:05:00,5012.3,0.627,蓝色,加强监视：关注上游液位与雨量变化趋势,120
2026-08-13 05:10:00,5059.4,0.632,蓝色,加强监视：关注上游液位与雨量变化趋势,120
2026-08-13 05:15:00,5589.2,0.699,蓝色,加强监视：关注上游液位与雨量变化趋势,120
2026-08-13 05:20:00,5542.7,0.693,蓝色,加强监视：关注上游液位与雨量变化趋势,120
2026-08-13 05:25:00,5344.7,0.668,蓝色,加强监视：关注上游液位与雨量变化趋势,120
2026-08-13 05:30:00,5370.2,0.671,蓝色,加强监视：关注上游液位与雨量变化趋势,120
2026-08-13 05:35:00,5348.4,0.669,蓝色,加强监视：关注上游液位与雨量变化趋势,120
2026-08-13 05:40:00,5363.1,0.67,蓝色,加强监视：关注上游液位与雨量变化趋势,120
2026-08-13 05:45:00,5354.1,0.669,蓝色,加强监视：关注上游液位与雨量变化趋势,120
2026-08-13 05:50:00,5414.4,0.677,蓝色,加强监视：关注上游液位与雨量变化趋势,120
2026-08-13 05:55:00,5478.1,0.685,蓝色,加强监视：关注上游液位与雨量变化趋势,120
2026-08-13 06:00:00,5469.0,0.684,蓝色,加强监视：关注上游液位与雨量变化趋势,120
2026-08-13 06:05:00,5500.1,0.688,蓝色,加强监视：关注上游液位与雨量变化趋势,120
2026-08-13 06:10:00,5472.6,0.684,蓝色,加强监视：关注上游液位与雨量变化趋势,120
2026-08-13 06:15:00,6225.8,0.778,蓝色,加强监视：关注上游液位与雨量变化趋势,120
2026-08-13 06:20:00,5499.8,0.687,蓝色,加强监视：关注上游液位与雨量变化趋势,120
2026-08-13 06:25:00,5576.8,0.697,蓝色,加强监视：关注上游液位与雨量变化趋势,120
2026-08-13 06:30:00,5624.9,0.703,蓝色,加强监视：关注上游液位与雨量变化趋势,120
2026-08-13 06:35:00,5498.5,0.687,蓝色,加强监视：关注上游液位与雨量变化趋势,120
2026-08-13 06:40:00,5581.8,0.698,蓝色,加强监视：关注上游液位与雨量变化趋势,120
2026-08-13 06:45:00,6635.5,0.829,黄色,雨前预抽空：预降各泵站前池液位，腾出调蓄容积,120
2026-08-13 06:50:00,5610.1,0.701,蓝色,加强监视：关注上游液位与雨量变化趋势,120
2026-08-13 06:55:00,5699.9,0.712,蓝色,加强监视：关注上游液位与雨量变化趋势,120
2026-08-13 07:00:00,5653.4,0.707,蓝色,加强监视：关注上游液位与雨量变化趋势,120
2026-08-13 07:05:00,5640.8,0.705,蓝色,加强监视：关注上游液位与雨量变化趋势,120
2026-08-13 07:10:00,6212.2,0.777,蓝色,加强监视：关注上游液位与雨量变化趋势,120
2026-08-13 07:15:00,6007.6,0.751,蓝色,加强监视：关注上游液位与雨量变化趋势,120
2026-08-13 07:20:00,5535.2,0.692,蓝色,加强监视：关注上游液位与雨量变化趋势,120
2026-08-13 07:25:00,6853.4,0.857,黄色,雨前预抽空：预降各泵站前池液位，腾出调蓄容积,120
2026-08-13 07:30:00,5567.4,0.696,蓝色,加强监视：关注上游液位与雨量变化趋势,120
2026-08-13 07:35:00,5569.8,0.696,蓝色,加强监视：关注上游液位与雨量变化趋势,120
2026-08-13 07:40:00,6924.5,0.866,黄色,雨前预抽空：预降各泵站前池液位，腾出调蓄容积,120
2026-08-13 07:45:00,5653.5,0.707,蓝色,加强监视：关注上游液位与雨量变化趋势,120
2026-08-13 07:50:00,5544.8,0.693,蓝色,加强监视：关注上游液位与雨量变化趋势,120
2026-08-13 07:55:00,5546.6,0.693,蓝色,加强监视：关注上游液位与雨量变化趋势,120
2026-08-13 08:00:00,6003.6,0.75,蓝色,加强监视：关注上游液位与雨量变化趋势,120
2026-08-13 08:05:00,5492.7,0.687,蓝色,加强监视：关注上游液位与雨量变化趋势,120
2026-08-13 08:10:00,5460.4,0.683,蓝色,加强监视：关注上游液位与雨量变化趋势,120
2026-08-13 08:15:00,5430.4,0.679,蓝色,加强监视：关注上游液位与雨量变化趋势,120
2026-08-13 08:20:00,5435.4,0.679,蓝色,加强监视：关注上游液位与雨量变化趋势,120
2026-08-13 08:25:00,5387.5,0.673,蓝色,加强监视：关注上游液位与雨量变化趋势,120
2026-08-13 08:30:00,5405.5,0.676,蓝色,加强监视：关注上游液位与雨量变化趋势,120
2026-08-13 08:35:00,5315.7,0.664,蓝色,加强监视：关注上游液位与雨量变化趋势,120
2026-08-13 08:40:00,5325.1,0.666,蓝色,加强监视：关注上游液位与雨量变化趋势,120
2026-08-13 08:45:00,5244.8,0.656,蓝色,加强监视：关注上游液位与雨量变化趋势,120
2026-08-13 08:50:00,5235.3,0.654,蓝色,加强监视：关注上游液位与雨量变化趋势,120
2026-08-13 08:55:00,5180.8,0.648,蓝色,加强监视：关注上游液位与雨量变化趋势,120
2026-08-13 09:00:00,5323.6,0.665,蓝色,加强监视：关注上游液位与雨量变化趋势,120
2026-08-13 09:05:00,5072.2,0.634,蓝色,加强监视：关注上游液位与雨量变化趋势,120
2026-08-13 09:10:00,5079.5,0.635,蓝色,加强监视：关注上游液位与雨量变化趋势,120
2026-08-13 09:15:00,5041.8,0.63,蓝色,加强监视：关注上游液位与雨量变化趋势,120
2026-08-13 09:20:00,4991.2,0.624,蓝色,加强监视：关注上游液位与雨量变化趋势,120
2026-08-13 09:25:00,4971.6,0.621,蓝色,加强监视：关注上游液位与雨量变化趋势,120
2026-08-13 09:30:00,4995.7,0.624,蓝色,加强监视：关注上游液位与雨量变化趋势,120
2026-08-13 09:35:00,4890.6,0.611,蓝色,加强监视：关注上游液位与雨量变化趋势,120
2026-08-13 09:40:00,4853.7,0.607,蓝色,加强监视：关注上游液位与雨量变化趋势,120
2026-08-13 09:45:00,4895.9,0.612,蓝色,加强监视：关注上游液位与雨量变化趋势,120
2026-08-13 09:50:00,4821.8,0.603,蓝色,加强监视：关注上游液位与雨量变化趋势,120
2026-08-13 09:55:00,4831.7,0.604,蓝色,加强监视：关注上游液位与雨量变化趋势,120
2026-08-13 10:00:00,4730.4,0.591,正常,常规运行,120
2026-08-13 10:05:00,4670.9,0.584,正常,常规运行,120
2026-08-13 10:10:00,4666.9,0.583,正常,常规运行,120
2026-08-13 10:15:00,4683.1,0.585,正常,常规运行,120
2026-08-13 10:20:00,4629.0,0.579,正常,常规运行,120
2026-08-13 10:25:00,4643.5,0.58,正常,常规运行,120
2026-08-13 10:30:00,4583.8,0.573,正常,常规运行,120
2026-08-13 10:35:00,4539.9,0.567,正常,常规运行,120
2026-08-13 10:40:00,4576.6,0.572,正常,常规运行,120
2026-08-13 10:45:00,4559.9,0.57,正常,常规运行,120
2026-08-13 10:50:00,4566.6,0.571,正常,常规运行,120
2026-08-13 10:55:00,4461.8,0.558,正常,常规运行,120
2026-08-13 11:00:00,4564.1,0.571,正常,常规运行,120
2026-08-13 11:05:00,4468.8,0.559,正常,常规运行,120
2026-08-13 11:10:00,4478.6,0.56,正常,常规运行,120
2026-08-13 11:15:00,4419.2,0.552,正常,常规运行,120
2026-08-13 11:20:00,4472.1,0.559,正常,常规运行,120
2026-08-13 11:25:00,4424.3,0.553,正常,常规运行,120
2026-08-13 11:30:00,4430.7,0.554,正常,常规运行,120
2026-08-13 11:35:00,4427.0,0.553,正常,常规运行,120
2026-08-13 11:40:00,4454.0,0.557,正常,常规运行,120
2026-08-13 11:45:00,4354.7,0.544,正常,常规运行,120
2026-08-13 11:50:00,4398.8,0.55,正常,常规运行,120
2026-08-13 11:55:00,4426.1,0.553,正常,常规运行,120
2026-08-13 12:00:00,4424.8,0.553,正常,常规运行,120
2026-08-13 12:05:00,4352.9,0.544,正常,常规运行,120
2026-08-13 12:10:00,4412.7,0.552,正常,常规运行,120
2026-08-13 12:15:00,4402.0,0.55,正常,常规运行,120
2026-08-13 12:20:00,4427.3,0.553,正常,常规运行,120
2026-08-13 12:25:00,4400.4,0.55,正常,常规运行,120
2026-08-13 12:30:00,4409.0,0.551,正常,常规运行,120
2026-08-13 12:35:00,4388.5,0.549,正常,常规运行,120
2026-08-13 12:40:00,4427.6,0.553,正常,常规运行,120
2026-08-13 12:45:00,4406.9,0.551,正常,常规运行,120
2026-08-13 12:50:00,4404.3,0.551,正常,常规运行,120
2026-08-13 12:55:00,4396.1,0.55,正常,常规运行,120
2026-08-13 13:00:00,4421.3,0.553,正常,常规运行,120
2026-08-13 13:05:00,4402.5,0.55,正常,常规运行,120
2026-08-13 13:10:00,4412.5,0.552,正常,常规运行,120
2026-08-13 13:15:00,4433.0,0.554,正常,常规运行,120
2026-08-13 13:20:00,4462.8,0.558,正常,常规运行,120
2026-08-13 13:25:00,4419.6,0.552,正常,常规运行,120
2026-08-13 13:30:00,4512.8,0.564,正常,常规运行,120
2026-08-13 13:35:00,4462.3,0.558,正常,常规运行,120
2026-08-13 13:40:00,4547.1,0.568,正常,常规运行,120
2026-08-13 13:45:00,4530.1,0.566,正常,常规运行,120
2026-08-13 13:50:00,4600.3,0.575,正常,常规运行,120
2026-08-13 13:55:00,4518.3,0.565,正常,常规运行,120
2026-08-13 14:00:00,4530.8,0.566,正常,常规运行,120
2026-08-13 14:05:00,4613.0,0.577,正常,常规运行,120
2026-08-13 14:10:00,4559.1,0.57,正常,常规运行,120
2026-08-13 14:15:00,4586.1,0.573,正常,常规运行,120
2026-08-13 14:20:00,4604.3,0.576,正常,常规运行,120
2026-08-13 14:25:00,4594.2,0.574,正常,常规运行,120
2026-08-13 14:30:00,4622.5,0.578,正常,常规运行,120
2026-08-13 14:35:00,4731.3,0.591,正常,常规运行,120
2026-08-13 14:40:00,4698.5,0.587,正常,常规运行,120
2026-08-13 14:45:00,4673.8,0.584,正常,常规运行,120
2026-08-13 14:50:00,4640.8,0.58,正常,常规运行,120
2026-08-13 14:55:00,4734.0,0.592,正常,常规运行,120
2026-08-13 15:00:00,4734.1,0.592,正常,常规运行,120
2026-08-13 15:05:00,4804.7,0.601,蓝色,加强监视：关注上游液位与雨量变化趋势,120
2026-08-13 15:10:00,4765.8,0.596,正常,常规运行,120
2026-08-13 15:15:00,4784.6,0.598,正常,常规运行,120
2026-08-13 15:20:00,4859.9,0.607,蓝色,加强监视：关注上游液位与雨量变化趋势,120
2026-08-13 15:25:00,4931.6,0.616,蓝色,加强监视：关注上游液位与雨量变化趋势,120
2026-08-13 15:30:00,4842.8,0.605,蓝色,加强监视：关注上游液位与雨量变化趋势,120
2026-08-13 15:35:00,4987.5,0.623,蓝色,加强监视：关注上游液位与雨量变化趋势,120
2026-08-13 15:40:00,4994.6,0.624,蓝色,加强监视：关注上游液位与雨量变化趋势,120
2026-08-13 15:45:00,5024.9,0.628,蓝色,加强监视：关注上游液位与雨量变化趋势,120
2026-08-13 15:50:00,5060.2,0.633,蓝色,加强监视：关注上游液位与雨量变化趋势,120
2026-08-13 15:55:00,5144.6,0.643,蓝色,加强监视：关注上游液位与雨量变化趋势,120
2026-08-13 16:00:00,5062.1,0.633,蓝色,加强监视：关注上游液位与雨量变化趋势,120
2026-08-13 16:05:00,5158.1,0.645,蓝色,加强监视：关注上游液位与雨量变化趋势,120
2026-08-13 16:10:00,5169.8,0.646,蓝色,加强监视：关注上游液位与雨量变化趋势,120
2026-08-13 16:15:00,5183.5,0.648,蓝色,加强监视：关注上游液位与雨量变化趋势,120
2026-08-13 16:20:00,5296.8,0.662,蓝色,加强监视：关注上游液位与雨量变化趋势,120
2026-08-13 16:25:00,5321.9,0.665,蓝色,加强监视：关注上游液位与雨量变化趋势,120
2026-08-13 16:30:00,5334.5,0.667,蓝色,加强监视：关注上游液位与雨量变化趋势,120
2026-08-13 16:35:00,5314.0,0.664,蓝色,加强监视：关注上游液位与雨量变化趋势,120
2026-08-13 16:40:00,5356.7,0.67,蓝色,加强监视：关注上游液位与雨量变化趋势,120
2026-08-13 16:45:00,5366.1,0.671,蓝色,加强监视：关注上游液位与雨量变化趋势,120
2026-08-13 16:50:00,5416.9,0.677,蓝色,加强监视：关注上游液位与雨量变化趋势,120
2026-08-13 16:55:00,5365.2,0.671,蓝色,加强监视：关注上游液位与雨量变化趋势,120
2026-08-13 17:00:00,5651.2,0.706,蓝色,加强监视：关注上游液位与雨量变化趋势,120
2026-08-13 17:05:00,5413.5,0.677,蓝色,加强监视：关注上游液位与雨量变化趋势,120
2026-08-13 17:10:00,5468.6,0.684,蓝色,加强监视：关注上游液位与雨量变化趋势,120
2026-08-13 17:15:00,5434.6,0.679,蓝色,加强监视：关注上游液位与雨量变化趋势,120
2026-08-13 17:20:00,5495.9,0.687,蓝色,加强监视：关注上游液位与雨量变化趋势,120
2026-08-13 17:25:00,5456.6,0.682,蓝色,加强监视：关注上游液位与雨量变化趋势,120
2026-08-13 17:30:00,6107.8,0.763,蓝色,加强监视：关注上游液位与雨量变化趋势,120
2026-08-13 17:35:00,5507.0,0.688,蓝色,加强监视：关注上游液位与雨量变化趋势,120
2026-08-13 17:40:00,5599.0,0.7,蓝色,加强监视：关注上游液位与雨量变化趋势,120
2026-08-13 17:45:00,5576.8,0.697,蓝色,加强监视：关注上游液位与雨量变化趋势,120
2026-08-13 17:50:00,5509.9,0.689,蓝色,加强监视：关注上游液位与雨量变化趋势,120
2026-08-13 17:55:00,5462.7,0.683,蓝色,加强监视：关注上游液位与雨量变化趋势,120
2026-08-13 18:00:00,6137.8,0.767,蓝色,加强监视：关注上游液位与雨量变化趋势,120
2026-08-13 18:05:00,5685.6,0.711,蓝色,加强监视：关注上游液位与雨量变化趋势,120
2026-08-13 18:10:00,5554.8,0.694,蓝色,加强监视：关注上游液位与雨量变化趋势,120
2026-08-13 18:15:00,5479.7,0.685,蓝色,加强监视：关注上游液位与雨量变化趋势,120
2026-08-13 18:20:00,5472.2,0.684,蓝色,加强监视：关注上游液位与雨量变化趋势,120
2026-08-13 18:25:00,5518.5,0.69,蓝色,加强监视：关注上游液位与雨量变化趋势,120
2026-08-13 18:30:00,5861.8,0.733,蓝色,加强监视：关注上游液位与雨量变化趋势,120
2026-08-13 18:35:00,5462.6,0.683,蓝色,加强监视：关注上游液位与雨量变化趋势,120
2026-08-13 18:40:00,5495.1,0.687,蓝色,加强监视：关注上游液位与雨量变化趋势,120
2026-08-13 18:45:00,5459.2,0.682,蓝色,加强监视：关注上游液位与雨量变化趋势,120
2026-08-13 18:50:00,5431.1,0.679,蓝色,加强监视：关注上游液位与雨量变化趋势,120
2026-08-13 18:55:00,5617.0,0.702,蓝色,加强监视：关注上游液位与雨量变化趋势,120
2026-08-13 19:00:00,5408.7,0.676,蓝色,加强监视：关注上游液位与雨量变化趋势,120
2026-08-13 19:05:00,5488.3,0.686,蓝色,加强监视：关注上游液位与雨量变化趋势,120
2026-08-13 19:10:00,5218.8,0.652,蓝色,加强监视：关注上游液位与雨量变化趋势,120
2026-08-13 19:15:00,5313.8,0.664,蓝色,加强监视：关注上游液位与雨量变化趋势,120
2026-08-13 19:20:00,5293.9,0.662,蓝色,加强监视：关注上游液位与雨量变化趋势,120
2026-08-13 19:25:00,5376.5,0.672,蓝色,加强监视：关注上游液位与雨量变化趋势,120
2026-08-13 19:30:00,5242.3,0.655,蓝色,加强监视：关注上游液位与雨量变化趋势,120
2026-08-13 19:35:00,5256.4,0.657,蓝色,加强监视：关注上游液位与雨量变化趋势,120
2026-08-13 19:40:00,5157.8,0.645,蓝色,加强监视：关注上游液位与雨量变化趋势,120
2026-08-13 19:45:00,5242.0,0.655,蓝色,加强监视：关注上游液位与雨量变化趋势,120
2026-08-13 19:50:00,5189.2,0.649,蓝色,加强监视：关注上游液位与雨量变化趋势,120
2026-08-13 19:55:00,5233.6,0.654,蓝色,加强监视：关注上游液位与雨量变化趋势,120
2026-08-13 20:00:00,5038.6,0.63,蓝色,加强监视：关注上游液位与雨量变化趋势,120
2026-08-13 20:05:00,5045.2,0.631,蓝色,加强监视：关注上游液位与雨量变化趋势,120
2026-08-13 20:10:00,5093.6,0.637,蓝色,加强监视：关注上游液位与雨量变化趋势,120
2026-08-13 20:15:00,5048.4,0.631,蓝色,加强监视：关注上游液位与雨量变化趋势,120
2026-08-13 20:20:00,5011.1,0.626,蓝色,加强监视：关注上游液位与雨量变化趋势,120
2026-08-13 20:25:00,5054.5,0.632,蓝色,加强监视：关注上游液位与雨量变化趋势,120
2026-08-13 20:30:00,4939.0,0.617,蓝色,加强监视：关注上游液位与雨量变化趋势,120
2026-08-13 20:35:00,4935.0,0.617,蓝色,加强监视：关注上游液位与雨量变化趋势,120
2026-08-13 20:40:00,4920.6,0.615,蓝色,加强监视：关注上游液位与雨量变化趋势,120
2026-08-13 20:45:00,4958.6,0.62,蓝色,加强监视：关注上游液位与雨量变化趋势,120
2026-08-13 20:50:00,4892.8,0.612,蓝色,加强监视：关注上游液位与雨量变化趋势,120
2026-08-13 20:55:00,4778.5,0.597,正常,常规运行,120
2026-08-13 21:00:00,4808.4,0.601,蓝色,加强监视：关注上游液位与雨量变化趋势,120
2026-08-13 21:05:00,4717.4,0.59,正常,常规运行,120
2026-08-13 21:10:00,4750.8,0.594,正常,常规运行,120
2026-08-13 21:15:00,4720.8,0.59,正常,常规运行,120
2026-08-13 21:20:00,4691.4,0.586,正常,常规运行,120
2026-08-13 21:25:00,4853.9,0.607,蓝色,加强监视：关注上游液位与雨量变化趋势,120
2026-08-13 21:30:00,4602.2,0.575,正常,常规运行,120
2026-08-13 21:35:00,4540.0,0.567,正常,常规运行,120
2026-08-13 21:40:00,4546.8,0.568,正常,常规运行,120
2026-08-13 21:45:00,4611.6,0.576,正常,常规运行,120
2026-08-13 21:50:00,4593.4,0.574,正常,常规运行,120
2026-08-13 21:55:00,4377.4,0.547,正常,常规运行,120
2026-08-13 22:00:00,4145.5,0.518,正常,常规运行,120
2026-08-13 22:05:00,4120.0,0.515,正常,常规运行,120
2026-08-13 22:10:00,4054.4,0.507,正常,常规运行,120
2026-08-13 22:15:00,4084.3,0.511,正常,常规运行,120
2026-08-13 22:20:00,4087.0,0.511,正常,常规运行,120
2026-08-13 22:25:00,3923.3,0.49,正常,常规运行,120
2026-08-13 22:30:00,3884.8,0.486,正常,常规运行,120
2026-08-13 22:35:00,3909.5,0.489,正常,常规运行,120
2026-08-13 22:40:00,3884.4,0.486,正常,常规运行,120
2026-08-13 22:45:00,3801.5,0.475,正常,常规运行,120
2026-08-13 22:50:00,3730.3,0.466,正常,常规运行,120
2026-08-13 22:55:00,3759.6,0.47,正常,常规运行,120
2026-08-13 23:00:00,3718.5,0.465,正常,常规运行,120
2026-08-13 23:05:00,3644.3,0.456,正常,常规运行,120
2026-08-13 23:10:00,3609.3,0.451,正常,常规运行,120
2026-08-13 23:15:00,3545.4,0.443,正常,常规运行,120
2026-08-13 23:20:00,3567.9,0.446,正常,常规运行,120
2026-08-13 23:25:00,3566.3,0.446,正常,常规运行,120
2026-08-13 23:30:00,3426.9,0.428,正常,常规运行,120
2026-08-13 23:35:00,3417.4,0.427,正常,常规运行,120
2026-08-13 23:40:00,3391.8,0.424,正常,常规运行,120
2026-08-13 23:45:00,3313.3,0.414,正常,常规运行,120
2026-08-13 23:50:00,3309.6,0.414,正常,常规运行,120
2026-08-13 23:55:00,3326.1,0.416,正常,常规运行,120
2026-08-14 00:00:00,3275.5,0.409,正常,常规运行,120
2026-08-14 00:05:00,3180.3,0.398,正常,常规运行,120
2026-08-14 00:10:00,3081.4,0.385,正常,常规运行,120
2026-08-14 00:15:00,3085.6,0.386,正常,常规运行,120
2026-08-14 00:20:00,3147.9,0.393,正常,常规运行,120
2026-08-14 00:25:00,3040.4,0.38,正常,常规运行,120
2026-08-14 00:30:00,3055.6,0.382,正常,常规运行,120
2026-08-14 00:35:00,2939.7,0.367,正常,常规运行,120
2026-08-14 00:40:00,2995.3,0.374,正常,常规运行,120
2026-08-14 00:45:00,2945.2,0.368,正常,常规运行,120
2026-08-14 00:50:00,2932.3,0.367,正常,常规运行,120
2026-08-14 00:55:00,2858.2,0.357,正常,常规运行,120
2026-08-14 01:00:00,2866.5,0.358,正常,常规运行,120
2026-08-14 01:05:00,2861.7,0.358,正常,常规运行,120
2026-08-14 01:10:00,2802.3,0.35,正常,常规运行,120
2026-08-14 01:15:00,2818.0,0.352,正常,常规运行,120
2026-08-14 01:20:00,2806.8,0.351,正常,常规运行,120
2026-08-14 01:25:00,2794.7,0.349,正常,常规运行,120
2026-08-14 01:30:00,2784.3,0.348,正常,常规运行,120
2026-08-14 01:35:00,2781.5,0.348,正常,常规运行,120
2026-08-14 01:40:00,2790.7,0.349,正常,常规运行,120
2026-08-14 01:45:00,2872.3,0.359,正常,常规运行,120
2026-08-14 01:50:00,2866.7,0.358,正常,常规运行,120
2026-08-14 01:55:00,2857.3,0.357,正常,常规运行,120
2026-08-14 02:00:00,2874.6,0.359,正常,常规运行,120
2026-08-14 02:05:00,2903.9,0.363,正常,常规运行,120
2026-08-14 02:10:00,2943.1,0.368,正常,常规运行,120
2026-08-14 02:15:00,2969.2,0.371,正常,常规运行,120
2026-08-14 02:20:00,3101.0,0.388,正常,常规运行,120
2026-08-14 02:25:00,3106.9,0.388,正常,常规运行,120
2026-08-14 02:30:00,3082.5,0.385,正常,常规运行,120
2026-08-14 02:35:00,3234.3,0.404,正常,常规运行,120
2026-08-14 02:40:00,3186.7,0.398,正常,常规运行,120
2026-08-14 02:45:00,3285.1,0.411,正常,常规运行,120
2026-08-14 02:50:00,3256.9,0.407,正常,常规运行,120
2026-08-14 02:55:00,3339.4,0.417,正常,常规运行,120
2026-08-14 03:00:00,3462.3,0.433,正常,常规运行,120
2026-08-14 03:05:00,3498.9,0.437,正常,常规运行,120
2026-08-14 03:10:00,3566.5,0.446,正常,常规运行,120
2026-08-14 03:15:00,3554.8,0.444,正常,常规运行,120
2026-08-14 03:20:00,3766.3,0.471,正常,常规运行,120
2026-08-14 03:25:00,3808.0,0.476,正常,常规运行,120
2026-08-14 03:30:00,3992.7,0.499,正常,常规运行,120
2026-08-14 03:35:00,3911.9,0.489,正常,常规运行,120
2026-08-14 03:40:00,4009.3,0.501,正常,常规运行,120
2026-08-14 03:45:00,4108.1,0.514,正常,常规运行,120
2026-08-14 03:50:00,4138.5,0.517,正常,常规运行,120
2026-08-14 03:55:00,4183.2,0.523,正常,常规运行,120
2026-08-14 04:00:00,4207.4,0.526,正常,常规运行,120
2026-08-14 04:05:00,4352.9,0.544,正常,常规运行,120
2026-08-14 04:10:00,4374.3,0.547,正常,常规运行,120
2026-08-14 04:15:00,4569.7,0.571,正常,常规运行,120
2026-08-14 04:20:00,4506.6,0.563,正常,常规运行,120
2026-08-14 04:25:00,4643.7,0.58,正常,常规运行,120
2026-08-14 04:30:00,4921.7,0.615,蓝色,加强监视：关注上游液位与雨量变化趋势,120
2026-08-14 04:35:00,4739.2,0.592,正常,常规运行,120
2026-08-14 04:40:00,5069.4,0.634,蓝色,加强监视：关注上游液位与雨量变化趋势,120
2026-08-14 04:45:00,5093.4,0.637,蓝色,加强监视：关注上游液位与雨量变化趋势,120
2026-08-14 04:50:00,5145.1,0.643,蓝色,加强监视：关注上游液位与雨量变化趋势,120
2026-08-14 04:55:00,4960.0,0.62,蓝色,加强监视：关注上游液位与雨量变化趋势,120
2026-08-14 05:00:00,4980.8,0.623,蓝色,加强监视：关注上游液位与雨量变化趋势,120
2026-08-14 05:05:00,5050.7,0.631,蓝色,加强监视：关注上游液位与雨量变化趋势,120
2026-08-14 05:10:00,5203.9,0.65,蓝色,加强监视：关注上游液位与雨量变化趋势,120
2026-08-14 05:15:00,5254.9,0.657,蓝色,加强监视：关注上游液位与雨量变化趋势,120
2026-08-14 05:20:00,5547.2,0.693,蓝色,加强监视：关注上游液位与雨量变化趋势,120
2026-08-14 05:25:00,5340.8,0.668,蓝色,加强监视：关注上游液位与雨量变化趋势,120
2026-08-14 05:30:00,5275.8,0.659,蓝色,加强监视：关注上游液位与雨量变化趋势,120
2026-08-14 05:35:00,5386.1,0.673,蓝色,加强监视：关注上游液位与雨量变化趋势,120
2026-08-14 05:40:00,5364.6,0.671,蓝色,加强监视：关注上游液位与雨量变化趋势,120
2026-08-14 05:45:00,5380.0,0.672,蓝色,加强监视：关注上游液位与雨量变化趋势,120
2026-08-14 05:50:00,5426.4,0.678,蓝色,加强监视：关注上游液位与雨量变化趋势,120
2026-08-14 05:55:00,5396.3,0.675,蓝色,加强监视：关注上游液位与雨量变化趋势,120
2026-08-14 06:00:00,5481.5,0.685,蓝色,加强监视：关注上游液位与雨量变化趋势,120
2026-08-14 06:05:00,5495.7,0.687,蓝色,加强监视：关注上游液位与雨量变化趋势,120
2026-08-14 06:10:00,5548.3,0.694,蓝色,加强监视：关注上游液位与雨量变化趋势,120
2026-08-14 06:15:00,5863.8,0.733,蓝色,加强监视：关注上游液位与雨量变化趋势,120
2026-08-14 06:20:00,5575.4,0.697,蓝色,加强监视：关注上游液位与雨量变化趋势,120
2026-08-14 06:25:00,5504.4,0.688,蓝色,加强监视：关注上游液位与雨量变化趋势,120
2026-08-14 06:30:00,5623.6,0.703,蓝色,加强监视：关注上游液位与雨量变化趋势,120
2026-08-14 06:35:00,5595.5,0.699,蓝色,加强监视：关注上游液位与雨量变化趋势,120
2026-08-14 06:40:00,6849.1,0.856,黄色,雨前预抽空：预降各泵站前池液位，腾出调蓄容积,120
2026-08-14 06:45:00,6114.6,0.764,蓝色,加强监视：关注上游液位与雨量变化趋势,120
2026-08-14 06:50:00,5751.9,0.719,蓝色,加强监视：关注上游液位与雨量变化趋势,120
2026-08-14 06:55:00,5554.5,0.694,蓝色,加强监视：关注上游液位与雨量变化趋势,120
2026-08-14 07:00:00,5647.2,0.706,蓝色,加强监视：关注上游液位与雨量变化趋势,120
2026-08-14 07:05:00,5640.9,0.705,蓝色,加强监视：关注上游液位与雨量变化趋势,120
2026-08-14 07:10:00,5728.5,0.716,蓝色,加强监视：关注上游液位与雨量变化趋势,120
2026-08-14 07:15:00,6782.1,0.848,黄色,雨前预抽空：预降各泵站前池液位，腾出调蓄容积,120
2026-08-14 07:20:00,6662.7,0.833,黄色,雨前预抽空：预降各泵站前池液位，腾出调蓄容积,120
2026-08-14 07:25:00,5599.4,0.7,蓝色,加强监视：关注上游液位与雨量变化趋势,120
2026-08-14 07:30:00,5588.5,0.699,蓝色,加强监视：关注上游液位与雨量变化趋势,120
2026-08-14 07:35:00,5587.9,0.698,蓝色,加强监视：关注上游液位与雨量变化趋势,120
2026-08-14 07:40:00,5610.6,0.701,蓝色,加强监视：关注上游液位与雨量变化趋势,120
2026-08-14 07:45:00,5499.1,0.687,蓝色,加强监视：关注上游液位与雨量变化趋势,120
2026-08-14 07:50:00,5573.3,0.697,蓝色,加强监视：关注上游液位与雨量变化趋势,120
2026-08-14 07:55:00,5964.3,0.746,蓝色,加强监视：关注上游液位与雨量变化趋势,120
2026-08-14 08:00:00,5548.4,0.694,蓝色,加强监视：关注上游液位与雨量变化趋势,120
2026-08-14 08:05:00,5471.2,0.684,蓝色,加强监视：关注上游液位与雨量变化趋势,120
2026-08-14 08:10:00,5659.3,0.707,蓝色,加强监视：关注上游液位与雨量变化趋势,120
2026-08-14 08:15:00,5580.8,0.698,蓝色,加强监视：关注上游液位与雨量变化趋势,120
2026-08-14 08:20:00,5371.2,0.671,蓝色,加强监视：关注上游液位与雨量变化趋势,120
2026-08-14 08:25:00,5620.1,0.703,蓝色,加强监视：关注上游液位与雨量变化趋势,120
2026-08-14 08:30:00,5392.9,0.674,蓝色,加强监视：关注上游液位与雨量变化趋势,120
2026-08-14 08:35:00,5292.5,0.662,蓝色,加强监视：关注上游液位与雨量变化趋势,120
2026-08-14 08:40:00,5257.6,0.657,蓝色,加强监视：关注上游液位与雨量变化趋势,120
2026-08-14 08:45:00,5251.5,0.656,蓝色,加强监视：关注上游液位与雨量变化趋势,120
2026-08-14 08:50:00,5334.8,0.667,蓝色,加强监视：关注上游液位与雨量变化趋势,120
2026-08-14 08:55:00,5260.1,0.658,蓝色,加强监视：关注上游液位与雨量变化趋势,120
2026-08-14 09:00:00,5131.0,0.641,蓝色,加强监视：关注上游液位与雨量变化趋势,120
2026-08-14 09:05:00,5310.8,0.664,蓝色,加强监视：关注上游液位与雨量变化趋势,120
2026-08-14 09:10:00,5129.4,0.641,蓝色,加强监视：关注上游液位与雨量变化趋势,120
2026-08-14 09:15:00,5013.1,0.627,蓝色,加强监视：关注上游液位与雨量变化趋势,120
2026-08-14 09:20:00,5030.8,0.629,蓝色,加强监视：关注上游液位与雨量变化趋势,120
2026-08-14 09:25:00,5039.1,0.63,蓝色,加强监视：关注上游液位与雨量变化趋势,120
2026-08-14 09:30:00,4940.7,0.618,蓝色,加强监视：关注上游液位与雨量变化趋势,120
2026-08-14 09:35:00,4912.1,0.614,蓝色,加强监视：关注上游液位与雨量变化趋势,120
2026-08-14 09:40:00,4916.0,0.615,蓝色,加强监视：关注上游液位与雨量变化趋势,120
2026-08-14 09:45:00,4906.4,0.613,蓝色,加强监视：关注上游液位与雨量变化趋势,120
2026-08-14 09:50:00,4830.0,0.604,蓝色,加强监视：关注上游液位与雨量变化趋势,120
2026-08-14 09:55:00,4766.2,0.596,正常,常规运行,120
2026-08-14 10:00:00,4761.4,0.595,正常,常规运行,120
2026-08-14 10:05:00,4781.3,0.598,正常,常规运行,120
2026-08-14 10:10:00,4729.9,0.591,正常,常规运行,120
2026-08-14 10:15:00,4664.0,0.583,正常,常规运行,120
2026-08-14 10:20:00,4643.7,0.58,正常,常规运行,120
2026-08-14 10:25:00,4577.4,0.572,正常,常规运行,120
2026-08-14 10:30:00,4599.5,0.575,正常,常规运行,120
2026-08-14 10:35:00,4510.6,0.564,正常,常规运行,120
2026-08-14 10:40:00,4512.6,0.564,正常,常规运行,120
2026-08-14 10:45:00,4603.1,0.575,正常,常规运行,120
2026-08-14 10:50:00,4521.1,0.565,正常,常规运行,120
2026-08-14 10:55:00,4506.2,0.563,正常,常规运行,120
2026-08-14 11:00:00,4547.6,0.568,正常,常规运行,120
2026-08-14 11:05:00,4495.6,0.562,正常,常规运行,120
2026-08-14 11:10:00,4435.7,0.554,正常,常规运行,120
2026-08-14 11:15:00,4422.4,0.553,正常,常规运行,120
2026-08-14 11:20:00,4411.2,0.551,正常,常规运行,120
2026-08-14 11:25:00,4435.0,0.554,正常,常规运行,120
2026-08-14 11:30:00,4460.8,0.558,正常,常规运行,120
2026-08-14 11:35:00,4388.7,0.549,正常,常规运行,120
2026-08-14 11:40:00,4392.7,0.549,正常,常规运行,120
2026-08-14 11:45:00,4426.0,0.553,正常,常规运行,120
2026-08-14 11:50:00,4380.5,0.548,正常,常规运行,120
2026-08-14 11:55:00,4426.2,0.553,正常,常规运行,120
2026-08-14 12:00:00,4348.0,0.543,正常,常规运行,120
2026-08-14 12:05:00,4380.5,0.548,正常,常规运行,120
2026-08-14 12:10:00,4404.6,0.551,正常,常规运行,120
2026-08-14 12:15:00,4360.1,0.545,正常,常规运行,120
2026-08-14 12:20:00,4384.5,0.548,正常,常规运行,120
2026-08-14 12:25:00,4375.9,0.547,正常,常规运行,120
2026-08-14 12:30:00,4425.7,0.553,正常,常规运行,120
2026-08-14 12:35:00,4362.7,0.545,正常,常规运行,120
2026-08-14 12:40:00,4372.2,0.547,正常,常规运行,120
2026-08-14 12:45:00,4409.7,0.551,正常,常规运行,120
2026-08-14 12:50:00,4366.8,0.546,正常,常规运行,120
2026-08-14 12:55:00,4380.0,0.548,正常,常规运行,120
2026-08-14 13:00:00,4343.4,0.543,正常,常规运行,120
2026-08-14 13:05:00,4428.8,0.554,正常,常规运行,120
2026-08-14 13:10:00,4379.3,0.547,正常,常规运行,120
2026-08-14 13:15:00,4419.4,0.552,正常,常规运行,120
2026-08-14 13:20:00,4427.5,0.553,正常,常规运行,120
2026-08-14 13:25:00,4498.2,0.562,正常,常规运行,120
2026-08-14 13:30:00,4492.1,0.562,正常,常规运行,120
2026-08-14 13:35:00,4507.3,0.563,正常,常规运行,120
2026-08-14 13:40:00,4567.5,0.571,正常,常规运行,120
2026-08-14 13:45:00,4544.9,0.568,正常,常规运行,120
2026-08-14 13:50:00,4545.3,0.568,正常,常规运行,120
2026-08-14 13:55:00,4508.6,0.564,正常,常规运行,120
2026-08-14 14:00:00,4564.9,0.571,正常,常规运行,120
2026-08-14 14:05:00,4600.5,0.575,正常,常规运行,120
2026-08-14 14:10:00,4616.4,0.577,正常,常规运行,120
2026-08-14 14:15:00,4585.0,0.573,正常,常规运行,120
2026-08-14 14:20:00,4579.2,0.572,正常,常规运行,120
2026-08-14 14:25:00,4575.8,0.572,正常,常规运行,120
2026-08-14 14:30:00,4632.7,0.579,正常,常规运行,120
2026-08-14 14:35:00,4635.9,0.579,正常,常规运行,120
2026-08-14 14:40:00,4679.8,0.585,正常,常规运行,120
2026-08-14 14:45:00,4699.6,0.587,正常,常规运行,120
2026-08-14 14:50:00,4728.0,0.591,正常,常规运行,120
2026-08-14 14:55:00,4762.1,0.595,正常,常规运行,120
2026-08-14 15:00:00,4861.4,0.608,蓝色,加强监视：关注上游液位与雨量变化趋势,120
2026-08-14 15:05:00,4827.0,0.603,蓝色,加强监视：关注上游液位与雨量变化趋势,120
2026-08-14 15:10:00,4843.0,0.605,蓝色,加强监视：关注上游液位与雨量变化趋势,120
2026-08-14 15:15:00,4860.8,0.608,蓝色,加强监视：关注上游液位与雨量变化趋势,120
2026-08-14 15:20:00,4857.8,0.607,蓝色,加强监视：关注上游液位与雨量变化趋势,120
2026-08-14 15:25:00,4972.8,0.622,蓝色,加强监视：关注上游液位与雨量变化趋势,120
2026-08-14 15:30:00,4917.7,0.615,蓝色,加强监视：关注上游液位与雨量变化趋势,120
2026-08-14 15:35:00,4926.9,0.616,蓝色,加强监视：关注上游液位与雨量变化趋势,120
2026-08-14 15:40:00,5002.9,0.625,蓝色,加强监视：关注上游液位与雨量变化趋势,120
2026-08-14 15:45:00,4994.4,0.624,蓝色,加强监视：关注上游液位与雨量变化趋势,120
2026-08-14 15:50:00,5108.0,0.638,蓝色,加强监视：关注上游液位与雨量变化趋势,120
2026-08-14 15:55:00,5001.8,0.625,蓝色,加强监视：关注上游液位与雨量变化趋势,120
2026-08-14 16:00:00,5121.1,0.64,蓝色,加强监视：关注上游液位与雨量变化趋势,120
2026-08-14 16:05:00,5101.3,0.638,蓝色,加强监视：关注上游液位与雨量变化趋势,120
2026-08-14 16:10:00,5172.3,0.647,蓝色,加强监视：关注上游液位与雨量变化趋势,120
2026-08-14 16:15:00,5094.9,0.637,蓝色,加强监视：关注上游液位与雨量变化趋势,120
2026-08-14 16:20:00,5200.2,0.65,蓝色,加强监视：关注上游液位与雨量变化趋势,120
2026-08-14 16:25:00,5263.0,0.658,蓝色,加强监视：关注上游液位与雨量变化趋势,120
2026-08-14 16:30:00,5310.7,0.664,蓝色,加强监视：关注上游液位与雨量变化趋势,120
2026-08-14 16:35:00,5291.6,0.661,蓝色,加强监视：关注上游液位与雨量变化趋势,120
2026-08-14 16:40:00,5339.0,0.667,蓝色,加强监视：关注上游液位与雨量变化趋势,120
2026-08-14 16:45:00,5346.3,0.668,蓝色,加强监视：关注上游液位与雨量变化趋势,120
2026-08-14 16:50:00,5378.0,0.672,蓝色,加强监视：关注上游液位与雨量变化趋势,120
2026-08-14 16:55:00,5430.6,0.679,蓝色,加强监视：关注上游液位与雨量变化趋势,120
2026-08-14 17:00:00,5478.1,0.685,蓝色,加强监视：关注上游液位与雨量变化趋势,120
2026-08-14 17:05:00,5446.8,0.681,蓝色,加强监视：关注上游液位与雨量变化趋势,120
2026-08-14 17:10:00,5544.9,0.693,蓝色,加强监视：关注上游液位与雨量变化趋势,120
2026-08-14 17:15:00,5453.2,0.682,蓝色,加强监视：关注上游液位与雨量变化趋势,120
2026-08-14 17:20:00,5649.2,0.706,蓝色,加强监视：关注上游液位与雨量变化趋势,120
2026-08-14 17:25:00,5490.5,0.686,蓝色,加强监视：关注上游液位与雨量变化趋势,120
2026-08-14 17:30:00,5448.0,0.681,蓝色,加强监视：关注上游液位与雨量变化趋势,120
2026-08-14 17:35:00,5706.3,0.713,蓝色,加强监视：关注上游液位与雨量变化趋势,120
2026-08-14 17:40:00,5443.9,0.68,蓝色,加强监视：关注上游液位与雨量变化趋势,120
2026-08-14 17:45:00,5445.3,0.681,蓝色,加强监视：关注上游液位与雨量变化趋势,120
2026-08-14 17:50:00,5486.7,0.686,蓝色,加强监视：关注上游液位与雨量变化趋势,120
2026-08-14 17:55:00,5478.6,0.685,蓝色,加强监视：关注上游液位与雨量变化趋势,120
2026-08-14 18:00:00,5482.3,0.685,蓝色,加强监视：关注上游液位与雨量变化趋势,120
2026-08-14 18:05:00,5481.2,0.685,蓝色,加强监视：关注上游液位与雨量变化趋势,120
2026-08-14 18:10:00,5495.7,0.687,蓝色,加强监视：关注上游液位与雨量变化趋势,120
2026-08-14 18:15:00,5486.6,0.686,蓝色,加强监视：关注上游液位与雨量变化趋势,120
2026-08-14 18:20:00,5472.8,0.684,蓝色,加强监视：关注上游液位与雨量变化趋势,120
2026-08-14 18:25:00,5474.8,0.684,蓝色,加强监视：关注上游液位与雨量变化趋势,120
2026-08-14 18:30:00,5455.3,0.682,蓝色,加强监视：关注上游液位与雨量变化趋势,120
2026-08-14 18:35:00,5526.9,0.691,蓝色,加强监视：关注上游液位与雨量变化趋势,120
2026-08-14 18:40:00,5444.4,0.681,蓝色,加强监视：关注上游液位与雨量变化趋势,120
2026-08-14 18:45:00,5468.7,0.684,蓝色,加强监视：关注上游液位与雨量变化趋势,120
2026-08-14 18:50:00,5432.4,0.679,蓝色,加强监视：关注上游液位与雨量变化趋势,120
2026-08-14 18:55:00,5438.1,0.68,蓝色,加强监视：关注上游液位与雨量变化趋势,120
2026-08-14 19:00:00,5435.4,0.679,蓝色,加强监视：关注上游液位与雨量变化趋势,120
2026-08-14 19:05:00,5432.6,0.679,蓝色,加强监视：关注上游液位与雨量变化趋势,120
2026-08-14 19:10:00,5362.1,0.67,蓝色,加强监视：关注上游液位与雨量变化趋势,120
2026-08-14 19:15:00,5379.6,0.672,蓝色,加强监视：关注上游液位与雨量变化趋势,120
2026-08-14 19:20:00,5316.3,0.665,蓝色,加强监视：关注上游液位与雨量变化趋势,120
2026-08-14 19:25:00,5269.0,0.659,蓝色,加强监视：关注上游液位与雨量变化趋势,120
2026-08-14 19:30:00,5188.8,0.649,蓝色,加强监视：关注上游液位与雨量变化趋势,120
2026-08-14 19:35:00,5266.9,0.658,蓝色,加强监视：关注上游液位与雨量变化趋势,120
2026-08-14 19:40:00,5276.4,0.66,蓝色,加强监视：关注上游液位与雨量变化趋势,120
2026-08-14 19:45:00,5162.0,0.645,蓝色,加强监视：关注上游液位与雨量变化趋势,120
2026-08-14 19:50:00,5161.5,0.645,蓝色,加强监视：关注上游液位与雨量变化趋势,120
2026-08-14 19:55:00,5253.5,0.657,蓝色,加强监视：关注上游液位与雨量变化趋势,120
2026-08-14 20:00:00,5124.3,0.641,蓝色,加强监视：关注上游液位与雨量变化趋势,120
2026-08-14 20:05:00,5150.6,0.644,蓝色,加强监视：关注上游液位与雨量变化趋势,120
2026-08-14 20:10:00,5011.2,0.626,蓝色,加强监视：关注上游液位与雨量变化趋势,120
2026-08-14 20:15:00,5105.1,0.638,蓝色,加强监视：关注上游液位与雨量变化趋势,120
2026-08-14 20:20:00,4951.4,0.619,蓝色,加强监视：关注上游液位与雨量变化趋势,120
2026-08-14 20:25:00,5066.8,0.633,蓝色,加强监视：关注上游液位与雨量变化趋势,120
2026-08-14 20:30:00,4965.2,0.621,蓝色,加强监视：关注上游液位与雨量变化趋势,120
2026-08-14 20:35:00,4901.0,0.613,蓝色,加强监视：关注上游液位与雨量变化趋势,120
2026-08-14 20:40:00,4804.3,0.601,蓝色,加强监视：关注上游液位与雨量变化趋势,120
2026-08-14 20:45:00,4859.3,0.607,蓝色,加强监视：关注上游液位与雨量变化趋势,120
2026-08-14 20:50:00,4819.3,0.602,蓝色,加强监视：关注上游液位与雨量变化趋势,120
2026-08-14 20:55:00,4821.6,0.603,蓝色,加强监视：关注上游液位与雨量变化趋势,120
2026-08-14 21:00:00,4759.0,0.595,正常,常规运行,120
2026-08-14 21:05:00,4747.0,0.593,正常,常规运行,120
2026-08-14 21:10:00,4663.7,0.583,正常,常规运行,120
2026-08-14 21:15:00,4976.6,0.622,蓝色,加强监视：关注上游液位与雨量变化趋势,120
2026-08-14 21:20:00,4651.4,0.581,正常,常规运行,120
2026-08-14 21:25:00,5069.3,0.634,蓝色,加强监视：关注上游液位与雨量变化趋势,120
2026-08-14 21:30:00,4603.9,0.575,正常,常规运行,120
2026-08-14 21:35:00,4609.6,0.576,正常,常规运行,120
2026-08-14 21:40:00,4580.7,0.573,正常,常规运行,120
2026-08-14 21:45:00,4542.2,0.568,正常,常规运行,120
2026-08-14 21:50:00,4474.7,0.559,正常,常规运行,120
2026-08-14 21:55:00,4362.5,0.545,正常,常规运行,120
2026-08-14 22:00:00,4355.5,0.544,正常,常规运行,120
2026-08-14 22:05:00,4012.6,0.502,正常,常规运行,120
2026-08-14 22:10:00,3839.2,0.48,正常,常规运行,120
2026-08-14 22:15:00,3724.1,0.466,正常,常规运行,120
2026-08-14 22:20:00,3791.9,0.474,正常,常规运行,120
2026-08-14 22:25:00,3804.3,0.476,正常,常规运行,120
2026-08-14 22:30:00,3642.6,0.455,正常,常规运行,120
2026-08-14 22:35:00,3539.2,0.442,正常,常规运行,120
2026-08-14 22:40:00,3641.1,0.455,正常,常规运行,120
2026-08-14 22:45:00,3595.2,0.449,正常,常规运行,120
2026-08-14 22:50:00,3584.1,0.448,正常,常规运行,120
2026-08-14 22:55:00,3511.0,0.439,正常,常规运行,120
2026-08-14 23:00:00,3597.1,0.45,正常,常规运行,120
2026-08-14 23:05:00,3446.3,0.431,正常,常规运行,120
2026-08-14 23:10:00,3607.2,0.451,正常,常规运行,120
2026-08-14 23:15:00,3390.8,0.424,正常,常规运行,120
2026-08-14 23:20:00,3412.1,0.427,正常,常规运行,120
2026-08-14 23:25:00,3275.3,0.409,正常,常规运行,120
2026-08-14 23:30:00,3330.0,0.416,正常,常规运行,120
2026-08-14 23:35:00,3200.2,0.4,正常,常规运行,120
2026-08-14 23:40:00,3166.3,0.396,正常,常规运行,120
2026-08-14 23:45:00,3092.2,0.387,正常,常规运行,120
2026-08-14 23:50:00,3087.4,0.386,正常,常规运行,120
2026-08-14 23:55:00,3014.0,0.377,正常,常规运行,120
2026-08-15 00:00:00,2959.9,0.37,正常,常规运行,120
2026-08-15 00:05:00,2898.3,0.362,正常,常规运行,120
2026-08-15 00:10:00,2908.3,0.364,正常,常规运行,120
2026-08-15 00:15:00,2833.0,0.354,正常,常规运行,120
2026-08-15 00:20:00,2784.7,0.348,正常,常规运行,120
2026-08-15 00:25:00,2781.5,0.348,正常,常规运行,120
2026-08-15 00:30:00,2727.7,0.341,正常,常规运行,120
2026-08-15 00:35:00,2751.7,0.344,正常,常规运行,120
2026-08-15 00:40:00,2726.1,0.341,正常,常规运行,120
2026-08-15 00:45:00,2689.6,0.336,正常,常规运行,120
2026-08-15 00:50:00,2694.6,0.337,正常,常规运行,120
2026-08-15 00:55:00,2672.5,0.334,正常,常规运行,120
2026-08-15 01:00:00,2676.3,0.335,正常,常规运行,120
2026-08-15 01:05:00,2649.5,0.331,正常,常规运行,120
2026-08-15 01:10:00,2655.7,0.332,正常,常规运行,120
2026-08-15 01:15:00,2662.4,0.333,正常,常规运行,120
2026-08-15 01:20:00,2703.6,0.338,正常,常规运行,120
2026-08-15 01:25:00,2686.2,0.336,正常,常规运行,120
2026-08-15 01:30:00,2642.6,0.33,正常,常规运行,120
2026-08-15 01:35:00,2664.5,0.333,正常,常规运行,120
2026-08-15 01:40:00,2650.5,0.331,正常,常规运行,120
2026-08-15 01:45:00,2665.9,0.333,正常,常规运行,120
2026-08-15 01:50:00,2660.0,0.333,正常,常规运行,120
2026-08-15 01:55:00,2690.9,0.336,正常,常规运行,120
2026-08-15 02:00:00,2718.2,0.34,正常,常规运行,120
2026-08-15 02:05:00,2705.2,0.338,正常,常规运行,120
2026-08-15 02:10:00,2737.8,0.342,正常,常规运行,120
2026-08-15 02:15:00,2787.8,0.348,正常,常规运行,120
2026-08-15 02:20:00,2849.3,0.356,正常,常规运行,120
2026-08-15 02:25:00,2849.9,0.356,正常,常规运行,120
2026-08-15 02:30:00,2869.1,0.359,正常,常规运行,120
2026-08-15 02:35:00,2920.0,0.365,正常,常规运行,120
2026-08-15 02:40:00,2969.4,0.371,正常,常规运行,120
2026-08-15 02:45:00,3046.4,0.381,正常,常规运行,120
2026-08-15 02:50:00,3107.4,0.388,正常,常规运行,120
2026-08-15 02:55:00,3155.9,0.394,正常,常规运行,120
2026-08-15 03:00:00,3230.4,0.404,正常,常规运行,120
2026-08-15 03:05:00,3275.3,0.409,正常,常规运行,120
2026-08-15 03:10:00,3198.2,0.4,正常,常规运行,120
2026-08-15 03:15:00,3369.8,0.421,正常,常规运行,120
2026-08-15 03:20:00,3358.6,0.42,正常,常规运行,120
2026-08-15 03:25:00,3441.2,0.43,正常,常规运行,120
2026-08-15 03:30:00,3485.2,0.436,正常,常规运行,120
2026-08-15 03:35:00,3472.6,0.434,正常,常规运行,120
2026-08-15 03:40:00,3657.7,0.457,正常,常规运行,120
2026-08-15 03:45:00,3659.4,0.457,正常,常规运行,120
2026-08-15 03:50:00,3779.8,0.472,正常,常规运行,120
2026-08-15 03:55:00,3790.6,0.474,正常,常规运行,120
2026-08-15 04:00:00,3867.7,0.483,正常,常规运行,120
2026-08-15 04:05:00,3879.7,0.485,正常,常规运行,120
2026-08-15 04:10:00,4013.9,0.502,正常,常规运行,120
2026-08-15 04:15:00,4026.4,0.503,正常,常规运行,120
2026-08-15 04:20:00,4147.9,0.518,正常,常规运行,120
2026-08-15 04:25:00,4096.8,0.512,正常,常规运行,120
2026-08-15 04:30:00,4234.0,0.529,正常,常规运行,120
2026-08-15 04:35:00,4361.2,0.545,正常,常规运行,120
2026-08-15 04:40:00,4361.5,0.545,正常,常规运行,120
2026-08-15 04:45:00,4418.2,0.552,正常,常规运行,120
2026-08-15 04:50:00,4450.8,0.556,正常,常规运行,120
2026-08-15 04:55:00,4577.0,0.572,正常,常规运行,120
2026-08-15 05:00:00,4556.8,0.57,正常,常规运行,120
2026-08-15 05:05:00,4593.0,0.574,正常,常规运行,120
2026-08-15 05:10:00,4698.0,0.587,正常,常规运行,120
2026-08-15 05:15:00,4766.0,0.596,正常,常规运行,120
2026-08-15 05:20:00,4711.7,0.589,正常,常规运行,120
2026-08-15 05:25:00,4769.8,0.596,正常,常规运行,120
2026-08-15 05:30:00,4885.1,0.611,蓝色,加强监视：关注上游液位与雨量变化趋势,120
2026-08-15 05:35:00,4924.3,0.616,蓝色,加强监视：关注上游液位与雨量变化趋势,120
2026-08-15 05:40:00,5009.9,0.626,蓝色,加强监视：关注上游液位与雨量变化趋势,120
2026-08-15 05:45:00,4952.5,0.619,蓝色,加强监视：关注上游液位与雨量变化趋势,120
2026-08-15 05:50:00,4985.0,0.623,蓝色,加强监视：关注上游液位与雨量变化趋势,120
2026-08-15 05:55:00,4991.4,0.624,蓝色,加强监视：关注上游液位与雨量变化趋势,120
2026-08-15 06:00:00,5073.4,0.634,蓝色,加强监视：关注上游液位与雨量变化趋势,120
2026-08-15 06:05:00,5116.1,0.64,蓝色,加强监视：关注上游液位与雨量变化趋势,120
2026-08-15 06:10:00,5101.0,0.638,蓝色,加强监视：关注上游液位与雨量变化趋势,120
2026-08-15 06:15:00,5195.6,0.649,蓝色,加强监视：关注上游液位与雨量变化趋势,120
2026-08-15 06:20:00,5218.1,0.652,蓝色,加强监视：关注上游液位与雨量变化趋势,120
2026-08-15 06:25:00,5161.9,0.645,蓝色,加强监视：关注上游液位与雨量变化趋势,120
2026-08-15 06:30:00,5281.8,0.66,蓝色,加强监视：关注上游液位与雨量变化趋势,120
2026-08-15 06:35:00,5217.0,0.652,蓝色,加强监视：关注上游液位与雨量变化趋势,120
2026-08-15 06:40:00,5215.6,0.652,蓝色,加强监视：关注上游液位与雨量变化趋势,120
2026-08-15 06:45:00,5275.0,0.659,蓝色,加强监视：关注上游液位与雨量变化趋势,120
2026-08-15 06:50:00,5264.5,0.658,蓝色,加强监视：关注上游液位与雨量变化趋势,120
2026-08-15 06:55:00,5165.0,0.646,蓝色,加强监视：关注上游液位与雨量变化趋势,120
2026-08-15 07:00:00,5189.2,0.649,蓝色,加强监视：关注上游液位与雨量变化趋势,120
2026-08-15 07:05:00,5384.0,0.673,蓝色,加强监视：关注上游液位与雨量变化趋势,120
2026-08-15 07:10:00,5220.2,0.653,蓝色,加强监视：关注上游液位与雨量变化趋势,120
2026-08-15 07:15:00,5273.9,0.659,蓝色,加强监视：关注上游液位与雨量变化趋势,120
2026-08-15 07:20:00,5193.2,0.649,蓝色,加强监视：关注上游液位与雨量变化趋势,120
2026-08-15 07:25:00,5181.6,0.648,蓝色,加强监视：关注上游液位与雨量变化趋势,120
2026-08-15 07:30:00,5207.4,0.651,蓝色,加强监视：关注上游液位与雨量变化趋势,120
2026-08-15 07:35:00,5243.6,0.655,蓝色,加强监视：关注上游液位与雨量变化趋势,120
2026-08-15 07:40:00,5078.8,0.635,蓝色,加强监视：关注上游液位与雨量变化趋势,120
2026-08-15 07:45:00,5165.7,0.646,蓝色,加强监视：关注上游液位与雨量变化趋势,120
2026-08-15 07:50:00,5059.3,0.632,蓝色,加强监视：关注上游液位与雨量变化趋势,120
2026-08-15 07:55:00,5129.1,0.641,蓝色,加强监视：关注上游液位与雨量变化趋势,120
2026-08-15 08:00:00,5077.4,0.635,蓝色,加强监视：关注上游液位与雨量变化趋势,120
2026-08-15 08:05:00,5132.0,0.642,蓝色,加强监视：关注上游液位与雨量变化趋势,120
2026-08-15 08:10:00,5187.5,0.648,蓝色,加强监视：关注上游液位与雨量变化趋势,120
2026-08-15 08:15:00,5305.9,0.663,蓝色,加强监视：关注上游液位与雨量变化趋势,120
2026-08-15 08:20:00,5043.6,0.63,蓝色,加强监视：关注上游液位与雨量变化趋势,120
2026-08-15 08:25:00,4900.5,0.613,蓝色,加强监视：关注上游液位与雨量变化趋势,120
2026-08-15 08:30:00,4954.6,0.619,蓝色,加强监视：关注上游液位与雨量变化趋势,120
2026-08-15 08:35:00,4856.0,0.607,蓝色,加强监视：关注上游液位与雨量变化趋势,120
2026-08-15 08:40:00,4999.1,0.625,蓝色,加强监视：关注上游液位与雨量变化趋势,120
2026-08-15 08:45:00,4786.0,0.598,正常,常规运行,120
2026-08-15 08:50:00,4843.2,0.605,蓝色,加强监视：关注上游液位与雨量变化趋势,120
2026-08-15 08:55:00,4768.2,0.596,正常,常规运行,120
2026-08-15 09:00:00,4733.3,0.592,正常,常规运行,120
2026-08-15 09:05:00,4710.3,0.589,正常,常规运行,120
2026-08-15 09:10:00,4688.7,0.586,正常,常规运行,120
2026-08-15 09:15:00,4634.2,0.579,正常,常规运行,120
2026-08-15 09:20:00,4513.4,0.564,正常,常规运行,120
2026-08-15 09:25:00,4654.8,0.582,正常,常规运行,120
2026-08-15 09:30:00,4553.2,0.569,正常,常规运行,120
2026-08-15 09:35:00,4497.5,0.562,正常,常规运行,120
2026-08-15 09:40:00,4501.8,0.563,正常,常规运行,120
2026-08-15 09:45:00,4549.8,0.569,正常,常规运行,120
2026-08-15 09:50:00,4415.7,0.552,正常,常规运行,120
2026-08-15 09:55:00,4425.4,0.553,正常,常规运行,120
2026-08-15 10:00:00,4361.0,0.545,正常,常规运行,120
2026-08-15 10:05:00,4381.6,0.548,正常,常规运行,120
2026-08-15 10:10:00,4301.5,0.538,正常,常规运行,120
2026-08-15 10:15:00,4348.7,0.544,正常,常规运行,120
2026-08-15 10:20:00,4249.2,0.531,正常,常规运行,120
2026-08-15 10:25:00,4270.8,0.534,正常,常规运行,120
2026-08-15 10:30:00,4280.0,0.535,正常,常规运行,120
2026-08-15 10:35:00,4238.5,0.53,正常,常规运行,120
2026-08-15 10:40:00,4190.6,0.524,正常,常规运行,120
2026-08-15 10:45:00,4232.7,0.529,正常,常规运行,120
2026-08-15 10:50:00,4128.7,0.516,正常,常规运行,120
2026-08-15 10:55:00,4114.6,0.514,正常,常规运行,120
2026-08-15 11:00:00,4008.9,0.501,正常,常规运行,120
2026-08-15 11:05:00,4061.8,0.508,正常,常规运行,120
2026-08-15 11:10:00,4114.3,0.514,正常,常规运行,120
2026-08-15 11:15:00,4061.0,0.508,正常,常规运行,120
2026-08-15 11:20:00,4070.5,0.509,正常,常规运行,120
2026-08-15 11:25:00,4053.8,0.507,正常,常规运行,120
2026-08-15 11:30:00,4134.7,0.517,正常,常规运行,120
2026-08-15 11:35:00,3989.5,0.499,正常,常规运行,120
2026-08-15 11:40:00,4051.3,0.506,正常,常规运行,120
2026-08-15 11:45:00,4010.3,0.501,正常,常规运行,120
2026-08-15 11:50:00,4135.2,0.517,正常,常规运行,120
2026-08-15 11:55:00,4041.5,0.505,正常,常规运行,120
2026-08-15 12:00:00,4149.1,0.519,正常,常规运行,120
2026-08-15 12:05:00,4058.7,0.507,正常,常规运行,120
2026-08-15 12:10:00,4013.1,0.502,正常,常规运行,120
2026-08-15 12:15:00,4039.2,0.505,正常,常规运行,120
2026-08-15 12:20:00,4044.3,0.506,正常,常规运行,120
2026-08-15 12:25:00,4069.3,0.509,正常,常规运行,120
2026-08-15 12:30:00,4069.3,0.509,正常,常规运行,120
2026-08-15 12:35:00,4065.7,0.508,正常,常规运行,120
2026-08-15 12:40:00,4077.1,0.51,正常,常规运行,120
2026-08-15 12:45:00,3981.1,0.498,正常,常规运行,120
2026-08-15 12:50:00,4099.9,0.512,正常,常规运行,120
2026-08-15 12:55:00,4074.2,0.509,正常,常规运行,120
2026-08-15 13:00:00,3992.8,0.499,正常,常规运行,120
2026-08-15 13:05:00,4020.6,0.503,正常,常规运行,120
2026-08-15 13:10:00,4118.4,0.515,正常,常规运行,120
2026-08-15 13:15:00,4128.8,0.516,正常,常规运行,120
2026-08-15 13:20:00,3970.2,0.496,正常,常规运行,120
2026-08-15 13:25:00,4080.9,0.51,正常,常规运行,120
2026-08-15 13:30:00,4041.0,0.505,正常,常规运行,120
2026-08-15 13:35:00,4145.3,0.518,正常,常规运行,120
2026-08-15 13:40:00,4045.6,0.506,正常,常规运行,120
2026-08-15 13:45:00,4136.2,0.517,正常,常规运行,120
2026-08-15 13:50:00,4159.0,0.52,正常,常规运行,120
2026-08-15 13:55:00,4084.6,0.511,正常,常规运行,120
2026-08-15 14:00:00,4169.1,0.521,正常,常规运行,120
2026-08-15 14:05:00,4137.3,0.517,正常,常规运行,120
2026-08-15 14:10:00,4166.8,0.521,正常,常规运行,120
2026-08-15 14:15:00,4150.9,0.519,正常,常规运行,120
2026-08-15 14:20:00,4231.3,0.529,正常,常规运行,120
2026-08-15 14:25:00,4331.2,0.541,正常,常规运行,120
2026-08-15 14:30:00,4365.6,0.546,正常,常规运行,120
2026-08-15 14:35:00,4279.3,0.535,正常,常规运行,120
2026-08-15 14:40:00,4357.0,0.545,正常,常规运行,120
2026-08-15 14:45:00,4515.0,0.564,正常,常规运行,120
2026-08-15 14:50:00,4384.3,0.548,正常,常规运行,120
2026-08-15 14:55:00,4415.6,0.552,正常,常规运行,120
2026-08-15 15:00:00,4432.1,0.554,正常,常规运行,120
2026-08-15 15:05:00,4452.9,0.557,正常,常规运行,120
2026-08-15 15:10:00,4470.4,0.559,正常,常规运行,120
2026-08-15 15:15:00,4504.4,0.563,正常,常规运行,120
2026-08-15 15:20:00,4528.4,0.566,正常,常规运行,120
2026-08-15 15:25:00,4562.0,0.57,正常,常规运行,120
2026-08-15 15:30:00,4580.5,0.573,正常,常规运行,120
2026-08-15 15:35:00,4590.6,0.574,正常,常规运行,120
2026-08-15 15:40:00,4670.0,0.584,正常,常规运行,120
2026-08-15 15:45:00,4657.0,0.582,正常,常规运行,120
2026-08-15 15:50:00,4673.5,0.584,正常,常规运行,120
2026-08-15 15:55:00,4840.4,0.605,蓝色,加强监视：关注上游液位与雨量变化趋势,120
2026-08-15 16:00:00,4687.4,0.586,正常,常规运行,120
2026-08-15 16:05:00,4739.3,0.592,正常,常规运行,120
2026-08-15 16:10:00,4865.1,0.608,蓝色,加强监视：关注上游液位与雨量变化趋势,120
2026-08-15 16:15:00,4871.9,0.609,蓝色,加强监视：关注上游液位与雨量变化趋势,120
2026-08-15 16:20:00,4856.8,0.607,蓝色,加强监视：关注上游液位与雨量变化趋势,120
2026-08-15 16:25:00,4973.9,0.622,蓝色,加强监视：关注上游液位与雨量变化趋势,120
2026-08-15 16:30:00,5574.1,0.697,蓝色,加强监视：关注上游液位与雨量变化趋势,120
2026-08-15 16:35:00,5293.3,0.662,蓝色,加强监视：关注上游液位与雨量变化趋势,120
2026-08-15 16:40:00,5942.0,0.743,蓝色,加强监视：关注上游液位与雨量变化趋势,120
2026-08-15 16:45:00,5205.5,0.651,蓝色,加强监视：关注上游液位与雨量变化趋势,120
2026-08-15 16:50:00,5192.8,0.649,蓝色,加强监视：关注上游液位与雨量变化趋势,120
2026-08-15 16:55:00,5368.0,0.671,蓝色,加强监视：关注上游液位与雨量变化趋势,120
2026-08-15 17:00:00,5855.1,0.732,蓝色,加强监视：关注上游液位与雨量变化趋势,120
2026-08-15 17:05:00,6085.0,0.761,蓝色,加强监视：关注上游液位与雨量变化趋势,120
2026-08-15 17:10:00,7666.0,0.958,橙色,彭越浦总站错峰：上游支线泵站延迟 30~60min 开泵，削峰错时进厂,120
2026-08-15 17:15:00,7260.8,0.908,黄色,雨前预抽空：预降各泵站前池液位，腾出调蓄容积,120
2026-08-15 17:20:00,9857.6,1.232,红色,全网限流：上游泵站按能力 70% 限排，启用调蓄，厂内超越预案待命,120
2026-08-15 17:25:00,9455.3,1.182,红色,全网限流：上游泵站按能力 70% 限排，启用调蓄，厂内超越预案待命,120
2026-08-15 17:30:00,12095.1,1.512,红色,全网限流：上游泵站按能力 70% 限排，启用调蓄，厂内超越预案待命,120
2026-08-15 17:35:00,13224.9,1.653,红色,全网限流：上游泵站按能力 70% 限排，启用调蓄，厂内超越预案待命,120
2026-08-15 17:40:00,16485.4,2.061,红色,全网限流：上游泵站按能力 70% 限排，启用调蓄，厂内超越预案待命,120
2026-08-15 17:45:00,17983.0,2.248,红色,全网限流：上游泵站按能力 70% 限排，启用调蓄，厂内超越预案待命,120
2026-08-15 17:50:00,18529.6,2.316,红色,全网限流：上游泵站按能力 70% 限排，启用调蓄，厂内超越预案待命,120
2026-08-15 17:55:00,22415.2,2.802,红色,全网限流：上游泵站按能力 70% 限排，启用调蓄，厂内超越预案待命,120
2026-08-15 18:00:00,22541.5,2.818,红色,全网限流：上游泵站按能力 70% 限排，启用调蓄，厂内超越预案待命,120
2026-08-15 18:05:00,27751.8,3.469,红色,全网限流：上游泵站按能力 70% 限排，启用调蓄，厂内超越预案待命,120
2026-08-15 18:10:00,27252.8,3.407,红色,全网限流：上游泵站按能力 70% 限排，启用调蓄，厂内超越预案待命,120
2026-08-15 18:15:00,31430.6,3.929,红色,全网限流：上游泵站按能力 70% 限排，启用调蓄，厂内超越预案待命,120
2026-08-15 18:20:00,30159.7,3.77,红色,全网限流：上游泵站按能力 70% 限排，启用调蓄，厂内超越预案待命,120
2026-08-15 18:25:00,33389.3,4.174,红色,全网限流：上游泵站按能力 70% 限排，启用调蓄，厂内超越预案待命,120
2026-08-15 18:30:00,33301.8,4.163,红色,全网限流：上游泵站按能力 70% 限排，启用调蓄，厂内超越预案待命,120
2026-08-15 18:35:00,32784.5,4.098,红色,全网限流：上游泵站按能力 70% 限排，启用调蓄，厂内超越预案待命,120
2026-08-15 18:40:00,32352.0,4.044,红色,全网限流：上游泵站按能力 70% 限排，启用调蓄，厂内超越预案待命,120
2026-08-15 18:45:00,32481.2,4.06,红色,全网限流：上游泵站按能力 70% 限排，启用调蓄，厂内超越预案待命,120
2026-08-15 18:50:00,32584.7,4.073,红色,全网限流：上游泵站按能力 70% 限排，启用调蓄，厂内超越预案待命,120
2026-08-15 18:55:00,30735.4,3.842,红色,全网限流：上游泵站按能力 70% 限排，启用调蓄，厂内超越预案待命,120
2026-08-15 19:00:00,30723.5,3.84,红色,全网限流：上游泵站按能力 70% 限排，启用调蓄，厂内超越预案待命,120
2026-08-15 19:05:00,29594.5,3.699,红色,全网限流：上游泵站按能力 70% 限排，启用调蓄，厂内超越预案待命,120
2026-08-15 19:10:00,29428.3,3.679,红色,全网限流：上游泵站按能力 70% 限排，启用调蓄，厂内超越预案待命,120
2026-08-15 19:15:00,28279.1,3.535,红色,全网限流：上游泵站按能力 70% 限排，启用调蓄，厂内超越预案待命,120
2026-08-15 19:20:00,27345.7,3.418,红色,全网限流：上游泵站按能力 70% 限排，启用调蓄，厂内超越预案待命,120
2026-08-15 19:25:00,24826.3,3.103,红色,全网限流：上游泵站按能力 70% 限排，启用调蓄，厂内超越预案待命,120
2026-08-15 19:30:00,25089.5,3.136,红色,全网限流：上游泵站按能力 70% 限排，启用调蓄，厂内超越预案待命,120
2026-08-15 19:35:00,24268.8,3.034,红色,全网限流：上游泵站按能力 70% 限排，启用调蓄，厂内超越预案待命,120
2026-08-15 19:40:00,24559.7,3.07,红色,全网限流：上游泵站按能力 70% 限排，启用调蓄，厂内超越预案待命,120
2026-08-15 19:45:00,23506.5,2.938,红色,全网限流：上游泵站按能力 70% 限排，启用调蓄，厂内超越预案待命,120
2026-08-15 19:50:00,23824.9,2.978,红色,全网限流：上游泵站按能力 70% 限排，启用调蓄，厂内超越预案待命,120
2026-08-15 19:55:00,21046.2,2.631,红色,全网限流：上游泵站按能力 70% 限排，启用调蓄，厂内超越预案待命,120
2026-08-15 20:00:00,21198.8,2.65,红色,全网限流：上游泵站按能力 70% 限排，启用调蓄，厂内超越预案待命,120
2026-08-15 20:05:00,19510.1,2.439,红色,全网限流：上游泵站按能力 70% 限排，启用调蓄，厂内超越预案待命,120
2026-08-15 20:10:00,18582.8,2.323,红色,全网限流：上游泵站按能力 70% 限排，启用调蓄，厂内超越预案待命,120
2026-08-15 20:15:00,18224.4,2.278,红色,全网限流：上游泵站按能力 70% 限排，启用调蓄，厂内超越预案待命,120
2026-08-15 20:20:00,16562.5,2.07,红色,全网限流：上游泵站按能力 70% 限排，启用调蓄，厂内超越预案待命,120
2026-08-15 20:25:00,17000.2,2.125,红色,全网限流：上游泵站按能力 70% 限排，启用调蓄，厂内超越预案待命,120
2026-08-15 20:30:00,15563.6,1.945,红色,全网限流：上游泵站按能力 70% 限排，启用调蓄，厂内超越预案待命,120
2026-08-15 20:35:00,15512.4,1.939,红色,全网限流：上游泵站按能力 70% 限排，启用调蓄，厂内超越预案待命,120
2026-08-15 20:40:00,13806.9,1.726,红色,全网限流：上游泵站按能力 70% 限排，启用调蓄，厂内超越预案待命,120
2026-08-15 20:45:00,11477.1,1.435,红色,全网限流：上游泵站按能力 70% 限排，启用调蓄，厂内超越预案待命,120
2026-08-15 20:50:00,11900.0,1.488,红色,全网限流：上游泵站按能力 70% 限排，启用调蓄，厂内超越预案待命,120
2026-08-15 20:55:00,12955.3,1.619,红色,全网限流：上游泵站按能力 70% 限排，启用调蓄，厂内超越预案待命,120
2026-08-15 21:00:00,11706.5,1.463,红色,全网限流：上游泵站按能力 70% 限排，启用调蓄，厂内超越预案待命,120
2026-08-15 21:05:00,10465.5,1.308,红色,全网限流：上游泵站按能力 70% 限排，启用调蓄，厂内超越预案待命,120
2026-08-15 21:10:00,10034.4,1.254,红色,全网限流：上游泵站按能力 70% 限排，启用调蓄，厂内超越预案待命,120
2026-08-15 21:15:00,9086.3,1.136,红色,全网限流：上游泵站按能力 70% 限排，启用调蓄，厂内超越预案待命,120
2026-08-15 21:20:00,8018.0,1.002,橙色,彭越浦总站错峰：上游支线泵站延迟 30~60min 开泵，削峰错时进厂,120
2026-08-15 21:25:00,7855.7,0.982,橙色,彭越浦总站错峰：上游支线泵站延迟 30~60min 开泵，削峰错时进厂,120
2026-08-15 21:30:00,8368.0,1.046,橙色,彭越浦总站错峰：上游支线泵站延迟 30~60min 开泵，削峰错时进厂,120
2026-08-15 21:35:00,8053.6,1.007,橙色,彭越浦总站错峰：上游支线泵站延迟 30~60min 开泵，削峰错时进厂,120
2026-08-15 21:40:00,7209.2,0.901,黄色,雨前预抽空：预降各泵站前池液位，腾出调蓄容积,120
2026-08-15 21:45:00,6874.4,0.859,黄色,雨前预抽空：预降各泵站前池液位，腾出调蓄容积,120
2026-08-15 21:50:00,6830.8,0.854,黄色,雨前预抽空：预降各泵站前池液位，腾出调蓄容积,120
2026-08-15 21:55:00,6486.0,0.811,黄色,雨前预抽空：预降各泵站前池液位，腾出调蓄容积,120
2026-08-15 22:00:00,6198.7,0.775,蓝色,加强监视：关注上游液位与雨量变化趋势,120
2026-08-15 22:05:00,5571.7,0.696,蓝色,加强监视：关注上游液位与雨量变化趋势,120
2026-08-15 22:10:00,5274.3,0.659,蓝色,加强监视：关注上游液位与雨量变化趋势,120
2026-08-15 22:15:00,3927.3,0.491,正常,常规运行,120
2026-08-15 22:20:00,3745.6,0.468,正常,常规运行,120
2026-08-15 22:25:00,3639.7,0.455,正常,常规运行,120
2026-08-15 22:30:00,3781.2,0.473,正常,常规运行,120
2026-08-15 22:35:00,3656.5,0.457,正常,常规运行,120
2026-08-15 22:40:00,3584.2,0.448,正常,常规运行,120
2026-08-15 22:45:00,3595.6,0.449,正常,常规运行,120
2026-08-15 22:50:00,3540.4,0.443,正常,常规运行,120
2026-08-15 22:55:00,3438.8,0.43,正常,常规运行,120
2026-08-15 23:00:00,3486.8,0.436,正常,常规运行,120
2026-08-15 23:05:00,3532.6,0.442,正常,常规运行,120
2026-08-15 23:10:00,3435.7,0.429,正常,常规运行,120
2026-08-15 23:15:00,3317.1,0.415,正常,常规运行,120
2026-08-15 23:20:00,3310.2,0.414,正常,常规运行,120
2026-08-15 23:25:00,3350.6,0.419,正常,常规运行,120
2026-08-15 23:30:00,3297.3,0.412,正常,常规运行,120
2026-08-15 23:35:00,3250.7,0.406,正常,常规运行,120
2026-08-15 23:40:00,3130.2,0.391,正常,常规运行,120
2026-08-15 23:45:00,3128.4,0.391,正常,常规运行,120
2026-08-15 23:50:00,3062.1,0.383,正常,常规运行,120
2026-08-15 23:55:00,3037.2,0.38,正常,常规运行,120
2026-08-16 00:00:00,3030.7,0.379,正常,常规运行,120
2026-08-16 00:05:00,2904.3,0.363,正常,常规运行,120
2026-08-16 00:10:00,2956.0,0.369,正常,常规运行,120
2026-08-16 00:15:00,2877.5,0.36,正常,常规运行,120
2026-08-16 00:20:00,2802.6,0.35,正常,常规运行,120
2026-08-16 00:25:00,2864.4,0.358,正常,常规运行,120
2026-08-16 00:30:00,2738.9,0.342,正常,常规运行,120
2026-08-16 00:35:00,2780.1,0.348,正常,常规运行,120
2026-08-16 00:40:00,2694.6,0.337,正常,常规运行,120
2026-08-16 00:45:00,2715.4,0.339,正常,常规运行,120
2026-08-16 00:50:00,2708.2,0.339,正常,常规运行,120
2026-08-16 00:55:00,2706.6,0.338,正常,常规运行,120
2026-08-16 01:00:00,2665.9,0.333,正常,常规运行,120
2026-08-16 01:05:00,2692.0,0.337,正常,常规运行,120
2026-08-16 01:10:00,2692.7,0.337,正常,常规运行,120
2026-08-16 01:15:00,2649.2,0.331,正常,常规运行,120
2026-08-16 01:20:00,2674.4,0.334,正常,常规运行,120
2026-08-16 01:25:00,2665.7,0.333,正常,常规运行,120
2026-08-16 01:30:00,2669.4,0.334,正常,常规运行,120
2026-08-16 01:35:00,2654.3,0.332,正常,常规运行,120
2026-08-16 01:40:00,2677.6,0.335,正常,常规运行,120
2026-08-16 01:45:00,2688.6,0.336,正常,常规运行,120
2026-08-16 01:50:00,2662.1,0.333,正常,常规运行,120
2026-08-16 01:55:00,2731.5,0.341,正常,常规运行,120
2026-08-16 02:00:00,2700.8,0.338,正常,常规运行,120
2026-08-16 02:05:00,2712.3,0.339,正常,常规运行,120
2026-08-16 02:10:00,2733.9,0.342,正常,常规运行,120
2026-08-16 02:15:00,2754.2,0.344,正常,常规运行,120
2026-08-16 02:20:00,2788.2,0.349,正常,常规运行,120
2026-08-16 02:25:00,2827.9,0.353,正常,常规运行,120
2026-08-16 02:30:00,2921.2,0.365,正常,常规运行,120
2026-08-16 02:35:00,2923.3,0.365,正常,常规运行,120
2026-08-16 02:40:00,2928.6,0.366,正常,常规运行,120
2026-08-16 02:45:00,2990.3,0.374,正常,常规运行,120
2026-08-16 02:50:00,3175.5,0.397,正常,常规运行,120
2026-08-16 02:55:00,3248.0,0.406,正常,常规运行,120
2026-08-16 03:00:00,3340.4,0.418,正常,常规运行,120
2026-08-16 03:05:00,3223.4,0.403,正常,常规运行,120
2026-08-16 03:10:00,3381.7,0.423,正常,常规运行,120
2026-08-16 03:15:00,3428.4,0.429,正常,常规运行,120
2026-08-16 03:20:00,3372.6,0.422,正常,常规运行,120
2026-08-16 03:25:00,3520.7,0.44,正常,常规运行,120
2026-08-16 03:30:00,3485.6,0.436,正常,常规运行,120
2026-08-16 03:35:00,3599.2,0.45,正常,常规运行,120
2026-08-16 03:40:00,3648.4,0.456,正常,常规运行,120
2026-08-16 03:45:00,3795.5,0.474,正常,常规运行,120
2026-08-16 03:50:00,3788.3,0.474,正常,常规运行,120
2026-08-16 03:55:00,3852.7,0.482,正常,常规运行,120
2026-08-16 04:00:00,3931.1,0.491,正常,常规运行,120
2026-08-16 04:05:00,3946.9,0.493,正常,常规运行,120
2026-08-16 04:10:00,4164.8,0.521,正常,常规运行,120
2026-08-16 04:15:00,4021.8,0.503,正常,常规运行,120
2026-08-16 04:20:00,4259.3,0.532,正常,常规运行,120
2026-08-16 04:25:00,4103.1,0.513,正常,常规运行,120
2026-08-16 04:30:00,4274.7,0.534,正常,常规运行,120
2026-08-16 04:35:00,4317.5,0.54,正常,常规运行,120
2026-08-16 04:40:00,4426.3,0.553,正常,常规运行,120
2026-08-16 04:45:00,4390.0,0.549,正常,常规运行,120
2026-08-16 04:50:00,4521.0,0.565,正常,常规运行,120
2026-08-16 04:55:00,4492.8,0.562,正常,常规运行,120
2026-08-16 05:00:00,4735.1,0.592,正常,常规运行,120
2026-08-16 05:05:00,4583.8,0.573,正常,常规运行,120
2026-08-16 05:10:00,4681.7,0.585,正常,常规运行,120
2026-08-16 05:15:00,4716.8,0.59,正常,常规运行,120
2026-08-16 05:20:00,4764.3,0.596,正常,常规运行,120
2026-08-16 05:25:00,4806.1,0.601,蓝色,加强监视：关注上游液位与雨量变化趋势,120
2026-08-16 05:30:00,4810.4,0.601,蓝色,加强监视：关注上游液位与雨量变化趋势,120
2026-08-16 05:35:00,4832.0,0.604,蓝色,加强监视：关注上游液位与雨量变化趋势,120
2026-08-16 05:40:00,4835.2,0.604,蓝色,加强监视：关注上游液位与雨量变化趋势,120
2026-08-16 05:45:00,4897.7,0.612,蓝色,加强监视：关注上游液位与雨量变化趋势,120
2026-08-16 05:50:00,4934.9,0.617,蓝色,加强监视：关注上游液位与雨量变化趋势,120
2026-08-16 05:55:00,5046.5,0.631,蓝色,加强监视：关注上游液位与雨量变化趋势,120
2026-08-16 06:00:00,5088.9,0.636,蓝色,加强监视：关注上游液位与雨量变化趋势,120
2026-08-16 06:05:00,5122.2,0.64,蓝色,加强监视：关注上游液位与雨量变化趋势,120
2026-08-16 06:10:00,5080.0,0.635,蓝色,加强监视：关注上游液位与雨量变化趋势,120
2026-08-16 06:15:00,5209.8,0.651,蓝色,加强监视：关注上游液位与雨量变化趋势,120
2026-08-16 06:20:00,5239.9,0.655,蓝色,加强监视：关注上游液位与雨量变化趋势,120
2026-08-16 06:25:00,5312.6,0.664,蓝色,加强监视：关注上游液位与雨量变化趋势,120
2026-08-16 06:30:00,5288.4,0.661,蓝色,加强监视：关注上游液位与雨量变化趋势,120
2026-08-16 06:35:00,5327.4,0.666,蓝色,加强监视：关注上游液位与雨量变化趋势,120
2026-08-16 06:40:00,5254.5,0.657,蓝色,加强监视：关注上游液位与雨量变化趋势,120
2026-08-16 06:45:00,5266.7,0.658,蓝色,加强监视：关注上游液位与雨量变化趋势,120
2026-08-16 06:50:00,5236.6,0.655,蓝色,加强监视：关注上游液位与雨量变化趋势,120
2026-08-16 06:55:00,5275.7,0.659,蓝色,加强监视：关注上游液位与雨量变化趋势,120
2026-08-16 07:00:00,5257.2,0.657,蓝色,加强监视：关注上游液位与雨量变化趋势,120
2026-08-16 07:05:00,5256.4,0.657,蓝色,加强监视：关注上游液位与雨量变化趋势,120
2026-08-16 07:10:00,5383.4,0.673,蓝色,加强监视：关注上游液位与雨量变化趋势,120
2026-08-16 07:15:00,5187.2,0.648,蓝色,加强监视：关注上游液位与雨量变化趋势,120
2026-08-16 07:20:00,5354.7,0.669,蓝色,加强监视：关注上游液位与雨量变化趋势,120
2026-08-16 07:25:00,5317.6,0.665,蓝色,加强监视：关注上游液位与雨量变化趋势,120
2026-08-16 07:30:00,5149.8,0.644,蓝色,加强监视：关注上游液位与雨量变化趋势,120
2026-08-16 07:35:00,5214.2,0.652,蓝色,加强监视：关注上游液位与雨量变化趋势,120
2026-08-16 07:40:00,5357.8,0.67,蓝色,加强监视：关注上游液位与雨量变化趋势,120
2026-08-16 07:45:00,5208.4,0.651,蓝色,加强监视：关注上游液位与雨量变化趋势,120
2026-08-16 07:50:00,5146.9,0.643,蓝色,加强监视：关注上游液位与雨量变化趋势,120
2026-08-16 07:55:00,5187.0,0.648,蓝色,加强监视：关注上游液位与雨量变化趋势,120
2026-08-16 08:00:00,5146.3,0.643,蓝色,加强监视：关注上游液位与雨量变化趋势,120
2026-08-16 08:05:00,5333.6,0.667,蓝色,加强监视：关注上游液位与雨量变化趋势,120
2026-08-16 08:10:00,5091.3,0.636,蓝色,加强监视：关注上游液位与雨量变化趋势,120
2026-08-16 08:15:00,5052.0,0.631,蓝色,加强监视：关注上游液位与雨量变化趋势,120
2026-08-16 08:20:00,5046.1,0.631,蓝色,加强监视：关注上游液位与雨量变化趋势,120
2026-08-16 08:25:00,5133.1,0.642,蓝色,加强监视：关注上游液位与雨量变化趋势,120
2026-08-16 08:30:00,4963.6,0.62,蓝色,加强监视：关注上游液位与雨量变化趋势,120
2026-08-16 08:35:00,4918.8,0.615,蓝色,加强监视：关注上游液位与雨量变化趋势,120
2026-08-16 08:40:00,4817.9,0.602,蓝色,加强监视：关注上游液位与雨量变化趋势,120
2026-08-16 08:45:00,5153.8,0.644,蓝色,加强监视：关注上游液位与雨量变化趋势,120
2026-08-16 08:50:00,4835.7,0.604,蓝色,加强监视：关注上游液位与雨量变化趋势,120
2026-08-16 08:55:00,4714.9,0.589,正常,常规运行,120
2026-08-16 09:00:00,4787.3,0.598,正常,常规运行,120
2026-08-16 09:05:00,4697.8,0.587,正常,常规运行,120
2026-08-16 09:10:00,4631.5,0.579,正常,常规运行,120
2026-08-16 09:15:00,4677.2,0.585,正常,常规运行,120
2026-08-16 09:20:00,4652.6,0.582,正常,常规运行,120
2026-08-16 09:25:00,4617.6,0.577,正常,常规运行,120
2026-08-16 09:30:00,4577.2,0.572,正常,常规运行,120
2026-08-16 09:35:00,4632.3,0.579,正常,常规运行,120
2026-08-16 09:40:00,4496.4,0.562,正常,常规运行,120
2026-08-16 09:45:00,4531.2,0.566,正常,常规运行,120
2026-08-16 09:50:00,4479.3,0.56,正常,常规运行,120
2026-08-16 09:55:00,4406.9,0.551,正常,常规运行,120
2026-08-16 10:00:00,4457.8,0.557,正常,常规运行,120
2026-08-16 10:05:00,4390.6,0.549,正常,常规运行,120
2026-08-16 10:10:00,4289.7,0.536,正常,常规运行,120
2026-08-16 10:15:00,4302.9,0.538,正常,常规运行,120
2026-08-16 10:20:00,4292.4,0.537,正常,常规运行,120
2026-08-16 10:25:00,4267.4,0.533,正常,常规运行,120
2026-08-16 10:30:00,4301.2,0.538,正常,常规运行,120
2026-08-16 10:35:00,4252.5,0.532,正常,常规运行,120
2026-08-16 10:40:00,4096.9,0.512,正常,常规运行,120
2026-08-16 10:45:00,4219.0,0.527,正常,常规运行,120
2026-08-16 10:50:00,4173.1,0.522,正常,常规运行,120
2026-08-16 10:55:00,4247.8,0.531,正常,常规运行,120
2026-08-16 11:00:00,4058.7,0.507,正常,常规运行,120
2026-08-16 11:05:00,4191.2,0.524,正常,常规运行,120
2026-08-16 11:10:00,4186.8,0.523,正常,常规运行,120
2026-08-16 11:15:00,4236.2,0.53,正常,常规运行,120
2026-08-16 11:20:00,4047.0,0.506,正常,常规运行,120
2026-08-16 11:25:00,4145.0,0.518,正常,常规运行,120
2026-08-16 11:30:00,4051.0,0.506,正常,常规运行,120
2026-08-16 11:35:00,4113.7,0.514,正常,常规运行,120
2026-08-16 11:40:00,4010.0,0.501,正常,常规运行,120
2026-08-16 11:45:00,4169.3,0.521,正常,常规运行,120
2026-08-16 11:50:00,3978.2,0.497,正常,常规运行,120
2026-08-16 11:55:00,3984.7,0.498,正常,常规运行,120
2026-08-16 12:00:00,4000.7,0.5,正常,常规运行,120
2026-08-16 12:05:00,4047.9,0.506,正常,常规运行,120
2026-08-16 12:10:00,4033.7,0.504,正常,常规运行,120
2026-08-16 12:15:00,4048.2,0.506,正常,常规运行,120
2026-08-16 12:20:00,3998.5,0.5,正常,常规运行,120
2026-08-16 12:25:00,4000.3,0.5,正常,常规运行,120
2026-08-16 12:30:00,3989.2,0.499,正常,常规运行,120
2026-08-16 12:35:00,3992.6,0.499,正常,常规运行,120
2026-08-16 12:40:00,4014.8,0.502,正常,常规运行,120
2026-08-16 12:45:00,3997.4,0.5,正常,常规运行,120
2026-08-16 12:50:00,4151.4,0.519,正常,常规运行,120
2026-08-16 12:55:00,4066.0,0.508,正常,常规运行,120
2026-08-16 13:00:00,4047.8,0.506,正常,常规运行,120
2026-08-16 13:05:00,4038.6,0.505,正常,常规运行,120
2026-08-16 13:10:00,4133.5,0.517,正常,常规运行,120
2026-08-16 13:15:00,4012.7,0.502,正常,常规运行,120
2026-08-16 13:20:00,4052.3,0.507,正常,常规运行,120
2026-08-16 13:25:00,4072.5,0.509,正常,常规运行,120
2026-08-16 13:30:00,4037.1,0.505,正常,常规运行,120
2026-08-16 13:35:00,4015.0,0.502,正常,常规运行,120
2026-08-16 13:40:00,4076.4,0.51,正常,常规运行,120
2026-08-16 13:45:00,4075.2,0.509,正常,常规运行,120
2026-08-16 13:50:00,4098.9,0.512,正常,常规运行,120
2026-08-16 13:55:00,4068.3,0.509,正常,常规运行,120
2026-08-16 14:00:00,4044.5,0.506,正常,常规运行,120
2026-08-16 14:05:00,4099.3,0.512,正常,常规运行,120
2026-08-16 14:10:00,4177.2,0.522,正常,常规运行,120
2026-08-16 14:15:00,4208.4,0.526,正常,常规运行,120
2026-08-16 14:20:00,4095.6,0.512,正常,常规运行,120
2026-08-16 14:25:00,4311.5,0.539,正常,常规运行,120
2026-08-16 14:30:00,4278.8,0.535,正常,常规运行,120
2026-08-16 14:35:00,4218.6,0.527,正常,常规运行,120
2026-08-16 14:40:00,4345.0,0.543,正常,常规运行,120
2026-08-16 14:45:00,4316.4,0.54,正常,常规运行,120
2026-08-16 14:50:00,4411.4,0.551,正常,常规运行,120
2026-08-16 14:55:00,4328.9,0.541,正常,常规运行,120
2026-08-16 15:00:00,4390.4,0.549,正常,常规运行,120
2026-08-16 15:05:00,4467.8,0.558,正常,常规运行,120
2026-08-16 15:10:00,4394.9,0.549,正常,常规运行,120
2026-08-16 15:15:00,4517.9,0.565,正常,常规运行,120
2026-08-16 15:20:00,4528.3,0.566,正常,常规运行,120
2026-08-16 15:25:00,4550.1,0.569,正常,常规运行,120
2026-08-16 15:30:00,4502.6,0.563,正常,常规运行,120
2026-08-16 15:35:00,4615.2,0.577,正常,常规运行,120
2026-08-16 15:40:00,4618.9,0.577,正常,常规运行,120
2026-08-16 15:45:00,4628.7,0.579,正常,常规运行,120
2026-08-16 15:50:00,4617.6,0.577,正常,常规运行,120
2026-08-16 15:55:00,4731.3,0.591,正常,常规运行,120
2026-08-16 16:00:00,4745.6,0.593,正常,常规运行,120
2026-08-16 16:05:00,4759.3,0.595,正常,常规运行,120
2026-08-16 16:10:00,4841.1,0.605,蓝色,加强监视：关注上游液位与雨量变化趋势,120
2026-08-16 16:15:00,4775.0,0.597,正常,常规运行,120
2026-08-16 16:20:00,4863.3,0.608,蓝色,加强监视：关注上游液位与雨量变化趋势,120
2026-08-16 16:25:00,4795.2,0.599,正常,常规运行,120
2026-08-16 16:30:00,4877.4,0.61,蓝色,加强监视：关注上游液位与雨量变化趋势,120
2026-08-16 16:35:00,4866.9,0.608,蓝色,加强监视：关注上游液位与雨量变化趋势,120
2026-08-16 16:40:00,5017.8,0.627,蓝色,加强监视：关注上游液位与雨量变化趋势,120
2026-08-16 16:45:00,4991.8,0.624,蓝色,加强监视：关注上游液位与雨量变化趋势,120
2026-08-16 16:50:00,4812.3,0.602,蓝色,加强监视：关注上游液位与雨量变化趋势,120
2026-08-16 16:55:00,4847.7,0.606,蓝色,加强监视：关注上游液位与雨量变化趋势,120
2026-08-16 17:00:00,4997.9,0.625,蓝色,加强监视：关注上游液位与雨量变化趋势,120
2026-08-16 17:05:00,4953.7,0.619,蓝色,加强监视：关注上游液位与雨量变化趋势,120
2026-08-16 17:10:00,4991.8,0.624,蓝色,加强监视：关注上游液位与雨量变化趋势,120
2026-08-16 17:15:00,4976.8,0.622,蓝色,加强监视：关注上游液位与雨量变化趋势,120
2026-08-16 17:20:00,5045.0,0.631,蓝色,加强监视：关注上游液位与雨量变化趋势,120
2026-08-16 17:25:00,5087.6,0.636,蓝色,加强监视：关注上游液位与雨量变化趋势,120
2026-08-16 17:30:00,5130.6,0.641,蓝色,加强监视：关注上游液位与雨量变化趋势,120
2026-08-16 17:35:00,5093.3,0.637,蓝色,加强监视：关注上游液位与雨量变化趋势,120
2026-08-16 17:40:00,5119.4,0.64,蓝色,加强监视：关注上游液位与雨量变化趋势,120
2026-08-16 17:45:00,5141.7,0.643,蓝色,加强监视：关注上游液位与雨量变化趋势,120
2026-08-16 17:50:00,5096.0,0.637,蓝色,加强监视：关注上游液位与雨量变化趋势,120
2026-08-16 17:55:00,5155.3,0.644,蓝色,加强监视：关注上游液位与雨量变化趋势,120
2026-08-16 18:00:00,5148.9,0.644,蓝色,加强监视：关注上游液位与雨量变化趋势,120
2026-08-16 18:05:00,5179.9,0.647,蓝色,加强监视：关注上游液位与雨量变化趋势,120
2026-08-16 18:10:00,5212.2,0.652,蓝色,加强监视：关注上游液位与雨量变化趋势,120
2026-08-16 18:15:00,5238.7,0.655,蓝色,加强监视：关注上游液位与雨量变化趋势,120
2026-08-16 18:20:00,5172.9,0.647,蓝色,加强监视：关注上游液位与雨量变化趋势,120
2026-08-16 18:25:00,5114.8,0.639,蓝色,加强监视：关注上游液位与雨量变化趋势,120
2026-08-16 18:30:00,5158.6,0.645,蓝色,加强监视：关注上游液位与雨量变化趋势,120
2026-08-16 18:35:00,5110.3,0.639,蓝色,加强监视：关注上游液位与雨量变化趋势,120
2026-08-16 18:40:00,5115.5,0.639,蓝色,加强监视：关注上游液位与雨量变化趋势,120
2026-08-16 18:45:00,4991.6,0.624,蓝色,加强监视：关注上游液位与雨量变化趋势,120
2026-08-16 18:50:00,5093.9,0.637,蓝色,加强监视：关注上游液位与雨量变化趋势,120
2026-08-16 18:55:00,5068.6,0.634,蓝色,加强监视：关注上游液位与雨量变化趋势,120
2026-08-16 19:00:00,5101.1,0.638,蓝色,加强监视：关注上游液位与雨量变化趋势,120
2026-08-16 19:05:00,4915.5,0.614,蓝色,加强监视：关注上游液位与雨量变化趋势,120
2026-08-16 19:10:00,5013.0,0.627,蓝色,加强监视：关注上游液位与雨量变化趋势,120
2026-08-16 19:15:00,4879.2,0.61,蓝色,加强监视：关注上游液位与雨量变化趋势,120
2026-08-16 19:20:00,4986.7,0.623,蓝色,加强监视：关注上游液位与雨量变化趋势,120
2026-08-16 19:25:00,4916.2,0.615,蓝色,加强监视：关注上游液位与雨量变化趋势,120
2026-08-16 19:30:00,4836.6,0.605,蓝色,加强监视：关注上游液位与雨量变化趋势,120
2026-08-16 19:35:00,4792.9,0.599,正常,常规运行,120
2026-08-16 19:40:00,4811.6,0.601,蓝色,加强监视：关注上游液位与雨量变化趋势,120
2026-08-16 19:45:00,4852.1,0.607,蓝色,加强监视：关注上游液位与雨量变化趋势,120
2026-08-16 19:50:00,4666.3,0.583,正常,常规运行,120
2026-08-16 19:55:00,4753.9,0.594,正常,常规运行,120
2026-08-16 20:00:00,4616.9,0.577,正常,常规运行,120
2026-08-16 20:05:00,4628.9,0.579,正常,常规运行,120
2026-08-16 20:10:00,4617.2,0.577,正常,常规运行,120
2026-08-16 20:15:00,4603.9,0.575,正常,常规运行,120
2026-08-16 20:20:00,4623.4,0.578,正常,常规运行,120
2026-08-16 20:25:00,4613.7,0.577,正常,常规运行,120
2026-08-16 20:30:00,4475.6,0.559,正常,常规运行,120
2026-08-16 20:35:00,4469.1,0.559,正常,常规运行,120
2026-08-16 20:40:00,4506.0,0.563,正常,常规运行,120
2026-08-16 20:45:00,4439.1,0.555,正常,常规运行,120
2026-08-16 20:50:00,4441.7,0.555,正常,常规运行,120
2026-08-16 20:55:00,4427.6,0.553,正常,常规运行,120
2026-08-16 21:00:00,4387.1,0.548,正常,常规运行,120
2026-08-16 21:05:00,4413.3,0.552,正常,常规运行,120
2026-08-16 21:10:00,4418.9,0.552,正常,常规运行,120
2026-08-16 21:15:00,4324.1,0.541,正常,常规运行,120
2026-08-16 21:20:00,4280.8,0.535,正常,常规运行,120
2026-08-16 21:25:00,4405.0,0.551,正常,常规运行,120
2026-08-16 21:30:00,4315.3,0.539,正常,常规运行,120
2026-08-16 21:35:00,4277.9,0.535,正常,常规运行,120
2026-08-16 21:40:00,4162.9,0.52,正常,常规运行,120
2026-08-16 21:45:00,4216.7,0.527,正常,常规运行,120
2026-08-16 21:50:00,4199.6,0.525,正常,常规运行,120
2026-08-16 21:55:00,4227.3,0.528,正常,常规运行,120
2026-08-16 22:00:00,4060.2,0.508,正常,常规运行,120
2026-08-16 22:05:00,4050.5,0.506,正常,常规运行,120
2026-08-16 22:10:00,4068.2,0.509,正常,常规运行,120
2026-08-16 22:15:00,3985.7,0.498,正常,常规运行,120
2026-08-16 22:20:00,3940.3,0.493,正常,常规运行,120
2026-08-16 22:25:00,3934.5,0.492,正常,常规运行,120
2026-08-16 22:30:00,3986.0,0.498,正常,常规运行,120
2026-08-16 22:35:00,3936.9,0.492,正常,常规运行,120
2026-08-16 22:40:00,3849.4,0.481,正常,常规运行,120
2026-08-16 22:45:00,3855.4,0.482,正常,常规运行,120
2026-08-16 22:50:00,3815.6,0.477,正常,常规运行,120
2026-08-16 22:55:00,3807.3,0.476,正常,常规运行,120
2026-08-16 23:00:00,3749.1,0.469,正常,常规运行,120
2026-08-16 23:05:00,3655.6,0.457,正常,常规运行,120
2026-08-16 23:10:00,3569.6,0.446,正常,常规运行,120
2026-08-16 23:15:00,3658.8,0.457,正常,常规运行,120
2026-08-16 23:20:00,3556.7,0.445,正常,常规运行,120
2026-08-16 23:25:00,3364.7,0.421,正常,常规运行,120
2026-08-16 23:30:00,3584.1,0.448,正常,常规运行,120
2026-08-16 23:35:00,3416.2,0.427,正常,常规运行,120
2026-08-16 23:40:00,3443.1,0.43,正常,常规运行,120
2026-08-16 23:45:00,3374.2,0.422,正常,常规运行,120
2026-08-16 23:50:00,3380.4,0.423,正常,常规运行,120
2026-08-16 23:55:00,3296.3,0.412,正常,常规运行,120
2026-08-17 00:00:00,3230.7,0.404,正常,常规运行,120
2026-08-17 00:05:00,3246.3,0.406,正常,常规运行,120
2026-08-17 00:10:00,3127.1,0.391,正常,常规运行,120
2026-08-17 00:15:00,3138.5,0.392,正常,常规运行,120
2026-08-17 00:20:00,3063.8,0.383,正常,常规运行,120
2026-08-17 00:25:00,3008.7,0.376,正常,常规运行,120
2026-08-17 00:30:00,2933.8,0.367,正常,常规运行,120
2026-08-17 00:35:00,2974.3,0.372,正常,常规运行,120
2026-08-17 00:40:00,2891.9,0.361,正常,常规运行,120
2026-08-17 00:45:00,2907.5,0.363,正常,常规运行,120
2026-08-17 00:50:00,2868.8,0.359,正常,常规运行,120
2026-08-17 00:55:00,2862.1,0.358,正常,常规运行,120
2026-08-17 01:00:00,2848.7,0.356,正常,常规运行,120
2026-08-17 01:05:00,2843.4,0.355,正常,常规运行,120
2026-08-17 01:10:00,2865.1,0.358,正常,常规运行,120
2026-08-17 01:15:00,2903.6,0.363,正常,常规运行,120
2026-08-17 01:20:00,2899.8,0.362,正常,常规运行,120
2026-08-17 01:25:00,2877.5,0.36,正常,常规运行,120
2026-08-17 01:30:00,2805.3,0.351,正常,常规运行,120
2026-08-17 01:35:00,2814.8,0.352,正常,常规运行,120
2026-08-17 01:40:00,2839.6,0.355,正常,常规运行,120
2026-08-17 01:45:00,2802.7,0.35,正常,常规运行,120
2026-08-17 01:50:00,2905.5,0.363,正常,常规运行,120
2026-08-17 01:55:00,2972.7,0.372,正常,常规运行,120
2026-08-17 02:00:00,2896.5,0.362,正常,常规运行,120
2026-08-17 02:05:00,2909.1,0.364,正常,常规运行,120
2026-08-17 02:10:00,2968.1,0.371,正常,常规运行,120
2026-08-17 02:15:00,3022.6,0.378,正常,常规运行,120
2026-08-17 02:20:00,3020.0,0.377,正常,常规运行,120
2026-08-17 02:25:00,3142.5,0.393,正常,常规运行,120
2026-08-17 02:30:00,3184.9,0.398,正常,常规运行,120
2026-08-17 02:35:00,3176.3,0.397,正常,常规运行,120
2026-08-17 02:40:00,3293.7,0.412,正常,常规运行,120
2026-08-17 02:45:00,3284.0,0.41,正常,常规运行,120
2026-08-17 02:50:00,3408.5,0.426,正常,常规运行,120
2026-08-17 02:55:00,3428.5,0.429,正常,常规运行,120
2026-08-17 03:00:00,3500.6,0.438,正常,常规运行,120
2026-08-17 03:05:00,3517.5,0.44,正常,常规运行,120
2026-08-17 03:10:00,3583.8,0.448,正常,常规运行,120
2026-08-17 03:15:00,3582.1,0.448,正常,常规运行,120
2026-08-17 03:20:00,3709.9,0.464,正常,常规运行,120
2026-08-17 03:25:00,3815.1,0.477,正常,常规运行,120
2026-08-17 03:30:00,3838.7,0.48,正常,常规运行,120
2026-08-17 03:35:00,3873.8,0.484,正常,常规运行,120
2026-08-17 03:40:00,3960.7,0.495,正常,常规运行,120
2026-08-17 03:45:00,4011.8,0.501,正常,常规运行,120
2026-08-17 03:50:00,4204.1,0.526,正常,常规运行,120
2026-08-17 03:55:00,4189.4,0.524,正常,常规运行,120
2026-08-17 04:00:00,4249.0,0.531,正常,常规运行,120
2026-08-17 04:05:00,4302.4,0.538,正常,常规运行,120
2026-08-17 04:10:00,4431.6,0.554,正常,常规运行,120
2026-08-17 04:15:00,4599.1,0.575,正常,常规运行,120
2026-08-17 04:20:00,4500.4,0.563,正常,常规运行,120
2026-08-17 04:25:00,4555.6,0.569,正常,常规运行,120
2026-08-17 04:30:00,4787.2,0.598,正常,常规运行,120
2026-08-17 04:35:00,4650.9,0.581,正常,常规运行,120
2026-08-17 04:40:00,4867.8,0.608,蓝色,加强监视：关注上游液位与雨量变化趋势,120
2026-08-17 04:45:00,4733.4,0.592,正常,常规运行,120
2026-08-17 04:50:00,4863.6,0.608,蓝色,加强监视：关注上游液位与雨量变化趋势,120
2026-08-17 04:55:00,4918.7,0.615,蓝色,加强监视：关注上游液位与雨量变化趋势,120
2026-08-17 05:00:00,5430.6,0.679,蓝色,加强监视：关注上游液位与雨量变化趋势,120
2026-08-17 05:05:00,6200.2,0.775,蓝色,加强监视：关注上游液位与雨量变化趋势,120
2026-08-17 05:10:00,5908.6,0.739,蓝色,加强监视：关注上游液位与雨量变化趋势,120
2026-08-17 05:15:00,5576.7,0.697,蓝色,加强监视：关注上游液位与雨量变化趋势,120
2026-08-17 05:20:00,5236.8,0.655,蓝色,加强监视：关注上游液位与雨量变化趋势,120
2026-08-17 05:25:00,5444.5,0.681,蓝色,加强监视：关注上游液位与雨量变化趋势,120
2026-08-17 05:30:00,5352.3,0.669,蓝色,加强监视：关注上游液位与雨量变化趋势,120
2026-08-17 05:35:00,5373.8,0.672,蓝色,加强监视：关注上游液位与雨量变化趋势,120
2026-08-17 05:40:00,5404.8,0.676,蓝色,加强监视：关注上游液位与雨量变化趋势,120
2026-08-17 05:45:00,5447.5,0.681,蓝色,加强监视：关注上游液位与雨量变化趋势,120
2026-08-17 05:50:00,5407.3,0.676,蓝色,加强监视：关注上游液位与雨量变化趋势,120
2026-08-17 05:55:00,5464.0,0.683,蓝色,加强监视：关注上游液位与雨量变化趋势,120
2026-08-17 06:00:00,5488.8,0.686,蓝色,加强监视：关注上游液位与雨量变化趋势,120
2026-08-17 06:05:00,5503.9,0.688,蓝色,加强监视：关注上游液位与雨量变化趋势,120
2026-08-17 06:10:00,5527.1,0.691,蓝色,加强监视：关注上游液位与雨量变化趋势,120
2026-08-17 06:15:00,5537.5,0.692,蓝色,加强监视：关注上游液位与雨量变化趋势,120
2026-08-17 06:20:00,5523.8,0.69,蓝色,加强监视：关注上游液位与雨量变化趋势,120
2026-08-17 06:25:00,5445.8,0.681,蓝色,加强监视：关注上游液位与雨量变化趋势,120
2026-08-17 06:30:00,5493.2,0.687,蓝色,加强监视：关注上游液位与雨量变化趋势,120
2026-08-17 06:35:00,5627.3,0.703,蓝色,加强监视：关注上游液位与雨量变化趋势,120
2026-08-17 06:40:00,5635.3,0.704,蓝色,加强监视：关注上游液位与雨量变化趋势,120
2026-08-17 06:45:00,5679.9,0.71,蓝色,加强监视：关注上游液位与雨量变化趋势,120
2026-08-17 06:50:00,5705.1,0.713,蓝色,加强监视：关注上游液位与雨量变化趋势,120
2026-08-17 06:55:00,5527.7,0.691,蓝色,加强监视：关注上游液位与雨量变化趋势,120
2026-08-17 07:00:00,5656.8,0.707,蓝色,加强监视：关注上游液位与雨量变化趋势,120
2026-08-17 07:05:00,6237.9,0.78,蓝色,加强监视：关注上游液位与雨量变化趋势,120
2026-08-17 07:10:00,5672.7,0.709,蓝色,加强监视：关注上游液位与雨量变化趋势,120
2026-08-17 07:15:00,6297.2,0.787,蓝色,加强监视：关注上游液位与雨量变化趋势,120
2026-08-17 07:20:00,5549.8,0.694,蓝色,加强监视：关注上游液位与雨量变化趋势,120
2026-08-17 07:25:00,5655.3,0.707,蓝色,加强监视：关注上游液位与雨量变化趋势,120
2026-08-17 07:30:00,5615.1,0.702,蓝色,加强监视：关注上游液位与雨量变化趋势,120
2026-08-17 07:35:00,5934.5,0.742,蓝色,加强监视：关注上游液位与雨量变化趋势,120
2026-08-17 07:40:00,6448.4,0.806,黄色,雨前预抽空：预降各泵站前池液位，腾出调蓄容积,120
2026-08-17 07:45:00,7026.5,0.878,黄色,雨前预抽空：预降各泵站前池液位，腾出调蓄容积,120
2026-08-17 07:50:00,5633.8,0.704,蓝色,加强监视：关注上游液位与雨量变化趋势,120
2026-08-17 07:55:00,5513.2,0.689,蓝色,加强监视：关注上游液位与雨量变化趋势,120
2026-08-17 08:00:00,6479.3,0.81,黄色,雨前预抽空：预降各泵站前池液位，腾出调蓄容积,120
2026-08-17 08:05:00,5535.1,0.692,蓝色,加强监视：关注上游液位与雨量变化趋势,120
2026-08-17 08:10:00,5448.2,0.681,蓝色,加强监视：关注上游液位与雨量变化趋势,120
2026-08-17 08:15:00,5499.7,0.687,蓝色,加强监视：关注上游液位与雨量变化趋势,120
2026-08-17 08:20:00,5406.2,0.676,蓝色,加强监视：关注上游液位与雨量变化趋势,120
2026-08-17 08:25:00,5448.7,0.681,蓝色,加强监视：关注上游液位与雨量变化趋势,120
2026-08-17 08:30:00,5507.4,0.688,蓝色,加强监视：关注上游液位与雨量变化趋势,120
2026-08-17 08:35:00,5390.4,0.674,蓝色,加强监视：关注上游液位与雨量变化趋势,120
2026-08-17 08:40:00,5274.2,0.659,蓝色,加强监视：关注上游液位与雨量变化趋势,120
2026-08-17 08:45:00,5271.8,0.659,蓝色,加强监视：关注上游液位与雨量变化趋势,120
2026-08-17 08:50:00,5274.5,0.659,蓝色,加强监视：关注上游液位与雨量变化趋势,120
2026-08-17 08:55:00,5161.5,0.645,蓝色,加强监视：关注上游液位与雨量变化趋势,120
2026-08-17 09:00:00,5146.6,0.643,蓝色,加强监视：关注上游液位与雨量变化趋势,120
2026-08-17 09:05:00,5104.3,0.638,蓝色,加强监视：关注上游液位与雨量变化趋势,120
2026-08-17 09:10:00,5060.6,0.633,蓝色,加强监视：关注上游液位与雨量变化趋势,120
2026-08-17 09:15:00,5010.6,0.626,蓝色,加强监视：关注上游液位与雨量变化趋势,120
2026-08-17 09:20:00,5139.4,0.642,蓝色,加强监视：关注上游液位与雨量变化趋势,120
2026-08-17 09:25:00,4949.4,0.619,蓝色,加强监视：关注上游液位与雨量变化趋势,120
2026-08-17 09:30:00,4955.6,0.619,蓝色,加强监视：关注上游液位与雨量变化趋势,120
2026-08-17 09:35:00,4917.0,0.615,蓝色,加强监视：关注上游液位与雨量变化趋势,120
2026-08-17 09:40:00,4897.6,0.612,蓝色,加强监视：关注上游液位与雨量变化趋势,120
2026-08-17 09:45:00,4832.7,0.604,蓝色,加强监视：关注上游液位与雨量变化趋势,120
2026-08-17 09:50:00,4937.9,0.617,蓝色,加强监视：关注上游液位与雨量变化趋势,120
2026-08-17 09:55:00,4743.8,0.593,正常,常规运行,120
2026-08-17 10:00:00,4780.4,0.598,正常,常规运行,120
2026-08-17 10:05:00,4849.8,0.606,蓝色,加强监视：关注上游液位与雨量变化趋势,120
2026-08-17 10:10:00,4713.7,0.589,正常,常规运行,120
2026-08-17 10:15:00,4637.9,0.58,正常,常规运行,120
2026-08-17 10:20:00,4659.5,0.582,正常,常规运行,120
2026-08-17 10:25:00,4570.0,0.571,正常,常规运行,120
2026-08-17 10:30:00,4624.5,0.578,正常,常规运行,120
2026-08-17 10:35:00,4479.7,0.56,正常,常规运行,120
2026-08-17 10:40:00,4582.6,0.573,正常,常规运行,120
2026-08-17 10:45:00,4574.6,0.572,正常,常规运行,120
2026-08-17 10:50:00,4591.4,0.574,正常,常规运行,120
2026-08-17 10:55:00,4483.1,0.56,正常,常规运行,120
2026-08-17 11:00:00,4567.9,0.571,正常,常规运行,120
2026-08-17 11:05:00,4514.1,0.564,正常,常规运行,120
2026-08-17 11:10:00,4529.7,0.566,正常,常规运行,120
2026-08-17 11:15:00,4340.7,0.543,正常,常规运行,120
2026-08-17 11:20:00,4421.1,0.553,正常,常规运行,120
2026-08-17 11:25:00,4378.2,0.547,正常,常规运行,120
2026-08-17 11:30:00,4409.7,0.551,正常,常规运行,120
2026-08-17 11:35:00,4426.2,0.553,正常,常规运行,120
2026-08-17 11:40:00,4352.6,0.544,正常,常规运行,120
2026-08-17 11:45:00,4340.2,0.543,正常,常规运行,120
2026-08-17 11:50:00,4372.3,0.547,正常,常规运行,120
2026-08-17 11:55:00,4418.6,0.552,正常,常规运行,120
2026-08-17 12:00:00,4330.0,0.541,正常,常规运行,120
2026-08-17 12:05:00,4393.5,0.549,正常,常规运行,120
2026-08-17 12:10:00,4317.2,0.54,正常,常规运行,120
2026-08-17 12:15:00,4390.2,0.549,正常,常规运行,120
2026-08-17 12:20:00,4382.3,0.548,正常,常规运行,120
2026-08-17 12:25:00,4402.4,0.55,正常,常规运行,120
2026-08-17 12:30:00,4352.6,0.544,正常,常规运行,120
2026-08-17 12:35:00,4359.5,0.545,正常,常规运行,120
2026-08-17 12:40:00,4332.9,0.542,正常,常规运行,120
2026-08-17 12:45:00,4397.8,0.55,正常,常规运行,120
2026-08-17 12:50:00,4418.3,0.552,正常,常规运行,120
2026-08-17 12:55:00,4405.0,0.551,正常,常规运行,120
2026-08-17 13:00:00,4348.0,0.543,正常,常规运行,120
2026-08-17 13:05:00,4384.4,0.548,正常,常规运行,120
2026-08-17 13:10:00,4420.9,0.553,正常,常规运行,120
2026-08-17 13:15:00,4428.4,0.554,正常,常规运行,120
2026-08-17 13:20:00,4451.5,0.556,正常,常规运行,120
2026-08-17 13:25:00,4463.9,0.558,正常,常规运行,120
2026-08-17 13:30:00,4545.0,0.568,正常,常规运行,120
2026-08-17 13:35:00,4505.9,0.563,正常,常规运行,120
2026-08-17 13:40:00,4474.9,0.559,正常,常规运行,120
2026-08-17 13:45:00,4523.5,0.565,正常,常规运行,120
2026-08-17 13:50:00,4533.4,0.567,正常,常规运行,120
2026-08-17 13:55:00,4549.2,0.569,正常,常规运行,120
2026-08-17 14:00:00,4554.6,0.569,正常,常规运行,120
2026-08-17 14:05:00,4545.3,0.568,正常,常规运行,120
2026-08-17 14:10:00,4573.5,0.572,正常,常规运行,120
2026-08-17 14:15:00,4605.9,0.576,正常,常规运行,120
2026-08-17 14:20:00,4586.3,0.573,正常,常规运行,120
2026-08-17 14:25:00,4703.6,0.588,正常,常规运行,120
2026-08-17 14:30:00,4614.7,0.577,正常,常规运行,120
2026-08-17 14:35:00,4680.1,0.585,正常,常规运行,120
2026-08-17 14:40:00,4663.0,0.583,正常,常规运行,120
2026-08-17 14:45:00,4728.7,0.591,正常,常规运行,120
2026-08-17 14:50:00,4622.7,0.578,正常,常规运行,120
2026-08-17 14:55:00,4802.4,0.6,蓝色,加强监视：关注上游液位与雨量变化趋势,120
2026-08-17 15:00:00,4732.2,0.592,正常,常规运行,120
2026-08-17 15:05:00,4788.2,0.599,正常,常规运行,120
2026-08-17 15:10:00,4754.4,0.594,正常,常规运行,120
2026-08-17 15:15:00,4923.2,0.615,蓝色,加强监视：关注上游液位与雨量变化趋势,120
2026-08-17 15:20:00,4848.8,0.606,蓝色,加强监视：关注上游液位与雨量变化趋势,120
2026-08-17 15:25:00,4826.2,0.603,蓝色,加强监视：关注上游液位与雨量变化趋势,120
2026-08-17 15:30:00,4980.6,0.623,蓝色,加强监视：关注上游液位与雨量变化趋势,120
2026-08-17 15:35:00,5029.7,0.629,蓝色,加强监视：关注上游液位与雨量变化趋势,120
2026-08-17 15:40:00,4987.7,0.623,蓝色,加强监视：关注上游液位与雨量变化趋势,120
2026-08-17 15:45:00,5061.1,0.633,蓝色,加强监视：关注上游液位与雨量变化趋势,120
2026-08-17 15:50:00,5054.5,0.632,蓝色,加强监视：关注上游液位与雨量变化趋势,120
2026-08-17 15:55:00,5039.2,0.63,蓝色,加强监视：关注上游液位与雨量变化趋势,120
2026-08-17 16:00:00,5143.7,0.643,蓝色,加强监视：关注上游液位与雨量变化趋势,120
2026-08-17 16:05:00,5253.4,0.657,蓝色,加强监视：关注上游液位与雨量变化趋势,120
2026-08-17 16:10:00,5263.4,0.658,蓝色,加强监视：关注上游液位与雨量变化趋势,120
2026-08-17 16:15:00,5285.7,0.661,蓝色,加强监视：关注上游液位与雨量变化趋势,120
2026-08-17 16:20:00,5332.2,0.667,蓝色,加强监视：关注上游液位与雨量变化趋势,120
2026-08-17 16:25:00,5348.6,0.669,蓝色,加强监视：关注上游液位与雨量变化趋势,120
2026-08-17 16:30:00,5330.0,0.666,蓝色,加强监视：关注上游液位与雨量变化趋势,120
2026-08-17 16:35:00,5367.4,0.671,蓝色,加强监视：关注上游液位与雨量变化趋势,120
2026-08-17 16:40:00,5369.3,0.671,蓝色,加强监视：关注上游液位与雨量变化趋势,120
2026-08-17 16:45:00,5357.8,0.67,蓝色,加强监视：关注上游液位与雨量变化趋势,120
2026-08-17 16:50:00,5409.0,0.676,蓝色,加强监视：关注上游液位与雨量变化趋势,120
2026-08-17 16:55:00,5434.3,0.679,蓝色,加强监视：关注上游液位与雨量变化趋势,120
2026-08-17 17:00:00,5420.2,0.678,蓝色,加强监视：关注上游液位与雨量变化趋势,120
2026-08-17 17:05:00,5418.5,0.677,蓝色,加强监视：关注上游液位与雨量变化趋势,120
2026-08-17 17:10:00,5477.5,0.685,蓝色,加强监视：关注上游液位与雨量变化趋势,120
2026-08-17 17:15:00,5464.2,0.683,蓝色,加强监视：关注上游液位与雨量变化趋势,120
2026-08-17 17:20:00,5485.4,0.686,蓝色,加强监视：关注上游液位与雨量变化趋势,120
2026-08-17 17:25:00,5450.3,0.681,蓝色,加强监视：关注上游液位与雨量变化趋势,120
2026-08-17 17:30:00,5446.8,0.681,蓝色,加强监视：关注上游液位与雨量变化趋势,120
2026-08-17 17:35:00,5423.2,0.678,蓝色,加强监视：关注上游液位与雨量变化趋势,120
2026-08-17 17:40:00,5454.9,0.682,蓝色,加强监视：关注上游液位与雨量变化趋势,120
2026-08-17 17:45:00,5467.2,0.683,蓝色,加强监视：关注上游液位与雨量变化趋势,120
2026-08-17 17:50:00,5488.4,0.686,蓝色,加强监视：关注上游液位与雨量变化趋势,120
2026-08-17 17:55:00,5452.9,0.682,蓝色,加强监视：关注上游液位与雨量变化趋势,120
2026-08-17 18:00:00,5481.3,0.685,蓝色,加强监视：关注上游液位与雨量变化趋势,120
2026-08-17 18:05:00,5462.3,0.683,蓝色,加强监视：关注上游液位与雨量变化趋势,120
2026-08-17 18:10:00,5453.2,0.682,蓝色,加强监视：关注上游液位与雨量变化趋势,120
2026-08-17 18:15:00,5487.7,0.686,蓝色,加强监视：关注上游液位与雨量变化趋势,120
2026-08-17 18:20:00,5478.5,0.685,蓝色,加强监视：关注上游液位与雨量变化趋势,120
2026-08-17 18:25:00,5460.3,0.683,蓝色,加强监视：关注上游液位与雨量变化趋势,120
2026-08-17 18:30:00,5464.8,0.683,蓝色,加强监视：关注上游液位与雨量变化趋势,120
2026-08-17 18:35:00,5460.7,0.683,蓝色,加强监视：关注上游液位与雨量变化趋势,120
2026-08-17 18:40:00,5467.2,0.683,蓝色,加强监视：关注上游液位与雨量变化趋势,120
2026-08-17 18:45:00,5438.1,0.68,蓝色,加强监视：关注上游液位与雨量变化趋势,120
2026-08-17 18:50:00,5406.1,0.676,蓝色,加强监视：关注上游液位与雨量变化趋势,120
2026-08-17 18:55:00,5790.1,0.724,蓝色,加强监视：关注上游液位与雨量变化趋势,120
2026-08-17 19:00:00,5442.3,0.68,蓝色,加强监视：关注上游液位与雨量变化趋势,120
2026-08-17 19:05:00,5394.1,0.674,蓝色,加强监视：关注上游液位与雨量变化趋势,120
2026-08-17 19:10:00,5356.9,0.67,蓝色,加强监视：关注上游液位与雨量变化趋势,120
2026-08-17 19:15:00,5358.4,0.67,蓝色,加强监视：关注上游液位与雨量变化趋势,120
2026-08-17 19:20:00,5283.6,0.66,蓝色,加强监视：关注上游液位与雨量变化趋势,120
2026-08-17 19:25:00,5576.7,0.697,蓝色,加强监视：关注上游液位与雨量变化趋势,120
2026-08-17 19:30:00,5340.2,0.668,蓝色,加强监视：关注上游液位与雨量变化趋势,120
2026-08-17 19:35:00,5284.1,0.661,蓝色,加强监视：关注上游液位与雨量变化趋势,120
2026-08-17 19:40:00,5158.7,0.645,蓝色,加强监视：关注上游液位与雨量变化趋势,120
2026-08-17 19:45:00,5230.7,0.654,蓝色,加强监视：关注上游液位与雨量变化趋势,120
2026-08-17 19:50:00,5261.8,0.658,蓝色,加强监视：关注上游液位与雨量变化趋势,120
2026-08-17 19:55:00,5212.1,0.652,蓝色,加强监视：关注上游液位与雨量变化趋势,120
2026-08-17 20:00:00,5101.8,0.638,蓝色,加强监视：关注上游液位与雨量变化趋势,120
2026-08-17 20:05:00,5214.6,0.652,蓝色,加强监视：关注上游液位与雨量变化趋势,120
2026-08-17 20:10:00,5049.0,0.631,蓝色,加强监视：关注上游液位与雨量变化趋势,120
2026-08-17 20:15:00,4988.8,0.624,蓝色,加强监视：关注上游液位与雨量变化趋势,120
2026-08-17 20:20:00,4900.3,0.613,蓝色,加强监视：关注上游液位与雨量变化趋势,120
2026-08-17 20:25:00,4909.2,0.614,蓝色,加强监视：关注上游液位与雨量变化趋势,120
2026-08-17 20:30:00,5011.6,0.626,蓝色,加强监视：关注上游液位与雨量变化趋势,120
2026-08-17 20:35:00,4867.3,0.608,蓝色,加强监视：关注上游液位与雨量变化趋势,120
2026-08-17 20:40:00,4883.6,0.61,蓝色,加强监视：关注上游液位与雨量变化趋势,120
2026-08-17 20:45:00,4804.3,0.601,蓝色,加强监视：关注上游液位与雨量变化趋势,120
2026-08-17 20:50:00,4837.2,0.605,蓝色,加强监视：关注上游液位与雨量变化趋势,120
2026-08-17 20:55:00,4817.8,0.602,蓝色,加强监视：关注上游液位与雨量变化趋势,120
2026-08-17 21:00:00,4784.8,0.598,正常,常规运行,120
2026-08-17 21:05:00,4703.9,0.588,正常,常规运行,120
2026-08-17 21:10:00,4692.8,0.587,正常,常规运行,120
2026-08-17 21:15:00,4675.5,0.584,正常,常规运行,120
2026-08-17 21:20:00,4630.2,0.579,正常,常规运行,120
2026-08-17 21:25:00,4606.3,0.576,正常,常规运行,120
2026-08-17 21:30:00,4576.8,0.572,正常,常规运行,120
2026-08-17 21:35:00,4597.1,0.575,正常,常规运行,120
2026-08-17 21:40:00,4552.0,0.569,正常,常规运行,120
2026-08-17 21:45:00,4562.8,0.57,正常,常规运行,120
2026-08-17 21:50:00,4510.6,0.564,正常,常规运行,120
2026-08-17 21:55:00,4431.7,0.554,正常,常规运行,120
2026-08-17 22:00:00,4193.0,0.524,正常,常规运行,120
2026-08-17 22:05:00,4272.1,0.534,正常,常规运行,120
2026-08-17 22:10:00,4003.0,0.5,正常,常规运行,120
2026-08-17 22:15:00,4060.6,0.508,正常,常规运行,120
2026-08-17 22:20:00,3974.8,0.497,正常,常规运行,120
2026-08-17 22:25:00,4014.4,0.502,正常,常规运行,120
2026-08-17 22:30:00,3891.4,0.486,正常,常规运行,120
2026-08-17 22:35:00,3957.2,0.495,正常,常规运行,120
2026-08-17 22:40:00,3809.1,0.476,正常,常规运行,120
2026-08-17 22:45:00,3860.4,0.483,正常,常规运行,120
2026-08-17 22:50:00,3817.6,0.477,正常,常规运行,120
2026-08-17 22:55:00,3862.5,0.483,正常,常规运行,120
2026-08-17 23:00:00,3716.6,0.465,正常,常规运行,120
2026-08-17 23:05:00,3759.5,0.47,正常,常规运行,120
2026-08-17 23:10:00,3674.7,0.459,正常,常规运行,120
2026-08-17 23:15:00,3560.8,0.445,正常,常规运行,120
2026-08-17 23:20:00,3585.1,0.448,正常,常规运行,120
2026-08-17 23:25:00,3561.0,0.445,正常,常规运行,120
2026-08-17 23:30:00,3551.0,0.444,正常,常规运行,120
2026-08-17 23:35:00,3517.3,0.44,正常,常规运行,120
2026-08-17 23:40:00,3414.7,0.427,正常,常规运行,120
2026-08-17 23:45:00,3426.3,0.428,正常,常规运行,120
2026-08-17 23:50:00,3366.0,0.421,正常,常规运行,120
2026-08-17 23:55:00,3267.2,0.408,正常,常规运行,120
2026-08-18 00:00:00,3259.8,0.407,正常,常规运行,120
2026-08-18 00:05:00,3164.9,0.396,正常,常规运行,120
2026-08-18 00:10:00,3174.9,0.397,正常,常规运行,120
2026-08-18 00:15:00,3137.6,0.392,正常,常规运行,120
2026-08-18 00:20:00,3092.2,0.387,正常,常规运行,120
2026-08-18 00:25:00,3055.6,0.382,正常,常规运行,120
2026-08-18 00:30:00,3051.5,0.381,正常,常规运行,120
2026-08-18 00:35:00,3028.5,0.379,正常,常规运行,120
2026-08-18 00:40:00,2984.1,0.373,正常,常规运行,120
2026-08-18 00:45:00,2991.4,0.374,正常,常规运行,120
2026-08-18 00:50:00,2882.3,0.36,正常,常规运行,120
2026-08-18 00:55:00,2881.0,0.36,正常,常规运行,120
2026-08-18 01:00:00,2857.1,0.357,正常,常规运行,120
2026-08-18 01:05:00,2863.7,0.358,正常,常规运行,120
2026-08-18 01:10:00,2829.9,0.354,正常,常规运行,120
2026-08-18 01:15:00,2830.4,0.354,正常,常规运行,120
2026-08-18 01:20:00,2850.9,0.356,正常,常规运行,120
2026-08-18 01:25:00,2882.2,0.36,正常,常规运行,120
2026-08-18 01:30:00,2906.1,0.363,正常,常规运行,120
2026-08-18 01:35:00,2862.3,0.358,正常,常规运行,120
2026-08-18 01:40:00,2835.5,0.354,正常,常规运行,120
2026-08-18 01:45:00,2875.7,0.359,正常,常规运行,120
2026-08-18 01:50:00,2870.5,0.359,正常,常规运行,120
2026-08-18 01:55:00,2942.6,0.368,正常,常规运行,120
2026-08-18 02:00:00,2893.7,0.362,正常,常规运行,120
2026-08-18 02:05:00,2925.4,0.366,正常,常规运行,120
2026-08-18 02:10:00,2959.0,0.37,正常,常规运行,120
2026-08-18 02:15:00,3003.3,0.375,正常,常规运行,120
2026-08-18 02:20:00,2978.6,0.372,正常,常规运行,120
2026-08-18 02:25:00,3027.9,0.378,正常,常规运行,120
2026-08-18 02:30:00,3161.3,0.395,正常,常规运行,120
2026-08-18 02:35:00,3197.2,0.4,正常,常规运行,120
2026-08-18 02:40:00,3256.3,0.407,正常,常规运行,120
2026-08-18 02:45:00,3201.2,0.4,正常,常规运行,120
2026-08-18 02:50:00,3444.4,0.431,正常,常规运行,120
2026-08-18 02:55:00,3353.9,0.419,正常,常规运行,120
2026-08-18 03:00:00,3443.9,0.43,正常,常规运行,120
2026-08-18 03:05:00,3459.0,0.432,正常,常规运行,120
2026-08-18 03:10:00,3558.1,0.445,正常,常规运行,120
2026-08-18 03:15:00,3600.2,0.45,正常,常规运行,120
2026-08-18 03:20:00,3787.3,0.473,正常,常规运行,120
2026-08-18 03:25:00,3732.3,0.467,正常,常规运行,120
2026-08-18 03:30:00,3861.8,0.483,正常,常规运行,120
2026-08-18 03:35:00,3957.0,0.495,正常,常规运行,120
2026-08-18 03:40:00,3989.9,0.499,正常,常规运行,120
2026-08-18 03:45:00,4026.7,0.503,正常,常规运行,120
2026-08-18 03:50:00,4164.2,0.521,正常,常规运行,120
2026-08-18 03:55:00,4140.6,0.518,正常,常规运行,120
2026-08-18 04:00:00,4235.8,0.529,正常,常规运行,120
2026-08-18 04:05:00,4328.1,0.541,正常,常规运行,120
2026-08-18 04:10:00,4404.0,0.551,正常,常规运行,120
2026-08-18 04:15:00,4421.6,0.553,正常,常规运行,120
2026-08-18 04:20:00,4499.4,0.562,正常,常规运行,120
2026-08-18 04:25:00,4503.5,0.563,正常,常规运行,120
2026-08-18 04:30:00,4655.0,0.582,正常,常规运行,120
2026-08-18 04:35:00,4664.8,0.583,正常,常规运行,120
2026-08-18 04:40:00,4854.4,0.607,蓝色,加强监视：关注上游液位与雨量变化趋势,120
2026-08-18 04:45:00,4760.2,0.595,正常,常规运行,120
2026-08-18 04:50:00,4871.0,0.609,蓝色,加强监视：关注上游液位与雨量变化趋势,120
2026-08-18 04:55:00,4986.3,0.623,蓝色,加强监视：关注上游液位与雨量变化趋势,120
2026-08-18 05:00:00,4940.7,0.618,蓝色,加强监视：关注上游液位与雨量变化趋势,120
2026-08-18 05:05:00,4935.3,0.617,蓝色,加强监视：关注上游液位与雨量变化趋势,120
2026-08-18 05:10:00,5071.6,0.634,蓝色,加强监视：关注上游液位与雨量变化趋势,120
2026-08-18 05:15:00,5524.2,0.691,蓝色,加强监视：关注上游液位与雨量变化趋势,120
2026-08-18 05:20:00,5133.5,0.642,蓝色,加强监视：关注上游液位与雨量变化趋势,120
2026-08-18 05:25:00,5213.1,0.652,蓝色,加强监视：关注上游液位与雨量变化趋势,120
2026-08-18 05:30:00,5281.8,0.66,蓝色,加强监视：关注上游液位与雨量变化趋势,120
2026-08-18 05:35:00,5359.6,0.67,蓝色,加强监视：关注上游液位与雨量变化趋势,120
2026-08-18 05:40:00,5736.6,0.717,蓝色,加强监视：关注上游液位与雨量变化趋势,120
2026-08-18 05:45:00,5470.2,0.684,蓝色,加强监视：关注上游液位与雨量变化趋势,120
2026-08-18 05:50:00,5750.1,0.719,蓝色,加强监视：关注上游液位与雨量变化趋势,120
2026-08-18 05:55:00,5459.4,0.682,蓝色,加强监视：关注上游液位与雨量变化趋势,120
2026-08-18 06:00:00,5864.9,0.733,蓝色,加强监视：关注上游液位与雨量变化趋势,120
2026-08-18 06:05:00,5418.5,0.677,蓝色,加强监视：关注上游液位与雨量变化趋势,120
2026-08-18 06:10:00,5497.0,0.687,蓝色,加强监视：关注上游液位与雨量变化趋势,120
2026-08-18 06:15:00,5911.0,0.739,蓝色,加强监视：关注上游液位与雨量变化趋势,120
2026-08-18 06:20:00,5554.5,0.694,蓝色,加强监视：关注上游液位与雨量变化趋势,120
2026-08-18 06:25:00,5551.2,0.694,蓝色,加强监视：关注上游液位与雨量变化趋势,120
2026-08-18 06:30:00,5740.4,0.718,蓝色,加强监视：关注上游液位与雨量变化趋势,120
2026-08-18 06:35:00,5618.5,0.702,蓝色,加强监视：关注上游液位与雨量变化趋势,120
2026-08-18 06:40:00,6845.9,0.856,黄色,雨前预抽空：预降各泵站前池液位，腾出调蓄容积,120
2026-08-18 06:45:00,5715.4,0.714,蓝色,加强监视：关注上游液位与雨量变化趋势,120
2026-08-18 06:50:00,5696.0,0.712,蓝色,加强监视：关注上游液位与雨量变化趋势,120
2026-08-18 06:55:00,6633.7,0.829,黄色,雨前预抽空：预降各泵站前池液位，腾出调蓄容积,120
2026-08-18 07:00:00,5643.1,0.705,蓝色,加强监视：关注上游液位与雨量变化趋势,120
2026-08-18 07:05:00,5675.9,0.709,蓝色,加强监视：关注上游液位与雨量变化趋势,120
2026-08-18 07:10:00,5630.2,0.704,蓝色,加强监视：关注上游液位与雨量变化趋势,120
2026-08-18 07:15:00,5667.8,0.708,蓝色,加强监视：关注上游液位与雨量变化趋势,120
2026-08-18 07:20:00,5618.6,0.702,蓝色,加强监视：关注上游液位与雨量变化趋势,120
2026-08-18 07:25:00,5600.9,0.7,蓝色,加强监视：关注上游液位与雨量变化趋势,120
2026-08-18 07:30:00,5627.1,0.703,蓝色,加强监视：关注上游液位与雨量变化趋势,120
2026-08-18 07:35:00,5612.1,0.702,蓝色,加强监视：关注上游液位与雨量变化趋势,120
2026-08-18 07:40:00,5578.3,0.697,蓝色,加强监视：关注上游液位与雨量变化趋势,120
2026-08-18 07:45:00,5531.4,0.691,蓝色,加强监视：关注上游液位与雨量变化趋势,120
2026-08-18 07:50:00,5723.7,0.715,蓝色,加强监视：关注上游液位与雨量变化趋势,120
2026-08-18 07:55:00,6128.2,0.766,蓝色,加强监视：关注上游液位与雨量变化趋势,120
2026-08-18 08:00:00,5441.2,0.68,蓝色,加强监视：关注上游液位与雨量变化趋势,120
2026-08-18 08:05:00,5451.5,0.681,蓝色,加强监视：关注上游液位与雨量变化趋势,120
2026-08-18 08:10:00,5416.8,0.677,蓝色,加强监视：关注上游液位与雨量变化趋势,120
2026-08-18 08:15:00,5395.6,0.674,蓝色,加强监视：关注上游液位与雨量变化趋势,120
2026-08-18 08:20:00,5390.6,0.674,蓝色,加强监视：关注上游液位与雨量变化趋势,120
2026-08-18 08:25:00,5407.9,0.676,蓝色,加强监视：关注上游液位与雨量变化趋势,120
2026-08-18 08:30:00,5370.6,0.671,蓝色,加强监视：关注上游液位与雨量变化趋势,120
2026-08-18 08:35:00,5336.5,0.667,蓝色,加强监视：关注上游液位与雨量变化趋势,120
2026-08-18 08:40:00,5288.8,0.661,蓝色,加强监视：关注上游液位与雨量变化趋势,120
2026-08-18 08:45:00,5236.9,0.655,蓝色,加强监视：关注上游液位与雨量变化趋势,120
2026-08-18 08:50:00,5203.5,0.65,蓝色,加强监视：关注上游液位与雨量变化趋势,120
2026-08-18 08:55:00,5279.2,0.66,蓝色,加强监视：关注上游液位与雨量变化趋势,120
2026-08-18 09:00:00,5179.7,0.647,蓝色,加强监视：关注上游液位与雨量变化趋势,120
2026-08-18 09:05:00,5142.0,0.643,蓝色,加强监视：关注上游液位与雨量变化趋势,120
2026-08-18 09:10:00,5093.7,0.637,蓝色,加强监视：关注上游液位与雨量变化趋势,120
2026-08-18 09:15:00,5022.2,0.628,蓝色,加强监视：关注上游液位与雨量变化趋势,120
2026-08-18 09:20:00,4963.3,0.62,蓝色,加强监视：关注上游液位与雨量变化趋势,120
2026-08-18 09:25:00,4920.1,0.615,蓝色,加强监视：关注上游液位与雨量变化趋势,120
2026-08-18 09:30:00,4964.0,0.62,蓝色,加强监视：关注上游液位与雨量变化趋势,120
2026-08-18 09:35:00,4953.6,0.619,蓝色,加强监视：关注上游液位与雨量变化趋势,120
2026-08-18 09:40:00,4918.8,0.615,蓝色,加强监视：关注上游液位与雨量变化趋势,120
2026-08-18 09:45:00,4871.9,0.609,蓝色,加强监视：关注上游液位与雨量变化趋势,120
2026-08-18 09:50:00,4811.5,0.601,蓝色,加强监视：关注上游液位与雨量变化趋势,120
2026-08-18 09:55:00,4810.8,0.601,蓝色,加强监视：关注上游液位与雨量变化趋势,120
2026-08-18 10:00:00,4711.9,0.589,正常,常规运行,120
2026-08-18 10:05:00,4629.4,0.579,正常,常规运行,120
2026-08-18 10:10:00,4703.6,0.588,正常,常规运行,120
2026-08-18 10:15:00,4634.1,0.579,正常,常规运行,120
2026-08-18 10:20:00,4621.2,0.578,正常,常规运行,120
2026-08-18 10:25:00,4564.1,0.571,正常,常规运行,120
2026-08-18 10:30:00,4704.5,0.588,正常,常规运行,120
2026-08-18 10:35:00,4598.6,0.575,正常,常规运行,120
2026-08-18 10:40:00,4553.9,0.569,正常,常规运行,120
2026-08-18 10:45:00,4475.2,0.559,正常,常规运行,120
2026-08-18 10:50:00,4514.0,0.564,正常,常规运行,120
2026-08-18 10:55:00,4512.9,0.564,正常,常规运行,120
2026-08-18 11:00:00,4483.6,0.56,正常,常规运行,120
2026-08-18 11:05:00,4437.9,0.555,正常,常规运行,120
2026-08-18 11:10:00,4394.1,0.549,正常,常规运行,120
2026-08-18 11:15:00,4449.5,0.556,正常,常规运行,120
2026-08-18 11:20:00,4386.8,0.548,正常,常规运行,120
2026-08-18 11:25:00,4386.9,0.548,正常,常规运行,120
2026-08-18 11:30:00,4393.5,0.549,正常,常规运行,120
2026-08-18 11:35:00,4407.2,0.551,正常,常规运行,120
2026-08-18 11:40:00,4381.3,0.548,正常,常规运行,120
2026-08-18 11:45:00,4401.4,0.55,正常,常规运行,120
2026-08-18 11:50:00,4418.7,0.552,正常,常规运行,120
2026-08-18 11:55:00,4452.7,0.557,正常,常规运行,120
2026-08-18 12:00:00,4354.2,0.544,正常,常规运行,120
2026-08-18 12:05:00,4393.3,0.549,正常,常规运行,120
2026-08-18 12:10:00,4350.6,0.544,正常,常规运行,120
2026-08-18 12:15:00,4399.0,0.55,正常,常规运行,120
2026-08-18 12:20:00,4420.1,0.553,正常,常规运行,120
2026-08-18 12:25:00,4387.3,0.548,正常,常规运行,120
2026-08-18 12:30:00,4363.9,0.545,正常,常规运行,120
2026-08-18 12:35:00,4433.0,0.554,正常,常规运行,120
2026-08-18 12:40:00,4344.3,0.543,正常,常规运行,120
2026-08-18 12:45:00,4361.0,0.545,正常,常规运行,120
2026-08-18 12:50:00,4398.0,0.55,正常,常规运行,120
2026-08-18 12:55:00,4398.6,0.55,正常,常规运行,120
2026-08-18 13:00:00,4370.4,0.546,正常,常规运行,120
2026-08-18 13:05:00,4319.3,0.54,正常,常规运行,120
2026-08-18 13:10:00,4418.0,0.552,正常,常规运行,120
2026-08-18 13:15:00,4387.9,0.548,正常,常规运行,120
2026-08-18 13:20:00,4510.9,0.564,正常,常规运行,120
2026-08-18 13:25:00,4457.4,0.557,正常,常规运行,120
2026-08-18 13:30:00,4518.2,0.565,正常,常规运行,120
2026-08-18 13:35:00,4496.4,0.562,正常,常规运行,120
2026-08-18 13:40:00,4511.6,0.564,正常,常规运行,120
2026-08-18 13:45:00,4512.6,0.564,正常,常规运行,120
2026-08-18 13:50:00,4519.9,0.565,正常,常规运行,120
2026-08-18 13:55:00,4541.6,0.568,正常,常规运行,120
2026-08-18 14:00:00,4552.2,0.569,正常,常规运行,120
2026-08-18 14:05:00,4569.4,0.571,正常,常规运行,120
2026-08-18 14:10:00,4575.4,0.572,正常,常规运行,120
2026-08-18 14:15:00,4625.1,0.578,正常,常规运行,120
2026-08-18 14:20:00,4617.8,0.577,正常,常规运行,120
2026-08-18 14:25:00,4658.5,0.582,正常,常规运行,120
2026-08-18 14:30:00,4636.0,0.58,正常,常规运行,120
2026-08-18 14:35:00,4611.2,0.576,正常,常规运行,120
2026-08-18 14:40:00,4665.0,0.583,正常,常规运行,120
2026-08-18 14:45:00,4690.5,0.586,正常,常规运行,120
2026-08-18 14:50:00,4778.6,0.597,正常,常规运行,120
2026-08-18 14:55:00,4746.5,0.593,正常,常规运行,120
2026-08-18 15:00:00,4774.3,0.597,正常,常规运行,120
2026-08-18 15:05:00,4797.6,0.6,正常,常规运行,120
2026-08-18 15:10:00,4815.2,0.602,蓝色,加强监视：关注上游液位与雨量变化趋势,120
2026-08-18 15:15:00,4907.0,0.613,蓝色,加强监视：关注上游液位与雨量变化趋势,120
2026-08-18 15:20:00,5062.3,0.633,蓝色,加强监视：关注上游液位与雨量变化趋势,120
2026-08-18 15:25:00,4914.9,0.614,蓝色,加强监视：关注上游液位与雨量变化趋势,120
2026-08-18 15:30:00,4982.6,0.623,蓝色,加强监视：关注上游液位与雨量变化趋势,120
2026-08-18 15:35:00,5033.9,0.629,蓝色,加强监视：关注上游液位与雨量变化趋势,120
2026-08-18 15:40:00,4957.0,0.62,蓝色,加强监视：关注上游液位与雨量变化趋势,120
2026-08-18 15:45:00,4995.4,0.624,蓝色,加强监视：关注上游液位与雨量变化趋势,120
2026-08-18 15:50:00,5078.8,0.635,蓝色,加强监视：关注上游液位与雨量变化趋势,120
2026-08-18 15:55:00,5095.4,0.637,蓝色,加强监视：关注上游液位与雨量变化趋势,120
2026-08-18 16:00:00,5037.9,0.63,蓝色,加强监视：关注上游液位与雨量变化趋势,120
2026-08-18 16:05:00,5127.6,0.641,蓝色,加强监视：关注上游液位与雨量变化趋势,120
2026-08-18 16:10:00,5135.3,0.642,蓝色,加强监视：关注上游液位与雨量变化趋势,120
2026-08-18 16:15:00,5345.7,0.668,蓝色,加强监视：关注上游液位与雨量变化趋势,120
2026-08-18 16:20:00,5461.2,0.683,蓝色,加强监视：关注上游液位与雨量变化趋势,120
2026-08-18 16:25:00,5415.0,0.677,蓝色,加强监视：关注上游液位与雨量变化趋势,120
2026-08-18 16:30:00,5215.2,0.652,蓝色,加强监视：关注上游液位与雨量变化趋势,120
2026-08-18 16:35:00,5208.8,0.651,蓝色,加强监视：关注上游液位与雨量变化趋势,120
2026-08-18 16:40:00,5463.4,0.683,蓝色,加强监视：关注上游液位与雨量变化趋势,120
2026-08-18 16:45:00,5297.3,0.662,蓝色,加强监视：关注上游液位与雨量变化趋势,120
2026-08-18 16:50:00,5363.2,0.67,蓝色,加强监视：关注上游液位与雨量变化趋势,120
2026-08-18 16:55:00,5390.9,0.674,蓝色,加强监视：关注上游液位与雨量变化趋势,120
2026-08-18 17:00:00,5410.6,0.676,蓝色,加强监视：关注上游液位与雨量变化趋势,120
2026-08-18 17:05:00,5455.1,0.682,蓝色,加强监视：关注上游液位与雨量变化趋势,120
2026-08-18 17:10:00,5417.8,0.677,蓝色,加强监视：关注上游液位与雨量变化趋势,120
2026-08-18 17:15:00,5461.7,0.683,蓝色,加强监视：关注上游液位与雨量变化趋势,120
2026-08-18 17:20:00,5454.1,0.682,蓝色,加强监视：关注上游液位与雨量变化趋势,120
2026-08-18 17:25:00,5491.1,0.686,蓝色,加强监视：关注上游液位与雨量变化趋势,120
2026-08-18 17:30:00,5441.4,0.68,蓝色,加强监视：关注上游液位与雨量变化趋势,120
2026-08-18 17:35:00,5426.1,0.678,蓝色,加强监视：关注上游液位与雨量变化趋势,120
2026-08-18 17:40:00,5474.8,0.684,蓝色,加强监视：关注上游液位与雨量变化趋势,120
2026-08-18 17:45:00,5488.9,0.686,蓝色,加强监视：关注上游液位与雨量变化趋势,120
2026-08-18 17:50:00,5473.2,0.684,蓝色,加强监视：关注上游液位与雨量变化趋势,120
2026-08-18 17:55:00,5840.9,0.73,蓝色,加强监视：关注上游液位与雨量变化趋势,120
2026-08-18 18:00:00,5490.4,0.686,蓝色,加强监视：关注上游液位与雨量变化趋势,120
2026-08-18 18:05:00,5478.6,0.685,蓝色,加强监视：关注上游液位与雨量变化趋势,120
2026-08-18 18:10:00,5501.2,0.688,蓝色,加强监视：关注上游液位与雨量变化趋势,120
2026-08-18 18:15:00,5771.6,0.721,蓝色,加强监视：关注上游液位与雨量变化趋势,120
2026-08-18 18:20:00,5484.9,0.686,蓝色,加强监视：关注上游液位与雨量变化趋势,120
2026-08-18 18:25:00,5441.8,0.68,蓝色,加强监视：关注上游液位与雨量变化趋势,120
2026-08-18 18:30:00,5493.1,0.687,蓝色,加强监视：关注上游液位与雨量变化趋势,120
2026-08-18 18:35:00,5435.6,0.679,蓝色,加强监视：关注上游液位与雨量变化趋势,120
2026-08-18 18:40:00,5483.7,0.685,蓝色,加强监视：关注上游液位与雨量变化趋势,120
2026-08-18 18:45:00,5419.1,0.677,蓝色,加强监视：关注上游液位与雨量变化趋势,120
2026-08-18 18:50:00,5399.0,0.675,蓝色,加强监视：关注上游液位与雨量变化趋势,120
2026-08-18 18:55:00,5408.9,0.676,蓝色,加强监视：关注上游液位与雨量变化趋势,120
2026-08-18 19:00:00,5405.3,0.676,蓝色,加强监视：关注上游液位与雨量变化趋势,120
2026-08-18 19:05:00,5327.5,0.666,蓝色,加强监视：关注上游液位与雨量变化趋势,120
2026-08-18 19:10:00,5292.1,0.662,蓝色,加强监视：关注上游液位与雨量变化趋势,120
2026-08-18 19:15:00,5295.1,0.662,蓝色,加强监视：关注上游液位与雨量变化趋势,120
2026-08-18 19:20:00,5238.3,0.655,蓝色,加强监视：关注上游液位与雨量变化趋势,120
2026-08-18 19:25:00,5276.7,0.66,蓝色,加强监视：关注上游液位与雨量变化趋势,120
2026-08-18 19:30:00,5264.5,0.658,蓝色,加强监视：关注上游液位与雨量变化趋势,120
2026-08-18 19:35:00,5180.9,0.648,蓝色,加强监视：关注上游液位与雨量变化趋势,120
2026-08-18 19:40:00,5207.9,0.651,蓝色,加强监视：关注上游液位与雨量变化趋势,120
2026-08-18 19:45:00,5189.7,0.649,蓝色,加强监视：关注上游液位与雨量变化趋势,120
2026-08-18 19:50:00,5156.3,0.645,蓝色,加强监视：关注上游液位与雨量变化趋势,120
2026-08-18 19:55:00,5121.0,0.64,蓝色,加强监视：关注上游液位与雨量变化趋势,120
2026-08-18 20:00:00,5140.4,0.643,蓝色,加强监视：关注上游液位与雨量变化趋势,120
2026-08-18 20:05:00,5100.5,0.638,蓝色,加强监视：关注上游液位与雨量变化趋势,120
2026-08-18 20:10:00,5103.9,0.638,蓝色,加强监视：关注上游液位与雨量变化趋势,120
2026-08-18 20:15:00,5104.2,0.638,蓝色,加强监视：关注上游液位与雨量变化趋势,120
2026-08-18 20:20:00,5007.3,0.626,蓝色,加强监视：关注上游液位与雨量变化趋势,120
2026-08-18 20:25:00,4969.5,0.621,蓝色,加强监视：关注上游液位与雨量变化趋势,120
2026-08-18 20:30:00,4988.9,0.624,蓝色,加强监视：关注上游液位与雨量变化趋势,120
2026-08-18 20:35:00,5053.8,0.632,蓝色,加强监视：关注上游液位与雨量变化趋势,120
2026-08-18 20:40:00,4883.3,0.61,蓝色,加强监视：关注上游液位与雨量变化趋势,120
2026-08-18 20:45:00,4883.6,0.61,蓝色,加强监视：关注上游液位与雨量变化趋势,120
2026-08-18 20:50:00,4869.2,0.609,蓝色,加强监视：关注上游液位与雨量变化趋势,120
2026-08-18 20:55:00,4842.8,0.605,蓝色,加强监视：关注上游液位与雨量变化趋势,120
2026-08-18 21:00:00,4783.1,0.598,正常,常规运行,120
2026-08-18 21:05:00,4843.4,0.605,蓝色,加强监视：关注上游液位与雨量变化趋势,120
2026-08-18 21:10:00,4791.8,0.599,正常,常规运行,120
2026-08-18 21:15:00,4765.7,0.596,正常,常规运行,120
2026-08-18 21:20:00,4702.8,0.588,正常,常规运行,120
2026-08-18 21:25:00,4669.6,0.584,正常,常规运行,120
2026-08-18 21:30:00,4873.3,0.609,蓝色,加强监视：关注上游液位与雨量变化趋势,120
2026-08-18 21:35:00,4698.9,0.587,正常,常规运行,120
2026-08-18 21:40:00,4671.4,0.584,正常,常规运行,120
2026-08-18 21:45:00,4632.8,0.579,正常,常规运行,120
2026-08-18 21:50:00,4627.6,0.578,正常,常规运行,120
2026-08-18 21:55:00,4510.8,0.564,正常,常规运行,120
2026-08-18 22:00:00,4283.5,0.535,正常,常规运行,120
2026-08-18 22:05:00,4229.1,0.529,正常,常规运行,120
2026-08-18 22:10:00,4051.6,0.506,正常,常规运行,120
2026-08-18 22:15:00,4043.5,0.505,正常,常规运行,120
2026-08-18 22:20:00,4038.9,0.505,正常,常规运行,120
2026-08-18 22:25:00,3967.9,0.496,正常,常规运行,120
2026-08-18 22:30:00,3971.6,0.496,正常,常规运行,120
2026-08-18 22:35:00,3970.0,0.496,正常,常规运行,120
2026-08-18 22:40:00,3884.9,0.486,正常,常规运行,120
2026-08-18 22:45:00,3806.0,0.476,正常,常规运行,120
2026-08-18 22:50:00,3806.0,0.476,正常,常规运行,120
2026-08-18 22:55:00,3752.4,0.469,正常,常规运行,120
2026-08-18 23:00:00,3664.6,0.458,正常,常规运行,120
2026-08-18 23:05:00,3699.0,0.462,正常,常规运行,120
2026-08-18 23:10:00,3743.0,0.468,正常,常规运行,120
2026-08-18 23:15:00,3551.0,0.444,正常,常规运行,120
2026-08-18 23:20:00,3634.6,0.454,正常,常规运行,120
2026-08-18 23:25:00,3460.0,0.433,正常,常规运行,120
2026-08-18 23:30:00,3558.8,0.445,正常,常规运行,120
2026-08-18 23:35:00,3420.6,0.428,正常,常规运行,120
2026-08-18 23:40:00,3420.4,0.428,正常,常规运行,120
2026-08-18 23:45:00,3448.3,0.431,正常,常规运行,120
2026-08-18 23:50:00,3352.5,0.419,正常,常规运行,120
2026-08-18 23:55:00,3278.1,0.41,正常,常规运行,120
2026-08-19 00:00:00,3282.0,0.41,正常,常规运行,120
2026-08-19 00:05:00,3158.8,0.395,正常,常规运行,120
2026-08-19 00:10:00,3131.0,0.391,正常,常规运行,120
2026-08-19 00:15:00,3109.6,0.389,正常,常规运行,120
2026-08-19 00:20:00,3076.9,0.385,正常,常规运行,120
2026-08-19 00:25:00,2994.2,0.374,正常,常规运行,120
2026-08-19 00:30:00,2977.8,0.372,正常,常规运行,120
2026-08-19 00:35:00,2941.1,0.368,正常,常规运行,120
2026-08-19 00:40:00,2943.2,0.368,正常,常规运行,120
2026-08-19 00:45:00,2934.8,0.367,正常,常规运行,120
2026-08-19 00:50:00,2904.1,0.363,正常,常规运行,120
2026-08-19 00:55:00,2875.7,0.359,正常,常规运行,120
2026-08-19 01:00:00,2884.2,0.361,正常,常规运行,120
2026-08-19 01:05:00,2880.5,0.36,正常,常规运行,120
2026-08-19 01:10:00,2820.1,0.353,正常,常规运行,120
2026-08-19 01:15:00,2819.8,0.352,正常,常规运行,120
2026-08-19 01:20:00,2814.0,0.352,正常,常规运行,120
2026-08-19 01:25:00,2813.9,0.352,正常,常规运行,120
2026-08-19 01:30:00,2805.3,0.351,正常,常规运行,120
2026-08-19 01:35:00,2807.2,0.351,正常,常规运行,120
2026-08-19 01:40:00,2797.7,0.35,正常,常规运行,120
2026-08-19 01:45:00,2791.3,0.349,正常,常规运行,120
2026-08-19 01:50:00,2815.7,0.352,正常,常规运行,120
2026-08-19 01:55:00,2900.9,0.363,正常,常规运行,120
2026-08-19 02:00:00,2867.7,0.358,正常,常规运行,120
2026-08-19 02:05:00,2969.8,0.371,正常,常规运行,120
2026-08-19 02:10:00,2941.1,0.368,正常,常规运行,120
2026-08-19 02:15:00,2938.4,0.367,正常,常规运行,120
2026-08-19 02:20:00,3007.7,0.376,正常,常规运行,120
2026-08-19 02:25:00,3092.4,0.387,正常,常规运行,120
2026-08-19 02:30:00,3074.6,0.384,正常,常规运行,120
2026-08-19 02:35:00,3178.0,0.397,正常,常规运行,120
2026-08-19 02:40:00,3176.2,0.397,正常,常规运行,120
2026-08-19 02:45:00,3317.5,0.415,正常,常规运行,120
2026-08-19 02:50:00,3275.5,0.409,正常,常规运行,120
2026-08-19 02:55:00,3377.8,0.422,正常,常规运行,120
2026-08-19 03:00:00,3366.2,0.421,正常,常规运行,120
2026-08-19 03:05:00,3415.5,0.427,正常,常规运行,120
2026-08-19 03:10:00,3497.7,0.437,正常,常规运行,120
2026-08-19 03:15:00,3646.9,0.456,正常,常规运行,120
2026-08-19 03:20:00,3636.1,0.455,正常,常规运行,120
2026-08-19 03:25:00,3701.3,0.463,正常,常规运行,120
2026-08-19 03:30:00,3847.6,0.481,正常,常规运行,120
2026-08-19 03:35:00,3907.5,0.488,正常,常规运行,120
2026-08-19 03:40:00,3909.5,0.489,正常,常规运行,120
2026-08-19 03:45:00,4002.8,0.5,正常,常规运行,120
2026-08-19 03:50:00,4112.6,0.514,正常,常规运行,120
2026-08-19 03:55:00,4121.7,0.515,正常,常规运行,120
2026-08-19 04:00:00,4242.8,0.53,正常,常规运行,120
2026-08-19 04:05:00,4248.6,0.531,正常,常规运行,120
2026-08-19 04:10:00,4499.9,0.562,正常,常规运行,120
2026-08-19 04:15:00,4414.6,0.552,正常,常规运行,120
2026-08-19 04:20:00,4434.6,0.554,正常,常规运行,120
2026-08-19 04:25:00,4474.0,0.559,正常,常规运行,120
2026-08-19 04:30:00,4782.4,0.598,正常,常规运行,120
2026-08-19 04:35:00,4654.6,0.582,正常,常规运行,120
2026-08-19 04:40:00,4640.5,0.58,正常,常规运行,120
2026-08-19 04:45:00,4730.2,0.591,正常,常规运行,120
2026-08-19 04:50:00,4774.3,0.597,正常,常规运行,120
2026-08-19 04:55:00,4907.1,0.613,蓝色,加强监视：关注上游液位与雨量变化趋势,120
2026-08-19 05:00:00,5007.2,0.626,蓝色,加强监视：关注上游液位与雨量变化趋势,120
2026-08-19 05:05:00,5018.4,0.627,蓝色,加强监视：关注上游液位与雨量变化趋势,120
2026-08-19 05:10:00,5040.2,0.63,蓝色,加强监视：关注上游液位与雨量变化趋势,120
2026-08-19 05:15:00,5660.5,0.708,蓝色,加强监视：关注上游液位与雨量变化趋势,120
2026-08-19 05:20:00,5162.5,0.645,蓝色,加强监视：关注上游液位与雨量变化趋势,120
2026-08-19 05:25:00,5147.4,0.643,蓝色,加强监视：关注上游液位与雨量变化趋势,120
2026-08-19 05:30:00,5288.2,0.661,蓝色,加强监视：关注上游液位与雨量变化趋势,120
2026-08-19 05:35:00,5353.2,0.669,蓝色,加强监视：关注上游液位与雨量变化趋势,120
2026-08-19 05:40:00,5329.4,0.666,蓝色,加强监视：关注上游液位与雨量变化趋势,120
2026-08-19 05:45:00,5388.8,0.674,蓝色,加强监视：关注上游液位与雨量变化趋势,120
2026-08-19 05:50:00,5376.0,0.672,蓝色,加强监视：关注上游液位与雨量变化趋势,120
2026-08-19 05:55:00,5422.8,0.678,蓝色,加强监视：关注上游液位与雨量变化趋势,120
2026-08-19 06:00:00,5494.4,0.687,蓝色,加强监视：关注上游液位与雨量变化趋势,120
2026-08-19 06:05:00,5475.3,0.684,蓝色,加强监视：关注上游液位与雨量变化趋势,120
2026-08-19 06:10:00,5474.5,0.684,蓝色,加强监视：关注上游液位与雨量变化趋势,120
2026-08-19 06:15:00,5501.4,0.688,蓝色,加强监视：关注上游液位与雨量变化趋势,120
2026-08-19 06:20:00,5442.2,0.68,蓝色,加强监视：关注上游液位与雨量变化趋势,120
2026-08-19 06:25:00,5595.4,0.699,蓝色,加强监视：关注上游液位与雨量变化趋势,120
2026-08-19 06:30:00,5491.9,0.686,蓝色,加强监视：关注上游液位与雨量变化趋势,120
2026-08-19 06:35:00,5615.5,0.702,蓝色,加强监视：关注上游液位与雨量变化趋势,120
2026-08-19 06:40:00,5968.1,0.746,蓝色,加强监视：关注上游液位与雨量变化趋势,120
2026-08-19 06:45:00,5541.4,0.693,蓝色,加强监视：关注上游液位与雨量变化趋势,120
2026-08-19 06:50:00,5930.8,0.741,蓝色,加强监视：关注上游液位与雨量变化趋势,120
2026-08-19 06:55:00,5595.3,0.699,蓝色,加强监视：关注上游液位与雨量变化趋势,120
2026-08-19 07:00:00,6759.5,0.845,黄色,雨前预抽空：预降各泵站前池液位，腾出调蓄容积,120
2026-08-19 07:05:00,6116.0,0.764,蓝色,加强监视：关注上游液位与雨量变化趋势,120
2026-08-19 07:10:00,5452.8,0.682,蓝色,加强监视：关注上游液位与雨量变化趋势,120
2026-08-19 07:15:00,5689.3,0.711,蓝色,加强监视：关注上游液位与雨量变化趋势,120
2026-08-19 07:20:00,5692.1,0.712,蓝色,加强监视：关注上游液位与雨量变化趋势,120
2026-08-19 07:25:00,5521.3,0.69,蓝色,加强监视：关注上游液位与雨量变化趋势,120
2026-08-19 07:30:00,5574.5,0.697,蓝色,加强监视：关注上游液位与雨量变化趋势,120
2026-08-19 07:35:00,5517.0,0.69,蓝色,加强监视：关注上游液位与雨量变化趋势,120
2026-08-19 07:40:00,5561.1,0.695,蓝色,加强监视：关注上游液位与雨量变化趋势,120
2026-08-19 07:45:00,5522.9,0.69,蓝色,加强监视：关注上游液位与雨量变化趋势,120
2026-08-19 07:50:00,5483.5,0.685,蓝色,加强监视：关注上游液位与雨量变化趋势,120
2026-08-19 07:55:00,5754.3,0.719,蓝色,加强监视：关注上游液位与雨量变化趋势,120
2026-08-19 08:00:00,5440.0,0.68,蓝色,加强监视：关注上游液位与雨量变化趋势,120
2026-08-19 08:05:00,5424.2,0.678,蓝色,加强监视：关注上游液位与雨量变化趋势,120
2026-08-19 08:10:00,5518.9,0.69,蓝色,加强监视：关注上游液位与雨量变化趋势,120
2026-08-19 08:15:00,5504.2,0.688,蓝色,加强监视：关注上游液位与雨量变化趋势,120
2026-08-19 08:20:00,5412.5,0.677,蓝色,加强监视：关注上游液位与雨量变化趋势,120
2026-08-19 08:25:00,5400.5,0.675,蓝色,加强监视：关注上游液位与雨量变化趋势,120
2026-08-19 08:30:00,5338.4,0.667,蓝色,加强监视：关注上游液位与雨量变化趋势,120
2026-08-19 08:35:00,5317.8,0.665,蓝色,加强监视：关注上游液位与雨量变化趋势,120
2026-08-19 08:40:00,5242.8,0.655,蓝色,加强监视：关注上游液位与雨量变化趋势,120
2026-08-19 08:45:00,5214.0,0.652,蓝色,加强监视：关注上游液位与雨量变化趋势,120
2026-08-19 08:50:00,5242.9,0.655,蓝色,加强监视：关注上游液位与雨量变化趋势,120
2026-08-19 08:55:00,5274.4,0.659,蓝色,加强监视：关注上游液位与雨量变化趋势,120
2026-08-19 09:00:00,5102.4,0.638,蓝色,加强监视：关注上游液位与雨量变化趋势,120
2026-08-19 09:05:00,5108.5,0.639,蓝色,加强监视：关注上游液位与雨量变化趋势,120
2026-08-19 09:10:00,5071.6,0.634,蓝色,加强监视：关注上游液位与雨量变化趋势,120
2026-08-19 09:15:00,5047.9,0.631,蓝色,加强监视：关注上游液位与雨量变化趋势,120
2026-08-19 09:20:00,5066.4,0.633,蓝色,加强监视：关注上游液位与雨量变化趋势,120
2026-08-19 09:25:00,4894.4,0.612,蓝色,加强监视：关注上游液位与雨量变化趋势,120
2026-08-19 09:30:00,4924.0,0.615,蓝色,加强监视：关注上游液位与雨量变化趋势,120
2026-08-19 09:35:00,4861.3,0.608,蓝色,加强监视：关注上游液位与雨量变化趋势,120
2026-08-19 09:40:00,4849.3,0.606,蓝色,加强监视：关注上游液位与雨量变化趋势,120
2026-08-19 09:45:00,4790.2,0.599,正常,常规运行,120
2026-08-19 09:50:00,4750.9,0.594,正常,常规运行,120
2026-08-19 09:55:00,4834.8,0.604,蓝色,加强监视：关注上游液位与雨量变化趋势,120
2026-08-19 10:00:00,4722.3,0.59,正常,常规运行,120
2026-08-19 10:05:00,4731.2,0.591,正常,常规运行,120
2026-08-19 10:10:00,4749.8,0.594,正常,常规运行,120
2026-08-19 10:15:00,4648.3,0.581,正常,常规运行,120
2026-08-19 10:20:00,4579.1,0.572,正常,常规运行,120
2026-08-19 10:25:00,4663.8,0.583,正常,常规运行,120
2026-08-19 10:30:00,4550.6,0.569,正常,常规运行,120
2026-08-19 10:35:00,4561.0,0.57,正常,常规运行,120
2026-08-19 10:40:00,4602.0,0.575,正常,常规运行,120
2026-08-19 10:45:00,4540.6,0.568,正常,常规运行,120
2026-08-19 10:50:00,4448.2,0.556,正常,常规运行,120
2026-08-19 10:55:00,4526.1,0.566,正常,常规运行,120
2026-08-19 11:00:00,4539.5,0.567,正常,常规运行,120
2026-08-19 11:05:00,4493.3,0.562,正常,常规运行,120
2026-08-19 11:10:00,4430.1,0.554,正常,常规运行,120
2026-08-19 11:15:00,4444.1,0.556,正常,常规运行,120
2026-08-19 11:20:00,4391.0,0.549,正常,常规运行,120
2026-08-19 11:25:00,4425.5,0.553,正常,常规运行,120
2026-08-19 11:30:00,4466.1,0.558,正常,常规运行,120
2026-08-19 11:35:00,4369.8,0.546,正常,常规运行,120
2026-08-19 11:40:00,4400.0,0.55,正常,常规运行,120
2026-08-19 11:45:00,4390.3,0.549,正常,常规运行,120
2026-08-19 11:50:00,4446.8,0.556,正常,常规运行,120
2026-08-19 11:55:00,4397.0,0.55,正常,常规运行,120
2026-08-19 12:00:00,4400.5,0.55,正常,常规运行,120
2026-08-19 12:05:00,4382.2,0.548,正常,常规运行,120
2026-08-19 12:10:00,4334.1,0.542,正常,常规运行,120
2026-08-19 12:15:00,4370.5,0.546,正常,常规运行,120
2026-08-19 12:20:00,4344.3,0.543,正常,常规运行,120
2026-08-19 12:25:00,4386.5,0.548,正常,常规运行,120
2026-08-19 12:30:00,4331.6,0.541,正常,常规运行,120
2026-08-19 12:35:00,4313.7,0.539,正常,常规运行,120
2026-08-19 12:40:00,4335.9,0.542,正常,常规运行,120
2026-08-19 12:45:00,4301.0,0.538,正常,常规运行,120
2026-08-19 12:50:00,4364.7,0.546,正常,常规运行,120
2026-08-19 12:55:00,4452.1,0.557,正常,常规运行,120
2026-08-19 13:00:00,4404.4,0.551,正常,常规运行,120
2026-08-19 13:05:00,4427.7,0.553,正常,常规运行,120
2026-08-19 13:10:00,4335.0,0.542,正常,常规运行,120
2026-08-19 13:15:00,4397.1,0.55,正常,常规运行,120
2026-08-19 13:20:00,4410.3,0.551,正常,常规运行,120
2026-08-19 13:25:00,4423.1,0.553,正常,常规运行,120
2026-08-19 13:30:00,4408.8,0.551,正常,常规运行,120
2026-08-19 13:35:00,4401.3,0.55,正常,常规运行,120
2026-08-19 13:40:00,4459.5,0.557,正常,常规运行,120
2026-08-19 13:45:00,4534.8,0.567,正常,常规运行,120
2026-08-19 13:50:00,4505.5,0.563,正常,常规运行,120
2026-08-19 13:55:00,4568.5,0.571,正常,常规运行,120
2026-08-19 14:00:00,4504.5,0.563,正常,常规运行,120
2026-08-19 14:05:00,4598.0,0.575,正常,常规运行,120
2026-08-19 14:10:00,4527.3,0.566,正常,常规运行,120
2026-08-19 14:15:00,4595.8,0.574,正常,常规运行,120
2026-08-19 14:20:00,4526.0,0.566,正常,常规运行,120
2026-08-19 14:25:00,4666.9,0.583,正常,常规运行,120
2026-08-19 14:30:00,4558.6,0.57,正常,常规运行,120
2026-08-19 14:35:00,4659.1,0.582,正常,常规运行,120
2026-08-19 14:40:00,4586.0,0.573,正常,常规运行,120
2026-08-19 14:45:00,4662.9,0.583,正常,常规运行,120
2026-08-19 14:50:00,4683.9,0.585,正常,常规运行,120
2026-08-19 14:55:00,4823.3,0.603,蓝色,加强监视：关注上游液位与雨量变化趋势,120
2026-08-19 15:00:00,4731.8,0.591,正常,常规运行,120
2026-08-19 15:05:00,4854.8,0.607,蓝色,加强监视：关注上游液位与雨量变化趋势,120
2026-08-19 15:10:00,4746.2,0.593,正常,常规运行,120
2026-08-19 15:15:00,4887.6,0.611,蓝色,加强监视：关注上游液位与雨量变化趋势,120
2026-08-19 15:20:00,4757.3,0.595,正常,常规运行,120
2026-08-19 15:25:00,4978.0,0.622,蓝色,加强监视：关注上游液位与雨量变化趋势,120
2026-08-19 15:30:00,4945.5,0.618,蓝色,加强监视：关注上游液位与雨量变化趋势,120
2026-08-19 15:35:00,5000.1,0.625,蓝色,加强监视：关注上游液位与雨量变化趋势,120
2026-08-19 15:40:00,4988.2,0.624,蓝色,加强监视：关注上游液位与雨量变化趋势,120
2026-08-19 15:45:00,5063.5,0.633,蓝色,加强监视：关注上游液位与雨量变化趋势,120
2026-08-19 15:50:00,5188.8,0.649,蓝色,加强监视：关注上游液位与雨量变化趋势,120
2026-08-19 15:55:00,5203.5,0.65,蓝色,加强监视：关注上游液位与雨量变化趋势,120
2026-08-19 16:00:00,5161.2,0.645,蓝色,加强监视：关注上游液位与雨量变化趋势,120
2026-08-19 16:05:00,5311.7,0.664,蓝色,加强监视：关注上游液位与雨量变化趋势,120
2026-08-19 16:10:00,5331.3,0.666,蓝色,加强监视：关注上游液位与雨量变化趋势,120
2026-08-19 16:15:00,5278.6,0.66,蓝色,加强监视：关注上游液位与雨量变化趋势,120
2026-08-19 16:20:00,5325.4,0.666,蓝色,加强监视：关注上游液位与雨量变化趋势,120
2026-08-19 16:25:00,5383.2,0.673,蓝色,加强监视：关注上游液位与雨量变化趋势,120
2026-08-19 16:30:00,5326.5,0.666,蓝色,加强监视：关注上游液位与雨量变化趋势,120
2026-08-19 16:35:00,5416.6,0.677,蓝色,加强监视：关注上游液位与雨量变化趋势,120
2026-08-19 16:40:00,5374.9,0.672,蓝色,加强监视：关注上游液位与雨量变化趋势,120
2026-08-19 16:45:00,5523.5,0.69,蓝色,加强监视：关注上游液位与雨量变化趋势,120
2026-08-19 16:50:00,5419.5,0.677,蓝色,加强监视：关注上游液位与雨量变化趋势,120
2026-08-19 16:55:00,5422.0,0.678,蓝色,加强监视：关注上游液位与雨量变化趋势,120
2026-08-19 17:00:00,5420.0,0.677,蓝色,加强监视：关注上游液位与雨量变化趋势,120
2026-08-19 17:05:00,5454.1,0.682,蓝色,加强监视：关注上游液位与雨量变化趋势,120
2026-08-19 17:10:00,5503.8,0.688,蓝色,加强监视：关注上游液位与雨量变化趋势,120
2026-08-19 17:15:00,6187.9,0.773,蓝色,加强监视：关注上游液位与雨量变化趋势,120
2026-08-19 17:20:00,5458.5,0.682,蓝色,加强监视：关注上游液位与雨量变化趋势,120
2026-08-19 17:25:00,5819.0,0.727,蓝色,加强监视：关注上游液位与雨量变化趋势,120
2026-08-19 17:30:00,5438.5,0.68,蓝色,加强监视：关注上游液位与雨量变化趋势,120
2026-08-19 17:35:00,5488.4,0.686,蓝色,加强监视：关注上游液位与雨量变化趋势,120
2026-08-19 17:40:00,5709.1,0.714,蓝色,加强监视：关注上游液位与雨量变化趋势,120
2026-08-19 17:45:00,5490.5,0.686,蓝色,加强监视：关注上游液位与雨量变化趋势,120
2026-08-19 17:50:00,5476.7,0.685,蓝色,加强监视：关注上游液位与雨量变化趋势,120
2026-08-19 17:55:00,5670.9,0.709,蓝色,加强监视：关注上游液位与雨量变化趋势,120
2026-08-19 18:00:00,5696.0,0.712,蓝色,加强监视：关注上游液位与雨量变化趋势,120
2026-08-19 18:05:00,5516.2,0.69,蓝色,加强监视：关注上游液位与雨量变化趋势,120
2026-08-19 18:10:00,5523.2,0.69,蓝色,加强监视：关注上游液位与雨量变化趋势,120
2026-08-19 18:15:00,5496.2,0.687,蓝色,加强监视：关注上游液位与雨量变化趋势,120
2026-08-19 18:20:00,5474.1,0.684,蓝色,加强监视：关注上游液位与雨量变化趋势,120
2026-08-19 18:25:00,5453.5,0.682,蓝色,加强监视：关注上游液位与雨量变化趋势,120
2026-08-19 18:30:00,5454.3,0.682,蓝色,加强监视：关注上游液位与雨量变化趋势,120
2026-08-19 18:35:00,5463.7,0.683,蓝色,加强监视：关注上游液位与雨量变化趋势,120
2026-08-19 18:40:00,5423.5,0.678,蓝色,加强监视：关注上游液位与雨量变化趋势,120
2026-08-19 18:45:00,5465.3,0.683,蓝色,加强监视：关注上游液位与雨量变化趋势,120
2026-08-19 18:50:00,5400.3,0.675,蓝色,加强监视：关注上游液位与雨量变化趋势,120
2026-08-19 18:55:00,5392.1,0.674,蓝色,加强监视：关注上游液位与雨量变化趋势,120
2026-08-19 19:00:00,5440.2,0.68,蓝色,加强监视：关注上游液位与雨量变化趋势,120
2026-08-19 19:05:00,5387.9,0.673,蓝色,加强监视：关注上游液位与雨量变化趋势,120
2026-08-19 19:10:00,5396.2,0.675,蓝色,加强监视：关注上游液位与雨量变化趋势,120
2026-08-19 19:15:00,5381.0,0.673,蓝色,加强监视：关注上游液位与雨量变化趋势,120
2026-08-19 19:20:00,5428.2,0.679,蓝色,加强监视：关注上游液位与雨量变化趋势,120
2026-08-19 19:25:00,5420.1,0.678,蓝色,加强监视：关注上游液位与雨量变化趋势,120
2026-08-19 19:30:00,5311.3,0.664,蓝色,加强监视：关注上游液位与雨量变化趋势,120
2026-08-19 19:35:00,5331.0,0.666,蓝色,加强监视：关注上游液位与雨量变化趋势,120
2026-08-19 19:40:00,5331.3,0.666,蓝色,加强监视：关注上游液位与雨量变化趋势,120
2026-08-19 19:45:00,5298.6,0.662,蓝色,加强监视：关注上游液位与雨量变化趋势,120
2026-08-19 19:50:00,5314.7,0.664,蓝色,加强监视：关注上游液位与雨量变化趋势,120
2026-08-19 19:55:00,5308.4,0.664,蓝色,加强监视：关注上游液位与雨量变化趋势,120
2026-08-19 20:00:00,5243.1,0.655,蓝色,加强监视：关注上游液位与雨量变化趋势,120
2026-08-19 20:05:00,5179.1,0.647,蓝色,加强监视：关注上游液位与雨量变化趋势,120
2026-08-19 20:10:00,5153.2,0.644,蓝色,加强监视：关注上游液位与雨量变化趋势,120
2026-08-19 20:15:00,5083.3,0.635,蓝色,加强监视：关注上游液位与雨量变化趋势,120
2026-08-19 20:20:00,5105.5,0.638,蓝色,加强监视：关注上游液位与雨量变化趋势,120
2026-08-19 20:25:00,5098.5,0.637,蓝色,加强监视：关注上游液位与雨量变化趋势,120
2026-08-19 20:30:00,4925.5,0.616,蓝色,加强监视：关注上游液位与雨量变化趋势,120
2026-08-19 20:35:00,4955.7,0.619,蓝色,加强监视：关注上游液位与雨量变化趋势,120
2026-08-19 20:40:00,4946.0,0.618,蓝色,加强监视：关注上游液位与雨量变化趋势,120
2026-08-19 20:45:00,4923.6,0.615,蓝色,加强监视：关注上游液位与雨量变化趋势,120
2026-08-19 20:50:00,4858.9,0.607,蓝色,加强监视：关注上游液位与雨量变化趋势,120
2026-08-19 20:55:00,4854.3,0.607,蓝色,加强监视：关注上游液位与雨量变化趋势,120
2026-08-19 21:00:00,4802.1,0.6,蓝色,加强监视：关注上游液位与雨量变化趋势,120
2026-08-19 21:05:00,4780.2,0.598,正常,常规运行,120
2026-08-19 21:10:00,4679.3,0.585,正常,常规运行,120
2026-08-19 21:15:00,4705.2,0.588,正常,常规运行,120
2026-08-19 21:20:00,4630.4,0.579,正常,常规运行,120
2026-08-19 21:25:00,4656.2,0.582,正常,常规运行,120
2026-08-19 21:30:00,4590.6,0.574,正常,常规运行,120
2026-08-19 21:35:00,4679.7,0.585,正常,常规运行,120
2026-08-19 21:40:00,4505.8,0.563,正常,常规运行,120
2026-08-19 21:45:00,4587.7,0.573,正常,常规运行,120
2026-08-19 21:50:00,4503.4,0.563,正常,常规运行,120
2026-08-19 21:55:00,4513.6,0.564,正常,常规运行,120
2026-08-19 22:00:00,4220.1,0.528,正常,常规运行,120
2026-08-19 22:05:00,4231.8,0.529,正常,常规运行,120
2026-08-19 22:10:00,4054.9,0.507,正常,常规运行,120
2026-08-19 22:15:00,4001.5,0.5,正常,常规运行,120
2026-08-19 22:20:00,4042.3,0.505,正常,常规运行,120
2026-08-19 22:25:00,4032.9,0.504,正常,常规运行,120
2026-08-19 22:30:00,4002.3,0.5,正常,常规运行,120
2026-08-19 22:35:00,3917.2,0.49,正常,常规运行,120
2026-08-19 22:40:00,3867.3,0.483,正常,常规运行,120
2026-08-19 22:45:00,3795.7,0.474,正常,常规运行,120
2026-08-19 22:50:00,3839.2,0.48,正常,常规运行,120
2026-08-19 22:55:00,3805.7,0.476,正常,常规运行,120
2026-08-19 23:00:00,3693.7,0.462,正常,常规运行,120
2026-08-19 23:05:00,3737.1,0.467,正常,常规运行,120
2026-08-19 23:10:00,3580.0,0.447,正常,常规运行,120
2026-08-19 23:15:00,3674.4,0.459,正常,常规运行,120
2026-08-19 23:20:00,3580.3,0.448,正常,常规运行,120
2026-08-19 23:25:00,3576.1,0.447,正常,常规运行,120
2026-08-19 23:30:00,3517.9,0.44,正常,常规运行,120
2026-08-19 23:35:00,3419.9,0.427,正常,常规运行,120
2026-08-19 23:40:00,3492.6,0.437,正常,常规运行,120
2026-08-19 23:45:00,3323.0,0.415,正常,常规运行,120
2026-08-19 23:50:00,3373.7,0.422,正常,常规运行,120
2026-08-19 23:55:00,3331.4,0.416,正常,常规运行,120
2026-08-20 00:00:00,3273.9,0.409,正常,常规运行,120
2026-08-20 00:05:00,3147.7,0.393,正常,常规运行,120
2026-08-20 00:10:00,3125.1,0.391,正常,常规运行,120
2026-08-20 00:15:00,3092.1,0.387,正常,常规运行,120
2026-08-20 00:20:00,3042.9,0.38,正常,常规运行,120
2026-08-20 00:25:00,3031.3,0.379,正常,常规运行,120
2026-08-20 00:30:00,2953.6,0.369,正常,常规运行,120
2026-08-20 00:35:00,2918.9,0.365,正常,常规运行,120
2026-08-20 00:40:00,2880.6,0.36,正常,常规运行,120
2026-08-20 00:45:00,2870.2,0.359,正常,常规运行,120
2026-08-20 00:50:00,2871.1,0.359,正常,常规运行,120
2026-08-20 00:55:00,2847.8,0.356,正常,常规运行,120
2026-08-20 01:00:00,2826.1,0.353,正常,常规运行,120
2026-08-20 01:05:00,2795.4,0.349,正常,常规运行,120
2026-08-20 01:10:00,2911.9,0.364,正常,常规运行,120
2026-08-20 01:15:00,2831.3,0.354,正常,常规运行,120
2026-08-20 01:20:00,2839.6,0.355,正常,常规运行,120
2026-08-20 01:25:00,2816.1,0.352,正常,常规运行,120
2026-08-20 01:30:00,2785.7,0.348,正常,常规运行,120
2026-08-20 01:35:00,2815.8,0.352,正常,常规运行,120
2026-08-20 01:40:00,2825.2,0.353,正常,常规运行,120
2026-08-20 01:45:00,2797.1,0.35,正常,常规运行,120
2026-08-20 01:50:00,2837.0,0.355,正常,常规运行,120
2026-08-20 01:55:00,2820.3,0.353,正常,常规运行,120
2026-08-20 02:00:00,2917.3,0.365,正常,常规运行,120
2026-08-20 02:05:00,2931.2,0.366,正常,常规运行,120
2026-08-20 02:10:00,2974.1,0.372,正常,常规运行,120
2026-08-20 02:15:00,2926.3,0.366,正常,常规运行,120
2026-08-20 02:20:00,3018.9,0.377,正常,常规运行,120
2026-08-20 02:25:00,3069.5,0.384,正常,常规运行,120
2026-08-20 02:30:00,3066.0,0.383,正常,常规运行,120
2026-08-20 02:35:00,3145.2,0.393,正常,常规运行,120
2026-08-20 02:40:00,3241.9,0.405,正常,常规运行,120
2026-08-20 02:45:00,3232.9,0.404,正常,常规运行,120
2026-08-20 02:50:00,3339.2,0.417,正常,常规运行,120
2026-08-20 02:55:00,3385.8,0.423,正常,常规运行,120
2026-08-20 03:00:00,3454.2,0.432,正常,常规运行,120
2026-08-20 03:05:00,3482.7,0.435,正常,常规运行,120
2026-08-20 03:10:00,3581.6,0.448,正常,常规运行,120
2026-08-20 03:15:00,3556.1,0.445,正常,常规运行,120
2026-08-20 03:20:00,3802.2,0.475,正常,常规运行,120
2026-08-20 03:25:00,3783.6,0.473,正常,常规运行,120
2026-08-20 03:30:00,3822.9,0.478,正常,常规运行,120
2026-08-20 03:35:00,3932.3,0.492,正常,常规运行,120
2026-08-20 03:40:00,3870.2,0.484,正常,常规运行,120
2026-08-20 03:45:00,3961.3,0.495,正常,常规运行,120
2026-08-20 03:50:00,4021.5,0.503,正常,常规运行,120
2026-08-20 03:55:00,4151.7,0.519,正常,常规运行,120
2026-08-20 04:00:00,4215.1,0.527,正常,常规运行,120
2026-08-20 04:05:00,4511.8,0.564,正常,常规运行,120
2026-08-20 04:10:00,4457.3,0.557,正常,常规运行,120
2026-08-20 04:15:00,4405.4,0.551,正常,常规运行,120
2026-08-20 04:20:00,4674.8,0.584,正常,常规运行,120
2026-08-20 04:25:00,4603.0,0.575,正常,常规运行,120
2026-08-20 04:30:00,4657.8,0.582,正常,常规运行,120
2026-08-20 04:35:00,4619.4,0.577,正常,常规运行,120
2026-08-20 04:40:00,4774.4,0.597,正常,常规运行,120
2026-08-20 04:45:00,4708.6,0.589,正常,常规运行,120
2026-08-20 04:50:00,5096.1,0.637,蓝色,加强监视：关注上游液位与雨量变化趋势,120
2026-08-20 04:55:00,4915.7,0.614,蓝色,加强监视：关注上游液位与雨量变化趋势,120
2026-08-20 05:00:00,4939.9,0.617,蓝色,加强监视：关注上游液位与雨量变化趋势,120
2026-08-20 05:05:00,4980.5,0.623,蓝色,加强监视：关注上游液位与雨量变化趋势,120
2026-08-20 05:10:00,5072.3,0.634,蓝色,加强监视：关注上游液位与雨量变化趋势,120
2026-08-20 05:15:00,5121.1,0.64,蓝色,加强监视：关注上游液位与雨量变化趋势,120
2026-08-20 05:20:00,5586.1,0.698,蓝色,加强监视：关注上游液位与雨量变化趋势,120
2026-08-20 05:25:00,5220.6,0.653,蓝色,加强监视：关注上游液位与雨量变化趋势,120
2026-08-20 05:30:00,5210.9,0.651,蓝色,加强监视：关注上游液位与雨量变化趋势,120
2026-08-20 05:35:00,5270.9,0.659,蓝色,加强监视：关注上游液位与雨量变化趋势,120
2026-08-20 05:40:00,5301.3,0.663,蓝色,加强监视：关注上游液位与雨量变化趋势,120
2026-08-20 05:45:00,5335.4,0.667,蓝色,加强监视：关注上游液位与雨量变化趋势,120
2026-08-20 05:50:00,5402.8,0.675,蓝色,加强监视：关注上游液位与雨量变化趋势,120
2026-08-20 05:55:00,5331.9,0.666,蓝色,加强监视：关注上游液位与雨量变化趋势,120
2026-08-20 06:00:00,5461.0,0.683,蓝色,加强监视：关注上游液位与雨量变化趋势,120
2026-08-20 06:05:00,5455.4,0.682,蓝色,加强监视：关注上游液位与雨量变化趋势,120
2026-08-20 06:10:00,5514.3,0.689,蓝色,加强监视：关注上游液位与雨量变化趋势,120
2026-08-20 06:15:00,5479.9,0.685,蓝色,加强监视：关注上游液位与雨量变化趋势,120
2026-08-20 06:20:00,5481.1,0.685,蓝色,加强监视：关注上游液位与雨量变化趋势,120
2026-08-20 06:25:00,6213.9,0.777,蓝色,加强监视：关注上游液位与雨量变化趋势,120
2026-08-20 06:30:00,6366.8,0.796,蓝色,加强监视：关注上游液位与雨量变化趋势,120
2026-08-20 06:35:00,5476.0,0.684,蓝色,加强监视：关注上游液位与雨量变化趋势,120
2026-08-20 06:40:00,6707.7,0.838,黄色,雨前预抽空：预降各泵站前池液位，腾出调蓄容积,120
2026-08-20 06:45:00,5559.3,0.695,蓝色,加强监视：关注上游液位与雨量变化趋势,120
2026-08-20 06:50:00,7434.8,0.929,黄色,雨前预抽空：预降各泵站前池液位，腾出调蓄容积,120
2026-08-20 06:55:00,5613.3,0.702,蓝色,加强监视：关注上游液位与雨量变化趋势,120
2026-08-20 07:00:00,6819.2,0.852,黄色,雨前预抽空：预降各泵站前池液位，腾出调蓄容积,120
2026-08-20 07:05:00,7889.9,0.986,橙色,彭越浦总站错峰：上游支线泵站延迟 30~60min 开泵，削峰错时进厂,120
2026-08-20 07:10:00,6750.9,0.844,黄色,雨前预抽空：预降各泵站前池液位，腾出调蓄容积,120
2026-08-20 07:15:00,5492.0,0.687,蓝色,加强监视：关注上游液位与雨量变化趋势,120
2026-08-20 07:20:00,5674.9,0.709,蓝色,加强监视：关注上游液位与雨量变化趋势,120
2026-08-20 07:25:00,5591.4,0.699,蓝色,加强监视：关注上游液位与雨量变化趋势,120
2026-08-20 07:30:00,5682.2,0.71,蓝色,加强监视：关注上游液位与雨量变化趋势,120
2026-08-20 07:35:00,5647.6,0.706,蓝色,加强监视：关注上游液位与雨量变化趋势,120
2026-08-20 07:40:00,5589.2,0.699,蓝色,加强监视：关注上游液位与雨量变化趋势,120
2026-08-20 07:45:00,5566.6,0.696,蓝色,加强监视：关注上游液位与雨量变化趋势,120
2026-08-20 07:50:00,5531.2,0.691,蓝色,加强监视：关注上游液位与雨量变化趋势,120
2026-08-20 07:55:00,5465.0,0.683,蓝色,加强监视：关注上游液位与雨量变化趋势,120
2026-08-20 08:00:00,5448.3,0.681,蓝色,加强监视：关注上游液位与雨量变化趋势,120
2026-08-20 08:05:00,5524.2,0.691,蓝色,加强监视：关注上游液位与雨量变化趋势,120
2026-08-20 08:10:00,5461.0,0.683,蓝色,加强监视：关注上游液位与雨量变化趋势,120
2026-08-20 08:15:00,5398.4,0.675,蓝色,加强监视：关注上游液位与雨量变化趋势,120
2026-08-20 08:20:00,5359.3,0.67,蓝色,加强监视：关注上游液位与雨量变化趋势,120
2026-08-20 08:25:00,5375.6,0.672,蓝色,加强监视：关注上游液位与雨量变化趋势,120
2026-08-20 08:30:00,5137.4,0.642,蓝色,加强监视：关注上游液位与雨量变化趋势,120
2026-08-20 08:35:00,5257.1,0.657,蓝色,加强监视：关注上游液位与雨量变化趋势,120
2026-08-20 08:40:00,5272.6,0.659,蓝色,加强监视：关注上游液位与雨量变化趋势,120
2026-08-20 08:45:00,5221.4,0.653,蓝色,加强监视：关注上游液位与雨量变化趋势,120
2026-08-20 08:50:00,5109.5,0.639,蓝色,加强监视：关注上游液位与雨量变化趋势,120
2026-08-20 08:55:00,5264.3,0.658,蓝色,加强监视：关注上游液位与雨量变化趋势,120
2026-08-20 09:00:00,5211.9,0.651,蓝色,加强监视：关注上游液位与雨量变化趋势,120
2026-08-20 09:05:00,5079.2,0.635,蓝色,加强监视：关注上游液位与雨量变化趋势,120
2026-08-20 09:10:00,5089.2,0.636,蓝色,加强监视：关注上游液位与雨量变化趋势,120
2026-08-20 09:15:00,5083.4,0.635,蓝色,加强监视：关注上游液位与雨量变化趋势,120
2026-08-20 09:20:00,4991.1,0.624,蓝色,加强监视：关注上游液位与雨量变化趋势,120
2026-08-20 09:25:00,4961.5,0.62,蓝色,加强监视：关注上游液位与雨量变化趋势,120
2026-08-20 09:30:00,4822.7,0.603,蓝色,加强监视：关注上游液位与雨量变化趋势,120
2026-08-20 09:35:00,4796.6,0.6,正常,常规运行,120
2026-08-20 09:40:00,4861.1,0.608,蓝色,加强监视：关注上游液位与雨量变化趋势,120
2026-08-20 09:45:00,4738.4,0.592,正常,常规运行,120
2026-08-20 09:50:00,4805.6,0.601,蓝色,加强监视：关注上游液位与雨量变化趋势,120
2026-08-20 09:55:00,4778.3,0.597,正常,常规运行,120
2026-08-20 10:00:00,4783.8,0.598,正常,常规运行,120
2026-08-20 10:05:00,4701.4,0.588,正常,常规运行,120
2026-08-20 10:10:00,4738.0,0.592,正常,常规运行,120
2026-08-20 10:15:00,4745.7,0.593,正常,常规运行,120
2026-08-20 10:20:00,4661.5,0.583,正常,常规运行,120
2026-08-20 10:25:00,4650.6,0.581,正常,常规运行,120
2026-08-20 10:30:00,4621.8,0.578,正常,常规运行,120
2026-08-20 10:35:00,4621.4,0.578,正常,常规运行,120
2026-08-20 10:40:00,4507.0,0.563,正常,常规运行,120
2026-08-20 10:45:00,4578.5,0.572,正常,常规运行,120
2026-08-20 10:50:00,4597.7,0.575,正常,常规运行,120
2026-08-20 10:55:00,4521.3,0.565,正常,常规运行,120
2026-08-20 11:00:00,4450.6,0.556,正常,常规运行,120
2026-08-20 11:05:00,4475.7,0.559,正常,常规运行,120
2026-08-20 11:10:00,4467.4,0.558,正常,常规运行,120
2026-08-20 11:15:00,4396.3,0.55,正常,常规运行,120
2026-08-20 11:20:00,4465.4,0.558,正常,常规运行,120
2026-08-20 11:25:00,4418.7,0.552,正常,常规运行,120
2026-08-20 11:30:00,4423.5,0.553,正常,常规运行,120
2026-08-20 11:35:00,4374.9,0.547,正常,常规运行,120
2026-08-20 11:40:00,4378.6,0.547,正常,常规运行,120
2026-08-20 11:45:00,4348.6,0.544,正常,常规运行,120
2026-08-20 11:50:00,4451.6,0.556,正常,常规运行,120
2026-08-20 11:55:00,4335.2,0.542,正常,常规运行,120
2026-08-20 12:00:00,4376.4,0.547,正常,常规运行,120
2026-08-20 12:05:00,4334.2,0.542,正常,常规运行,120
2026-08-20 12:10:00,4371.1,0.546,正常,常规运行,120
2026-08-20 12:15:00,4300.6,0.538,正常,常规运行,120
2026-08-20 12:20:00,4315.4,0.539,正常,常规运行,120
2026-08-20 12:25:00,4388.6,0.549,正常,常规运行,120
2026-08-20 12:30:00,4344.7,0.543,正常,常规运行,120
2026-08-20 12:35:00,4377.8,0.547,正常,常规运行,120
2026-08-20 12:40:00,4366.2,0.546,正常,常规运行,120
2026-08-20 12:45:00,4417.4,0.552,正常,常规运行,120
2026-08-20 12:50:00,4355.7,0.544,正常,常规运行,120
2026-08-20 12:55:00,4387.2,0.548,正常,常规运行,120
2026-08-20 13:00:00,4424.4,0.553,正常,常规运行,120
2026-08-20 13:05:00,4427.3,0.553,正常,常规运行,120
2026-08-20 13:10:00,4417.9,0.552,正常,常规运行,120
2026-08-20 13:15:00,4404.9,0.551,正常,常规运行,120
2026-08-20 13:20:00,4409.9,0.551,正常,常规运行,120
2026-08-20 13:25:00,4388.6,0.549,正常,常规运行,120
2026-08-20 13:30:00,4447.7,0.556,正常,常规运行,120
2026-08-20 13:35:00,4464.5,0.558,正常,常规运行,120
2026-08-20 13:40:00,4403.2,0.55,正常,常规运行,120
2026-08-20 13:45:00,4460.7,0.558,正常,常规运行,120
2026-08-20 13:50:00,4503.2,0.563,正常,常规运行,120
2026-08-20 13:55:00,4425.6,0.553,正常,常规运行,120
2026-08-20 14:00:00,4467.8,0.558,正常,常规运行,120
2026-08-20 14:05:00,4541.9,0.568,正常,常规运行,120
2026-08-20 14:10:00,4623.9,0.578,正常,常规运行,120
2026-08-20 14:15:00,4555.0,0.569,正常,常规运行,120
2026-08-20 14:20:00,4611.4,0.576,正常,常规运行,120
2026-08-20 14:25:00,4612.0,0.576,正常,常规运行,120
2026-08-20 14:30:00,4650.7,0.581,正常,常规运行,120
2026-08-20 14:35:00,4715.9,0.589,正常,常规运行,120
2026-08-20 14:40:00,4737.4,0.592,正常,常规运行,120
2026-08-20 14:45:00,4744.7,0.593,正常,常规运行,120
2026-08-20 14:50:00,4728.7,0.591,正常,常规运行,120
2026-08-20 14:55:00,4762.7,0.595,正常,常规运行,120
2026-08-20 15:00:00,4791.4,0.599,正常,常规运行,120
2026-08-20 15:05:00,4847.7,0.606,蓝色,加强监视：关注上游液位与雨量变化趋势,120
2026-08-20 15:10:00,4829.5,0.604,蓝色,加强监视：关注上游液位与雨量变化趋势,120
2026-08-20 15:15:00,4968.7,0.621,蓝色,加强监视：关注上游液位与雨量变化趋势,120
2026-08-20 15:20:00,4859.4,0.607,蓝色,加强监视：关注上游液位与雨量变化趋势,120
2026-08-20 15:25:00,5039.4,0.63,蓝色,加强监视：关注上游液位与雨量变化趋势,120
2026-08-20 15:30:00,4933.2,0.617,蓝色,加强监视：关注上游液位与雨量变化趋势,120
2026-08-20 15:35:00,4987.2,0.623,蓝色,加强监视：关注上游液位与雨量变化趋势,120
2026-08-20 15:40:00,4988.0,0.623,蓝色,加强监视：关注上游液位与雨量变化趋势,120
2026-08-20 15:45:00,5003.9,0.625,蓝色,加强监视：关注上游液位与雨量变化趋势,120
2026-08-20 15:50:00,5098.2,0.637,蓝色,加强监视：关注上游液位与雨量变化趋势,120
2026-08-20 15:55:00,5149.9,0.644,蓝色,加强监视：关注上游液位与雨量变化趋势,120
2026-08-20 16:00:00,5306.3,0.663,蓝色,加强监视：关注上游液位与雨量变化趋势,120
2026-08-20 16:05:00,5220.5,0.653,蓝色,加强监视：关注上游液位与雨量变化趋势,120
2026-08-20 16:10:00,5288.1,0.661,蓝色,加强监视：关注上游液位与雨量变化趋势,120
2026-08-20 16:15:00,5306.7,0.663,蓝色,加强监视：关注上游液位与雨量变化趋势,120
2026-08-20 16:20:00,5349.6,0.669,蓝色,加强监视：关注上游液位与雨量变化趋势,120
2026-08-20 16:25:00,5370.8,0.671,蓝色,加强监视：关注上游液位与雨量变化趋势,120
2026-08-20 16:30:00,5396.0,0.674,蓝色,加强监视：关注上游液位与雨量变化趋势,120
2026-08-20 16:35:00,5398.3,0.675,蓝色,加强监视：关注上游液位与雨量变化趋势,120
2026-08-20 16:40:00,5510.9,0.689,蓝色,加强监视：关注上游液位与雨量变化趋势,120
2026-08-20 16:45:00,5469.7,0.684,蓝色,加强监视：关注上游液位与雨量变化趋势,120
2026-08-20 16:50:00,5386.7,0.673,蓝色,加强监视：关注上游液位与雨量变化趋势,120
2026-08-20 16:55:00,5431.6,0.679,蓝色,加强监视：关注上游液位与雨量变化趋势,120
2026-08-20 17:00:00,5420.9,0.678,蓝色,加强监视：关注上游液位与雨量变化趋势,120
2026-08-20 17:05:00,5612.7,0.702,蓝色,加强监视：关注上游液位与雨量变化趋势,120
2026-08-20 17:10:00,5433.5,0.679,蓝色,加强监视：关注上游液位与雨量变化趋势,120
2026-08-20 17:15:00,5434.7,0.679,蓝色,加强监视：关注上游液位与雨量变化趋势,120
2026-08-20 17:20:00,5426.6,0.678,蓝色,加强监视：关注上游液位与雨量变化趋势,120
2026-08-20 17:25:00,5424.9,0.678,蓝色,加强监视：关注上游液位与雨量变化趋势,120
2026-08-20 17:30:00,5442.4,0.68,蓝色,加强监视：关注上游液位与雨量变化趋势,120
2026-08-20 17:35:00,5451.3,0.681,蓝色,加强监视：关注上游液位与雨量变化趋势,120
2026-08-20 17:40:00,5487.7,0.686,蓝色,加强监视：关注上游液位与雨量变化趋势,120
2026-08-20 17:45:00,5473.0,0.684,蓝色,加强监视：关注上游液位与雨量变化趋势,120
2026-08-20 17:50:00,5497.1,0.687,蓝色,加强监视：关注上游液位与雨量变化趋势,120
2026-08-20 17:55:00,5492.2,0.687,蓝色,加强监视：关注上游液位与雨量变化趋势,120
2026-08-20 18:00:00,5493.7,0.687,蓝色,加强监视：关注上游液位与雨量变化趋势,120
2026-08-20 18:05:00,5527.9,0.691,蓝色,加强监视：关注上游液位与雨量变化趋势,120
2026-08-20 18:10:00,5529.1,0.691,蓝色,加强监视：关注上游液位与雨量变化趋势,120
2026-08-20 18:15:00,5443.4,0.68,蓝色,加强监视：关注上游液位与雨量变化趋势,120
2026-08-20 18:20:00,5479.7,0.685,蓝色,加强监视：关注上游液位与雨量变化趋势,120
2026-08-20 18:25:00,5467.6,0.683,蓝色,加强监视：关注上游液位与雨量变化趋势,120
2026-08-20 18:30:00,5458.3,0.682,蓝色,加强监视：关注上游液位与雨量变化趋势,120
2026-08-20 18:35:00,5457.6,0.682,蓝色,加强监视：关注上游液位与雨量变化趋势,120
2026-08-20 18:40:00,5466.9,0.683,蓝色,加强监视：关注上游液位与雨量变化趋势,120
2026-08-20 18:45:00,5444.0,0.681,蓝色,加强监视：关注上游液位与雨量变化趋势,120
2026-08-20 18:50:00,5414.1,0.677,蓝色,加强监视：关注上游液位与雨量变化趋势,120
2026-08-20 18:55:00,5461.6,0.683,蓝色,加强监视：关注上游液位与雨量变化趋势,120
2026-08-20 19:00:00,5453.8,0.682,蓝色,加强监视：关注上游液位与雨量变化趋势,120
2026-08-20 19:05:00,5344.2,0.668,蓝色,加强监视：关注上游液位与雨量变化趋势,120
2026-08-20 19:10:00,5354.0,0.669,蓝色,加强监视：关注上游液位与雨量变化趋势,120
2026-08-20 19:15:00,5385.4,0.673,蓝色,加强监视：关注上游液位与雨量变化趋势,120
2026-08-20 19:20:00,5339.4,0.667,蓝色,加强监视：关注上游液位与雨量变化趋势,120
2026-08-20 19:25:00,5260.9,0.658,蓝色,加强监视：关注上游液位与雨量变化趋势,120
2026-08-20 19:30:00,5315.9,0.664,蓝色,加强监视：关注上游液位与雨量变化趋势,120
2026-08-20 19:35:00,5146.3,0.643,蓝色,加强监视：关注上游液位与雨量变化趋势,120
2026-08-20 19:40:00,5223.1,0.653,蓝色,加强监视：关注上游液位与雨量变化趋势,120
2026-08-20 19:45:00,5120.3,0.64,蓝色,加强监视：关注上游液位与雨量变化趋势,120
2026-08-20 19:50:00,5186.2,0.648,蓝色,加强监视：关注上游液位与雨量变化趋势,120
2026-08-20 19:55:00,5020.6,0.628,蓝色,加强监视：关注上游液位与雨量变化趋势,120
2026-08-20 20:00:00,5151.1,0.644,蓝色,加强监视：关注上游液位与雨量变化趋势,120
2026-08-20 20:05:00,5040.4,0.63,蓝色,加强监视：关注上游液位与雨量变化趋势,120
2026-08-20 20:10:00,5110.4,0.639,蓝色,加强监视：关注上游液位与雨量变化趋势,120
2026-08-20 20:15:00,5052.2,0.632,蓝色,加强监视：关注上游液位与雨量变化趋势,120
2026-08-20 20:20:00,5017.1,0.627,蓝色,加强监视：关注上游液位与雨量变化趋势,120
2026-08-20 20:25:00,4967.1,0.621,蓝色,加强监视：关注上游液位与雨量变化趋势,120
2026-08-20 20:30:00,5047.7,0.631,蓝色,加强监视：关注上游液位与雨量变化趋势,120
2026-08-20 20:35:00,4914.2,0.614,蓝色,加强监视：关注上游液位与雨量变化趋势,120
2026-08-20 20:40:00,4862.1,0.608,蓝色,加强监视：关注上游液位与雨量变化趋势,120
2026-08-20 20:45:00,4857.0,0.607,蓝色,加强监视：关注上游液位与雨量变化趋势,120
2026-08-20 20:50:00,4884.0,0.611,蓝色,加强监视：关注上游液位与雨量变化趋势,120
2026-08-20 20:55:00,4787.8,0.598,正常,常规运行,120
2026-08-20 21:00:00,4731.6,0.591,正常,常规运行,120
2026-08-20 21:05:00,4718.6,0.59,正常,常规运行,120
2026-08-20 21:10:00,4720.6,0.59,正常,常规运行,120
2026-08-20 21:15:00,4995.7,0.624,蓝色,加强监视：关注上游液位与雨量变化趋势,120
2026-08-20 21:20:00,4645.9,0.581,正常,常规运行,120
2026-08-20 21:25:00,4795.0,0.599,正常,常规运行,120
2026-08-20 21:30:00,4581.4,0.573,正常,常规运行,120
2026-08-20 21:35:00,4612.0,0.576,正常,常规运行,120
2026-08-20 21:40:00,4455.8,0.557,正常,常规运行,120
2026-08-20 21:45:00,4492.3,0.562,正常,常规运行,120
2026-08-20 21:50:00,4530.2,0.566,正常,常规运行,120
2026-08-20 21:55:00,4454.2,0.557,正常,常规运行,120
2026-08-20 22:00:00,4216.4,0.527,正常,常规运行,120
2026-08-20 22:05:00,4041.9,0.505,正常,常规运行,120
2026-08-20 22:10:00,4105.6,0.513,正常,常规运行,120
2026-08-20 22:15:00,4080.6,0.51,正常,常规运行,120
2026-08-20 22:20:00,4082.2,0.51,正常,常规运行,120
2026-08-20 22:25:00,3898.2,0.487,正常,常规运行,120
2026-08-20 22:30:00,3850.0,0.481,正常,常规运行,120
2026-08-20 22:35:00,3794.9,0.474,正常,常规运行,120
2026-08-20 22:40:00,3867.7,0.483,正常,常规运行,120
2026-08-20 22:45:00,3786.9,0.473,正常,常规运行,120
2026-08-20 22:50:00,3778.5,0.472,正常,常规运行,120
2026-08-20 22:55:00,3685.0,0.461,正常,常规运行,120
2026-08-20 23:00:00,3744.1,0.468,正常,常规运行,120
2026-08-20 23:05:00,3730.0,0.466,正常,常规运行,120
2026-08-20 23:10:00,3603.8,0.45,正常,常规运行,120
2026-08-20 23:15:00,3571.1,0.446,正常,常规运行,120
2026-08-20 23:20:00,3540.9,0.443,正常,常规运行,120
2026-08-20 23:25:00,3531.7,0.441,正常,常规运行,120
2026-08-20 23:30:00,3408.9,0.426,正常,常规运行,120
2026-08-20 23:35:00,3418.7,0.427,正常,常规运行,120
2026-08-20 23:40:00,3277.1,0.41,正常,常规运行,120
2026-08-20 23:45:00,3327.0,0.416,正常,常规运行,120
2026-08-20 23:50:00,3331.3,0.416,正常,常规运行,120
2026-08-20 23:55:00,3256.6,0.407,正常,常规运行,120
2026-08-21 00:00:00,3168.9,0.396,正常,常规运行,120
2026-08-21 00:05:00,3152.3,0.394,正常,常规运行,120
2026-08-21 00:10:00,3096.2,0.387,正常,常规运行,120
2026-08-21 00:15:00,3039.2,0.38,正常,常规运行,120
2026-08-21 00:20:00,3069.7,0.384,正常,常规运行,120
2026-08-21 00:25:00,3009.8,0.376,正常,常规运行,120
2026-08-21 00:30:00,2925.4,0.366,正常,常规运行,120
2026-08-21 00:35:00,2918.4,0.365,正常,常规运行,120
2026-08-21 00:40:00,2958.2,0.37,正常,常规运行,120
2026-08-21 00:45:00,2910.1,0.364,正常,常规运行,120
2026-08-21 00:50:00,2854.2,0.357,正常,常规运行,120
2026-08-21 00:55:00,2820.8,0.353,正常,常规运行,120
2026-08-21 01:00:00,2836.6,0.355,正常,常规运行,120
2026-08-21 01:05:00,2798.0,0.35,正常,常规运行,120
2026-08-21 01:10:00,2831.8,0.354,正常,常规运行,120
2026-08-21 01:15:00,2801.3,0.35,正常,常规运行,120
2026-08-21 01:20:00,2804.1,0.351,正常,常规运行,120
2026-08-21 01:25:00,2768.2,0.346,正常,常规运行,120
2026-08-21 01:30:00,2806.6,0.351,正常,常规运行,120
2026-08-21 01:35:00,2784.6,0.348,正常,常规运行,120
2026-08-21 01:40:00,2779.6,0.347,正常,常规运行,120
2026-08-21 01:45:00,2791.9,0.349,正常,常规运行,120
2026-08-21 01:50:00,2782.4,0.348,正常,常规运行,120
2026-08-21 01:55:00,2828.3,0.354,正常,常规运行,120
2026-08-21 02:00:00,2854.8,0.357,正常,常规运行,120
2026-08-21 02:05:00,2864.1,0.358,正常,常规运行,120
2026-08-21 02:10:00,2920.7,0.365,正常,常规运行,120
2026-08-21 02:15:00,2920.9,0.365,正常,常规运行,120
2026-08-21 02:20:00,3085.3,0.386,正常,常规运行,120
2026-08-21 02:25:00,3015.3,0.377,正常,常规运行,120
2026-08-21 02:30:00,3104.2,0.388,正常,常规运行,120
2026-08-21 02:35:00,3135.1,0.392,正常,常规运行,120
2026-08-21 02:40:00,3206.5,0.401,正常,常规运行,120
2026-08-21 02:45:00,3336.6,0.417,正常,常规运行,120
2026-08-21 02:50:00,3406.2,0.426,正常,常规运行,120
2026-08-21 02:55:00,3422.1,0.428,正常,常规运行,120
2026-08-21 03:00:00,3564.3,0.446,正常,常规运行,120
2026-08-21 03:05:00,3487.7,0.436,正常,常规运行,120
2026-08-21 03:10:00,3687.6,0.461,正常,常规运行,120
2026-08-21 03:15:00,3617.7,0.452,正常,常规运行,120
2026-08-21 03:20:00,3774.1,0.472,正常,常规运行,120
2026-08-21 03:25:00,3765.9,0.471,正常,常规运行,120
2026-08-21 03:30:00,3770.2,0.471,正常,常规运行,120
2026-08-21 03:35:00,3870.7,0.484,正常,常规运行,120
2026-08-21 03:40:00,3938.8,0.492,正常,常规运行,120
2026-08-21 03:45:00,4000.3,0.5,正常,常规运行,120
2026-08-21 03:50:00,4118.5,0.515,正常,常规运行,120
2026-08-21 03:55:00,4135.4,0.517,正常,常规运行,120
2026-08-21 04:00:00,4309.1,0.539,正常,常规运行,120
2026-08-21 04:05:00,4291.8,0.536,正常,常规运行,120
2026-08-21 04:10:00,4380.3,0.548,正常,常规运行,120
2026-08-21 04:15:00,4457.5,0.557,正常,常规运行,120
2026-08-21 04:20:00,4522.3,0.565,正常,常规运行,120
2026-08-21 04:25:00,4489.4,0.561,正常,常规运行,120
2026-08-21 04:30:00,4584.1,0.573,正常,常规运行,120
2026-08-21 04:35:00,4706.5,0.588,正常,常规运行,120
2026-08-21 04:40:00,4690.6,0.586,正常,常规运行,120
2026-08-21 04:45:00,4848.9,0.606,蓝色,加强监视：关注上游液位与雨量变化趋势,120
2026-08-21 04:50:00,4775.5,0.597,正常,常规运行,120
2026-08-21 04:55:00,4917.6,0.615,蓝色,加强监视：关注上游液位与雨量变化趋势,120
2026-08-21 05:00:00,5020.2,0.628,蓝色,加强监视：关注上游液位与雨量变化趋势,120
2026-08-21 05:05:00,5055.1,0.632,蓝色,加强监视：关注上游液位与雨量变化趋势,120
2026-08-21 05:10:00,5000.1,0.625,蓝色,加强监视：关注上游液位与雨量变化趋势,120
2026-08-21 05:15:00,5099.7,0.637,蓝色,加强监视：关注上游液位与雨量变化趋势,120
2026-08-21 05:20:00,5137.1,0.642,蓝色,加强监视：关注上游液位与雨量变化趋势,120
2026-08-21 05:25:00,5210.3,0.651,蓝色,加强监视：关注上游液位与雨量变化趋势,120
2026-08-21 05:30:00,5573.3,0.697,蓝色,加强监视：关注上游液位与雨量变化趋势,120
2026-08-21 05:35:00,5256.7,0.657,蓝色,加强监视：关注上游液位与雨量变化趋势,120
2026-08-21 05:40:00,5354.6,0.669,蓝色,加强监视：关注上游液位与雨量变化趋势,120
2026-08-21 05:45:00,5338.1,0.667,蓝色,加强监视：关注上游液位与雨量变化趋势,120
2026-08-21 05:50:00,5400.4,0.675,蓝色,加强监视：关注上游液位与雨量变化趋势,120
2026-08-21 05:55:00,5381.7,0.673,蓝色,加强监视：关注上游液位与雨量变化趋势,120
2026-08-21 06:00:00,5391.4,0.674,蓝色,加强监视：关注上游液位与雨量变化趋势,120
2026-08-21 06:05:00,5628.5,0.704,蓝色,加强监视：关注上游液位与雨量变化趋势,120
2026-08-21 06:10:00,5473.1,0.684,蓝色,加强监视：关注上游液位与雨量变化趋势,120
2026-08-21 06:15:00,5547.1,0.693,蓝色,加强监视：关注上游液位与雨量变化趋势,120
2026-08-21 06:20:00,6753.8,0.844,黄色,雨前预抽空：预降各泵站前池液位，腾出调蓄容积,120
2026-08-21 06:25:00,5505.8,0.688,蓝色,加强监视：关注上游液位与雨量变化趋势,120
2026-08-21 06:30:00,5565.7,0.696,蓝色,加强监视：关注上游液位与雨量变化趋势,120
2026-08-21 06:35:00,5960.2,0.745,蓝色,加强监视：关注上游液位与雨量变化趋势,120
2026-08-21 06:40:00,5569.5,0.696,蓝色,加强监视：关注上游液位与雨量变化趋势,120
2026-08-21 06:45:00,5553.7,0.694,蓝色,加强监视：关注上游液位与雨量变化趋势,120
2026-08-21 06:50:00,5655.6,0.707,蓝色,加强监视：关注上游液位与雨量变化趋势,120
2026-08-21 06:55:00,5660.3,0.708,蓝色,加强监视：关注上游液位与雨量变化趋势,120
2026-08-21 07:00:00,5709.2,0.714,蓝色,加强监视：关注上游液位与雨量变化趋势,120
2026-08-21 07:05:00,5631.6,0.704,蓝色,加强监视：关注上游液位与雨量变化趋势,120
2026-08-21 07:10:00,5619.0,0.702,蓝色,加强监视：关注上游液位与雨量变化趋势,120
2026-08-21 07:15:00,5665.8,0.708,蓝色,加强监视：关注上游液位与雨量变化趋势,120
2026-08-21 07:20:00,5646.5,0.706,蓝色,加强监视：关注上游液位与雨量变化趋势,120
2026-08-21 07:25:00,5623.5,0.703,蓝色,加强监视：关注上游液位与雨量变化趋势,120
2026-08-21 07:30:00,5575.1,0.697,蓝色,加强监视：关注上游液位与雨量变化趋势,120
2026-08-21 07:35:00,6805.1,0.851,黄色,雨前预抽空：预降各泵站前池液位，腾出调蓄容积,120
2026-08-21 07:40:00,5579.1,0.697,蓝色,加强监视：关注上游液位与雨量变化趋势,120
2026-08-21 07:45:00,5606.5,0.701,蓝色,加强监视：关注上游液位与雨量变化趋势,120
2026-08-21 07:50:00,5559.6,0.695,蓝色,加强监视：关注上游液位与雨量变化趋势,120
2026-08-21 07:55:00,5505.2,0.688,蓝色,加强监视：关注上游液位与雨量变化趋势,120
2026-08-21 08:00:00,5469.6,0.684,蓝色,加强监视：关注上游液位与雨量变化趋势,120
2026-08-21 08:05:00,5882.2,0.735,蓝色,加强监视：关注上游液位与雨量变化趋势,120
2026-08-21 08:10:00,5415.7,0.677,蓝色,加强监视：关注上游液位与雨量变化趋势,120
2026-08-21 08:15:00,5342.3,0.668,蓝色,加强监视：关注上游液位与雨量变化趋势,120
2026-08-21 08:20:00,5536.6,0.692,蓝色,加强监视：关注上游液位与雨量变化趋势,120
2026-08-21 08:25:00,5374.0,0.672,蓝色,加强监视：关注上游液位与雨量变化趋势,120
2026-08-21 08:30:00,5404.9,0.676,蓝色,加强监视：关注上游液位与雨量变化趋势,120
2026-08-21 08:35:00,5320.4,0.665,蓝色,加强监视：关注上游液位与雨量变化趋势,120
2026-08-21 08:40:00,5425.1,0.678,蓝色,加强监视：关注上游液位与雨量变化趋势,120
2026-08-21 08:45:00,5268.5,0.659,蓝色,加强监视：关注上游液位与雨量变化趋势,120
2026-08-21 08:50:00,5200.8,0.65,蓝色,加强监视：关注上游液位与雨量变化趋势,120
2026-08-21 08:55:00,5207.1,0.651,蓝色,加强监视：关注上游液位与雨量变化趋势,120
2026-08-21 09:00:00,5260.7,0.658,蓝色,加强监视：关注上游液位与雨量变化趋势,120
2026-08-21 09:05:00,5190.9,0.649,蓝色,加强监视：关注上游液位与雨量变化趋势,120
2026-08-21 09:10:00,5145.6,0.643,蓝色,加强监视：关注上游液位与雨量变化趋势,120
2026-08-21 09:15:00,5054.1,0.632,蓝色,加强监视：关注上游液位与雨量变化趋势,120
2026-08-21 09:20:00,5143.2,0.643,蓝色,加强监视：关注上游液位与雨量变化趋势,120
2026-08-21 09:25:00,5083.1,0.635,蓝色,加强监视：关注上游液位与雨量变化趋势,120
2026-08-21 09:30:00,5068.3,0.634,蓝色,加强监视：关注上游液位与雨量变化趋势,120
2026-08-21 09:35:00,4836.8,0.605,蓝色,加强监视：关注上游液位与雨量变化趋势,120
2026-08-21 09:40:00,4932.9,0.617,蓝色,加强监视：关注上游液位与雨量变化趋势,120
2026-08-21 09:45:00,4850.2,0.606,蓝色,加强监视：关注上游液位与雨量变化趋势,120
2026-08-21 09:50:00,4832.1,0.604,蓝色,加强监视：关注上游液位与雨量变化趋势,120
2026-08-21 09:55:00,4746.8,0.593,正常,常规运行,120
2026-08-21 10:00:00,4752.4,0.594,正常,常规运行,120
2026-08-21 10:05:00,4773.2,0.597,正常,常规运行,120
2026-08-21 10:10:00,4672.7,0.584,正常,常规运行,120
2026-08-21 10:15:00,4677.4,0.585,正常,常规运行,120
2026-08-21 10:20:00,4617.0,0.577,正常,常规运行,120
2026-08-21 10:25:00,4639.0,0.58,正常,常规运行,120
2026-08-21 10:30:00,4588.4,0.574,正常,常规运行,120
2026-08-21 10:35:00,4589.3,0.574,正常,常规运行,120
2026-08-21 10:40:00,4531.5,0.566,正常,常规运行,120
2026-08-21 10:45:00,4510.1,0.564,正常,常规运行,120
2026-08-21 10:50:00,4605.7,0.576,正常,常规运行,120
2026-08-21 10:55:00,4463.8,0.558,正常,常规运行,120
2026-08-21 11:00:00,4547.4,0.568,正常,常规运行,120
2026-08-21 11:05:00,4495.0,0.562,正常,常规运行,120
2026-08-21 11:10:00,4470.5,0.559,正常,常规运行,120
2026-08-21 11:15:00,4432.2,0.554,正常,常规运行,120
2026-08-21 11:20:00,4441.2,0.555,正常,常规运行,120
2026-08-21 11:25:00,4399.9,0.55,正常,常规运行,120
2026-08-21 11:30:00,4327.1,0.541,正常,常规运行,120
2026-08-21 11:35:00,4423.6,0.553,正常,常规运行,120
2026-08-21 11:40:00,4367.2,0.546,正常,常规运行,120
2026-08-21 11:45:00,4385.7,0.548,正常,常规运行,120
2026-08-21 11:50:00,4355.8,0.544,正常,常规运行,120
2026-08-21 11:55:00,4421.8,0.553,正常,常规运行,120
2026-08-21 12:00:00,4344.8,0.543,正常,常规运行,120
2026-08-21 12:05:00,4370.4,0.546,正常,常规运行,120
2026-08-21 12:10:00,4405.6,0.551,正常,常规运行,120
2026-08-21 12:15:00,4428.1,0.554,正常,常规运行,120
2026-08-21 12:20:00,4307.0,0.538,正常,常规运行,120
2026-08-21 12:25:00,4389.3,0.549,正常,常规运行,120
2026-08-21 12:30:00,4356.3,0.545,正常,常规运行,120
2026-08-21 12:35:00,4384.4,0.548,正常,常规运行,120
2026-08-21 12:40:00,4415.7,0.552,正常,常规运行,120
2026-08-21 12:45:00,4365.2,0.546,正常,常规运行,120
2026-08-21 12:50:00,4375.3,0.547,正常,常规运行,120
2026-08-21 12:55:00,4397.4,0.55,正常,常规运行,120
2026-08-21 13:00:00,4408.9,0.551,正常,常规运行,120
2026-08-21 13:05:00,4373.0,0.547,正常,常规运行,120
2026-08-21 13:10:00,4432.3,0.554,正常,常规运行,120
2026-08-21 13:15:00,4478.6,0.56,正常,常规运行,120
2026-08-21 13:20:00,4488.6,0.561,正常,常规运行,120
2026-08-21 13:25:00,4473.5,0.559,正常,常规运行,120
2026-08-21 13:30:00,4482.8,0.56,正常,常规运行,120
2026-08-21 13:35:00,4521.3,0.565,正常,常规运行,120
2026-08-21 13:40:00,4496.1,0.562,正常,常规运行,120
2026-08-21 13:45:00,4530.5,0.566,正常,常规运行,120
2026-08-21 13:50:00,4462.2,0.558,正常,常规运行,120
2026-08-21 13:55:00,4520.1,0.565,正常,常规运行,120
2026-08-21 14:00:00,4481.3,0.56,正常,常规运行,120
2026-08-21 14:05:00,4589.0,0.574,正常,常规运行,120
2026-08-21 14:10:00,4590.7,0.574,正常,常规运行,120
2026-08-21 14:15:00,4563.9,0.57,正常,常规运行,120
2026-08-21 14:20:00,4575.6,0.572,正常,常规运行,120
2026-08-21 14:25:00,4632.7,0.579,正常,常规运行,120
2026-08-21 14:30:00,4580.1,0.573,正常,常规运行,120
2026-08-21 14:35:00,4695.9,0.587,正常,常规运行,120
2026-08-21 14:40:00,4624.1,0.578,正常,常规运行,120
2026-08-21 14:45:00,4743.5,0.593,正常,常规运行,120
2026-08-21 14:50:00,4666.1,0.583,正常,常规运行,120
2026-08-21 14:55:00,4761.0,0.595,正常,常规运行,120
2026-08-21 15:00:00,4689.0,0.586,正常,常规运行,120
2026-08-21 15:05:00,4921.3,0.615,蓝色,加强监视：关注上游液位与雨量变化趋势,120
2026-08-21 15:10:00,4776.5,0.597,正常,常规运行,120
2026-08-21 15:15:00,4897.9,0.612,蓝色,加强监视：关注上游液位与雨量变化趋势,120
2026-08-21 15:20:00,4896.1,0.612,蓝色,加强监视：关注上游液位与雨量变化趋势,120
2026-08-21 15:25:00,4914.2,0.614,蓝色,加强监视：关注上游液位与雨量变化趋势,120
2026-08-21 15:30:00,4896.2,0.612,蓝色,加强监视：关注上游液位与雨量变化趋势,120
2026-08-21 15:35:00,4941.0,0.618,蓝色,加强监视：关注上游液位与雨量变化趋势,120
2026-08-21 15:40:00,4909.3,0.614,蓝色,加强监视：关注上游液位与雨量变化趋势,120
2026-08-21 15:45:00,5087.9,0.636,蓝色,加强监视：关注上游液位与雨量变化趋势,120
2026-08-21 15:50:00,4935.4,0.617,蓝色,加强监视：关注上游液位与雨量变化趋势,120
2026-08-21 15:55:00,5040.3,0.63,蓝色,加强监视：关注上游液位与雨量变化趋势,120
2026-08-21 16:00:00,5200.4,0.65,蓝色,加强监视：关注上游液位与雨量变化趋势,120
2026-08-21 16:05:00,5175.8,0.647,蓝色,加强监视：关注上游液位与雨量变化趋势,120
2026-08-21 16:10:00,5032.8,0.629,蓝色,加强监视：关注上游液位与雨量变化趋势,120
2026-08-21 16:15:00,5214.5,0.652,蓝色,加强监视：关注上游液位与雨量变化趋势,120
2026-08-21 16:20:00,5107.8,0.638,蓝色,加强监视：关注上游液位与雨量变化趋势,120
2026-08-21 16:25:00,5223.5,0.653,蓝色,加强监视：关注上游液位与雨量变化趋势,120
2026-08-21 16:30:00,5273.7,0.659,蓝色,加强监视：关注上游液位与雨量变化趋势,120
2026-08-21 16:35:00,5373.9,0.672,蓝色,加强监视：关注上游液位与雨量变化趋势,120
2026-08-21 16:40:00,5373.5,0.672,蓝色,加强监视：关注上游液位与雨量变化趋势,120
2026-08-21 16:45:00,5421.3,0.678,蓝色,加强监视：关注上游液位与雨量变化趋势,120
2026-08-21 16:50:00,5430.7,0.679,蓝色,加强监视：关注上游液位与雨量变化趋势,120
2026-08-21 16:55:00,5434.6,0.679,蓝色,加强监视：关注上游液位与雨量变化趋势,120
2026-08-21 17:00:00,5437.0,0.68,蓝色,加强监视：关注上游液位与雨量变化趋势,120
2026-08-21 17:05:00,5424.1,0.678,蓝色,加强监视：关注上游液位与雨量变化趋势,120
2026-08-21 17:10:00,5424.2,0.678,蓝色,加强监视：关注上游液位与雨量变化趋势,120
2026-08-21 17:15:00,5453.3,0.682,蓝色,加强监视：关注上游液位与雨量变化趋势,120
2026-08-21 17:20:00,5424.3,0.678,蓝色,加强监视：关注上游液位与雨量变化趋势,120
2026-08-21 17:25:00,5460.9,0.683,蓝色,加强监视：关注上游液位与雨量变化趋势,120
2026-08-21 17:30:00,5458.8,0.682,蓝色,加强监视：关注上游液位与雨量变化趋势,120
2026-08-21 17:35:00,5475.4,0.684,蓝色,加强监视：关注上游液位与雨量变化趋势,120
2026-08-21 17:40:00,5460.7,0.683,蓝色,加强监视：关注上游液位与雨量变化趋势,120
2026-08-21 17:45:00,5448.0,0.681,蓝色,加强监视：关注上游液位与雨量变化趋势,120
2026-08-21 17:50:00,5457.2,0.682,蓝色,加强监视：关注上游液位与雨量变化趋势,120
2026-08-21 17:55:00,5541.5,0.693,蓝色,加强监视：关注上游液位与雨量变化趋势,120
2026-08-21 18:00:00,5479.6,0.685,蓝色,加强监视：关注上游液位与雨量变化趋势,120
2026-08-21 18:05:00,5503.6,0.688,蓝色,加强监视：关注上游液位与雨量变化趋势,120
2026-08-21 18:10:00,5468.5,0.684,蓝色,加强监视：关注上游液位与雨量变化趋势,120
2026-08-21 18:15:00,5511.7,0.689,蓝色,加强监视：关注上游液位与雨量变化趋势,120
2026-08-21 18:20:00,5455.9,0.682,蓝色,加强监视：关注上游液位与雨量变化趋势,120
2026-08-21 18:25:00,5454.2,0.682,蓝色,加强监视：关注上游液位与雨量变化趋势,120
2026-08-21 18:30:00,5446.7,0.681,蓝色,加强监视：关注上游液位与雨量变化趋势,120
2026-08-21 18:35:00,5463.2,0.683,蓝色,加强监视：关注上游液位与雨量变化趋势,120
2026-08-21 18:40:00,5461.1,0.683,蓝色,加强监视：关注上游液位与雨量变化趋势,120
2026-08-21 18:45:00,5442.9,0.68,蓝色,加强监视：关注上游液位与雨量变化趋势,120
2026-08-21 18:50:00,5461.1,0.683,蓝色,加强监视：关注上游液位与雨量变化趋势,120
2026-08-21 18:55:00,5544.8,0.693,蓝色,加强监视：关注上游液位与雨量变化趋势,120
2026-08-21 19:00:00,5427.1,0.678,蓝色,加强监视：关注上游液位与雨量变化趋势,120
2026-08-21 19:05:00,5342.4,0.668,蓝色,加强监视：关注上游液位与雨量变化趋势,120
2026-08-21 19:10:00,5391.6,0.674,蓝色,加强监视：关注上游液位与雨量变化趋势,120
2026-08-21 19:15:00,5380.2,0.673,蓝色,加强监视：关注上游液位与雨量变化趋势,120
2026-08-21 19:20:00,5313.5,0.664,蓝色,加强监视：关注上游液位与雨量变化趋势,120
2026-08-21 19:25:00,5308.2,0.664,蓝色,加强监视：关注上游液位与雨量变化趋势,120
2026-08-21 19:30:00,5371.9,0.671,蓝色,加强监视：关注上游液位与雨量变化趋势,120
2026-08-21 19:35:00,5381.8,0.673,蓝色,加强监视：关注上游液位与雨量变化趋势,120
2026-08-21 19:40:00,5360.2,0.67,蓝色,加强监视：关注上游液位与雨量变化趋势,120
2026-08-21 19:45:00,5245.3,0.656,蓝色,加强监视：关注上游液位与雨量变化趋势,120
2026-08-21 19:50:00,5286.9,0.661,蓝色,加强监视：关注上游液位与雨量变化趋势,120
2026-08-21 19:55:00,5141.1,0.643,蓝色,加强监视：关注上游液位与雨量变化趋势,120
2026-08-21 20:00:00,5116.9,0.64,蓝色,加强监视：关注上游液位与雨量变化趋势,120
2026-08-21 20:05:00,5154.1,0.644,蓝色,加强监视：关注上游液位与雨量变化趋势,120
2026-08-21 20:10:00,5132.0,0.642,蓝色,加强监视：关注上游液位与雨量变化趋势,120
2026-08-21 20:15:00,4985.5,0.623,蓝色,加强监视：关注上游液位与雨量变化趋势,120
2026-08-21 20:20:00,5059.3,0.632,蓝色,加强监视：关注上游液位与雨量变化趋势,120
2026-08-21 20:25:00,4916.3,0.615,蓝色,加强监视：关注上游液位与雨量变化趋势,120
2026-08-21 20:30:00,4943.9,0.618,蓝色,加强监视：关注上游液位与雨量变化趋势,120
2026-08-21 20:35:00,5022.2,0.628,蓝色,加强监视：关注上游液位与雨量变化趋势,120
2026-08-21 20:40:00,4916.6,0.615,蓝色,加强监视：关注上游液位与雨量变化趋势,120
2026-08-21 20:45:00,4876.6,0.61,蓝色,加强监视：关注上游液位与雨量变化趋势,120
2026-08-21 20:50:00,4884.3,0.611,蓝色,加强监视：关注上游液位与雨量变化趋势,120
2026-08-21 20:55:00,4838.5,0.605,蓝色,加强监视：关注上游液位与雨量变化趋势,120
2026-08-21 21:00:00,4793.3,0.599,正常,常规运行,120
2026-08-21 21:05:00,4728.8,0.591,正常,常规运行,120
2026-08-21 21:10:00,4831.9,0.604,蓝色,加强监视：关注上游液位与雨量变化趋势,120
2026-08-21 21:15:00,5270.6,0.659,蓝色,加强监视：关注上游液位与雨量变化趋势,120
2026-08-21 21:20:00,5213.7,0.652,蓝色,加强监视：关注上游液位与雨量变化趋势,120
2026-08-21 21:25:00,5019.2,0.627,蓝色,加强监视：关注上游液位与雨量变化趋势,120
2026-08-21 21:30:00,5114.1,0.639,蓝色,加强监视：关注上游液位与雨量变化趋势,120
2026-08-21 21:35:00,4660.7,0.583,正常,常规运行,120
2026-08-21 21:40:00,4862.3,0.608,蓝色,加强监视：关注上游液位与雨量变化趋势,120
2026-08-21 21:45:00,4714.2,0.589,正常,常规运行,120
2026-08-21 21:50:00,4490.0,0.561,正常,常规运行,120
2026-08-21 21:55:00,4499.0,0.562,正常,常规运行,120
2026-08-21 22:00:00,4049.6,0.506,正常,常规运行,120
2026-08-21 22:05:00,4134.5,0.517,正常,常规运行,120
2026-08-21 22:10:00,3861.9,0.483,正常,常规运行,120
2026-08-21 22:15:00,3690.2,0.461,正常,常规运行,120
2026-08-21 22:20:00,3723.5,0.465,正常,常规运行,120
2026-08-21 22:25:00,3657.3,0.457,正常,常规运行,120
2026-08-21 22:30:00,3621.7,0.453,正常,常规运行,120
2026-08-21 22:35:00,3592.6,0.449,正常,常规运行,120
2026-08-21 22:40:00,3503.4,0.438,正常,常规运行,120
2026-08-21 22:45:00,3576.8,0.447,正常,常规运行,120
2026-08-21 22:50:00,3512.4,0.439,正常,常规运行,120
2026-08-21 22:55:00,3512.6,0.439,正常,常规运行,120
2026-08-21 23:00:00,3483.9,0.435,正常,常规运行,120
2026-08-21 23:05:00,3405.6,0.426,正常,常规运行,120
2026-08-21 23:10:00,3371.8,0.421,正常,常规运行,120
2026-08-21 23:15:00,3436.1,0.43,正常,常规运行,120
2026-08-21 23:20:00,3284.2,0.411,正常,常规运行,120
2026-08-21 23:25:00,3324.3,0.416,正常,常规运行,120
2026-08-21 23:30:00,3179.3,0.397,正常,常规运行,120
2026-08-21 23:35:00,3237.4,0.405,正常,常规运行,120
2026-08-21 23:40:00,3108.6,0.389,正常,常规运行,120
2026-08-21 23:45:00,3131.5,0.391,正常,常规运行,120
2026-08-21 23:50:00,3070.1,0.384,正常,常规运行,120
2026-08-21 23:55:00,3007.6,0.376,正常,常规运行,120
2026-08-22 00:00:00,2976.2,0.372,正常,常规运行,120
2026-08-22 00:05:00,2919.5,0.365,正常,常规运行,120
2026-08-22 00:10:00,2892.6,0.362,正常,常规运行,120
2026-08-22 00:15:00,2878.7,0.36,正常,常规运行,120
2026-08-22 00:20:00,2819.8,0.352,正常,常规运行,120
2026-08-22 00:25:00,2802.1,0.35,正常,常规运行,120
2026-08-22 00:30:00,2762.6,0.345,正常,常规运行,120
2026-08-22 00:35:00,2745.5,0.343,正常,常规运行,120
2026-08-22 00:40:00,2723.4,0.34,正常,常规运行,120
2026-08-22 00:45:00,2698.7,0.337,正常,常规运行,120
2026-08-22 00:50:00,2703.0,0.338,正常,常规运行,120
2026-08-22 00:55:00,2691.8,0.336,正常,常规运行,120
2026-08-22 01:00:00,2665.5,0.333,正常,常规运行,120
2026-08-22 01:05:00,2679.6,0.335,正常,常规运行,120
2026-08-22 01:10:00,2677.2,0.335,正常,常规运行,120
2026-08-22 01:15:00,2680.3,0.335,正常,常规运行,120
2026-08-22 01:20:00,2650.4,0.331,正常,常规运行,120
2026-08-22 01:25:00,2644.2,0.331,正常,常规运行,120
2026-08-22 01:30:00,2646.3,0.331,正常,常规运行,120
2026-08-22 01:35:00,2665.5,0.333,正常,常规运行,120
2026-08-22 01:40:00,2668.0,0.334,正常,常规运行,120
2026-08-22 01:45:00,2647.0,0.331,正常,常规运行,120
2026-08-22 01:50:00,2659.8,0.332,正常,常规运行,120
2026-08-22 01:55:00,2670.7,0.334,正常,常规运行,120
2026-08-22 02:00:00,2689.7,0.336,正常,常规运行,120
2026-08-22 02:05:00,2706.3,0.338,正常,常规运行,120
2026-08-22 02:10:00,2721.4,0.34,正常,常规运行,120
2026-08-22 02:15:00,2757.0,0.345,正常,常规运行,120
2026-08-22 02:20:00,2798.1,0.35,正常,常规运行,120
2026-08-22 02:25:00,2814.7,0.352,正常,常规运行,120
2026-08-22 02:30:00,2880.6,0.36,正常,常规运行,120
2026-08-22 02:35:00,2941.1,0.368,正常,常规运行,120
2026-08-22 02:40:00,2913.6,0.364,正常,常规运行,120
2026-08-22 02:45:00,2983.6,0.373,正常,常规运行,120
2026-08-22 02:50:00,3066.0,0.383,正常,常规运行,120
2026-08-22 02:55:00,3236.2,0.405,正常,常规运行,120
2026-08-22 03:00:00,3154.0,0.394,正常,常规运行,120
2026-08-22 03:05:00,3265.8,0.408,正常,常规运行,120
2026-08-22 03:10:00,3358.5,0.42,正常,常规运行,120
2026-08-22 03:15:00,3331.1,0.416,正常,常规运行,120
2026-08-22 03:20:00,3472.0,0.434,正常,常规运行,120
2026-08-22 03:25:00,3495.4,0.437,正常,常规运行,120
2026-08-22 03:30:00,3519.0,0.44,正常,常规运行,120
2026-08-22 03:35:00,3601.5,0.45,正常,常规运行,120
2026-08-22 03:40:00,3714.0,0.464,正常,常规运行,120
2026-08-22 03:45:00,3700.8,0.463,正常,常规运行,120
2026-08-22 03:50:00,3837.4,0.48,正常,常规运行,120
2026-08-22 03:55:00,3822.3,0.478,正常,常规运行,120
2026-08-22 04:00:00,3989.0,0.499,正常,常规运行,120
2026-08-22 04:05:00,3915.7,0.489,正常,常规运行,120
2026-08-22 04:10:00,3983.8,0.498,正常,常规运行,120
2026-08-22 04:15:00,4077.0,0.51,正常,常规运行,120
2026-08-22 04:20:00,4159.1,0.52,正常,常规运行,120
2026-08-22 04:25:00,4236.8,0.53,正常,常规运行,120
2026-08-22 04:30:00,4261.1,0.533,正常,常规运行,120
2026-08-22 04:35:00,4259.7,0.532,正常,常规运行,120
2026-08-22 04:40:00,4435.8,0.554,正常,常规运行,120
2026-08-22 04:45:00,4398.0,0.55,正常,常规运行,120
2026-08-22 04:50:00,4440.2,0.555,正常,常规运行,120
2026-08-22 04:55:00,4572.8,0.572,正常,常规运行,120
2026-08-22 05:00:00,4562.2,0.57,正常,常规运行,120
2026-08-22 05:05:00,4860.4,0.608,蓝色,加强监视：关注上游液位与雨量变化趋势,120
2026-08-22 05:10:00,4614.0,0.577,正常,常规运行,120
2026-08-22 05:15:00,4793.0,0.599,正常,常规运行,120
2026-08-22 05:20:00,4858.2,0.607,蓝色,加强监视：关注上游液位与雨量变化趋势,120
2026-08-22 05:25:00,4873.6,0.609,蓝色,加强监视：关注上游液位与雨量变化趋势,120
2026-08-22 05:30:00,4788.9,0.599,正常,常规运行,120
2026-08-22 05:35:00,4933.2,0.617,蓝色,加强监视：关注上游液位与雨量变化趋势,120
2026-08-22 05:40:00,4919.1,0.615,蓝色,加强监视：关注上游液位与雨量变化趋势,120
2026-08-22 05:45:00,5035.5,0.629,蓝色,加强监视：关注上游液位与雨量变化趋势,120
2026-08-22 05:50:00,5023.7,0.628,蓝色,加强监视：关注上游液位与雨量变化趋势,120
2026-08-22 05:55:00,5058.7,0.632,蓝色,加强监视：关注上游液位与雨量变化趋势,120
2026-08-22 06:00:00,5063.5,0.633,蓝色,加强监视：关注上游液位与雨量变化趋势,120
2026-08-22 06:05:00,5151.7,0.644,蓝色,加强监视：关注上游液位与雨量变化趋势,120
2026-08-22 06:10:00,5139.1,0.642,蓝色,加强监视：关注上游液位与雨量变化趋势,120
2026-08-22 06:15:00,5230.3,0.654,蓝色,加强监视：关注上游液位与雨量变化趋势,120
2026-08-22 06:20:00,5657.2,0.707,蓝色,加强监视：关注上游液位与雨量变化趋势,120
2026-08-22 06:25:00,5138.1,0.642,蓝色,加强监视：关注上游液位与雨量变化趋势,120
2026-08-22 06:30:00,5147.1,0.643,蓝色,加强监视：关注上游液位与雨量变化趋势,120
2026-08-22 06:35:00,5254.4,0.657,蓝色,加强监视：关注上游液位与雨量变化趋势,120
2026-08-22 06:40:00,5286.7,0.661,蓝色,加强监视：关注上游液位与雨量变化趋势,120
2026-08-22 06:45:00,5130.2,0.641,蓝色,加强监视：关注上游液位与雨量变化趋势,120
2026-08-22 06:50:00,5233.0,0.654,蓝色,加强监视：关注上游液位与雨量变化趋势,120
2026-08-22 06:55:00,5295.2,0.662,蓝色,加强监视：关注上游液位与雨量变化趋势,120
2026-08-22 07:00:00,5285.9,0.661,蓝色,加强监视：关注上游液位与雨量变化趋势,120
2026-08-22 07:05:00,5190.3,0.649,蓝色,加强监视：关注上游液位与雨量变化趋势,120
2026-08-22 07:10:00,5255.9,0.657,蓝色,加强监视：关注上游液位与雨量变化趋势,120
2026-08-22 07:15:00,5355.5,0.669,蓝色,加强监视：关注上游液位与雨量变化趋势,120
2026-08-22 07:20:00,5273.9,0.659,蓝色,加强监视：关注上游液位与雨量变化趋势,120
2026-08-22 07:25:00,5187.6,0.648,蓝色,加强监视：关注上游液位与雨量变化趋势,120
2026-08-22 07:30:00,5481.2,0.685,蓝色,加强监视：关注上游液位与雨量变化趋势,120
2026-08-22 07:35:00,5328.6,0.666,蓝色,加强监视：关注上游液位与雨量变化趋势,120
2026-08-22 07:40:00,5337.3,0.667,蓝色,加强监视：关注上游液位与雨量变化趋势,120
2026-08-22 07:45:00,5153.0,0.644,蓝色,加强监视：关注上游液位与雨量变化趋势,120
2026-08-22 07:50:00,5291.8,0.661,蓝色,加强监视：关注上游液位与雨量变化趋势,120
2026-08-22 07:55:00,5160.5,0.645,蓝色,加强监视：关注上游液位与雨量变化趋势,120
2026-08-22 08:00:00,5177.6,0.647,蓝色,加强监视：关注上游液位与雨量变化趋势,120
2026-08-22 08:05:00,5054.2,0.632,蓝色,加强监视：关注上游液位与雨量变化趋势,120
2026-08-22 08:10:00,5088.2,0.636,蓝色,加强监视：关注上游液位与雨量变化趋势,120
2026-08-22 08:15:00,5072.9,0.634,蓝色,加强监视：关注上游液位与雨量变化趋势,120
2026-08-22 08:20:00,5020.6,0.628,蓝色,加强监视：关注上游液位与雨量变化趋势,120
2026-08-22 08:25:00,4921.1,0.615,蓝色,加强监视：关注上游液位与雨量变化趋势,120
2026-08-22 08:30:00,4916.8,0.615,蓝色,加强监视：关注上游液位与雨量变化趋势,120
2026-08-22 08:35:00,4987.0,0.623,蓝色,加强监视：关注上游液位与雨量变化趋势,120
2026-08-22 08:40:00,4874.9,0.609,蓝色,加强监视：关注上游液位与雨量变化趋势,120
2026-08-22 08:45:00,4855.9,0.607,蓝色,加强监视：关注上游液位与雨量变化趋势,120
2026-08-22 08:50:00,4811.3,0.601,蓝色,加强监视：关注上游液位与雨量变化趋势,120
2026-08-22 08:55:00,4891.0,0.611,蓝色,加强监视：关注上游液位与雨量变化趋势,120
2026-08-22 09:00:00,4750.5,0.594,正常,常规运行,120
2026-08-22 09:05:00,4775.3,0.597,正常,常规运行,120
2026-08-22 09:10:00,4670.9,0.584,正常,常规运行,120
2026-08-22 09:15:00,4682.3,0.585,正常,常规运行,120
2026-08-22 09:20:00,4627.0,0.578,正常,常规运行,120
2026-08-22 09:25:00,4581.3,0.573,正常,常规运行,120
2026-08-22 09:30:00,4560.1,0.57,正常,常规运行,120
2026-08-22 09:35:00,4574.7,0.572,正常,常规运行,120
2026-08-22 09:40:00,4496.3,0.562,正常,常规运行,120
2026-08-22 09:45:00,4481.3,0.56,正常,常规运行,120
2026-08-22 09:50:00,4422.4,0.553,正常,常规运行,120
2026-08-22 09:55:00,4502.5,0.563,正常,常规运行,120
2026-08-22 10:00:00,4414.9,0.552,正常,常规运行,120
2026-08-22 10:05:00,4394.7,0.549,正常,常规运行,120
2026-08-22 10:10:00,4355.9,0.544,正常,常规运行,120
2026-08-22 10:15:00,4348.8,0.544,正常,常规运行,120
2026-08-22 10:20:00,4356.2,0.545,正常,常规运行,120
2026-08-22 10:25:00,4252.6,0.532,正常,常规运行,120
2026-08-22 10:30:00,4191.7,0.524,正常,常规运行,120
2026-08-22 10:35:00,4235.0,0.529,正常,常规运行,120
2026-08-22 10:40:00,4311.1,0.539,正常,常规运行,120
2026-08-22 10:45:00,4244.6,0.531,正常,常规运行,120
2026-08-22 10:50:00,4133.0,0.517,正常,常规运行,120
2026-08-22 10:55:00,4232.4,0.529,正常,常规运行,120
2026-08-22 11:00:00,4171.4,0.521,正常,常规运行,120
2026-08-22 11:05:00,4112.5,0.514,正常,常规运行,120
2026-08-22 11:10:00,4099.6,0.512,正常,常规运行,120
2026-08-22 11:15:00,4115.0,0.514,正常,常规运行,120
2026-08-22 11:20:00,4011.8,0.501,正常,常规运行,120
2026-08-22 11:25:00,4074.9,0.509,正常,常规运行,120
2026-08-22 11:30:00,4002.1,0.5,正常,常规运行,120
2026-08-22 11:35:00,4023.8,0.503,正常,常规运行,120
2026-08-22 11:40:00,4002.3,0.5,正常,常规运行,120
2026-08-22 11:45:00,4059.3,0.507,正常,常规运行,120
2026-08-22 11:50:00,4108.5,0.514,正常,常规运行,120
2026-08-22 11:55:00,4109.3,0.514,正常,常规运行,120
2026-08-22 12:00:00,3905.0,0.488,正常,常规运行,120
2026-08-22 12:05:00,3980.5,0.498,正常,常规运行,120
2026-08-22 12:10:00,4020.7,0.503,正常,常规运行,120
2026-08-22 12:15:00,4038.9,0.505,正常,常规运行,120
2026-08-22 12:20:00,4013.8,0.502,正常,常规运行,120
2026-08-22 12:25:00,3975.8,0.497,正常,常规运行,120
2026-08-22 12:30:00,4020.3,0.503,正常,常规运行,120
2026-08-22 12:35:00,4099.2,0.512,正常,常规运行,120
2026-08-22 12:40:00,4058.9,0.507,正常,常规运行,120
2026-08-22 12:45:00,4041.1,0.505,正常,常规运行,120
2026-08-22 12:50:00,4017.0,0.502,正常,常规运行,120
2026-08-22 12:55:00,4050.3,0.506,正常,常规运行,120
2026-08-22 13:00:00,4012.0,0.502,正常,常规运行,120
2026-08-22 13:05:00,4106.3,0.513,正常,常规运行,120
2026-08-22 13:10:00,4072.8,0.509,正常,常规运行,120
2026-08-22 13:15:00,4093.3,0.512,正常,常规运行,120
2026-08-22 13:20:00,4049.7,0.506,正常,常规运行,120
2026-08-22 13:25:00,4046.2,0.506,正常,常规运行,120
2026-08-22 13:30:00,4171.6,0.521,正常,常规运行,120
2026-08-22 13:35:00,4097.4,0.512,正常,常规运行,120
2026-08-22 13:40:00,4082.0,0.51,正常,常规运行,120
2026-08-22 13:45:00,4075.1,0.509,正常,常规运行,120
2026-08-22 13:50:00,4298.1,0.537,正常,常规运行,120
2026-08-22 13:55:00,4258.3,0.532,正常,常规运行,120
2026-08-22 14:00:00,4317.5,0.54,正常,常规运行,120
2026-08-22 14:05:00,4298.9,0.537,正常,常规运行,120
2026-08-22 14:10:00,4284.0,0.536,正常,常规运行,120
2026-08-22 14:15:00,4253.2,0.532,正常,常规运行,120
2026-08-22 14:20:00,4267.9,0.533,正常,常规运行,120
2026-08-22 14:25:00,4226.7,0.528,正常,常规运行,120
2026-08-22 14:30:00,4286.5,0.536,正常,常规运行,120
2026-08-22 14:35:00,4357.4,0.545,正常,常规运行,120
2026-08-22 14:40:00,4262.8,0.533,正常,常规运行,120
2026-08-22 14:45:00,4468.5,0.559,正常,常规运行,120
2026-08-22 14:50:00,4458.5,0.557,正常,常规运行,120
2026-08-22 14:55:00,4379.9,0.547,正常,常规运行,120
2026-08-22 15:00:00,4386.7,0.548,正常,常规运行,120
2026-08-22 15:05:00,4522.5,0.565,正常,常规运行,120
2026-08-22 15:10:00,4512.3,0.564,正常,常规运行,120
2026-08-22 15:15:00,4523.3,0.565,正常,常规运行,120
2026-08-22 15:20:00,4528.8,0.566,正常,常规运行,120
2026-08-22 15:25:00,4550.0,0.569,正常,常规运行,120
2026-08-22 15:30:00,4623.9,0.578,正常,常规运行,120
2026-08-22 15:35:00,4632.1,0.579,正常,常规运行,120
2026-08-22 15:40:00,4651.8,0.581,正常,常规运行,120
2026-08-22 15:45:00,4649.0,0.581,正常,常规运行,120
2026-08-22 15:50:00,4620.2,0.578,正常,常规运行,120
2026-08-22 15:55:00,4679.2,0.585,正常,常规运行,120
2026-08-22 16:00:00,4765.9,0.596,正常,常规运行,120
2026-08-22 16:05:00,4705.7,0.588,正常,常规运行,120
2026-08-22 16:10:00,4704.4,0.588,正常,常规运行,120
2026-08-22 16:15:00,4741.4,0.593,正常,常规运行,120
2026-08-22 16:20:00,4925.5,0.616,蓝色,加强监视：关注上游液位与雨量变化趋势,120
2026-08-22 16:25:00,4771.7,0.596,正常,常规运行,120
2026-08-22 16:30:00,4856.3,0.607,蓝色,加强监视：关注上游液位与雨量变化趋势,120
2026-08-22 16:35:00,4872.8,0.609,蓝色,加强监视：关注上游液位与雨量变化趋势,120
2026-08-22 16:40:00,4884.8,0.611,蓝色,加强监视：关注上游液位与雨量变化趋势,120
2026-08-22 16:45:00,4815.3,0.602,蓝色,加强监视：关注上游液位与雨量变化趋势,120
2026-08-22 16:50:00,4892.0,0.612,蓝色,加强监视：关注上游液位与雨量变化趋势,120
2026-08-22 16:55:00,4995.1,0.624,蓝色,加强监视：关注上游液位与雨量变化趋势,120
2026-08-22 17:00:00,4996.0,0.625,蓝色,加强监视：关注上游液位与雨量变化趋势,120
2026-08-22 17:05:00,5016.0,0.627,蓝色,加强监视：关注上游液位与雨量变化趋势,120
2026-08-22 17:10:00,5040.0,0.63,蓝色,加强监视：关注上游液位与雨量变化趋势,120
2026-08-22 17:15:00,5070.9,0.634,蓝色,加强监视：关注上游液位与雨量变化趋势,120
2026-08-22 17:20:00,5080.7,0.635,蓝色,加强监视：关注上游液位与雨量变化趋势,120
2026-08-22 17:25:00,5101.0,0.638,蓝色,加强监视：关注上游液位与雨量变化趋势,120
2026-08-22 17:30:00,5019.4,0.627,蓝色,加强监视：关注上游液位与雨量变化趋势,120
2026-08-22 17:35:00,5064.3,0.633,蓝色,加强监视：关注上游液位与雨量变化趋势,120
2026-08-22 17:40:00,5135.4,0.642,蓝色,加强监视：关注上游液位与雨量变化趋势,120
2026-08-22 17:45:00,5144.3,0.643,蓝色,加强监视：关注上游液位与雨量变化趋势,120
2026-08-22 17:50:00,5145.8,0.643,蓝色,加强监视：关注上游液位与雨量变化趋势,120
2026-08-22 17:55:00,5067.1,0.633,蓝色,加强监视：关注上游液位与雨量变化趋势,120
2026-08-22 18:00:00,5070.9,0.634,蓝色,加强监视：关注上游液位与雨量变化趋势,120
2026-08-22 18:05:00,5098.8,0.637,蓝色,加强监视：关注上游液位与雨量变化趋势,120
2026-08-22 18:10:00,5121.0,0.64,蓝色,加强监视：关注上游液位与雨量变化趋势,120
2026-08-22 18:15:00,5071.3,0.634,蓝色,加强监视：关注上游液位与雨量变化趋势,120
2026-08-22 18:20:00,5032.0,0.629,蓝色,加强监视：关注上游液位与雨量变化趋势,120
2026-08-22 18:25:00,5110.9,0.639,蓝色,加强监视：关注上游液位与雨量变化趋势,120
2026-08-22 18:30:00,4982.5,0.623,蓝色,加强监视：关注上游液位与雨量变化趋势,120
2026-08-22 18:35:00,5073.9,0.634,蓝色,加强监视：关注上游液位与雨量变化趋势,120
2026-08-22 18:40:00,4996.2,0.625,蓝色,加强监视：关注上游液位与雨量变化趋势,120
2026-08-22 18:45:00,5111.1,0.639,蓝色,加强监视：关注上游液位与雨量变化趋势,120
2026-08-22 18:50:00,4989.5,0.624,蓝色,加强监视：关注上游液位与雨量变化趋势,120
2026-08-22 18:55:00,4941.7,0.618,蓝色,加强监视：关注上游液位与雨量变化趋势,120
2026-08-22 19:00:00,5023.6,0.628,蓝色,加强监视：关注上游液位与雨量变化趋势,120
2026-08-22 19:05:00,4961.7,0.62,蓝色,加强监视：关注上游液位与雨量变化趋势,120
2026-08-22 19:10:00,4964.0,0.62,蓝色,加强监视：关注上游液位与雨量变化趋势,120
2026-08-22 19:15:00,4821.0,0.603,蓝色,加强监视：关注上游液位与雨量变化趋势,120
2026-08-22 19:20:00,5021.8,0.628,蓝色,加强监视：关注上游液位与雨量变化趋势,120
2026-08-22 19:25:00,4838.2,0.605,蓝色,加强监视：关注上游液位与雨量变化趋势,120
2026-08-22 19:30:00,4801.5,0.6,蓝色,加强监视：关注上游液位与雨量变化趋势,120
2026-08-22 19:35:00,4740.3,0.593,正常,常规运行,120
2026-08-22 19:40:00,4727.8,0.591,正常,常规运行,120
2026-08-22 19:45:00,4748.0,0.593,正常,常规运行,120
2026-08-22 19:50:00,4664.4,0.583,正常,常规运行,120
2026-08-22 19:55:00,4691.4,0.586,正常,常规运行,120
2026-08-22 20:00:00,4606.3,0.576,正常,常规运行,120
2026-08-22 20:05:00,4680.9,0.585,正常,常规运行,120
2026-08-22 20:10:00,4650.3,0.581,正常,常规运行,120
2026-08-22 20:15:00,4580.0,0.572,正常,常规运行,120
2026-08-22 20:20:00,4634.3,0.579,正常,常规运行,120
2026-08-22 20:25:00,4617.3,0.577,正常,常规运行,120
2026-08-22 20:30:00,4541.4,0.568,正常,常规运行,120
2026-08-22 20:35:00,4463.8,0.558,正常,常规运行,120
2026-08-22 20:40:00,4496.7,0.562,正常,常规运行,120
2026-08-22 20:45:00,4379.5,0.547,正常,常规运行,120
2026-08-22 20:50:00,4433.3,0.554,正常,常规运行,120
2026-08-22 20:55:00,4387.5,0.548,正常,常规运行,120
2026-08-22 21:00:00,4421.9,0.553,正常,常规运行,120
2026-08-22 21:05:00,4299.1,0.537,正常,常规运行,120
2026-08-22 21:10:00,4292.9,0.537,正常,常规运行,120
2026-08-22 21:15:00,4361.6,0.545,正常,常规运行,120
2026-08-22 21:20:00,4176.1,0.522,正常,常规运行,120
2026-08-22 21:25:00,4189.0,0.524,正常,常规运行,120
2026-08-22 21:30:00,4235.5,0.529,正常,常规运行,120
2026-08-22 21:35:00,4310.0,0.539,正常,常规运行,120
2026-08-22 21:40:00,4165.0,0.521,正常,常规运行,120
2026-08-22 21:45:00,4228.3,0.529,正常,常规运行,120
2026-08-22 21:50:00,4161.7,0.52,正常,常规运行,120
2026-08-22 21:55:00,4105.4,0.513,正常,常规运行,120
2026-08-22 22:00:00,3904.3,0.488,正常,常规运行,120
2026-08-22 22:05:00,3946.5,0.493,正常,常规运行,120
2026-08-22 22:10:00,3649.3,0.456,正常,常规运行,120
2026-08-22 22:15:00,3643.1,0.455,正常,常规运行,120
2026-08-22 22:20:00,3642.0,0.455,正常,常规运行,120
2026-08-22 22:25:00,3586.5,0.448,正常,常规运行,120
2026-08-22 22:30:00,3560.5,0.445,正常,常规运行,120
2026-08-22 22:35:00,3633.1,0.454,正常,常规运行,120
2026-08-22 22:40:00,3571.9,0.446,正常,常规运行,120
2026-08-22 22:45:00,3473.7,0.434,正常,常规运行,120
2026-08-22 22:50:00,3418.4,0.427,正常,常规运行,120
2026-08-22 22:55:00,3466.3,0.433,正常,常规运行,120
2026-08-22 23:00:00,3373.5,0.422,正常,常规运行,120
2026-08-22 23:05:00,3483.3,0.435,正常,常规运行,120
2026-08-22 23:10:00,3329.9,0.416,正常,常规运行,120
2026-08-22 23:15:00,3332.6,0.417,正常,常规运行,120
2026-08-22 23:20:00,3300.2,0.413,正常,常规运行,120
2026-08-22 23:25:00,3318.4,0.415,正常,常规运行,120
2026-08-22 23:30:00,3217.2,0.402,正常,常规运行,120
2026-08-22 23:35:00,3168.4,0.396,正常,常规运行,120
2026-08-22 23:40:00,3130.2,0.391,正常,常规运行,120
2026-08-22 23:45:00,3072.0,0.384,正常,常规运行,120
2026-08-22 23:50:00,3070.1,0.384,正常,常规运行,120
2026-08-22 23:55:00,2962.5,0.37,正常,常规运行,120
2026-08-23 00:00:00,2946.5,0.368,正常,常规运行,120
2026-08-23 00:05:00,2890.3,0.361,正常,常规运行,120
2026-08-23 00:10:00,2876.3,0.36,正常,常规运行,120
2026-08-23 00:15:00,2814.9,0.352,正常,常规运行,120
2026-08-23 00:20:00,2810.6,0.351,正常,常规运行,120
2026-08-23 00:25:00,2740.3,0.343,正常,常规运行,120
2026-08-23 00:30:00,2724.3,0.341,正常,常规运行,120
2026-08-23 00:35:00,2725.3,0.341,正常,常规运行,120
2026-08-23 00:40:00,2690.3,0.336,正常,常规运行,120
2026-08-23 00:45:00,2699.7,0.337,正常,常规运行,120
2026-08-23 00:50:00,2682.0,0.335,正常,常规运行,120
2026-08-23 00:55:00,2685.3,0.336,正常,常规运行,120
2026-08-23 01:00:00,2672.2,0.334,正常,常规运行,120
2026-08-23 01:05:00,2666.9,0.333,正常,常规运行,120
2026-08-23 01:10:00,2669.5,0.334,正常,常规运行,120
2026-08-23 01:15:00,2645.0,0.331,正常,常规运行,120
2026-08-23 01:20:00,2647.9,0.331,正常,常规运行,120
2026-08-23 01:25:00,2651.8,0.331,正常,常规运行,120
2026-08-23 01:30:00,2656.6,0.332,正常,常规运行,120
2026-08-23 01:35:00,2649.4,0.331,正常,常规运行,120
2026-08-23 01:40:00,2671.0,0.334,正常,常规运行,120
2026-08-23 01:45:00,2643.7,0.33,正常,常规运行,120
2026-08-23 01:50:00,2657.6,0.332,正常,常规运行,120
2026-08-23 01:55:00,2674.1,0.334,正常,常规运行,120
2026-08-23 02:00:00,2666.3,0.333,正常,常规运行,120
2026-08-23 02:05:00,2653.6,0.332,正常,常规运行,120
2026-08-23 02:10:00,2777.2,0.347,正常,常规运行,120
2026-08-23 02:15:00,2747.5,0.343,正常,常规运行,120
2026-08-23 02:20:00,2836.1,0.355,正常,常规运行,120
2026-08-23 02:25:00,2808.3,0.351,正常,常规运行,120
2026-08-23 02:30:00,2845.3,0.356,正常,常规运行,120
2026-08-23 02:35:00,2904.8,0.363,正常,常规运行,120
2026-08-23 02:40:00,2997.6,0.375,正常,常规运行,120
2026-08-23 02:45:00,3020.3,0.378,正常,常规运行,120
2026-08-23 02:50:00,3019.8,0.377,正常,常规运行,120
2026-08-23 02:55:00,3171.1,0.396,正常,常规运行,120
2026-08-23 03:00:00,3180.9,0.398,正常,常规运行,120
2026-08-23 03:05:00,3188.0,0.398,正常,常规运行,120
2026-08-23 03:10:00,3300.2,0.413,正常,常规运行,120
2026-08-23 03:15:00,3319.7,0.415,正常,常规运行,120
2026-08-23 03:20:00,3403.3,0.425,正常,常规运行,120
2026-08-23 03:25:00,3418.6,0.427,正常,常规运行,120
2026-08-23 03:30:00,3537.0,0.442,正常,常规运行,120
2026-08-23 03:35:00,3453.4,0.432,正常,常规运行,120
2026-08-23 03:40:00,3725.6,0.466,正常,常规运行,120
2026-08-23 03:45:00,3579.9,0.447,正常,常规运行,120
2026-08-23 03:50:00,3803.3,0.475,正常,常规运行,120
2026-08-23 03:55:00,3799.7,0.475,正常,常规运行,120
2026-08-23 04:00:00,3964.1,0.496,正常,常规运行,120
2026-08-23 04:05:00,3864.2,0.483,正常,常规运行,120
2026-08-23 04:10:00,4056.1,0.507,正常,常规运行,120
2026-08-23 04:15:00,4003.5,0.5,正常,常规运行,120
2026-08-23 04:20:00,4071.7,0.509,正常,常规运行,120
2026-08-23 04:25:00,4149.6,0.519,正常,常规运行,120
2026-08-23 04:30:00,4236.5,0.53,正常,常规运行,120
2026-08-23 04:35:00,4230.5,0.529,正常,常规运行,120
2026-08-23 04:40:00,4325.5,0.541,正常,常规运行,120
2026-08-23 04:45:00,4417.0,0.552,正常,常规运行,120
2026-08-23 04:50:00,4382.0,0.548,正常,常规运行,120
2026-08-23 04:55:00,4452.4,0.557,正常,常规运行,120
2026-08-23 05:00:00,4510.7,0.564,正常,常规运行,120
2026-08-23 05:05:00,4584.6,0.573,正常,常规运行,120
2026-08-23 05:10:00,4569.8,0.571,正常,常规运行,120
2026-08-23 05:15:00,4766.6,0.596,正常,常规运行,120
2026-08-23 05:20:00,4737.8,0.592,正常,常规运行,120
2026-08-23 05:25:00,4796.9,0.6,正常,常规运行,120
2026-08-23 05:30:00,4893.8,0.612,蓝色,加强监视：关注上游液位与雨量变化趋势,120
2026-08-23 05:35:00,4885.2,0.611,蓝色,加强监视：关注上游液位与雨量变化趋势,120
2026-08-23 05:40:00,4908.2,0.614,蓝色,加强监视：关注上游液位与雨量变化趋势,120
2026-08-23 05:45:00,5027.4,0.628,蓝色,加强监视：关注上游液位与雨量变化趋势,120
2026-08-23 05:50:00,4988.9,0.624,蓝色,加强监视：关注上游液位与雨量变化趋势,120
2026-08-23 05:55:00,5077.7,0.635,蓝色,加强监视：关注上游液位与雨量变化趋势,120
2026-08-23 06:00:00,5147.9,0.643,蓝色,加强监视：关注上游液位与雨量变化趋势,120
2026-08-23 06:05:00,5169.5,0.646,蓝色,加强监视：关注上游液位与雨量变化趋势,120
2026-08-23 06:10:00,5414.6,0.677,蓝色,加强监视：关注上游液位与雨量变化趋势,120
2026-08-23 06:15:00,5243.8,0.655,蓝色,加强监视：关注上游液位与雨量变化趋势,120
2026-08-23 06:20:00,5483.4,0.685,蓝色,加强监视：关注上游液位与雨量变化趋势,120
2026-08-23 06:25:00,5473.1,0.684,蓝色,加强监视：关注上游液位与雨量变化趋势,120
2026-08-23 06:30:00,5248.2,0.656,蓝色,加强监视：关注上游液位与雨量变化趋势,120
2026-08-23 06:35:00,5297.4,0.662,蓝色,加强监视：关注上游液位与雨量变化趋势,120
2026-08-23 06:40:00,5305.1,0.663,蓝色,加强监视：关注上游液位与雨量变化趋势,120
2026-08-23 06:45:00,5258.2,0.657,蓝色,加强监视：关注上游液位与雨量变化趋势,120
2026-08-23 06:50:00,5348.7,0.669,蓝色,加强监视：关注上游液位与雨量变化趋势,120
2026-08-23 06:55:00,5368.1,0.671,蓝色,加强监视：关注上游液位与雨量变化趋势,120
2026-08-23 07:00:00,5378.0,0.672,蓝色,加强监视：关注上游液位与雨量变化趋势,120
2026-08-23 07:05:00,5394.9,0.674,蓝色,加强监视：关注上游液位与雨量变化趋势,120
2026-08-23 07:10:00,5317.2,0.665,蓝色,加强监视：关注上游液位与雨量变化趋势,120
2026-08-23 07:15:00,5295.4,0.662,蓝色,加强监视：关注上游液位与雨量变化趋势,120
2026-08-23 07:20:00,5298.0,0.662,蓝色,加强监视：关注上游液位与雨量变化趋势,120
2026-08-23 07:25:00,5362.1,0.67,蓝色,加强监视：关注上游液位与雨量变化趋势,120
2026-08-23 07:30:00,5217.0,0.652,蓝色,加强监视：关注上游液位与雨量变化趋势,120
2026-08-23 07:35:00,5173.0,0.647,蓝色,加强监视：关注上游液位与雨量变化趋势,120
2026-08-23 07:40:00,5153.3,0.644,蓝色,加强监视：关注上游液位与雨量变化趋势,120
2026-08-23 07:45:00,5222.2,0.653,蓝色,加强监视：关注上游液位与雨量变化趋势,120
2026-08-23 07:50:00,5204.3,0.651,蓝色,加强监视：关注上游液位与雨量变化趋势,120
2026-08-23 07:55:00,5124.3,0.641,蓝色,加强监视：关注上游液位与雨量变化趋势,120
2026-08-23 08:00:00,5064.1,0.633,蓝色,加强监视：关注上游液位与雨量变化趋势,120
2026-08-23 08:05:00,5018.4,0.627,蓝色,加强监视：关注上游液位与雨量变化趋势,120
2026-08-23 08:10:00,5018.0,0.627,蓝色,加强监视：关注上游液位与雨量变化趋势,120
2026-08-23 08:15:00,5089.6,0.636,蓝色,加强监视：关注上游液位与雨量变化趋势,120
2026-08-23 08:20:00,4998.8,0.625,蓝色,加强监视：关注上游液位与雨量变化趋势,120
2026-08-23 08:25:00,5004.2,0.626,蓝色,加强监视：关注上游液位与雨量变化趋势,120
2026-08-23 08:30:00,4936.4,0.617,蓝色,加强监视：关注上游液位与雨量变化趋势,120
2026-08-23 08:35:00,4939.8,0.617,蓝色,加强监视：关注上游液位与雨量变化趋势,120
2026-08-23 08:40:00,4875.9,0.609,蓝色,加强监视：关注上游液位与雨量变化趋势,120
2026-08-23 08:45:00,4865.8,0.608,蓝色,加强监视：关注上游液位与雨量变化趋势,120
2026-08-23 08:50:00,4771.2,0.596,正常,常规运行,120
2026-08-23 08:55:00,4745.6,0.593,正常,常规运行,120
2026-08-23 09:00:00,4681.9,0.585,正常,常规运行,120
2026-08-23 09:05:00,4769.6,0.596,正常,常规运行,120
2026-08-23 09:10:00,4730.1,0.591,正常,常规运行,120
2026-08-23 09:15:00,4666.6,0.583,正常,常规运行,120
2026-08-23 09:20:00,4603.0,0.575,正常,常规运行,120
2026-08-23 09:25:00,4611.0,0.576,正常,常规运行,120
2026-08-23 09:30:00,4511.2,0.564,正常,常规运行,120
2026-08-23 09:35:00,4556.6,0.57,正常,常规运行,120
2026-08-23 09:40:00,4546.6,0.568,正常,常规运行,120
2026-08-23 09:45:00,4486.7,0.561,正常,常规运行,120
2026-08-23 09:50:00,4457.7,0.557,正常,常规运行,120
2026-08-23 09:55:00,4387.2,0.548,正常,常规运行,120
2026-08-23 10:00:00,4358.8,0.545,正常,常规运行,120
2026-08-23 10:05:00,4373.9,0.547,正常,常规运行,120
2026-08-23 10:10:00,4331.4,0.541,正常,常规运行,120
2026-08-23 10:15:00,4321.9,0.54,正常,常规运行,120
2026-08-23 10:20:00,4211.3,0.526,正常,常规运行,120
2026-08-23 10:25:00,4261.6,0.533,正常,常规运行,120
2026-08-23 10:30:00,4289.4,0.536,正常,常规运行,120
2026-08-23 10:35:00,4276.1,0.535,正常,常规运行,120
2026-08-23 10:40:00,4214.4,0.527,正常,常规运行,120
2026-08-23 10:45:00,4256.3,0.532,正常,常规运行,120
2026-08-23 10:50:00,4086.0,0.511,正常,常规运行,120
2026-08-23 10:55:00,4194.3,0.524,正常,常规运行,120
2026-08-23 11:00:00,4229.4,0.529,正常,常规运行,120
2026-08-23 11:05:00,4236.1,0.53,正常,常规运行,120
2026-08-23 11:10:00,4050.4,0.506,正常,常规运行,120
2026-08-23 11:15:00,4124.1,0.516,正常,常规运行,120
2026-08-23 11:20:00,4075.3,0.509,正常,常规运行,120
2026-08-23 11:25:00,4234.1,0.529,正常,常规运行,120
2026-08-23 11:30:00,4121.4,0.515,正常,常规运行,120
2026-08-23 11:35:00,4140.3,0.518,正常,常规运行,120
2026-08-23 11:40:00,4017.6,0.502,正常,常规运行,120
2026-08-23 11:45:00,4079.0,0.51,正常,常规运行,120
2026-08-23 11:50:00,4101.0,0.513,正常,常规运行,120
2026-08-23 11:55:00,4063.0,0.508,正常,常规运行,120
2026-08-23 12:00:00,4010.6,0.501,正常,常规运行,120
2026-08-23 12:05:00,4111.0,0.514,正常,常规运行,120
2026-08-23 12:10:00,4023.9,0.503,正常,常规运行,120
2026-08-23 12:15:00,4031.3,0.504,正常,常规运行,120
2026-08-23 12:20:00,4046.2,0.506,正常,常规运行,120
2026-08-23 12:25:00,4096.6,0.512,正常,常规运行,120
2026-08-23 12:30:00,4007.0,0.501,正常,常规运行,120
2026-08-23 12:35:00,4002.8,0.5,正常,常规运行,120
2026-08-23 12:40:00,4055.7,0.507,正常,常规运行,120
2026-08-23 12:45:00,4089.8,0.511,正常,常规运行,120
2026-08-23 12:50:00,4022.6,0.503,正常,常规运行,120
2026-08-23 12:55:00,4141.6,0.518,正常,常规运行,120
2026-08-23 13:00:00,4079.0,0.51,正常,常规运行,120
2026-08-23 13:05:00,4129.5,0.516,正常,常规运行,120
2026-08-23 13:10:00,4198.2,0.525,正常,常规运行,120
2026-08-23 13:15:00,4104.4,0.513,正常,常规运行,120
2026-08-23 13:20:00,4132.6,0.517,正常,常规运行,120
2026-08-23 13:25:00,4193.0,0.524,正常,常规运行,120
2026-08-23 13:30:00,4129.1,0.516,正常,常规运行,120
2026-08-23 13:35:00,4108.5,0.514,正常,常规运行,120
2026-08-23 13:40:00,4173.5,0.522,正常,常规运行,120
2026-08-23 13:45:00,4247.1,0.531,正常,常规运行,120
2026-08-23 13:50:00,4221.8,0.528,正常,常规运行,120
2026-08-23 13:55:00,4281.4,0.535,正常,常规运行,120
2026-08-23 14:00:00,4295.2,0.537,正常,常规运行,120
2026-08-23 14:05:00,4251.7,0.531,正常,常规运行,120
2026-08-23 14:10:00,4245.1,0.531,正常,常规运行,120
2026-08-23 14:15:00,4336.3,0.542,正常,常规运行,120
2026-08-23 14:20:00,4316.9,0.54,正常,常规运行,120
2026-08-23 14:25:00,4257.7,0.532,正常,常规运行,120
2026-08-23 14:30:00,4374.6,0.547,正常,常规运行,120
2026-08-23 14:35:00,4379.9,0.547,正常,常规运行,120
2026-08-23 14:40:00,4366.4,0.546,正常,常规运行,120
2026-08-23 14:45:00,4374.0,0.547,正常,常规运行,120
2026-08-23 14:50:00,4375.6,0.547,正常,常规运行,120
2026-08-23 14:55:00,4393.4,0.549,正常,常规运行,120
2026-08-23 15:00:00,4429.8,0.554,正常,常规运行,120
2026-08-23 15:05:00,4424.9,0.553,正常,常规运行,120
2026-08-23 15:10:00,4485.6,0.561,正常,常规运行,120
2026-08-23 15:15:00,4584.9,0.573,正常,常规运行,120
2026-08-23 15:20:00,4541.1,0.568,正常,常规运行,120
2026-08-23 15:25:00,4530.3,0.566,正常,常规运行,120
2026-08-23 15:30:00,4624.2,0.578,正常,常规运行,120
2026-08-23 15:35:00,4614.8,0.577,正常,常规运行,120
2026-08-23 15:40:00,4623.8,0.578,正常,常规运行,120
2026-08-23 15:45:00,4597.8,0.575,正常,常规运行,120
2026-08-23 15:50:00,4667.8,0.583,正常,常规运行,120
2026-08-23 15:55:00,4758.1,0.595,正常,常规运行,120
2026-08-23 16:00:00,4762.7,0.595,正常,常规运行,120
2026-08-23 16:05:00,4816.9,0.602,蓝色,加强监视：关注上游液位与雨量变化趋势,120
2026-08-23 16:10:00,4806.9,0.601,蓝色,加强监视：关注上游液位与雨量变化趋势,120
2026-08-23 16:15:00,4842.9,0.605,蓝色,加强监视：关注上游液位与雨量变化趋势,120
2026-08-23 16:20:00,4870.9,0.609,蓝色,加强监视：关注上游液位与雨量变化趋势,120
2026-08-23 16:25:00,4895.8,0.612,蓝色,加强监视：关注上游液位与雨量变化趋势,120
2026-08-23 16:30:00,4868.7,0.609,蓝色,加强监视：关注上游液位与雨量变化趋势,120
2026-08-23 16:35:00,4896.5,0.612,蓝色,加强监视：关注上游液位与雨量变化趋势,120
2026-08-23 16:40:00,4908.5,0.614,蓝色,加强监视：关注上游液位与雨量变化趋势,120
2026-08-23 16:45:00,4894.8,0.612,蓝色,加强监视：关注上游液位与雨量变化趋势,120
2026-08-23 16:50:00,4916.1,0.615,蓝色,加强监视：关注上游液位与雨量变化趋势,120
2026-08-23 16:55:00,4987.3,0.623,蓝色,加强监视：关注上游液位与雨量变化趋势,120
2026-08-23 17:00:00,4940.7,0.618,蓝色,加强监视：关注上游液位与雨量变化趋势,120
2026-08-23 17:05:00,5021.3,0.628,蓝色,加强监视：关注上游液位与雨量变化趋势,120
2026-08-23 17:10:00,5025.2,0.628,蓝色,加强监视：关注上游液位与雨量变化趋势,120
2026-08-23 17:15:00,4953.8,0.619,蓝色,加强监视：关注上游液位与雨量变化趋势,120
2026-08-23 17:20:00,5070.4,0.634,蓝色,加强监视：关注上游液位与雨量变化趋势,120
2026-08-23 17:25:00,5055.3,0.632,蓝色,加强监视：关注上游液位与雨量变化趋势,120
2026-08-23 17:30:00,5075.3,0.634,蓝色,加强监视：关注上游液位与雨量变化趋势,120
2026-08-23 17:35:00,5053.6,0.632,蓝色,加强监视：关注上游液位与雨量变化趋势,120
2026-08-23 17:40:00,5057.1,0.632,蓝色,加强监视：关注上游液位与雨量变化趋势,120
2026-08-23 17:45:00,5053.7,0.632,蓝色,加强监视：关注上游液位与雨量变化趋势,120
2026-08-23 17:50:00,5035.2,0.629,蓝色,加强监视：关注上游液位与雨量变化趋势,120
2026-08-23 17:55:00,5065.8,0.633,蓝色,加强监视：关注上游液位与雨量变化趋势,120
2026-08-23 18:00:00,5084.0,0.635,蓝色,加强监视：关注上游液位与雨量变化趋势,120
2026-08-23 18:05:00,5077.1,0.635,蓝色,加强监视：关注上游液位与雨量变化趋势,120
2026-08-23 18:10:00,5053.2,0.632,蓝色,加强监视：关注上游液位与雨量变化趋势,120
2026-08-23 18:15:00,5049.5,0.631,蓝色,加强监视：关注上游液位与雨量变化趋势,120
2026-08-23 18:20:00,5059.4,0.632,蓝色,加强监视：关注上游液位与雨量变化趋势,120
2026-08-23 18:25:00,5019.4,0.627,蓝色,加强监视：关注上游液位与雨量变化趋势,120
2026-08-23 18:30:00,5076.4,0.635,蓝色,加强监视：关注上游液位与雨量变化趋势,120
2026-08-23 18:35:00,5055.3,0.632,蓝色,加强监视：关注上游液位与雨量变化趋势,120
2026-08-23 18:40:00,5113.3,0.639,蓝色,加强监视：关注上游液位与雨量变化趋势,120
2026-08-23 18:45:00,4979.8,0.622,蓝色,加强监视：关注上游液位与雨量变化趋势,120
2026-08-23 18:50:00,5005.6,0.626,蓝色,加强监视：关注上游液位与雨量变化趋势,120
2026-08-23 18:55:00,4981.0,0.623,蓝色,加强监视：关注上游液位与雨量变化趋势,120
2026-08-23 19:00:00,5017.4,0.627,蓝色,加强监视：关注上游液位与雨量变化趋势,120
2026-08-23 19:05:00,4996.1,0.625,蓝色,加强监视：关注上游液位与雨量变化趋势,120
2026-08-23 19:10:00,4931.3,0.616,蓝色,加强监视：关注上游液位与雨量变化趋势,120
2026-08-23 19:15:00,4899.7,0.612,蓝色,加强监视：关注上游液位与雨量变化趋势,120
2026-08-23 19:20:00,4850.0,0.606,蓝色,加强监视：关注上游液位与雨量变化趋势,120
2026-08-23 19:25:00,4911.6,0.614,蓝色,加强监视：关注上游液位与雨量变化趋势,120
2026-08-23 19:30:00,4878.8,0.61,蓝色,加强监视：关注上游液位与雨量变化趋势,120
2026-08-23 19:35:00,4874.1,0.609,蓝色,加强监视：关注上游液位与雨量变化趋势,120
2026-08-23 19:40:00,4807.6,0.601,蓝色,加强监视：关注上游液位与雨量变化趋势,120
2026-08-23 19:45:00,4726.7,0.591,正常,常规运行,120
2026-08-23 19:50:00,4773.9,0.597,正常,常规运行,120
2026-08-23 19:55:00,4768.8,0.596,正常,常规运行,120
2026-08-23 20:00:00,4693.6,0.587,正常,常规运行,120
2026-08-23 20:05:00,4667.4,0.583,正常,常规运行,120
2026-08-23 20:10:00,4647.8,0.581,正常,常规运行,120
2026-08-23 20:15:00,4546.2,0.568,正常,常规运行,120
2026-08-23 20:20:00,4567.7,0.571,正常,常规运行,120
2026-08-23 20:25:00,4592.3,0.574,正常,常规运行,120
2026-08-23 20:30:00,4573.3,0.572,正常,常规运行,120
2026-08-23 20:35:00,4486.0,0.561,正常,常规运行,120
2026-08-23 20:40:00,4519.9,0.565,正常,常规运行,120
2026-08-23 20:45:00,4417.1,0.552,正常,常规运行,120
2026-08-23 20:50:00,4477.2,0.56,正常,常规运行,120
2026-08-23 20:55:00,4412.5,0.552,正常,常规运行,120
2026-08-23 21:00:00,4454.6,0.557,正常,常规运行,120
2026-08-23 21:05:00,4396.3,0.55,正常,常规运行,120
2026-08-23 21:10:00,4401.6,0.55,正常,常规运行,120
2026-08-23 21:15:00,4296.5,0.537,正常,常规运行,120
2026-08-23 21:20:00,4415.6,0.552,正常,常规运行,120
2026-08-23 21:25:00,4305.5,0.538,正常,常规运行,120
2026-08-23 21:30:00,4287.4,0.536,正常,常规运行,120
2026-08-23 21:35:00,4298.6,0.537,正常,常规运行,120
2026-08-23 21:40:00,4126.2,0.516,正常,常规运行,120
2026-08-23 21:45:00,4158.1,0.52,正常,常规运行,120
2026-08-23 21:50:00,4245.5,0.531,正常,常规运行,120
2026-08-23 21:55:00,4115.9,0.514,正常,常规运行,120
2026-08-23 22:00:00,4061.5,0.508,正常,常规运行,120
2026-08-23 22:05:00,3946.9,0.493,正常,常规运行,120
2026-08-23 22:10:00,4014.1,0.502,正常,常规运行,120
2026-08-23 22:15:00,3962.0,0.495,正常,常规运行,120
2026-08-23 22:20:00,3937.4,0.492,正常,常规运行,120
2026-08-23 22:25:00,3964.3,0.496,正常,常规运行,120
2026-08-23 22:30:00,3905.1,0.488,正常,常规运行,120
2026-08-23 22:35:00,3785.4,0.473,正常,常规运行,120
2026-08-23 22:40:00,3881.6,0.485,正常,常规运行,120
2026-08-23 22:45:00,3817.6,0.477,正常,常规运行,120
2026-08-23 22:50:00,3841.7,0.48,正常,常规运行,120
2026-08-23 22:55:00,3737.7,0.467,正常,常规运行,120
2026-08-23 23:00:00,3773.3,0.472,正常,常规运行,120
2026-08-23 23:05:00,3674.4,0.459,正常,常规运行,120
2026-08-23 23:10:00,3621.1,0.453,正常,常规运行,120
2026-08-23 23:15:00,3638.8,0.455,正常,常规运行,120
2026-08-23 23:20:00,3642.9,0.455,正常,常规运行,120
2026-08-23 23:25:00,3619.9,0.452,正常,常规运行,120
2026-08-23 23:30:00,3492.2,0.437,正常,常规运行,120
2026-08-23 23:35:00,3446.1,0.431,正常,常规运行,120
2026-08-23 23:40:00,3459.4,0.432,正常,常规运行,120
2026-08-23 23:45:00,3421.1,0.428,正常,常规运行,120
2026-08-23 23:50:00,3301.4,0.413,正常,常规运行,120
2026-08-23 23:55:00,3434.1,0.429,正常,常规运行,120
2026-08-24 00:00:00,3370.6,0.421,正常,常规运行,120
2026-08-24 00:05:00,3160.5,0.395,正常,常规运行,120
2026-08-24 00:10:00,3086.1,0.386,正常,常规运行,120
2026-08-24 00:15:00,3232.1,0.404,正常,常规运行,120
2026-08-24 00:20:00,3124.2,0.391,正常,常规运行,120
2026-08-24 00:25:00,3081.3,0.385,正常,常规运行,120
2026-08-24 00:30:00,2989.6,0.374,正常,常规运行,120
2026-08-24 00:35:00,2922.6,0.365,正常,常规运行,120
2026-08-24 00:40:00,2977.4,0.372,正常,常规运行,120
2026-08-24 00:45:00,2958.1,0.37,正常,常规运行,120
2026-08-24 00:50:00,2954.5,0.369,正常,常规运行,120
2026-08-24 00:55:00,2898.5,0.362,正常,常规运行,120
2026-08-24 01:00:00,2887.2,0.361,正常,常规运行,120
2026-08-24 01:05:00,2823.8,0.353,正常,常规运行,120
2026-08-24 01:10:00,2831.2,0.354,正常,常规运行,120
2026-08-24 01:15:00,2817.9,0.352,正常,常规运行,120
2026-08-24 01:20:00,2849.1,0.356,正常,常规运行,120
2026-08-24 01:25:00,2796.9,0.35,正常,常规运行,120
2026-08-24 01:30:00,2829.1,0.354,正常,常规运行,120
2026-08-24 01:35:00,2774.2,0.347,正常,常规运行,120
2026-08-24 01:40:00,2822.2,0.353,正常,常规运行,120
2026-08-24 01:45:00,2879.3,0.36,正常,常规运行,120
2026-08-24 01:50:00,2885.2,0.361,正常,常规运行,120
2026-08-24 01:55:00,2855.3,0.357,正常,常规运行,120
2026-08-24 02:00:00,2893.6,0.362,正常,常规运行,120
2026-08-24 02:05:00,2920.8,0.365,正常,常规运行,120
2026-08-24 02:10:00,3025.8,0.378,正常,常规运行,120
2026-08-24 02:15:00,3073.0,0.384,正常,常规运行,120
2026-08-24 02:20:00,3111.1,0.389,正常,常规运行,120
2026-08-24 02:25:00,3015.5,0.377,正常,常规运行,120
2026-08-24 02:30:00,3168.4,0.396,正常,常规运行,120
2026-08-24 02:35:00,3207.4,0.401,正常,常规运行,120
2026-08-24 02:40:00,3352.7,0.419,正常,常规运行,120
2026-08-24 02:45:00,3258.5,0.407,正常,常规运行,120
2026-08-24 02:50:00,3262.2,0.408,正常,常规运行,120
2026-08-24 02:55:00,3392.6,0.424,正常,常规运行,120
2026-08-24 03:00:00,3448.8,0.431,正常,常规运行,120
2026-08-24 03:05:00,3415.1,0.427,正常,常规运行,120
2026-08-24 03:10:00,3529.2,0.441,正常,常规运行,120
2026-08-24 03:15:00,3564.4,0.446,正常,常规运行,120
2026-08-24 03:20:00,3697.0,0.462,正常,常规运行,120
2026-08-24 03:25:00,3742.8,0.468,正常,常规运行,120
2026-08-24 03:30:00,3848.9,0.481,正常,常规运行,120
2026-08-24 03:35:00,3902.4,0.488,正常,常规运行,120
2026-08-24 03:40:00,4083.9,0.51,正常,常规运行,120
2026-08-24 03:45:00,3986.8,0.498,正常,常规运行,120
2026-08-24 03:50:00,4073.8,0.509,正常,常规运行,120
2026-08-24 03:55:00,4220.3,0.528,正常,常规运行,120
2026-08-24 04:00:00,4211.8,0.526,正常,常规运行,120
2026-08-24 04:05:00,4287.5,0.536,正常,常规运行,120
2026-08-24 04:10:00,4356.0,0.544,正常,常规运行,120
2026-08-24 04:15:00,4449.2,0.556,正常,常规运行,120
2026-08-24 04:20:00,4582.5,0.573,正常,常规运行,120
2026-08-24 04:25:00,4644.4,0.581,正常,常规运行,120
2026-08-24 04:30:00,4576.2,0.572,正常,常规运行,120
2026-08-24 04:35:00,4657.1,0.582,正常,常规运行,120
2026-08-24 04:40:00,4660.3,0.583,正常,常规运行,120
2026-08-24 04:45:00,4782.0,0.598,正常,常规运行,120
2026-08-24 04:50:00,4838.5,0.605,蓝色,加强监视：关注上游液位与雨量变化趋势,120
2026-08-24 04:55:00,5214.3,0.652,蓝色,加强监视：关注上游液位与雨量变化趋势,120
2026-08-24 05:00:00,5344.4,0.668,蓝色,加强监视：关注上游液位与雨量变化趋势,120
2026-08-24 05:05:00,5237.4,0.655,蓝色,加强监视：关注上游液位与雨量变化趋势,120
2026-08-24 05:10:00,5079.3,0.635,蓝色,加强监视：关注上游液位与雨量变化趋势,120
2026-08-24 05:15:00,5112.6,0.639,蓝色,加强监视：关注上游液位与雨量变化趋势,120
2026-08-24 05:20:00,5107.3,0.638,蓝色,加强监视：关注上游液位与雨量变化趋势,120
2026-08-24 05:25:00,5271.0,0.659,蓝色,加强监视：关注上游液位与雨量变化趋势,120
2026-08-24 05:30:00,5593.6,0.699,蓝色,加强监视：关注上游液位与雨量变化趋势,120
2026-08-24 05:35:00,5922.3,0.74,蓝色,加强监视：关注上游液位与雨量变化趋势,120
2026-08-24 05:40:00,5424.1,0.678,蓝色,加强监视：关注上游液位与雨量变化趋势,120
2026-08-24 05:45:00,5405.2,0.676,蓝色,加强监视：关注上游液位与雨量变化趋势,120
2026-08-24 05:50:00,5426.1,0.678,蓝色,加强监视：关注上游液位与雨量变化趋势,120
2026-08-24 05:55:00,5357.7,0.67,蓝色,加强监视：关注上游液位与雨量变化趋势,120
2026-08-24 06:00:00,5470.0,0.684,蓝色,加强监视：关注上游液位与雨量变化趋势,120
2026-08-24 06:05:00,5479.3,0.685,蓝色,加强监视：关注上游液位与雨量变化趋势,120
2026-08-24 06:10:00,5521.3,0.69,蓝色,加强监视：关注上游液位与雨量变化趋势,120
2026-08-24 06:15:00,5990.5,0.749,蓝色,加强监视：关注上游液位与雨量变化趋势,120
2026-08-24 06:20:00,5527.3,0.691,蓝色,加强监视：关注上游液位与雨量变化趋势,120
2026-08-24 06:25:00,5538.8,0.692,蓝色,加强监视：关注上游液位与雨量变化趋势,120
2026-08-24 06:30:00,5516.0,0.69,蓝色,加强监视：关注上游液位与雨量变化趋势,120
2026-08-24 06:35:00,5740.2,0.718,蓝色,加强监视：关注上游液位与雨量变化趋势,120
2026-08-24 06:40:00,6026.0,0.753,蓝色,加强监视：关注上游液位与雨量变化趋势,120
2026-08-24 06:45:00,5484.6,0.686,蓝色,加强监视：关注上游液位与雨量变化趋势,120
2026-08-24 06:50:00,6159.1,0.77,蓝色,加强监视：关注上游液位与雨量变化趋势,120
2026-08-24 06:55:00,5717.7,0.715,蓝色,加强监视：关注上游液位与雨量变化趋势,120
2026-08-24 07:00:00,6679.1,0.835,黄色,雨前预抽空：预降各泵站前池液位，腾出调蓄容积,120
2026-08-24 07:05:00,5563.8,0.695,蓝色,加强监视：关注上游液位与雨量变化趋势,120
2026-08-24 07:10:00,5753.7,0.719,蓝色,加强监视：关注上游液位与雨量变化趋势,120
2026-08-24 07:15:00,5711.8,0.714,蓝色,加强监视：关注上游液位与雨量变化趋势,120
2026-08-24 07:20:00,5603.8,0.7,蓝色,加强监视：关注上游液位与雨量变化趋势,120
2026-08-24 07:25:00,5902.2,0.738,蓝色,加强监视：关注上游液位与雨量变化趋势,120
2026-08-24 07:30:00,5581.8,0.698,蓝色,加强监视：关注上游液位与雨量变化趋势,120
2026-08-24 07:35:00,5634.0,0.704,蓝色,加强监视：关注上游液位与雨量变化趋势,120
2026-08-24 07:40:00,5605.0,0.701,蓝色,加强监视：关注上游液位与雨量变化趋势,120
2026-08-24 07:45:00,5548.6,0.694,蓝色,加强监视：关注上游液位与雨量变化趋势,120
2026-08-24 07:50:00,5518.0,0.69,蓝色,加强监视：关注上游液位与雨量变化趋势,120
2026-08-24 07:55:00,5472.4,0.684,蓝色,加强监视：关注上游液位与雨量变化趋势,120
2026-08-24 08:00:00,5461.8,0.683,蓝色,加强监视：关注上游液位与雨量变化趋势,120
2026-08-24 08:05:00,5467.4,0.683,蓝色,加强监视：关注上游液位与雨量变化趋势,120
2026-08-24 08:10:00,5800.8,0.725,蓝色,加强监视：关注上游液位与雨量变化趋势,120
2026-08-24 08:15:00,5756.5,0.72,蓝色,加强监视：关注上游液位与雨量变化趋势,120
2026-08-24 08:20:00,5452.6,0.682,蓝色,加强监视：关注上游液位与雨量变化趋势,120
2026-08-24 08:25:00,5299.7,0.662,蓝色,加强监视：关注上游液位与雨量变化趋势,120
2026-08-24 08:30:00,5557.6,0.695,蓝色,加强监视：关注上游液位与雨量变化趋势,120
2026-08-24 08:35:00,5520.3,0.69,蓝色,加强监视：关注上游液位与雨量变化趋势,120
2026-08-24 08:40:00,5303.0,0.663,蓝色,加强监视：关注上游液位与雨量变化趋势,120
2026-08-24 08:45:00,5444.5,0.681,蓝色,加强监视：关注上游液位与雨量变化趋势,120
2026-08-24 08:50:00,5703.1,0.713,蓝色,加强监视：关注上游液位与雨量变化趋势,120
2026-08-24 08:55:00,5224.8,0.653,蓝色,加强监视：关注上游液位与雨量变化趋势,120
2026-08-24 09:00:00,5129.5,0.641,蓝色,加强监视：关注上游液位与雨量变化趋势,120
2026-08-24 09:05:00,5144.2,0.643,蓝色,加强监视：关注上游液位与雨量变化趋势,120
2026-08-24 09:10:00,5029.2,0.629,蓝色,加强监视：关注上游液位与雨量变化趋势,120
2026-08-24 09:15:00,5014.3,0.627,蓝色,加强监视：关注上游液位与雨量变化趋势,120
2026-08-24 09:20:00,4998.8,0.625,蓝色,加强监视：关注上游液位与雨量变化趋势,120
2026-08-24 09:25:00,4903.5,0.613,蓝色,加强监视：关注上游液位与雨量变化趋势,120
2026-08-24 09:30:00,4846.3,0.606,蓝色,加强监视：关注上游液位与雨量变化趋势,120
2026-08-24 09:35:00,4944.0,0.618,蓝色,加强监视：关注上游液位与雨量变化趋势,120
2026-08-24 09:40:00,4917.4,0.615,蓝色,加强监视：关注上游液位与雨量变化趋势,120
2026-08-24 09:45:00,4813.5,0.602,蓝色,加强监视：关注上游液位与雨量变化趋势,120
2026-08-24 09:50:00,4736.0,0.592,正常,常规运行,120
2026-08-24 09:55:00,4706.3,0.588,正常,常规运行,120
2026-08-24 10:00:00,4696.4,0.587,正常,常规运行,120
2026-08-24 10:05:00,4665.2,0.583,正常,常规运行,120
2026-08-24 10:10:00,4653.6,0.582,正常,常规运行,120
2026-08-24 10:15:00,4562.9,0.57,正常,常规运行,120
2026-08-24 10:20:00,4596.8,0.575,正常,常规运行,120
2026-08-24 10:25:00,4620.7,0.578,正常,常规运行,120
2026-08-24 10:30:00,4571.2,0.571,正常,常规运行,120
2026-08-24 10:35:00,4617.3,0.577,正常,常规运行,120
2026-08-24 10:40:00,4629.8,0.579,正常,常规运行,120
2026-08-24 10:45:00,4592.9,0.574,正常,常规运行,120
2026-08-24 10:50:00,4524.5,0.566,正常,常规运行,120
2026-08-24 10:55:00,4468.6,0.559,正常,常规运行,120
2026-08-24 11:00:00,4499.3,0.562,正常,常规运行,120
2026-08-24 11:05:00,4480.8,0.56,正常,常规运行,120
2026-08-24 11:10:00,4492.1,0.562,正常,常规运行,120
2026-08-24 11:15:00,4421.2,0.553,正常,常规运行,120
2026-08-24 11:20:00,4508.8,0.564,正常,常规运行,120
2026-08-24 11:25:00,4507.9,0.563,正常,常规运行,120
2026-08-24 11:30:00,4465.6,0.558,正常,常规运行,120
2026-08-24 11:35:00,4422.8,0.553,正常,常规运行,120
2026-08-24 11:40:00,4425.2,0.553,正常,常规运行,120
2026-08-24 11:45:00,4407.9,0.551,正常,常规运行,120
2026-08-24 11:50:00,4456.4,0.557,正常,常规运行,120
2026-08-24 11:55:00,4347.2,0.543,正常,常规运行,120
2026-08-24 12:00:00,4409.4,0.551,正常,常规运行,120
2026-08-24 12:05:00,4377.6,0.547,正常,常规运行,120
2026-08-24 12:10:00,4416.8,0.552,正常,常规运行,120
2026-08-24 12:15:00,4307.1,0.538,正常,常规运行,120
2026-08-24 12:20:00,4330.3,0.541,正常,常规运行,120
2026-08-24 12:25:00,4421.0,0.553,正常,常规运行,120
2026-08-24 12:30:00,4380.7,0.548,正常,常规运行,120
2026-08-24 12:35:00,4372.3,0.547,正常,常规运行,120
2026-08-24 12:40:00,4376.7,0.547,正常,常规运行,120
2026-08-24 12:45:00,4395.1,0.549,正常,常规运行,120
2026-08-24 12:50:00,4389.9,0.549,正常,常规运行,120
2026-08-24 12:55:00,4360.3,0.545,正常,常规运行,120
2026-08-24 13:00:00,4443.7,0.555,正常,常规运行,120
2026-08-24 13:05:00,4397.3,0.55,正常,常规运行,120
2026-08-24 13:10:00,4387.5,0.548,正常,常规运行,120
2026-08-24 13:15:00,4396.9,0.55,正常,常规运行,120
2026-08-24 13:20:00,4414.4,0.552,正常,常规运行,120
2026-08-24 13:25:00,4416.5,0.552,正常,常规运行,120
2026-08-24 13:30:00,4474.9,0.559,正常,常规运行,120
2026-08-24 13:35:00,4391.5,0.549,正常,常规运行,120
2026-08-24 13:40:00,4463.9,0.558,正常,常规运行,120
2026-08-24 13:45:00,4522.9,0.565,正常,常规运行,120
2026-08-24 13:50:00,4467.6,0.558,正常,常规运行,120
2026-08-24 13:55:00,4420.0,0.553,正常,常规运行,120
2026-08-24 14:00:00,4472.6,0.559,正常,常规运行,120
2026-08-24 14:05:00,4526.0,0.566,正常,常规运行,120
2026-08-24 14:10:00,4532.3,0.567,正常,常规运行,120
2026-08-24 14:15:00,4560.9,0.57,正常,常规运行,120
2026-08-24 14:20:00,4568.7,0.571,正常,常规运行,120
2026-08-24 14:25:00,4577.0,0.572,正常,常规运行,120
2026-08-24 14:30:00,4611.8,0.576,正常,常规运行,120
2026-08-24 14:35:00,4582.1,0.573,正常,常规运行,120
2026-08-24 14:40:00,4762.7,0.595,正常,常规运行,120
2026-08-24 14:45:00,4676.9,0.585,正常,常规运行,120
2026-08-24 14:50:00,4698.0,0.587,正常,常规运行,120
2026-08-24 14:55:00,4773.4,0.597,正常,常规运行,120
2026-08-24 15:00:00,4803.6,0.6,蓝色,加强监视：关注上游液位与雨量变化趋势,120
2026-08-24 15:05:00,4773.6,0.597,正常,常规运行,120
2026-08-24 15:10:00,4818.4,0.602,蓝色,加强监视：关注上游液位与雨量变化趋势,120
2026-08-24 15:15:00,4850.8,0.606,蓝色,加强监视：关注上游液位与雨量变化趋势,120
2026-08-24 15:20:00,4962.0,0.62,蓝色,加强监视：关注上游液位与雨量变化趋势,120
2026-08-24 15:25:00,4944.0,0.618,蓝色,加强监视：关注上游液位与雨量变化趋势,120
2026-08-24 15:30:00,4969.5,0.621,蓝色,加强监视：关注上游液位与雨量变化趋势,120
2026-08-24 15:35:00,5107.9,0.638,蓝色,加强监视：关注上游液位与雨量变化趋势,120
2026-08-24 15:40:00,5093.9,0.637,蓝色,加强监视：关注上游液位与雨量变化趋势,120
2026-08-24 15:45:00,5045.8,0.631,蓝色,加强监视：关注上游液位与雨量变化趋势,120
2026-08-24 15:50:00,5092.2,0.637,蓝色,加强监视：关注上游液位与雨量变化趋势,120
2026-08-24 15:55:00,5125.3,0.641,蓝色,加强监视：关注上游液位与雨量变化趋势,120
2026-08-24 16:00:00,5097.9,0.637,蓝色,加强监视：关注上游液位与雨量变化趋势,120
2026-08-24 16:05:00,5108.4,0.639,蓝色,加强监视：关注上游液位与雨量变化趋势,120
2026-08-24 16:10:00,5237.7,0.655,蓝色,加强监视：关注上游液位与雨量变化趋势,120
2026-08-24 16:15:00,5112.5,0.639,蓝色,加强监视：关注上游液位与雨量变化趋势,120
2026-08-24 16:20:00,5186.7,0.648,蓝色,加强监视：关注上游液位与雨量变化趋势,120
2026-08-24 16:25:00,5184.9,0.648,蓝色,加强监视：关注上游液位与雨量变化趋势,120
2026-08-24 16:30:00,5253.7,0.657,蓝色,加强监视：关注上游液位与雨量变化趋势,120
2026-08-24 16:35:00,5312.2,0.664,蓝色,加强监视：关注上游液位与雨量变化趋势,120
2026-08-24 16:40:00,5345.1,0.668,蓝色,加强监视：关注上游液位与雨量变化趋势,120
2026-08-24 16:45:00,5350.9,0.669,蓝色,加强监视：关注上游液位与雨量变化趋势,120
2026-08-24 16:50:00,5403.4,0.675,蓝色,加强监视：关注上游液位与雨量变化趋势,120
2026-08-24 16:55:00,5413.1,0.677,蓝色,加强监视：关注上游液位与雨量变化趋势,120
2026-08-24 17:00:00,5404.1,0.676,蓝色,加强监视：关注上游液位与雨量变化趋势,120
2026-08-24 17:05:00,5636.5,0.705,蓝色,加强监视：关注上游液位与雨量变化趋势,120
2026-08-24 17:10:00,5428.1,0.679,蓝色,加强监视：关注上游液位与雨量变化趋势,120
2026-08-24 17:15:00,5517.6,0.69,蓝色,加强监视：关注上游液位与雨量变化趋势,120
2026-08-24 17:20:00,5432.8,0.679,蓝色,加强监视：关注上游液位与雨量变化趋势,120
2026-08-24 17:25:00,5442.7,0.68,蓝色,加强监视：关注上游液位与雨量变化趋势,120
2026-08-24 17:30:00,5477.3,0.685,蓝色,加强监视：关注上游液位与雨量变化趋势,120
2026-08-24 17:35:00,5469.3,0.684,蓝色,加强监视：关注上游液位与雨量变化趋势,120
2026-08-24 17:40:00,5503.8,0.688,蓝色,加强监视：关注上游液位与雨量变化趋势,120
2026-08-24 17:45:00,5561.3,0.695,蓝色,加强监视：关注上游液位与雨量变化趋势,120
2026-08-24 17:50:00,5643.9,0.705,蓝色,加强监视：关注上游液位与雨量变化趋势,120
2026-08-24 17:55:00,5459.1,0.682,蓝色,加强监视：关注上游液位与雨量变化趋势,120
2026-08-24 18:00:00,5449.5,0.681,蓝色,加强监视：关注上游液位与雨量变化趋势,120
2026-08-24 18:05:00,5466.2,0.683,蓝色,加强监视：关注上游液位与雨量变化趋势,120
2026-08-24 18:10:00,5497.7,0.687,蓝色,加强监视：关注上游液位与雨量变化趋势,120
2026-08-24 18:15:00,5486.1,0.686,蓝色,加强监视：关注上游液位与雨量变化趋势,120
2026-08-24 18:20:00,5508.2,0.689,蓝色,加强监视：关注上游液位与雨量变化趋势,120
2026-08-24 18:25:00,5454.2,0.682,蓝色,加强监视：关注上游液位与雨量变化趋势,120
2026-08-24 18:30:00,5424.9,0.678,蓝色,加强监视：关注上游液位与雨量变化趋势,120
2026-08-24 18:35:00,5423.3,0.678,蓝色,加强监视：关注上游液位与雨量变化趋势,120
2026-08-24 18:40:00,5452.3,0.682,蓝色,加强监视：关注上游液位与雨量变化趋势,120
2026-08-24 18:45:00,5402.7,0.675,蓝色,加强监视：关注上游液位与雨量变化趋势,120
2026-08-24 18:50:00,5450.3,0.681,蓝色,加强监视：关注上游液位与雨量变化趋势,120
2026-08-24 18:55:00,5390.4,0.674,蓝色,加强监视：关注上游液位与雨量变化趋势,120
2026-08-24 19:00:00,5372.9,0.672,蓝色,加强监视：关注上游液位与雨量变化趋势,120
2026-08-24 19:05:00,5360.4,0.67,蓝色,加强监视：关注上游液位与雨量变化趋势,120
2026-08-24 19:10:00,5322.1,0.665,蓝色,加强监视：关注上游液位与雨量变化趋势,120
2026-08-24 19:15:00,5352.6,0.669,蓝色,加强监视：关注上游液位与雨量变化趋势,120
2026-08-24 19:20:00,5319.5,0.665,蓝色,加强监视：关注上游液位与雨量变化趋势,120
2026-08-24 19:25:00,5249.9,0.656,蓝色,加强监视：关注上游液位与雨量变化趋势,120
2026-08-24 19:30:00,5262.7,0.658,蓝色,加强监视：关注上游液位与雨量变化趋势,120
2026-08-24 19:35:00,5245.2,0.656,蓝色,加强监视：关注上游液位与雨量变化趋势,120
2026-08-24 19:40:00,5320.9,0.665,蓝色,加强监视：关注上游液位与雨量变化趋势,120
2026-08-24 19:45:00,5215.4,0.652,蓝色,加强监视：关注上游液位与雨量变化趋势,120
2026-08-24 19:50:00,5100.4,0.638,蓝色,加强监视：关注上游液位与雨量变化趋势,120
2026-08-24 19:55:00,5191.9,0.649,蓝色,加强监视：关注上游液位与雨量变化趋势,120
2026-08-24 20:00:00,5114.1,0.639,蓝色,加强监视：关注上游液位与雨量变化趋势,120
2026-08-24 20:05:00,5051.8,0.631,蓝色,加强监视：关注上游液位与雨量变化趋势,120
2026-08-24 20:10:00,5065.6,0.633,蓝色,加强监视：关注上游液位与雨量变化趋势,120
2026-08-24 20:15:00,5137.8,0.642,蓝色,加强监视：关注上游液位与雨量变化趋势,120
2026-08-24 20:20:00,5061.6,0.633,蓝色,加强监视：关注上游液位与雨量变化趋势,120
2026-08-24 20:25:00,4855.4,0.607,蓝色,加强监视：关注上游液位与雨量变化趋势,120
2026-08-24 20:30:00,4922.7,0.615,蓝色,加强监视：关注上游液位与雨量变化趋势,120
2026-08-24 20:35:00,4978.6,0.622,蓝色,加强监视：关注上游液位与雨量变化趋势,120
2026-08-24 20:40:00,4896.5,0.612,蓝色,加强监视：关注上游液位与雨量变化趋势,120
2026-08-24 20:45:00,4780.9,0.598,正常,常规运行,120
2026-08-24 20:50:00,4756.6,0.595,正常,常规运行,120
2026-08-24 20:55:00,4896.1,0.612,蓝色,加强监视：关注上游液位与雨量变化趋势,120
2026-08-24 21:00:00,4770.9,0.596,正常,常规运行,120
2026-08-24 21:05:00,4746.2,0.593,正常,常规运行,120
2026-08-24 21:10:00,4871.5,0.609,蓝色,加强监视：关注上游液位与雨量变化趋势,120
2026-08-24 21:15:00,4751.4,0.594,正常,常规运行,120
2026-08-24 21:20:00,4756.1,0.595,正常,常规运行,120
2026-08-24 21:25:00,4686.5,0.586,正常,常规运行,120
2026-08-24 21:30:00,4578.0,0.572,正常,常规运行,120
2026-08-24 21:35:00,4617.1,0.577,正常,常规运行,120
2026-08-24 21:40:00,5020.7,0.628,蓝色,加强监视：关注上游液位与雨量变化趋势,120
2026-08-24 21:45:00,4602.8,0.575,正常,常规运行,120
2026-08-24 21:50:00,4686.1,0.586,正常,常规运行,120
2026-08-24 21:55:00,4422.2,0.553,正常,常规运行,120
2026-08-24 22:00:00,4288.4,0.536,正常,常规运行,120
2026-08-24 22:05:00,4182.6,0.523,正常,常规运行,120
2026-08-24 22:10:00,4021.1,0.503,正常,常规运行,120
2026-08-24 22:15:00,3971.6,0.496,正常,常规运行,120
2026-08-24 22:20:00,3982.5,0.498,正常,常规运行,120
2026-08-24 22:25:00,3922.2,0.49,正常,常规运行,120
2026-08-24 22:30:00,3929.2,0.491,正常,常规运行,120
2026-08-24 22:35:00,3895.8,0.487,正常,常规运行,120
2026-08-24 22:40:00,3896.4,0.487,正常,常规运行,120
2026-08-24 22:45:00,3782.0,0.473,正常,常规运行,120
2026-08-24 22:50:00,3793.9,0.474,正常,常规运行,120
2026-08-24 22:55:00,3813.8,0.477,正常,常规运行,120
2026-08-24 23:00:00,3822.8,0.478,正常,常规运行,120
2026-08-24 23:05:00,3670.7,0.459,正常,常规运行,120
2026-08-24 23:10:00,3729.8,0.466,正常,常规运行,120
2026-08-24 23:15:00,3578.2,0.447,正常,常规运行,120
2026-08-24 23:20:00,3663.4,0.458,正常,常规运行,120
2026-08-24 23:25:00,3519.4,0.44,正常,常规运行,120
2026-08-24 23:30:00,3428.9,0.429,正常,常规运行,120
2026-08-24 23:35:00,3476.3,0.435,正常,常规运行,120
2026-08-24 23:40:00,3440.2,0.43,正常,常规运行,120
2026-08-24 23:45:00,3335.7,0.417,正常,常规运行,120
2026-08-24 23:50:00,3351.0,0.419,正常,常规运行,120
2026-08-24 23:55:00,3298.3,0.412,正常,常规运行,120
2026-08-25 00:00:00,3249.0,0.406,正常,常规运行,120
2026-08-25 00:05:00,3119.5,0.39,正常,常规运行,120
2026-08-25 00:10:00,3195.7,0.399,正常,常规运行,120
2026-08-25 00:15:00,3051.1,0.381,正常,常规运行,120
2026-08-25 00:20:00,3118.5,0.39,正常,常规运行,120
2026-08-25 00:25:00,3023.6,0.378,正常,常规运行,120
2026-08-25 00:30:00,2991.1,0.374,正常,常规运行,120
2026-08-25 00:35:00,3019.4,0.377,正常,常规运行,120
2026-08-25 00:40:00,2910.9,0.364,正常,常规运行,120
2026-08-25 00:45:00,2874.0,0.359,正常,常规运行,120
2026-08-25 00:50:00,2897.8,0.362,正常,常规运行,120
2026-08-25 00:55:00,2876.8,0.36,正常,常规运行,120
2026-08-25 01:00:00,2834.8,0.354,正常,常规运行,120
2026-08-25 01:05:00,2863.9,0.358,正常,常规运行,120
2026-08-25 01:10:00,2836.2,0.355,正常,常规运行,120
2026-08-25 01:15:00,2857.9,0.357,正常,常规运行,120
2026-08-25 01:20:00,2807.1,0.351,正常,常规运行,120
2026-08-25 01:25:00,2825.1,0.353,正常,常规运行,120
2026-08-25 01:30:00,2808.7,0.351,正常,常规运行,120
2026-08-25 01:35:00,2791.9,0.349,正常,常规运行,120
2026-08-25 01:40:00,2815.6,0.352,正常,常规运行,120
2026-08-25 01:45:00,2784.4,0.348,正常,常规运行,120
2026-08-25 01:50:00,2840.0,0.355,正常,常规运行,120
2026-08-25 01:55:00,2877.2,0.36,正常,常规运行,120
2026-08-25 02:00:00,2935.6,0.367,正常,常规运行,120
2026-08-25 02:05:00,3005.0,0.376,正常,常规运行,120
2026-08-25 02:10:00,2967.4,0.371,正常,常规运行,120
2026-08-25 02:15:00,3002.6,0.375,正常,常规运行,120
2026-08-25 02:20:00,3007.0,0.376,正常,常规运行,120
2026-08-25 02:25:00,3041.5,0.38,正常,常规运行,120
2026-08-25 02:30:00,3111.7,0.389,正常,常规运行,120
2026-08-25 02:35:00,3230.4,0.404,正常,常规运行,120
2026-08-25 02:40:00,3243.8,0.405,正常,常规运行,120
2026-08-25 02:45:00,3222.5,0.403,正常,常规运行,120
2026-08-25 02:50:00,3352.9,0.419,正常,常规运行,120
2026-08-25 02:55:00,3354.1,0.419,正常,常规运行,120
2026-08-25 03:00:00,3500.2,0.438,正常,常规运行,120
2026-08-25 03:05:00,3515.9,0.439,正常,常规运行,120
2026-08-25 03:10:00,3623.8,0.453,正常,常规运行,120
2026-08-25 03:15:00,3648.7,0.456,正常,常规运行,120
2026-08-25 03:20:00,3796.6,0.475,正常,常规运行,120
2026-08-25 03:25:00,3850.8,0.481,正常,常规运行,120
2026-08-25 03:30:00,3907.6,0.488,正常,常规运行,120
2026-08-25 03:35:00,3950.4,0.494,正常,常规运行,120
2026-08-25 03:40:00,3993.7,0.499,正常,常规运行,120
2026-08-25 03:45:00,4111.6,0.514,正常,常规运行,120
2026-08-25 03:50:00,4194.9,0.524,正常,常规运行,120
2026-08-25 03:55:00,4145.6,0.518,正常,常规运行,120
2026-08-25 04:00:00,4320.7,0.54,正常,常规运行,120
2026-08-25 04:05:00,4338.2,0.542,正常,常规运行,120
2026-08-25 04:10:00,4419.4,0.552,正常,常规运行,120
2026-08-25 04:15:00,4502.9,0.563,正常,常规运行,120
2026-08-25 04:20:00,4488.3,0.561,正常,常规运行,120
2026-08-25 04:25:00,4814.0,0.602,蓝色,加强监视：关注上游液位与雨量变化趋势,120
2026-08-25 04:30:00,4639.3,0.58,正常,常规运行,120
2026-08-25 04:35:00,4655.7,0.582,正常,常规运行,120
2026-08-25 04:40:00,4961.6,0.62,蓝色,加强监视：关注上游液位与雨量变化趋势,120
2026-08-25 04:45:00,4830.8,0.604,蓝色,加强监视：关注上游液位与雨量变化趋势,120
2026-08-25 04:50:00,5126.2,0.641,蓝色,加强监视：关注上游液位与雨量变化趋势,120
2026-08-25 04:55:00,4968.7,0.621,蓝色,加强监视：关注上游液位与雨量变化趋势,120
2026-08-25 05:00:00,5079.0,0.635,蓝色,加强监视：关注上游液位与雨量变化趋势,120
2026-08-25 05:05:00,4996.8,0.625,蓝色,加强监视：关注上游液位与雨量变化趋势,120
2026-08-25 05:10:00,5139.9,0.642,蓝色,加强监视：关注上游液位与雨量变化趋势,120
2026-08-25 05:15:00,5061.6,0.633,蓝色,加强监视：关注上游液位与雨量变化趋势,120
2026-08-25 05:20:00,5199.2,0.65,蓝色,加强监视：关注上游液位与雨量变化趋势,120
2026-08-25 05:25:00,5127.9,0.641,蓝色,加强监视：关注上游液位与雨量变化趋势,120
2026-08-25 05:30:00,5913.8,0.739,蓝色,加强监视：关注上游液位与雨量变化趋势,120
2026-08-25 05:35:00,5322.0,0.665,蓝色,加强监视：关注上游液位与雨量变化趋势,120
2026-08-25 05:40:00,5283.6,0.66,蓝色,加强监视：关注上游液位与雨量变化趋势,120
2026-08-25 05:45:00,5347.9,0.668,蓝色,加强监视：关注上游液位与雨量变化趋势,120
2026-08-25 05:50:00,5354.2,0.669,蓝色,加强监视：关注上游液位与雨量变化趋势,120
2026-08-25 05:55:00,5459.6,0.682,蓝色,加强监视：关注上游液位与雨量变化趋势,120
2026-08-25 06:00:00,5440.8,0.68,蓝色,加强监视：关注上游液位与雨量变化趋势,120
2026-08-25 06:05:00,5467.5,0.683,蓝色,加强监视：关注上游液位与雨量变化趋势,120
2026-08-25 06:10:00,5856.3,0.732,蓝色,加强监视：关注上游液位与雨量变化趋势,120
2026-08-25 06:15:00,5561.3,0.695,蓝色,加强监视：关注上游液位与雨量变化趋势,120
2026-08-25 06:20:00,5543.9,0.693,蓝色,加强监视：关注上游液位与雨量变化趋势,120
2026-08-25 06:25:00,5501.4,0.688,蓝色,加强监视：关注上游液位与雨量变化趋势,120
2026-08-25 06:30:00,6759.2,0.845,黄色,雨前预抽空：预降各泵站前池液位，腾出调蓄容积,120
2026-08-25 06:35:00,5874.5,0.734,蓝色,加强监视：关注上游液位与雨量变化趋势,120
2026-08-25 06:40:00,6186.2,0.773,蓝色,加强监视：关注上游液位与雨量变化趋势,120
2026-08-25 06:45:00,5688.9,0.711,蓝色,加强监视：关注上游液位与雨量变化趋势,120
2026-08-25 06:50:00,5788.3,0.724,蓝色,加强监视：关注上游液位与雨量变化趋势,120
2026-08-25 06:55:00,6878.2,0.86,黄色,雨前预抽空：预降各泵站前池液位，腾出调蓄容积,120
2026-08-25 07:00:00,5770.6,0.721,蓝色,加强监视：关注上游液位与雨量变化趋势,120
2026-08-25 07:05:00,6234.7,0.779,蓝色,加强监视：关注上游液位与雨量变化趋势,120
2026-08-25 07:10:00,5567.6,0.696,蓝色,加强监视：关注上游液位与雨量变化趋势,120
2026-08-25 07:15:00,5779.7,0.722,蓝色,加强监视：关注上游液位与雨量变化趋势,120
2026-08-25 07:20:00,5609.5,0.701,蓝色,加强监视：关注上游液位与雨量变化趋势,120
2026-08-25 07:25:00,5638.1,0.705,蓝色,加强监视：关注上游液位与雨量变化趋势,120
2026-08-25 07:30:00,5635.5,0.704,蓝色,加强监视：关注上游液位与雨量变化趋势,120
2026-08-25 07:35:00,5505.7,0.688,蓝色,加强监视：关注上游液位与雨量变化趋势,120
2026-08-25 07:40:00,5590.8,0.699,蓝色,加强监视：关注上游液位与雨量变化趋势,120
2026-08-25 07:45:00,5523.8,0.69,蓝色,加强监视：关注上游液位与雨量变化趋势,120
2026-08-25 07:50:00,5950.0,0.744,蓝色,加强监视：关注上游液位与雨量变化趋势,120
2026-08-25 07:55:00,6026.5,0.753,蓝色,加强监视：关注上游液位与雨量变化趋势,120
2026-08-25 08:00:00,5446.0,0.681,蓝色,加强监视：关注上游液位与雨量变化趋势,120
2026-08-25 08:05:00,5458.2,0.682,蓝色,加强监视：关注上游液位与雨量变化趋势,120
2026-08-25 08:10:00,5520.4,0.69,蓝色,加强监视：关注上游液位与雨量变化趋势,120
2026-08-25 08:15:00,5430.6,0.679,蓝色,加强监视：关注上游液位与雨量变化趋势,120
2026-08-25 08:20:00,5434.4,0.679,蓝色,加强监视：关注上游液位与雨量变化趋势,120
2026-08-25 08:25:00,5395.9,0.674,蓝色,加强监视：关注上游液位与雨量变化趋势,120
2026-08-25 08:30:00,5313.8,0.664,蓝色,加强监视：关注上游液位与雨量变化趋势,120
2026-08-25 08:35:00,5387.8,0.673,蓝色,加强监视：关注上游液位与雨量变化趋势,120
2026-08-25 08:40:00,5289.7,0.661,蓝色,加强监视：关注上游液位与雨量变化趋势,120
2026-08-25 08:45:00,5308.0,0.663,蓝色,加强监视：关注上游液位与雨量变化趋势,120
2026-08-25 08:50:00,5179.5,0.647,蓝色,加强监视：关注上游液位与雨量变化趋势,120
2026-08-25 08:55:00,5232.9,0.654,蓝色,加强监视：关注上游液位与雨量变化趋势,120
2026-08-25 09:00:00,5085.4,0.636,蓝色,加强监视：关注上游液位与雨量变化趋势,120
2026-08-25 09:05:00,5034.5,0.629,蓝色,加强监视：关注上游液位与雨量变化趋势,120
2026-08-25 09:10:00,5237.7,0.655,蓝色,加强监视：关注上游液位与雨量变化趋势,120
2026-08-25 09:15:00,5075.8,0.634,蓝色,加强监视：关注上游液位与雨量变化趋势,120
2026-08-25 09:20:00,5002.9,0.625,蓝色,加强监视：关注上游液位与雨量变化趋势,120
2026-08-25 09:25:00,5027.4,0.628,蓝色,加强监视：关注上游液位与雨量变化趋势,120
2026-08-25 09:30:00,5650.4,0.706,蓝色,加强监视：关注上游液位与雨量变化趋势,120
2026-08-25 09:35:00,4929.1,0.616,蓝色,加强监视：关注上游液位与雨量变化趋势,120
2026-08-25 09:40:00,4903.2,0.613,蓝色,加强监视：关注上游液位与雨量变化趋势,120
2026-08-25 09:45:00,4880.3,0.61,蓝色,加强监视：关注上游液位与雨量变化趋势,120
2026-08-25 09:50:00,4852.1,0.607,蓝色,加强监视：关注上游液位与雨量变化趋势,120
2026-08-25 09:55:00,4768.1,0.596,正常,常规运行,120
2026-08-25 10:00:00,4687.7,0.586,正常,常规运行,120
2026-08-25 10:05:00,4712.2,0.589,正常,常规运行,120
2026-08-25 10:10:00,4690.2,0.586,正常,常规运行,120
2026-08-25 10:15:00,4684.1,0.586,正常,常规运行,120
2026-08-25 10:20:00,4662.4,0.583,正常,常规运行,120
2026-08-25 10:25:00,4699.1,0.587,正常,常规运行,120
2026-08-25 10:30:00,4660.0,0.582,正常,常规运行,120
2026-08-25 10:35:00,4636.9,0.58,正常,常规运行,120
2026-08-25 10:40:00,4605.5,0.576,正常,常规运行,120
2026-08-25 10:45:00,4567.3,0.571,正常,常规运行,120
2026-08-25 10:50:00,4612.8,0.577,正常,常规运行,120
2026-08-25 10:55:00,4479.9,0.56,正常,常规运行,120
2026-08-25 11:00:00,4551.9,0.569,正常,常规运行,120
2026-08-25 11:05:00,4526.0,0.566,正常,常规运行,120
2026-08-25 11:10:00,4508.5,0.564,正常,常规运行,120
2026-08-25 11:15:00,4433.3,0.554,正常,常规运行,120
2026-08-25 11:20:00,4442.6,0.555,正常,常规运行,120
2026-08-25 11:25:00,4443.7,0.555,正常,常规运行,120
2026-08-25 11:30:00,4446.0,0.556,正常,常规运行,120
2026-08-25 11:35:00,4423.1,0.553,正常,常规运行,120
2026-08-25 11:40:00,4412.3,0.552,正常,常规运行,120
2026-08-25 11:45:00,4422.5,0.553,正常,常规运行,120
2026-08-25 11:50:00,4364.7,0.546,正常,常规运行,120
2026-08-25 11:55:00,4424.4,0.553,正常,常规运行,120
2026-08-25 12:00:00,4376.2,0.547,正常,常规运行,120
2026-08-25 12:05:00,4414.8,0.552,正常,常规运行,120
2026-08-25 12:10:00,4360.5,0.545,正常,常规运行,120
2026-08-25 12:15:00,4395.5,0.549,正常,常规运行,120
2026-08-25 12:20:00,4403.6,0.55,正常,常规运行,120
2026-08-25 12:25:00,4412.0,0.552,正常,常规运行,120
2026-08-25 12:30:00,4373.4,0.547,正常,常规运行,120
2026-08-25 12:35:00,4420.1,0.553,正常,常规运行,120
2026-08-25 12:40:00,4380.9,0.548,正常,常规运行,120
2026-08-25 12:45:00,4352.9,0.544,正常,常规运行,120
2026-08-25 12:50:00,4373.4,0.547,正常,常规运行,120
2026-08-25 12:55:00,4399.2,0.55,正常,常规运行,120
2026-08-25 13:00:00,4404.9,0.551,正常,常规运行,120
2026-08-25 13:05:00,4355.5,0.544,正常,常规运行,120
2026-08-25 13:10:00,4377.1,0.547,正常,常规运行,120
2026-08-25 13:15:00,4433.6,0.554,正常,常规运行,120
2026-08-25 13:20:00,4496.7,0.562,正常,常规运行,120
2026-08-25 13:25:00,4519.7,0.565,正常,常规运行,120
2026-08-25 13:30:00,4501.8,0.563,正常,常规运行,120
2026-08-25 13:35:00,4536.2,0.567,正常,常规运行,120
2026-08-25 13:40:00,4522.2,0.565,正常,常规运行,120
2026-08-25 13:45:00,4558.1,0.57,正常,常规运行,120
2026-08-25 13:50:00,4535.0,0.567,正常,常规运行,120
2026-08-25 13:55:00,4549.8,0.569,正常,常规运行,120
2026-08-25 14:00:00,4573.5,0.572,正常,常规运行,120
2026-08-25 14:05:00,4623.4,0.578,正常,常规运行,120
2026-08-25 14:10:00,4622.0,0.578,正常,常规运行,120
2026-08-25 14:15:00,4660.1,0.583,正常,常规运行,120
2026-08-25 14:20:00,4695.2,0.587,正常,常规运行,120
2026-08-25 14:25:00,4795.7,0.599,正常,常规运行,120
2026-08-25 14:30:00,4789.6,0.599,正常,常规运行,120
2026-08-25 14:35:00,4796.1,0.6,正常,常规运行,120
2026-08-25 14:40:00,5145.2,0.643,蓝色,加强监视：关注上游液位与雨量变化趋势,120
2026-08-25 14:45:00,4954.8,0.619,蓝色,加强监视：关注上游液位与雨量变化趋势,120
2026-08-25 14:50:00,5042.0,0.63,蓝色,加强监视：关注上游液位与雨量变化趋势,120
2026-08-25 14:55:00,5201.5,0.65,蓝色,加强监视：关注上游液位与雨量变化趋势,120
2026-08-25 15:00:00,5097.8,0.637,蓝色,加强监视：关注上游液位与雨量变化趋势,120
2026-08-25 15:05:00,5231.3,0.654,蓝色,加强监视：关注上游液位与雨量变化趋势,120
2026-08-25 15:10:00,5571.1,0.696,蓝色,加强监视：关注上游液位与雨量变化趋势,120
2026-08-25 15:15:00,5319.5,0.665,蓝色,加强监视：关注上游液位与雨量变化趋势,120
2026-08-25 15:20:00,5374.6,0.672,蓝色,加强监视：关注上游液位与雨量变化趋势,120
2026-08-25 15:25:00,5424.1,0.678,蓝色,加强监视：关注上游液位与雨量变化趋势,120
2026-08-25 15:30:00,6208.1,0.776,蓝色,加强监视：关注上游液位与雨量变化趋势,120
2026-08-25 15:35:00,6479.0,0.81,黄色,雨前预抽空：预降各泵站前池液位，腾出调蓄容积,120
2026-08-25 15:40:00,6609.3,0.826,黄色,雨前预抽空：预降各泵站前池液位，腾出调蓄容积,120
2026-08-25 15:45:00,6682.4,0.835,黄色,雨前预抽空：预降各泵站前池液位，腾出调蓄容积,120
2026-08-25 15:50:00,8038.3,1.005,橙色,彭越浦总站错峰：上游支线泵站延迟 30~60min 开泵，削峰错时进厂,120
2026-08-25 15:55:00,6303.9,0.788,蓝色,加强监视：关注上游液位与雨量变化趋势,120
2026-08-25 16:00:00,8313.2,1.039,橙色,彭越浦总站错峰：上游支线泵站延迟 30~60min 开泵，削峰错时进厂,120
2026-08-25 16:05:00,10243.5,1.28,红色,全网限流：上游泵站按能力 70% 限排，启用调蓄，厂内超越预案待命,120
2026-08-25 16:10:00,10653.4,1.332,红色,全网限流：上游泵站按能力 70% 限排，启用调蓄，厂内超越预案待命,120
2026-08-25 16:15:00,9204.2,1.151,红色,全网限流：上游泵站按能力 70% 限排，启用调蓄，厂内超越预案待命,120
2026-08-25 16:20:00,10540.0,1.317,红色,全网限流：上游泵站按能力 70% 限排，启用调蓄，厂内超越预案待命,120
2026-08-25 16:25:00,10785.1,1.348,红色,全网限流：上游泵站按能力 70% 限排，启用调蓄，厂内超越预案待命,120
2026-08-25 16:30:00,12005.8,1.501,红色,全网限流：上游泵站按能力 70% 限排，启用调蓄，厂内超越预案待命,120
2026-08-25 16:35:00,10777.3,1.347,红色,全网限流：上游泵站按能力 70% 限排，启用调蓄，厂内超越预案待命,120
2026-08-25 16:40:00,10764.7,1.346,红色,全网限流：上游泵站按能力 70% 限排，启用调蓄，厂内超越预案待命,120
2026-08-25 16:45:00,10945.7,1.368,红色,全网限流：上游泵站按能力 70% 限排，启用调蓄，厂内超越预案待命,120
2026-08-25 16:50:00,11636.1,1.455,红色,全网限流：上游泵站按能力 70% 限排，启用调蓄，厂内超越预案待命,120
2026-08-25 16:55:00,11852.4,1.482,红色,全网限流：上游泵站按能力 70% 限排，启用调蓄，厂内超越预案待命,120
2026-08-25 17:00:00,12973.2,1.622,红色,全网限流：上游泵站按能力 70% 限排，启用调蓄，厂内超越预案待命,120
2026-08-25 17:05:00,12960.2,1.62,红色,全网限流：上游泵站按能力 70% 限排，启用调蓄，厂内超越预案待命,120
2026-08-25 17:10:00,13004.9,1.626,红色,全网限流：上游泵站按能力 70% 限排，启用调蓄，厂内超越预案待命,120
2026-08-25 17:15:00,12646.8,1.581,红色,全网限流：上游泵站按能力 70% 限排，启用调蓄，厂内超越预案待命,120
2026-08-25 17:20:00,13677.8,1.71,红色,全网限流：上游泵站按能力 70% 限排，启用调蓄，厂内超越预案待命,120
2026-08-25 17:25:00,12241.7,1.53,红色,全网限流：上游泵站按能力 70% 限排，启用调蓄，厂内超越预案待命,120
2026-08-25 17:30:00,13409.8,1.676,红色,全网限流：上游泵站按能力 70% 限排，启用调蓄，厂内超越预案待命,120
2026-08-25 17:35:00,12831.7,1.604,红色,全网限流：上游泵站按能力 70% 限排，启用调蓄，厂内超越预案待命,120
2026-08-25 17:40:00,13407.5,1.676,红色,全网限流：上游泵站按能力 70% 限排，启用调蓄，厂内超越预案待命,120
2026-08-25 17:45:00,13805.8,1.726,红色,全网限流：上游泵站按能力 70% 限排，启用调蓄，厂内超越预案待命,120
2026-08-25 17:50:00,13547.2,1.693,红色,全网限流：上游泵站按能力 70% 限排，启用调蓄，厂内超越预案待命,120
2026-08-25 17:55:00,14888.8,1.861,红色,全网限流：上游泵站按能力 70% 限排，启用调蓄，厂内超越预案待命,120
2026-08-25 18:00:00,12666.3,1.583,红色,全网限流：上游泵站按能力 70% 限排，启用调蓄，厂内超越预案待命,120
2026-08-25 18:05:00,12936.5,1.617,红色,全网限流：上游泵站按能力 70% 限排，启用调蓄，厂内超越预案待命,120
2026-08-25 18:10:00,12025.0,1.503,红色,全网限流：上游泵站按能力 70% 限排，启用调蓄，厂内超越预案待命,120
2026-08-25 18:15:00,12816.1,1.602,红色,全网限流：上游泵站按能力 70% 限排，启用调蓄，厂内超越预案待命,120
2026-08-25 18:20:00,12016.0,1.502,红色,全网限流：上游泵站按能力 70% 限排，启用调蓄，厂内超越预案待命,120
2026-08-25 18:25:00,12919.9,1.615,红色,全网限流：上游泵站按能力 70% 限排，启用调蓄，厂内超越预案待命,120
2026-08-25 18:30:00,11748.4,1.469,红色,全网限流：上游泵站按能力 70% 限排，启用调蓄，厂内超越预案待命,120
2026-08-25 18:35:00,12390.9,1.549,红色,全网限流：上游泵站按能力 70% 限排，启用调蓄，厂内超越预案待命,120
2026-08-25 18:40:00,12470.1,1.559,红色,全网限流：上游泵站按能力 70% 限排，启用调蓄，厂内超越预案待命,120
2026-08-25 18:45:00,12590.0,1.574,红色,全网限流：上游泵站按能力 70% 限排，启用调蓄，厂内超越预案待命,120
2026-08-25 18:50:00,12467.1,1.558,红色,全网限流：上游泵站按能力 70% 限排，启用调蓄，厂内超越预案待命,120
2026-08-25 18:55:00,12695.9,1.587,红色,全网限流：上游泵站按能力 70% 限排，启用调蓄，厂内超越预案待命,120
2026-08-25 19:00:00,11528.9,1.441,红色,全网限流：上游泵站按能力 70% 限排，启用调蓄，厂内超越预案待命,120
2026-08-25 19:05:00,13413.7,1.677,红色,全网限流：上游泵站按能力 70% 限排，启用调蓄，厂内超越预案待命,120
2026-08-25 19:10:00,12735.5,1.592,红色,全网限流：上游泵站按能力 70% 限排，启用调蓄，厂内超越预案待命,120
2026-08-25 19:15:00,11258.9,1.407,红色,全网限流：上游泵站按能力 70% 限排，启用调蓄，厂内超越预案待命,120
2026-08-25 19:20:00,12551.0,1.569,红色,全网限流：上游泵站按能力 70% 限排，启用调蓄，厂内超越预案待命,120
2026-08-25 19:25:00,12612.2,1.577,红色,全网限流：上游泵站按能力 70% 限排，启用调蓄，厂内超越预案待命,120
2026-08-25 19:30:00,10796.0,1.35,红色,全网限流：上游泵站按能力 70% 限排，启用调蓄，厂内超越预案待命,120
2026-08-25 19:35:00,11661.7,1.458,红色,全网限流：上游泵站按能力 70% 限排，启用调蓄，厂内超越预案待命,120
2026-08-25 19:40:00,11380.9,1.423,红色,全网限流：上游泵站按能力 70% 限排，启用调蓄，厂内超越预案待命,120
2026-08-25 19:45:00,9607.4,1.201,红色,全网限流：上游泵站按能力 70% 限排，启用调蓄，厂内超越预案待命,120
2026-08-25 19:50:00,8768.3,1.096,橙色,彭越浦总站错峰：上游支线泵站延迟 30~60min 开泵，削峰错时进厂,120
2026-08-25 19:55:00,8261.4,1.033,橙色,彭越浦总站错峰：上游支线泵站延迟 30~60min 开泵，削峰错时进厂,120
2026-08-25 20:00:00,7729.8,0.966,橙色,彭越浦总站错峰：上游支线泵站延迟 30~60min 开泵，削峰错时进厂,120
2026-08-25 20:05:00,7223.7,0.903,黄色,雨前预抽空：预降各泵站前池液位，腾出调蓄容积,120
2026-08-25 20:10:00,6803.8,0.85,黄色,雨前预抽空：预降各泵站前池液位，腾出调蓄容积,120
2026-08-25 20:15:00,6007.4,0.751,蓝色,加强监视：关注上游液位与雨量变化趋势,120
2026-08-25 20:20:00,6057.7,0.757,蓝色,加强监视：关注上游液位与雨量变化趋势,120
2026-08-25 20:25:00,5929.0,0.741,蓝色,加强监视：关注上游液位与雨量变化趋势,120
2026-08-25 20:30:00,6724.8,0.841,黄色,雨前预抽空：预降各泵站前池液位，腾出调蓄容积,120
2026-08-25 20:35:00,6127.1,0.766,蓝色,加强监视：关注上游液位与雨量变化趋势,120
2026-08-25 20:40:00,5391.3,0.674,蓝色,加强监视：关注上游液位与雨量变化趋势,120
2026-08-25 20:45:00,7001.0,0.875,黄色,雨前预抽空：预降各泵站前池液位，腾出调蓄容积,120
2026-08-25 20:50:00,6176.9,0.772,蓝色,加强监视：关注上游液位与雨量变化趋势,120
2026-08-25 20:55:00,5883.9,0.735,蓝色,加强监视：关注上游液位与雨量变化趋势,120
2026-08-25 21:00:00,5544.4,0.693,蓝色,加强监视：关注上游液位与雨量变化趋势,120
2026-08-25 21:05:00,5105.5,0.638,蓝色,加强监视：关注上游液位与雨量变化趋势,120
2026-08-25 21:10:00,4995.2,0.624,蓝色,加强监视：关注上游液位与雨量变化趋势,120
2026-08-25 21:15:00,4889.5,0.611,蓝色,加强监视：关注上游液位与雨量变化趋势,120
2026-08-25 21:20:00,4960.5,0.62,蓝色,加强监视：关注上游液位与雨量变化趋势,120
2026-08-25 21:25:00,4895.2,0.612,蓝色,加强监视：关注上游液位与雨量变化趋势,120
2026-08-25 21:30:00,5020.3,0.628,蓝色,加强监视：关注上游液位与雨量变化趋势,120
2026-08-25 21:35:00,4668.4,0.584,正常,常规运行,120
2026-08-25 21:40:00,4868.4,0.609,蓝色,加强监视：关注上游液位与雨量变化趋势,120
2026-08-25 21:45:00,4653.0,0.582,正常,常规运行,120
2026-08-25 21:50:00,4608.5,0.576,正常,常规运行,120
2026-08-25 21:55:00,4505.3,0.563,正常,常规运行,120
2026-08-25 22:00:00,4385.2,0.548,正常,常规运行,120
2026-08-25 22:05:00,4290.1,0.536,正常,常规运行,120
2026-08-25 22:10:00,4111.7,0.514,正常,常规运行,120
2026-08-25 22:15:00,4212.2,0.527,正常,常规运行,120
2026-08-25 22:20:00,3989.3,0.499,正常,常规运行,120
2026-08-25 22:25:00,3991.6,0.499,正常,常规运行,120
2026-08-25 22:30:00,4043.0,0.505,正常,常规运行,120
2026-08-25 22:35:00,3936.3,0.492,正常,常规运行,120
2026-08-25 22:40:00,3851.7,0.481,正常,常规运行,120
2026-08-25 22:45:00,3915.1,0.489,正常,常规运行,120
2026-08-25 22:50:00,3788.0,0.474,正常,常规运行,120
2026-08-25 22:55:00,3825.9,0.478,正常,常规运行,120
2026-08-25 23:00:00,3681.7,0.46,正常,常规运行,120
2026-08-25 23:05:00,3718.5,0.465,正常,常规运行,120
2026-08-25 23:10:00,3623.1,0.453,正常,常规运行,120
2026-08-25 23:15:00,3652.3,0.457,正常,常规运行,120
2026-08-25 23:20:00,3626.7,0.453,正常,常规运行,120
2026-08-25 23:25:00,3505.3,0.438,正常,常规运行,120
2026-08-25 23:30:00,3539.5,0.442,正常,常规运行,120
2026-08-25 23:35:00,3404.6,0.426,正常,常规运行,120
2026-08-25 23:40:00,3477.6,0.435,正常,常规运行,120
2026-08-25 23:45:00,3336.2,0.417,正常,常规运行,120
2026-08-25 23:50:00,3315.1,0.414,正常,常规运行,120
2026-08-25 23:55:00,3269.1,0.409,正常,常规运行,120
2026-08-26 00:00:00,3177.4,0.397,正常,常规运行,120
2026-08-26 00:05:00,3117.7,0.39,正常,常规运行,120
2026-08-26 00:10:00,3186.7,0.398,正常,常规运行,120
2026-08-26 00:15:00,3067.3,0.383,正常,常规运行,120
2026-08-26 00:20:00,3125.7,0.391,正常,常规运行,120
2026-08-26 00:25:00,2999.6,0.375,正常,常规运行,120
2026-08-26 00:30:00,3047.2,0.381,正常,常规运行,120
2026-08-26 00:35:00,2993.3,0.374,正常,常规运行,120
2026-08-26 00:40:00,2904.7,0.363,正常,常规运行,120
2026-08-26 00:45:00,2911.1,0.364,正常,常规运行,120
2026-08-26 00:50:00,2933.4,0.367,正常,常规运行,120
2026-08-26 00:55:00,2867.5,0.358,正常,常规运行,120
2026-08-26 01:00:00,2861.0,0.358,正常,常规运行,120
2026-08-26 01:05:00,2842.3,0.355,正常,常规运行,120
2026-08-26 01:10:00,2835.3,0.354,正常,常规运行,120
2026-08-26 01:15:00,2827.4,0.353,正常,常规运行,120
2026-08-26 01:20:00,2823.9,0.353,正常,常规运行,120
2026-08-26 01:25:00,2799.4,0.35,正常,常规运行,120
2026-08-26 01:30:00,2804.8,0.351,正常,常规运行,120
2026-08-26 01:35:00,2807.4,0.351,正常,常规运行,120
2026-08-26 01:40:00,2796.4,0.35,正常,常规运行,120
2026-08-26 01:45:00,2797.7,0.35,正常,常规运行,120
2026-08-26 01:50:00,2837.4,0.355,正常,常规运行,120
2026-08-26 01:55:00,2852.4,0.357,正常,常规运行,120
2026-08-26 02:00:00,2862.3,0.358,正常,常规运行,120
2026-08-26 02:05:00,2966.0,0.371,正常,常规运行,120
2026-08-26 02:10:00,2953.8,0.369,正常,常规运行,120
2026-08-26 02:15:00,2984.8,0.373,正常,常规运行,120
2026-08-26 02:20:00,2959.0,0.37,正常,常规运行,120
2026-08-26 02:25:00,3162.8,0.395,正常,常规运行,120
2026-08-26 02:30:00,3110.6,0.389,正常,常规运行,120
2026-08-26 02:35:00,3208.6,0.401,正常,常规运行,120
2026-08-26 02:40:00,3212.8,0.402,正常,常规运行,120
2026-08-26 02:45:00,3227.3,0.403,正常,常规运行,120
2026-08-26 02:50:00,3287.9,0.411,正常,常规运行,120
2026-08-26 02:55:00,3348.2,0.419,正常,常规运行,120
2026-08-26 03:00:00,3459.7,0.432,正常,常规运行,120
2026-08-26 03:05:00,3531.5,0.441,正常,常规运行,120
2026-08-26 03:10:00,3530.8,0.441,正常,常规运行,120
2026-08-26 03:15:00,3621.3,0.453,正常,常规运行,120
2026-08-26 03:20:00,3737.9,0.467,正常,常规运行,120
2026-08-26 03:25:00,3767.3,0.471,正常,常规运行,120
2026-08-26 03:30:00,3854.9,0.482,正常,常规运行,120
2026-08-26 03:35:00,3888.7,0.486,正常,常规运行,120
2026-08-26 03:40:00,3939.2,0.492,正常,常规运行,120
2026-08-26 03:45:00,4224.0,0.528,正常,常规运行,120
2026-08-26 03:50:00,4375.1,0.547,正常,常规运行,120
2026-08-26 03:55:00,4217.6,0.527,正常,常规运行,120
2026-08-26 04:00:00,4202.6,0.525,正常,常规运行,120
2026-08-26 04:05:00,4329.7,0.541,正常,常规运行,120
2026-08-26 04:10:00,4367.8,0.546,正常,常规运行,120
2026-08-26 04:15:00,4433.8,0.554,正常,常规运行,120
2026-08-26 04:20:00,4458.4,0.557,正常,常规运行,120
2026-08-26 04:25:00,4557.9,0.57,正常,常规运行,120
2026-08-26 04:30:00,4630.7,0.579,正常,常规运行,120
2026-08-26 04:35:00,4648.1,0.581,正常,常规运行,120
2026-08-26 04:40:00,4727.5,0.591,正常,常规运行,120
2026-08-26 04:45:00,4853.7,0.607,蓝色,加强监视：关注上游液位与雨量变化趋势,120
2026-08-26 04:50:00,4838.5,0.605,蓝色,加强监视：关注上游液位与雨量变化趋势,120
2026-08-26 04:55:00,5160.5,0.645,蓝色,加强监视：关注上游液位与雨量变化趋势,120
2026-08-26 05:00:00,5041.7,0.63,蓝色,加强监视：关注上游液位与雨量变化趋势,120
2026-08-26 05:05:00,5121.7,0.64,蓝色,加强监视：关注上游液位与雨量变化趋势,120
2026-08-26 05:10:00,5006.7,0.626,蓝色,加强监视：关注上游液位与雨量变化趋势,120
2026-08-26 05:15:00,5189.1,0.649,蓝色,加强监视：关注上游液位与雨量变化趋势,120
2026-08-26 05:20:00,5123.6,0.64,蓝色,加强监视：关注上游液位与雨量变化趋势,120
2026-08-26 05:25:00,5225.7,0.653,蓝色,加强监视：关注上游液位与雨量变化趋势,120
2026-08-26 05:30:00,5298.9,0.662,蓝色,加强监视：关注上游液位与雨量变化趋势,120
2026-08-26 05:35:00,5289.9,0.661,蓝色,加强监视：关注上游液位与雨量变化趋势,120
2026-08-26 05:40:00,5330.5,0.666,蓝色,加强监视：关注上游液位与雨量变化趋势,120
2026-08-26 05:45:00,5422.5,0.678,蓝色,加强监视：关注上游液位与雨量变化趋势,120
2026-08-26 05:50:00,5425.6,0.678,蓝色,加强监视：关注上游液位与雨量变化趋势,120
2026-08-26 05:55:00,5498.5,0.687,蓝色,加强监视：关注上游液位与雨量变化趋势,120
2026-08-26 06:00:00,5459.3,0.682,蓝色,加强监视：关注上游液位与雨量变化趋势,120
2026-08-26 06:05:00,5532.1,0.692,蓝色,加强监视：关注上游液位与雨量变化趋势,120
2026-08-26 06:10:00,5808.2,0.726,蓝色,加强监视：关注上游液位与雨量变化趋势,120
2026-08-26 06:15:00,6337.8,0.792,蓝色,加强监视：关注上游液位与雨量变化趋势,120
2026-08-26 06:20:00,5569.8,0.696,蓝色,加强监视：关注上游液位与雨量变化趋势,120
2026-08-26 06:25:00,5534.5,0.692,蓝色,加强监视：关注上游液位与雨量变化趋势,120
2026-08-26 06:30:00,5953.1,0.744,蓝色,加强监视：关注上游液位与雨量变化趋势,120
2026-08-26 06:35:00,5669.6,0.709,蓝色,加强监视：关注上游液位与雨量变化趋势,120
2026-08-26 06:40:00,5539.2,0.692,蓝色,加强监视：关注上游液位与雨量变化趋势,120
2026-08-26 06:45:00,6624.8,0.828,黄色,雨前预抽空：预降各泵站前池液位，腾出调蓄容积,120
2026-08-26 06:50:00,6451.6,0.806,黄色,雨前预抽空：预降各泵站前池液位，腾出调蓄容积,120
2026-08-26 06:55:00,6997.4,0.875,黄色,雨前预抽空：预降各泵站前池液位，腾出调蓄容积,120
2026-08-26 07:00:00,6009.0,0.751,蓝色,加强监视：关注上游液位与雨量变化趋势,120
2026-08-26 07:05:00,5694.8,0.712,蓝色,加强监视：关注上游液位与雨量变化趋势,120
2026-08-26 07:10:00,5588.7,0.699,蓝色,加强监视：关注上游液位与雨量变化趋势,120
2026-08-26 07:15:00,6918.1,0.865,黄色,雨前预抽空：预降各泵站前池液位，腾出调蓄容积,120
2026-08-26 07:20:00,5887.4,0.736,蓝色,加强监视：关注上游液位与雨量变化趋势,120
2026-08-26 07:25:00,5623.3,0.703,蓝色,加强监视：关注上游液位与雨量变化趋势,120
2026-08-26 07:30:00,5667.0,0.708,蓝色,加强监视：关注上游液位与雨量变化趋势,120
2026-08-26 07:35:00,5708.5,0.714,蓝色,加强监视：关注上游液位与雨量变化趋势,120
2026-08-26 07:40:00,5531.2,0.691,蓝色,加强监视：关注上游液位与雨量变化趋势,120
2026-08-26 07:45:00,5866.7,0.733,蓝色,加强监视：关注上游液位与雨量变化趋势,120
2026-08-26 07:50:00,5887.8,0.736,蓝色,加强监视：关注上游液位与雨量变化趋势,120
2026-08-26 07:55:00,5615.2,0.702,蓝色,加强监视：关注上游液位与雨量变化趋势,120
2026-08-26 08:00:00,5440.4,0.68,蓝色,加强监视：关注上游液位与雨量变化趋势,120
2026-08-26 08:05:00,5699.3,0.712,蓝色,加强监视：关注上游液位与雨量变化趋势,120
2026-08-26 08:10:00,5616.4,0.702,蓝色,加强监视：关注上游液位与雨量变化趋势,120
2026-08-26 08:15:00,5745.9,0.718,蓝色,加强监视：关注上游液位与雨量变化趋势,120
2026-08-26 08:20:00,5359.6,0.67,蓝色,加强监视：关注上游液位与雨量变化趋势,120
2026-08-26 08:25:00,5397.7,0.675,蓝色,加强监视：关注上游液位与雨量变化趋势,120
2026-08-26 08:30:00,5488.8,0.686,蓝色,加强监视：关注上游液位与雨量变化趋势,120
2026-08-26 08:35:00,5372.8,0.672,蓝色,加强监视：关注上游液位与雨量变化趋势,120
2026-08-26 08:40:00,5335.9,0.667,蓝色,加强监视：关注上游液位与雨量变化趋势,120
2026-08-26 08:45:00,5270.2,0.659,蓝色,加强监视：关注上游液位与雨量变化趋势,120
2026-08-26 08:50:00,5374.3,0.672,蓝色,加强监视：关注上游液位与雨量变化趋势,120
2026-08-26 08:55:00,5266.3,0.658,蓝色,加强监视：关注上游液位与雨量变化趋势,120
2026-08-26 09:00:00,5202.5,0.65,蓝色,加强监视：关注上游液位与雨量变化趋势,120
2026-08-26 09:05:00,5150.9,0.644,蓝色,加强监视：关注上游液位与雨量变化趋势,120
2026-08-26 09:10:00,5228.5,0.654,蓝色,加强监视：关注上游液位与雨量变化趋势,120
2026-08-26 09:15:00,5084.9,0.636,蓝色,加强监视：关注上游液位与雨量变化趋势,120
2026-08-26 09:20:00,5079.3,0.635,蓝色,加强监视：关注上游液位与雨量变化趋势,120
2026-08-26 09:25:00,5048.2,0.631,蓝色,加强监视：关注上游液位与雨量变化趋势,120
2026-08-26 09:30:00,4996.9,0.625,蓝色,加强监视：关注上游液位与雨量变化趋势,120
2026-08-26 09:35:00,4808.5,0.601,蓝色,加强监视：关注上游液位与雨量变化趋势,120
2026-08-26 09:40:00,4859.9,0.607,蓝色,加强监视：关注上游液位与雨量变化趋势,120
2026-08-26 09:45:00,4797.9,0.6,正常,常规运行,120
2026-08-26 09:50:00,4768.1,0.596,正常,常规运行,120
2026-08-26 09:55:00,4737.2,0.592,正常,常规运行,120
2026-08-26 10:00:00,4878.6,0.61,蓝色,加强监视：关注上游液位与雨量变化趋势,120
2026-08-26 10:05:00,4750.7,0.594,正常,常规运行,120
2026-08-26 10:10:00,4709.6,0.589,正常,常规运行,120
2026-08-26 10:15:00,4677.0,0.585,正常,常规运行,120
2026-08-26 10:20:00,4701.9,0.588,正常,常规运行,120
2026-08-26 10:25:00,4641.9,0.58,正常,常规运行,120
2026-08-26 10:30:00,4585.1,0.573,正常,常规运行,120
2026-08-26 10:35:00,4688.3,0.586,正常,常规运行,120
2026-08-26 10:40:00,4713.5,0.589,正常,常规运行,120
2026-08-26 10:45:00,4750.2,0.594,正常,常规运行,120
2026-08-26 10:50:00,4888.2,0.611,蓝色,加强监视：关注上游液位与雨量变化趋势,120
2026-08-26 10:55:00,5148.8,0.644,蓝色,加强监视：关注上游液位与雨量变化趋势,120
2026-08-26 11:00:00,5946.0,0.743,蓝色,加强监视：关注上游液位与雨量变化趋势,120
2026-08-26 11:05:00,5611.1,0.701,蓝色,加强监视：关注上游液位与雨量变化趋势,120
2026-08-26 11:10:00,5870.4,0.734,蓝色,加强监视：关注上游液位与雨量变化趋势,120
2026-08-26 11:15:00,5728.6,0.716,蓝色,加强监视：关注上游液位与雨量变化趋势,120
2026-08-26 11:20:00,5417.0,0.677,蓝色,加强监视：关注上游液位与雨量变化趋势,120
2026-08-26 11:25:00,6103.3,0.763,蓝色,加强监视：关注上游液位与雨量变化趋势,120
2026-08-26 11:30:00,5925.9,0.741,蓝色,加强监视：关注上游液位与雨量变化趋势,120
2026-08-26 11:35:00,6615.3,0.827,黄色,雨前预抽空：预降各泵站前池液位，腾出调蓄容积,120
2026-08-26 11:40:00,7595.4,0.949,黄色,雨前预抽空：预降各泵站前池液位，腾出调蓄容积,120
2026-08-26 11:45:00,9236.5,1.155,红色,全网限流：上游泵站按能力 70% 限排，启用调蓄，厂内超越预案待命,120
2026-08-26 11:50:00,9664.9,1.208,红色,全网限流：上游泵站按能力 70% 限排，启用调蓄，厂内超越预案待命,120
2026-08-26 11:55:00,11170.3,1.396,红色,全网限流：上游泵站按能力 70% 限排，启用调蓄，厂内超越预案待命,120
2026-08-26 12:00:00,12728.7,1.591,红色,全网限流：上游泵站按能力 70% 限排，启用调蓄，厂内超越预案待命,120
2026-08-26 12:05:00,13506.6,1.688,红色,全网限流：上游泵站按能力 70% 限排，启用调蓄，厂内超越预案待命,120
2026-08-26 12:10:00,17707.5,2.213,红色,全网限流：上游泵站按能力 70% 限排，启用调蓄，厂内超越预案待命,120
2026-08-26 12:15:00,17841.9,2.23,红色,全网限流：上游泵站按能力 70% 限排，启用调蓄，厂内超越预案待命,120
2026-08-26 12:20:00,20555.2,2.569,红色,全网限流：上游泵站按能力 70% 限排，启用调蓄，厂内超越预案待命,120
2026-08-26 12:25:00,20242.6,2.53,红色,全网限流：上游泵站按能力 70% 限排，启用调蓄，厂内超越预案待命,120
2026-08-26 12:30:00,24144.1,3.018,红色,全网限流：上游泵站按能力 70% 限排，启用调蓄，厂内超越预案待命,120
2026-08-26 12:35:00,25734.1,3.217,红色,全网限流：上游泵站按能力 70% 限排，启用调蓄，厂内超越预案待命,120
2026-08-26 12:40:00,25061.1,3.133,红色,全网限流：上游泵站按能力 70% 限排，启用调蓄，厂内超越预案待命,120
2026-08-26 12:45:00,25781.8,3.223,红色,全网限流：上游泵站按能力 70% 限排，启用调蓄，厂内超越预案待命,120
2026-08-26 12:50:00,24448.8,3.056,红色,全网限流：上游泵站按能力 70% 限排，启用调蓄，厂内超越预案待命,120
2026-08-26 12:55:00,23813.1,2.977,红色,全网限流：上游泵站按能力 70% 限排，启用调蓄，厂内超越预案待命,120
2026-08-26 13:00:00,24926.1,3.116,红色,全网限流：上游泵站按能力 70% 限排，启用调蓄，厂内超越预案待命,120
2026-08-26 13:05:00,22729.5,2.841,红色,全网限流：上游泵站按能力 70% 限排，启用调蓄，厂内超越预案待命,120
2026-08-26 13:10:00,23676.4,2.96,红色,全网限流：上游泵站按能力 70% 限排，启用调蓄，厂内超越预案待命,120
2026-08-26 13:15:00,21957.0,2.745,红色,全网限流：上游泵站按能力 70% 限排，启用调蓄，厂内超越预案待命,120
2026-08-26 13:20:00,21347.2,2.668,红色,全网限流：上游泵站按能力 70% 限排，启用调蓄，厂内超越预案待命,120
2026-08-26 13:25:00,19580.7,2.448,红色,全网限流：上游泵站按能力 70% 限排，启用调蓄，厂内超越预案待命,120
2026-08-26 13:30:00,16745.9,2.093,红色,全网限流：上游泵站按能力 70% 限排，启用调蓄，厂内超越预案待命,120
2026-08-26 13:35:00,16828.8,2.104,红色,全网限流：上游泵站按能力 70% 限排，启用调蓄，厂内超越预案待命,120
2026-08-26 13:40:00,15375.6,1.922,红色,全网限流：上游泵站按能力 70% 限排，启用调蓄，厂内超越预案待命,120
2026-08-26 13:45:00,11339.7,1.417,红色,全网限流：上游泵站按能力 70% 限排，启用调蓄，厂内超越预案待命,120
2026-08-26 13:50:00,9612.9,1.202,红色,全网限流：上游泵站按能力 70% 限排，启用调蓄，厂内超越预案待命,120
2026-08-26 13:55:00,9610.4,1.201,红色,全网限流：上游泵站按能力 70% 限排，启用调蓄，厂内超越预案待命,120
2026-08-26 14:00:00,10067.9,1.258,红色,全网限流：上游泵站按能力 70% 限排，启用调蓄，厂内超越预案待命,120
2026-08-26 14:05:00,8704.7,1.088,橙色,彭越浦总站错峰：上游支线泵站延迟 30~60min 开泵，削峰错时进厂,120
2026-08-26 14:10:00,8247.5,1.031,橙色,彭越浦总站错峰：上游支线泵站延迟 30~60min 开泵，削峰错时进厂,120
2026-08-26 14:15:00,7274.0,0.909,黄色,雨前预抽空：预降各泵站前池液位，腾出调蓄容积,120
2026-08-26 14:20:00,5979.7,0.747,蓝色,加强监视：关注上游液位与雨量变化趋势,120
2026-08-26 14:25:00,5911.5,0.739,蓝色,加强监视：关注上游液位与雨量变化趋势,120
2026-08-26 14:30:00,5096.3,0.637,蓝色,加强监视：关注上游液位与雨量变化趋势,120
2026-08-26 14:35:00,4992.2,0.624,蓝色,加强监视：关注上游液位与雨量变化趋势,120
2026-08-26 14:40:00,4882.3,0.61,蓝色,加强监视：关注上游液位与雨量变化趋势,120
2026-08-26 14:45:00,4867.7,0.608,蓝色,加强监视：关注上游液位与雨量变化趋势,120
2026-08-26 14:50:00,5072.3,0.634,蓝色,加强监视：关注上游液位与雨量变化趋势,120
2026-08-26 14:55:00,5029.2,0.629,蓝色,加强监视：关注上游液位与雨量变化趋势,120
2026-08-26 15:00:00,5049.3,0.631,蓝色,加强监视：关注上游液位与雨量变化趋势,120
2026-08-26 15:05:00,5096.8,0.637,蓝色,加强监视：关注上游液位与雨量变化趋势,120
2026-08-26 15:10:00,5083.7,0.635,蓝色,加强监视：关注上游液位与雨量变化趋势,120
2026-08-26 15:15:00,5063.9,0.633,蓝色,加强监视：关注上游液位与雨量变化趋势,120
2026-08-26 15:20:00,4941.9,0.618,蓝色,加强监视：关注上游液位与雨量变化趋势,120
2026-08-26 15:25:00,4899.0,0.612,蓝色,加强监视：关注上游液位与雨量变化趋势,120
2026-08-26 15:30:00,4901.0,0.613,蓝色,加强监视：关注上游液位与雨量变化趋势,120
2026-08-26 15:35:00,5869.5,0.734,蓝色,加强监视：关注上游液位与雨量变化趋势,120
2026-08-26 15:40:00,6001.1,0.75,蓝色,加强监视：关注上游液位与雨量变化趋势,120
2026-08-26 15:45:00,6083.2,0.76,蓝色,加强监视：关注上游液位与雨量变化趋势,120
2026-08-26 15:50:00,5335.4,0.667,蓝色,加强监视：关注上游液位与雨量变化趋势,120
2026-08-26 15:55:00,5038.6,0.63,蓝色,加强监视：关注上游液位与雨量变化趋势,120
2026-08-26 16:00:00,4979.6,0.622,蓝色,加强监视：关注上游液位与雨量变化趋势,120
2026-08-26 16:05:00,5190.7,0.649,蓝色,加强监视：关注上游液位与雨量变化趋势,120
2026-08-26 16:10:00,5553.6,0.694,蓝色,加强监视：关注上游液位与雨量变化趋势,120
2026-08-26 16:15:00,5260.7,0.658,蓝色,加强监视：关注上游液位与雨量变化趋势,120
2026-08-26 16:20:00,5191.3,0.649,蓝色,加强监视：关注上游液位与雨量变化趋势,120
2026-08-26 16:25:00,5343.9,0.668,蓝色,加强监视：关注上游液位与雨量变化趋势,120
2026-08-26 16:30:00,5322.0,0.665,蓝色,加强监视：关注上游液位与雨量变化趋势,120
2026-08-26 16:35:00,5392.8,0.674,蓝色,加强监视：关注上游液位与雨量变化趋势,120
2026-08-26 16:40:00,5365.3,0.671,蓝色,加强监视：关注上游液位与雨量变化趋势,120
2026-08-26 16:45:00,5486.2,0.686,蓝色,加强监视：关注上游液位与雨量变化趋势,120
2026-08-26 16:50:00,5365.1,0.671,蓝色,加强监视：关注上游液位与雨量变化趋势,120
2026-08-26 16:55:00,5359.3,0.67,蓝色,加强监视：关注上游液位与雨量变化趋势,120
2026-08-26 17:00:00,5381.4,0.673,蓝色,加强监视：关注上游液位与雨量变化趋势,120
2026-08-26 17:05:00,5377.4,0.672,蓝色,加强监视：关注上游液位与雨量变化趋势,120
2026-08-26 17:10:00,5410.4,0.676,蓝色,加强监视：关注上游液位与雨量变化趋势,120
2026-08-26 17:15:00,5446.2,0.681,蓝色,加强监视：关注上游液位与雨量变化趋势,120
2026-08-26 17:20:00,6128.7,0.766,蓝色,加强监视：关注上游液位与雨量变化趋势,120
2026-08-26 17:25:00,5886.0,0.736,蓝色,加强监视：关注上游液位与雨量变化趋势,120
2026-08-26 17:30:00,5414.8,0.677,蓝色,加强监视：关注上游液位与雨量变化趋势,120
2026-08-26 17:35:00,5496.6,0.687,蓝色,加强监视：关注上游液位与雨量变化趋势,120
2026-08-26 17:40:00,5502.7,0.688,蓝色,加强监视：关注上游液位与雨量变化趋势,120
2026-08-26 17:45:00,5447.3,0.681,蓝色,加强监视：关注上游液位与雨量变化趋势,120
2026-08-26 17:50:00,5570.4,0.696,蓝色,加强监视：关注上游液位与雨量变化趋势,120
2026-08-26 17:55:00,6039.8,0.755,蓝色,加强监视：关注上游液位与雨量变化趋势,120
2026-08-26 18:00:00,5467.2,0.683,蓝色,加强监视：关注上游液位与雨量变化趋势,120
2026-08-26 18:05:00,5472.3,0.684,蓝色,加强监视：关注上游液位与雨量变化趋势,120
2026-08-26 18:10:00,6066.8,0.758,蓝色,加强监视：关注上游液位与雨量变化趋势,120
2026-08-26 18:15:00,6097.2,0.762,蓝色,加强监视：关注上游液位与雨量变化趋势,120
2026-08-26 18:20:00,5527.8,0.691,蓝色,加强监视：关注上游液位与雨量变化趋势,120
2026-08-26 18:25:00,5498.4,0.687,蓝色,加强监视：关注上游液位与雨量变化趋势,120
2026-08-26 18:30:00,5528.3,0.691,蓝色,加强监视：关注上游液位与雨量变化趋势,120
2026-08-26 18:35:00,5468.4,0.684,蓝色,加强监视：关注上游液位与雨量变化趋势,120
2026-08-26 18:40:00,5467.5,0.683,蓝色,加强监视：关注上游液位与雨量变化趋势,120
2026-08-26 18:45:00,5450.6,0.681,蓝色,加强监视：关注上游液位与雨量变化趋势,120
2026-08-26 18:50:00,5605.3,0.701,蓝色,加强监视：关注上游液位与雨量变化趋势,120
2026-08-26 18:55:00,5422.8,0.678,蓝色,加强监视：关注上游液位与雨量变化趋势,120
2026-08-26 19:00:00,5399.7,0.675,蓝色,加强监视：关注上游液位与雨量变化趋势,120
2026-08-26 19:05:00,5504.7,0.688,蓝色,加强监视：关注上游液位与雨量变化趋势,120
2026-08-26 19:10:00,5332.9,0.667,蓝色,加强监视：关注上游液位与雨量变化趋势,120
2026-08-26 19:15:00,5345.6,0.668,蓝色,加强监视：关注上游液位与雨量变化趋势,120
2026-08-26 19:20:00,5332.3,0.667,蓝色,加强监视：关注上游液位与雨量变化趋势,120
2026-08-26 19:25:00,5319.9,0.665,蓝色,加强监视：关注上游液位与雨量变化趋势,120
2026-08-26 19:30:00,5192.2,0.649,蓝色,加强监视：关注上游液位与雨量变化趋势,120
2026-08-26 19:35:00,5258.1,0.657,蓝色,加强监视：关注上游液位与雨量变化趋势,120
2026-08-26 19:40:00,5218.6,0.652,蓝色,加强监视：关注上游液位与雨量变化趋势,120
2026-08-26 19:45:00,5145.4,0.643,蓝色,加强监视：关注上游液位与雨量变化趋势,120
2026-08-26 19:50:00,5089.3,0.636,蓝色,加强监视：关注上游液位与雨量变化趋势,120
2026-08-26 19:55:00,5156.9,0.645,蓝色,加强监视：关注上游液位与雨量变化趋势,120
2026-08-26 20:00:00,5082.9,0.635,蓝色,加强监视：关注上游液位与雨量变化趋势,120
2026-08-26 20:05:00,5084.2,0.636,蓝色,加强监视：关注上游液位与雨量变化趋势,120
2026-08-26 20:10:00,4998.8,0.625,蓝色,加强监视：关注上游液位与雨量变化趋势,120
2026-08-26 20:15:00,4984.6,0.623,蓝色,加强监视：关注上游液位与雨量变化趋势,120
2026-08-26 20:20:00,5053.8,0.632,蓝色,加强监视：关注上游液位与雨量变化趋势,120
2026-08-26 20:25:00,4993.0,0.624,蓝色,加强监视：关注上游液位与雨量变化趋势,120
2026-08-26 20:30:00,4946.7,0.618,蓝色,加强监视：关注上游液位与雨量变化趋势,120
2026-08-26 20:35:00,4908.0,0.613,蓝色,加强监视：关注上游液位与雨量变化趋势,120
2026-08-26 20:40:00,4897.0,0.612,蓝色,加强监视：关注上游液位与雨量变化趋势,120
2026-08-26 20:45:00,4921.6,0.615,蓝色,加强监视：关注上游液位与雨量变化趋势,120
2026-08-26 20:50:00,4877.9,0.61,蓝色,加强监视：关注上游液位与雨量变化趋势,120
2026-08-26 20:55:00,4827.4,0.603,蓝色,加强监视：关注上游液位与雨量变化趋势,120
2026-08-26 21:00:00,4803.8,0.6,蓝色,加强监视：关注上游液位与雨量变化趋势,120
2026-08-26 21:05:00,4731.5,0.591,正常,常规运行,120
2026-08-26 21:10:00,4746.7,0.593,正常,常规运行,120
2026-08-26 21:15:00,4708.2,0.589,正常,常规运行,120
2026-08-26 21:20:00,4687.9,0.586,正常,常规运行,120
2026-08-26 21:25:00,4853.1,0.607,蓝色,加强监视：关注上游液位与雨量变化趋势,120
2026-08-26 21:30:00,4980.4,0.623,蓝色,加强监视：关注上游液位与雨量变化趋势,120
2026-08-26 21:35:00,4539.2,0.567,正常,常规运行,120
2026-08-26 21:40:00,4447.5,0.556,正常,常规运行,120
2026-08-26 21:45:00,4603.4,0.575,正常,常规运行,120
2026-08-26 21:50:00,4557.3,0.57,正常,常规运行,120
2026-08-26 21:55:00,4394.6,0.549,正常,常规运行,120
2026-08-26 22:00:00,4180.1,0.523,正常,常规运行,120
2026-08-26 22:05:00,4106.6,0.513,正常,常规运行,120
2026-08-26 22:10:00,4055.1,0.507,正常,常规运行,120
2026-08-26 22:15:00,4021.0,0.503,正常,常规运行,120
2026-08-26 22:20:00,3998.7,0.5,正常,常规运行,120
2026-08-26 22:25:00,3937.3,0.492,正常,常规运行,120
2026-08-26 22:30:00,3906.7,0.488,正常,常规运行,120
2026-08-26 22:35:00,3873.9,0.484,正常,常规运行,120
2026-08-26 22:40:00,3954.4,0.494,正常,常规运行,120
2026-08-26 22:45:00,3841.4,0.48,正常,常规运行,120
2026-08-26 22:50:00,3831.1,0.479,正常,常规运行,120
2026-08-26 22:55:00,3825.1,0.478,正常,常规运行,120
2026-08-26 23:00:00,3852.0,0.482,正常,常规运行,120
2026-08-26 23:05:00,3680.6,0.46,正常,常规运行,120
2026-08-26 23:10:00,3594.0,0.449,正常,常规运行,120
2026-08-26 23:15:00,3607.4,0.451,正常,常规运行,120
2026-08-26 23:20:00,3577.9,0.447,正常,常规运行,120
2026-08-26 23:25:00,3525.1,0.441,正常,常规运行,120
2026-08-26 23:30:00,3498.3,0.437,正常,常规运行,120
2026-08-26 23:35:00,3405.1,0.426,正常,常规运行,120
2026-08-26 23:40:00,3403.5,0.425,正常,常规运行,120
2026-08-26 23:45:00,3330.8,0.416,正常,常规运行,120
2026-08-26 23:50:00,3383.2,0.423,正常,常规运行,120
2026-08-26 23:55:00,3299.6,0.412,正常,常规运行,120
2026-08-27 00:00:00,3279.8,0.41,正常,常规运行,120
2026-08-27 00:05:00,3198.0,0.4,正常,常规运行,120
2026-08-27 00:10:00,3167.0,0.396,正常,常规运行,120
2026-08-27 00:15:00,3070.6,0.384,正常,常规运行,120
2026-08-27 00:20:00,3099.3,0.387,正常,常规运行,120
2026-08-27 00:25:00,3012.7,0.377,正常,常规运行,120
2026-08-27 00:30:00,2990.1,0.374,正常,常规运行,120
2026-08-27 00:35:00,2933.4,0.367,正常,常规运行,120
2026-08-27 00:40:00,2925.9,0.366,正常,常规运行,120
2026-08-27 00:45:00,2896.4,0.362,正常,常规运行,120
2026-08-27 00:50:00,2861.0,0.358,正常,常规运行,120
2026-08-27 00:55:00,2839.2,0.355,正常,常规运行,120
2026-08-27 01:00:00,2812.1,0.352,正常,常规运行,120
2026-08-27 01:05:00,2813.1,0.352,正常,常规运行,120
2026-08-27 01:10:00,2808.1,0.351,正常,常规运行,120
2026-08-27 01:15:00,2801.8,0.35,正常,常规运行,120
2026-08-27 01:20:00,2797.2,0.35,正常,常规运行,120
2026-08-27 01:25:00,2809.6,0.351,正常,常规运行,120
2026-08-27 01:30:00,2784.7,0.348,正常,常规运行,120
2026-08-27 01:35:00,2787.5,0.348,正常,常规运行,120
2026-08-27 01:40:00,2804.7,0.351,正常,常规运行,120
2026-08-27 01:45:00,2813.7,0.352,正常,常规运行,120
2026-08-27 01:50:00,2803.5,0.35,正常,常规运行,120
2026-08-27 01:55:00,2884.8,0.361,正常,常规运行,120
2026-08-27 02:00:00,2911.3,0.364,正常,常规运行,120
2026-08-27 02:05:00,2885.1,0.361,正常,常规运行,120
2026-08-27 02:10:00,2885.2,0.361,正常,常规运行,120
2026-08-27 02:15:00,2953.5,0.369,正常,常规运行,120
2026-08-27 02:20:00,3021.4,0.378,正常,常规运行,120
2026-08-27 02:25:00,3126.2,0.391,正常,常规运行,120
2026-08-27 02:30:00,3174.0,0.397,正常,常规运行,120
2026-08-27 02:35:00,3179.4,0.397,正常,常规运行,120
2026-08-27 02:40:00,3238.0,0.405,正常,常规运行,120
2026-08-27 02:45:00,3250.4,0.406,正常,常规运行,120
2026-08-27 02:50:00,3387.3,0.423,正常,常规运行,120
2026-08-27 02:55:00,3320.2,0.415,正常,常规运行,120
2026-08-27 03:00:00,3408.5,0.426,正常,常规运行,120
2026-08-27 03:05:00,3431.6,0.429,正常,常规运行,120
2026-08-27 03:10:00,3492.4,0.437,正常,常规运行,120
2026-08-27 03:15:00,3549.5,0.444,正常,常规运行,120
2026-08-27 03:20:00,3657.2,0.457,正常,常规运行,120
2026-08-27 03:25:00,3747.9,0.468,正常,常规运行,120
2026-08-27 03:30:00,3875.4,0.484,正常,常规运行,120
2026-08-27 03:35:00,3863.0,0.483,正常,常规运行,120
2026-08-27 03:40:00,3901.5,0.488,正常,常规运行,120
2026-08-27 03:45:00,3946.4,0.493,正常,常规运行,120
2026-08-27 03:50:00,4118.8,0.515,正常,常规运行,120
2026-08-27 03:55:00,4180.8,0.523,正常,常规运行,120
2026-08-27 04:00:00,4154.3,0.519,正常,常规运行,120
2026-08-27 04:05:00,4377.5,0.547,正常,常规运行,120
2026-08-27 04:10:00,4439.4,0.555,正常,常规运行,120
2026-08-27 04:15:00,4540.3,0.568,正常,常规运行,120
2026-08-27 04:20:00,4608.9,0.576,正常,常规运行,120
2026-08-27 04:25:00,4596.9,0.575,正常,常规运行,120
2026-08-27 04:30:00,4615.3,0.577,正常,常规运行,120
2026-08-27 04:35:00,4733.6,0.592,正常,常规运行,120
2026-08-27 04:40:00,4641.1,0.58,正常,常规运行,120
2026-08-27 04:45:00,4756.4,0.595,正常,常规运行,120
2026-08-27 04:50:00,4766.3,0.596,正常,常规运行,120
2026-08-27 04:55:00,4870.4,0.609,蓝色,加强监视：关注上游液位与雨量变化趋势,120
2026-08-27 05:00:00,4961.7,0.62,蓝色,加强监视：关注上游液位与雨量变化趋势,120
2026-08-27 05:05:00,5652.5,0.707,蓝色,加强监视：关注上游液位与雨量变化趋势,120
2026-08-27 05:10:00,5487.3,0.686,蓝色,加强监视：关注上游液位与雨量变化趋势,120
2026-08-27 05:15:00,5562.6,0.695,蓝色,加强监视：关注上游液位与雨量变化趋势,120
2026-08-27 05:20:00,5601.8,0.7,蓝色,加强监视：关注上游液位与雨量变化趋势,120
2026-08-27 05:25:00,5198.2,0.65,蓝色,加强监视：关注上游液位与雨量变化趋势,120
2026-08-27 05:30:00,5284.5,0.661,蓝色,加强监视：关注上游液位与雨量变化趋势,120
2026-08-27 05:35:00,5293.0,0.662,蓝色,加强监视：关注上游液位与雨量变化趋势,120
2026-08-27 05:40:00,5357.4,0.67,蓝色,加强监视：关注上游液位与雨量变化趋势,120
2026-08-27 05:45:00,5419.2,0.677,蓝色,加强监视：关注上游液位与雨量变化趋势,120
2026-08-27 05:50:00,5359.3,0.67,蓝色,加强监视：关注上游液位与雨量变化趋势,120
2026-08-27 05:55:00,5385.5,0.673,蓝色,加强监视：关注上游液位与雨量变化趋势,120
2026-08-27 06:00:00,5407.7,0.676,蓝色,加强监视：关注上游液位与雨量变化趋势,120
2026-08-27 06:05:00,5878.7,0.735,蓝色,加强监视：关注上游液位与雨量变化趋势,120
2026-08-27 06:10:00,5472.8,0.684,蓝色,加强监视：关注上游液位与雨量变化趋势,120
2026-08-27 06:15:00,5556.9,0.695,蓝色,加强监视：关注上游液位与雨量变化趋势,120
2026-08-27 06:20:00,5532.6,0.692,蓝色,加强监视：关注上游液位与雨量变化趋势,120
2026-08-27 06:25:00,5845.0,0.731,蓝色,加强监视：关注上游液位与雨量变化趋势,120
2026-08-27 06:30:00,5519.9,0.69,蓝色,加强监视：关注上游液位与雨量变化趋势,120
2026-08-27 06:35:00,5623.4,0.703,蓝色,加强监视：关注上游液位与雨量变化趋势,120
2026-08-27 06:40:00,6510.2,0.814,黄色,雨前预抽空：预降各泵站前池液位，腾出调蓄容积,120
2026-08-27 06:45:00,6299.8,0.787,蓝色,加强监视：关注上游液位与雨量变化趋势,120
2026-08-27 06:50:00,5673.3,0.709,蓝色,加强监视：关注上游液位与雨量变化趋势,120
2026-08-27 06:55:00,5644.1,0.706,蓝色,加强监视：关注上游液位与雨量变化趋势,120
2026-08-27 07:00:00,5614.6,0.702,蓝色,加强监视：关注上游液位与雨量变化趋势,120
2026-08-27 07:05:00,5699.0,0.712,蓝色,加强监视：关注上游液位与雨量变化趋势,120
2026-08-27 07:10:00,5480.2,0.685,蓝色,加强监视：关注上游液位与雨量变化趋势,120
2026-08-27 07:15:00,5612.7,0.702,蓝色,加强监视：关注上游液位与雨量变化趋势,120
2026-08-27 07:20:00,5714.5,0.714,蓝色,加强监视：关注上游液位与雨量变化趋势,120
2026-08-27 07:25:00,5624.0,0.703,蓝色,加强监视：关注上游液位与雨量变化趋势,120
2026-08-27 07:30:00,6207.3,0.776,蓝色,加强监视：关注上游液位与雨量变化趋势,120
2026-08-27 07:35:00,5667.9,0.708,蓝色,加强监视：关注上游液位与雨量变化趋势,120
2026-08-27 07:40:00,5662.1,0.708,蓝色,加强监视：关注上游液位与雨量变化趋势,120
2026-08-27 07:45:00,5596.9,0.7,蓝色,加强监视：关注上游液位与雨量变化趋势,120
2026-08-27 07:50:00,5543.5,0.693,蓝色,加强监视：关注上游液位与雨量变化趋势,120
2026-08-27 07:55:00,5579.7,0.697,蓝色,加强监视：关注上游液位与雨量变化趋势,120
2026-08-27 08:00:00,5468.5,0.684,蓝色,加强监视：关注上游液位与雨量变化趋势,120
2026-08-27 08:05:00,5882.1,0.735,蓝色,加强监视：关注上游液位与雨量变化趋势,120
2026-08-27 08:10:00,5447.0,0.681,蓝色,加强监视：关注上游液位与雨量变化趋势,120
2026-08-27 08:15:00,5576.9,0.697,蓝色,加强监视：关注上游液位与雨量变化趋势,120
2026-08-27 08:20:00,5470.0,0.684,蓝色,加强监视：关注上游液位与雨量变化趋势,120
2026-08-27 08:25:00,5416.6,0.677,蓝色,加强监视：关注上游液位与雨量变化趋势,120
2026-08-27 08:30:00,5610.2,0.701,蓝色,加强监视：关注上游液位与雨量变化趋势,120
2026-08-27 08:35:00,5367.2,0.671,蓝色,加强监视：关注上游液位与雨量变化趋势,120
2026-08-27 08:40:00,5353.6,0.669,蓝色,加强监视：关注上游液位与雨量变化趋势,120
2026-08-27 08:45:00,5277.3,0.66,蓝色,加强监视：关注上游液位与雨量变化趋势,120
2026-08-27 08:50:00,5268.5,0.659,蓝色,加强监视：关注上游液位与雨量变化趋势,120
2026-08-27 08:55:00,5157.7,0.645,蓝色,加强监视：关注上游液位与雨量变化趋势,120
2026-08-27 09:00:00,5192.2,0.649,蓝色,加强监视：关注上游液位与雨量变化趋势,120
2026-08-27 09:05:00,5135.1,0.642,蓝色,加强监视：关注上游液位与雨量变化趋势,120
2026-08-27 09:10:00,5056.1,0.632,蓝色,加强监视：关注上游液位与雨量变化趋势,120
2026-08-27 09:15:00,5075.7,0.634,蓝色,加强监视：关注上游液位与雨量变化趋势,120
2026-08-27 09:20:00,5037.1,0.63,蓝色,加强监视：关注上游液位与雨量变化趋势,120
2026-08-27 09:25:00,4965.8,0.621,蓝色,加强监视：关注上游液位与雨量变化趋势,120
2026-08-27 09:30:00,5002.6,0.625,蓝色,加强监视：关注上游液位与雨量变化趋势,120
2026-08-27 09:35:00,4863.9,0.608,蓝色,加强监视：关注上游液位与雨量变化趋势,120
2026-08-27 09:40:00,4843.8,0.605,蓝色,加强监视：关注上游液位与雨量变化趋势,120
2026-08-27 09:45:00,4796.5,0.6,正常,常规运行,120
2026-08-27 09:50:00,4758.2,0.595,正常,常规运行,120
2026-08-27 09:55:00,4760.6,0.595,正常,常规运行,120
2026-08-27 10:00:00,4709.7,0.589,正常,常规运行,120
2026-08-27 10:05:00,4707.7,0.588,正常,常规运行,120
2026-08-27 10:10:00,4715.0,0.589,正常,常规运行,120
2026-08-27 10:15:00,4680.0,0.585,正常,常规运行,120
2026-08-27 10:20:00,4592.3,0.574,正常,常规运行,120
2026-08-27 10:25:00,4621.6,0.578,正常,常规运行,120
2026-08-27 10:30:00,4633.7,0.579,正常,常规运行,120
2026-08-27 10:35:00,4523.2,0.565,正常,常规运行,120
2026-08-27 10:40:00,4536.6,0.567,正常,常规运行,120
2026-08-27 10:45:00,4523.1,0.565,正常,常规运行,120
2026-08-27 10:50:00,4590.4,0.574,正常,常规运行,120
2026-08-27 10:55:00,4446.8,0.556,正常,常规运行,120
2026-08-27 11:00:00,4491.7,0.561,正常,常规运行,120
2026-08-27 11:05:00,4437.1,0.555,正常,常规运行,120
2026-08-27 11:10:00,4482.1,0.56,正常,常规运行,120
2026-08-27 11:15:00,4381.5,0.548,正常,常规运行,120
2026-08-27 11:20:00,4405.0,0.551,正常,常规运行,120
2026-08-27 11:25:00,4419.9,0.552,正常,常规运行,120
2026-08-27 11:30:00,4366.6,0.546,正常,常规运行,120
2026-08-27 11:35:00,4441.5,0.555,正常,常规运行,120
2026-08-27 11:40:00,4344.9,0.543,正常,常规运行,120
2026-08-27 11:45:00,4321.0,0.54,正常,常规运行,120
2026-08-27 11:50:00,4408.0,0.551,正常,常规运行,120
2026-08-27 11:55:00,4273.5,0.534,正常,常规运行,120
2026-08-27 12:00:00,4376.7,0.547,正常,常规运行,120
2026-08-27 12:05:00,4403.7,0.55,正常,常规运行,120
2026-08-27 12:10:00,4427.6,0.553,正常,常规运行,120
2026-08-27 12:15:00,4347.2,0.543,正常,常规运行,120
2026-08-27 12:20:00,4365.2,0.546,正常,常规运行,120
2026-08-27 12:25:00,4370.9,0.546,正常,常规运行,120
2026-08-27 12:30:00,4379.6,0.547,正常,常规运行,120
2026-08-27 12:35:00,4316.8,0.54,正常,常规运行,120
2026-08-27 12:40:00,4379.7,0.547,正常,常规运行,120
2026-08-27 12:45:00,4385.0,0.548,正常,常规运行,120
2026-08-27 12:50:00,4405.3,0.551,正常,常规运行,120
2026-08-27 12:55:00,4338.5,0.542,正常,常规运行,120
2026-08-27 13:00:00,4428.7,0.554,正常,常规运行,120
2026-08-27 13:05:00,4403.7,0.55,正常,常规运行,120
2026-08-27 13:10:00,4398.6,0.55,正常,常规运行,120
2026-08-27 13:15:00,4406.5,0.551,正常,常规运行,120
2026-08-27 13:20:00,4404.3,0.551,正常,常规运行,120
2026-08-27 13:25:00,4392.3,0.549,正常,常规运行,120
2026-08-27 13:30:00,4374.8,0.547,正常,常规运行,120
2026-08-27 13:35:00,4408.7,0.551,正常,常规运行,120
2026-08-27 13:40:00,4429.8,0.554,正常,常规运行,120
2026-08-27 13:45:00,4503.3,0.563,正常,常规运行,120
2026-08-27 13:50:00,4512.9,0.564,正常,常规运行,120
2026-08-27 13:55:00,4464.6,0.558,正常,常规运行,120
2026-08-27 14:00:00,4505.3,0.563,正常,常规运行,120
2026-08-27 14:05:00,4555.0,0.569,正常,常规运行,120
2026-08-27 14:10:00,4520.7,0.565,正常,常规运行,120
2026-08-27 14:15:00,4535.5,0.567,正常,常规运行,120
2026-08-27 14:20:00,4565.2,0.571,正常,常规运行,120
2026-08-27 14:25:00,4562.9,0.57,正常,常规运行,120
2026-08-27 14:30:00,4628.2,0.579,正常,常规运行,120
2026-08-27 14:35:00,4675.0,0.584,正常,常规运行,120
2026-08-27 14:40:00,4762.6,0.595,正常,常规运行,120
2026-08-27 14:45:00,4683.8,0.585,正常,常规运行,120
2026-08-27 14:50:00,4772.9,0.597,正常,常规运行,120
2026-08-27 14:55:00,4749.5,0.594,正常,常规运行,120
2026-08-27 15:00:00,4735.4,0.592,正常,常规运行,120
2026-08-27 15:05:00,4831.6,0.604,蓝色,加强监视：关注上游液位与雨量变化趋势,120
2026-08-27 15:10:00,4919.2,0.615,蓝色,加强监视：关注上游液位与雨量变化趋势,120
2026-08-27 15:15:00,4788.3,0.599,正常,常规运行,120
2026-08-27 15:20:00,4934.6,0.617,蓝色,加强监视：关注上游液位与雨量变化趋势,120
2026-08-27 15:25:00,5025.0,0.628,蓝色,加强监视：关注上游液位与雨量变化趋势,120
2026-08-27 15:30:00,4987.4,0.623,蓝色,加强监视：关注上游液位与雨量变化趋势,120
2026-08-27 15:35:00,5005.4,0.626,蓝色,加强监视：关注上游液位与雨量变化趋势,120
2026-08-27 15:40:00,5035.4,0.629,蓝色,加强监视：关注上游液位与雨量变化趋势,120
2026-08-27 15:45:00,5231.5,0.654,蓝色,加强监视：关注上游液位与雨量变化趋势,120
2026-08-27 15:50:00,5127.4,0.641,蓝色,加强监视：关注上游液位与雨量变化趋势,120
2026-08-27 15:55:00,5136.7,0.642,蓝色,加强监视：关注上游液位与雨量变化趋势,120
2026-08-27 16:00:00,5280.8,0.66,蓝色,加强监视：关注上游液位与雨量变化趋势,120
2026-08-27 16:05:00,5317.5,0.665,蓝色,加强监视：关注上游液位与雨量变化趋势,120
2026-08-27 16:10:00,5333.5,0.667,蓝色,加强监视：关注上游液位与雨量变化趋势,120
2026-08-27 16:15:00,5409.5,0.676,蓝色,加强监视：关注上游液位与雨量变化趋势,120
2026-08-27 16:20:00,5365.8,0.671,蓝色,加强监视：关注上游液位与雨量变化趋势,120
2026-08-27 16:25:00,5363.5,0.67,蓝色,加强监视：关注上游液位与雨量变化趋势,120
2026-08-27 16:30:00,5567.0,0.696,蓝色,加强监视：关注上游液位与雨量变化趋势,120
2026-08-27 16:35:00,5408.4,0.676,蓝色,加强监视：关注上游液位与雨量变化趋势,120
2026-08-27 16:40:00,5328.3,0.666,蓝色,加强监视：关注上游液位与雨量变化趋势,120
2026-08-27 16:45:00,5397.7,0.675,蓝色,加强监视：关注上游液位与雨量变化趋势,120
2026-08-27 16:50:00,5357.3,0.67,蓝色,加强监视：关注上游液位与雨量变化趋势,120
2026-08-27 16:55:00,5453.4,0.682,蓝色,加强监视：关注上游液位与雨量变化趋势,120
2026-08-27 17:00:00,5405.7,0.676,蓝色,加强监视：关注上游液位与雨量变化趋势,120
2026-08-27 17:05:00,5448.2,0.681,蓝色,加强监视：关注上游液位与雨量变化趋势,120
2026-08-27 17:10:00,5481.2,0.685,蓝色,加强监视：关注上游液位与雨量变化趋势,120
2026-08-27 17:15:00,5813.3,0.727,蓝色,加强监视：关注上游液位与雨量变化趋势,120
2026-08-27 17:20:00,5454.0,0.682,蓝色,加强监视：关注上游液位与雨量变化趋势,120
2026-08-27 17:25:00,5641.9,0.705,蓝色,加强监视：关注上游液位与雨量变化趋势,120
2026-08-27 17:30:00,5470.9,0.684,蓝色,加强监视：关注上游液位与雨量变化趋势,120
2026-08-27 17:35:00,5436.6,0.68,蓝色,加强监视：关注上游液位与雨量变化趋势,120
2026-08-27 17:40:00,5486.9,0.686,蓝色,加强监视：关注上游液位与雨量变化趋势,120
2026-08-27 17:45:00,5524.2,0.691,蓝色,加强监视：关注上游液位与雨量变化趋势,120
2026-08-27 17:50:00,5505.3,0.688,蓝色,加强监视：关注上游液位与雨量变化趋势,120
2026-08-27 17:55:00,5479.5,0.685,蓝色,加强监视：关注上游液位与雨量变化趋势,120
2026-08-27 18:00:00,5497.3,0.687,蓝色,加强监视：关注上游液位与雨量变化趋势,120
2026-08-27 18:05:00,5503.2,0.688,蓝色,加强监视：关注上游液位与雨量变化趋势,120
2026-08-27 18:10:00,5449.8,0.681,蓝色,加强监视：关注上游液位与雨量变化趋势,120
2026-08-27 18:15:00,5494.8,0.687,蓝色,加强监视：关注上游液位与雨量变化趋势,120
2026-08-27 18:20:00,5458.7,0.682,蓝色,加强监视：关注上游液位与雨量变化趋势,120
2026-08-27 18:25:00,5602.7,0.7,蓝色,加强监视：关注上游液位与雨量变化趋势,120
2026-08-27 18:30:00,5470.4,0.684,蓝色,加强监视：关注上游液位与雨量变化趋势,120
2026-08-27 18:35:00,5452.8,0.682,蓝色,加强监视：关注上游液位与雨量变化趋势,120
2026-08-27 18:40:00,5435.3,0.679,蓝色,加强监视：关注上游液位与雨量变化趋势,120
2026-08-27 18:45:00,5477.6,0.685,蓝色,加强监视：关注上游液位与雨量变化趋势,120
2026-08-27 18:50:00,5429.9,0.679,蓝色,加强监视：关注上游液位与雨量变化趋势,120
2026-08-27 18:55:00,5809.1,0.726,蓝色,加强监视：关注上游液位与雨量变化趋势,120
2026-08-27 19:00:00,5780.1,0.723,蓝色,加强监视：关注上游液位与雨量变化趋势,120
2026-08-27 19:05:00,5605.1,0.701,蓝色,加强监视：关注上游液位与雨量变化趋势,120
2026-08-27 19:10:00,5418.1,0.677,蓝色,加强监视：关注上游液位与雨量变化趋势,120
2026-08-27 19:15:00,5584.6,0.698,蓝色,加强监视：关注上游液位与雨量变化趋势,120
2026-08-27 19:20:00,5316.1,0.665,蓝色,加强监视：关注上游液位与雨量变化趋势,120
2026-08-27 19:25:00,5356.3,0.67,蓝色,加强监视：关注上游液位与雨量变化趋势,120
2026-08-27 19:30:00,5241.3,0.655,蓝色,加强监视：关注上游液位与雨量变化趋势,120
2026-08-27 19:35:00,5351.3,0.669,蓝色,加强监视：关注上游液位与雨量变化趋势,120
2026-08-27 19:40:00,5115.5,0.639,蓝色,加强监视：关注上游液位与雨量变化趋势,120
2026-08-27 19:45:00,5283.3,0.66,蓝色,加强监视：关注上游液位与雨量变化趋势,120
2026-08-27 19:50:00,5150.6,0.644,蓝色,加强监视：关注上游液位与雨量变化趋势,120
2026-08-27 19:55:00,5114.1,0.639,蓝色,加强监视：关注上游液位与雨量变化趋势,120
2026-08-27 20:00:00,5059.1,0.632,蓝色,加强监视：关注上游液位与雨量变化趋势,120
2026-08-27 20:05:00,5097.4,0.637,蓝色,加强监视：关注上游液位与雨量变化趋势,120
2026-08-27 20:10:00,5005.7,0.626,蓝色,加强监视：关注上游液位与雨量变化趋势,120
2026-08-27 20:15:00,5025.3,0.628,蓝色,加强监视：关注上游液位与雨量变化趋势,120
2026-08-27 20:20:00,5007.0,0.626,蓝色,加强监视：关注上游液位与雨量变化趋势,120
2026-08-27 20:25:00,4893.8,0.612,蓝色,加强监视：关注上游液位与雨量变化趋势,120
2026-08-27 20:30:00,4929.6,0.616,蓝色,加强监视：关注上游液位与雨量变化趋势,120
2026-08-27 20:35:00,4894.3,0.612,蓝色,加强监视：关注上游液位与雨量变化趋势,120
2026-08-27 20:40:00,4882.5,0.61,蓝色,加强监视：关注上游液位与雨量变化趋势,120
2026-08-27 20:45:00,4886.2,0.611,蓝色,加强监视：关注上游液位与雨量变化趋势,120
2026-08-27 20:50:00,4865.2,0.608,蓝色,加强监视：关注上游液位与雨量变化趋势,120
2026-08-27 20:55:00,4840.9,0.605,蓝色,加强监视：关注上游液位与雨量变化趋势,120
2026-08-27 21:00:00,4862.0,0.608,蓝色,加强监视：关注上游液位与雨量变化趋势,120
2026-08-27 21:05:00,4753.9,0.594,正常,常规运行,120
2026-08-27 21:10:00,4801.5,0.6,蓝色,加强监视：关注上游液位与雨量变化趋势,120
2026-08-27 21:15:00,4685.1,0.586,正常,常规运行,120
2026-08-27 21:20:00,4681.3,0.585,正常,常规运行,120
2026-08-27 21:25:00,4651.3,0.581,正常,常规运行,120
2026-08-27 21:30:00,5021.2,0.628,蓝色,加强监视：关注上游液位与雨量变化趋势,120
2026-08-27 21:35:00,4628.3,0.579,正常,常规运行,120
2026-08-27 21:40:00,4512.8,0.564,正常,常规运行,120
2026-08-27 21:45:00,4550.6,0.569,正常,常规运行,120
2026-08-27 21:50:00,4614.6,0.577,正常,常规运行,120
2026-08-27 21:55:00,4478.9,0.56,正常,常规运行,120
2026-08-27 22:00:00,4140.7,0.518,正常,常规运行,120
2026-08-27 22:05:00,4082.9,0.51,正常,常规运行,120
2026-08-27 22:10:00,4140.3,0.518,正常,常规运行,120
2026-08-27 22:15:00,4044.3,0.506,正常,常规运行,120
2026-08-27 22:20:00,4038.3,0.505,正常,常规运行,120
2026-08-27 22:25:00,3869.3,0.484,正常,常规运行,120
2026-08-27 22:30:00,3970.0,0.496,正常,常规运行,120
2026-08-27 22:35:00,3941.9,0.493,正常,常规运行,120
2026-08-27 22:40:00,3878.9,0.485,正常,常规运行,120
2026-08-27 22:45:00,3800.1,0.475,正常,常规运行,120
2026-08-27 22:50:00,3869.6,0.484,正常,常规运行,120
2026-08-27 22:55:00,3750.0,0.469,正常,常规运行,120
2026-08-27 23:00:00,3733.0,0.467,正常,常规运行,120
2026-08-27 23:05:00,3657.7,0.457,正常,常规运行,120
2026-08-27 23:10:00,3670.2,0.459,正常,常规运行,120
2026-08-27 23:15:00,3640.1,0.455,正常,常规运行,120
2026-08-27 23:20:00,3597.4,0.45,正常,常规运行,120
2026-08-27 23:25:00,3465.1,0.433,正常,常规运行,120
2026-08-27 23:30:00,3461.5,0.433,正常,常规运行,120
2026-08-27 23:35:00,3456.0,0.432,正常,常规运行,120
2026-08-27 23:40:00,3417.7,0.427,正常,常规运行,120
2026-08-27 23:45:00,3346.1,0.418,正常,常规运行,120
2026-08-27 23:50:00,3290.8,0.411,正常,常规运行,120
2026-08-27 23:55:00,3355.7,0.419,正常,常规运行,120
2026-08-28 00:00:00,3233.7,0.404,正常,常规运行,120
2026-08-28 00:05:00,3150.4,0.394,正常,常规运行,120
2026-08-28 00:10:00,3126.7,0.391,正常,常规运行,120
2026-08-28 00:15:00,3120.3,0.39,正常,常规运行,120
2026-08-28 00:20:00,3094.8,0.387,正常,常规运行,120
2026-08-28 00:25:00,2995.4,0.374,正常,常规运行,120
2026-08-28 00:30:00,3061.7,0.383,正常,常规运行,120
2026-08-28 00:35:00,2981.8,0.373,正常,常规运行,120
2026-08-28 00:40:00,2929.0,0.366,正常,常规运行,120
2026-08-28 00:45:00,2901.1,0.363,正常,常规运行,120
2026-08-28 00:50:00,2924.3,0.366,正常,常规运行,120
2026-08-28 00:55:00,2846.1,0.356,正常,常规运行,120
2026-08-28 01:00:00,2851.4,0.356,正常,常规运行,120
2026-08-28 01:05:00,2825.6,0.353,正常,常规运行,120
2026-08-28 01:10:00,2817.0,0.352,正常,常规运行,120
2026-08-28 01:15:00,2793.3,0.349,正常,常规运行,120
2026-08-28 01:20:00,2832.9,0.354,正常,常规运行,120
2026-08-28 01:25:00,2774.9,0.347,正常,常规运行,120
2026-08-28 01:30:00,2782.0,0.348,正常,常规运行,120
2026-08-28 01:35:00,2796.6,0.35,正常,常规运行,120
2026-08-28 01:40:00,2782.4,0.348,正常,常规运行,120
2026-08-28 01:45:00,2817.7,0.352,正常,常规运行,120
2026-08-28 01:50:00,2848.1,0.356,正常,常规运行,120
2026-08-28 01:55:00,2905.0,0.363,正常,常规运行,120
2026-08-28 02:00:00,2872.2,0.359,正常,常规运行,120
2026-08-28 02:05:00,2948.1,0.369,正常,常规运行,120
2026-08-28 02:10:00,2942.1,0.368,正常,常规运行,120
2026-08-28 02:15:00,3089.5,0.386,正常,常规运行,120
2026-08-28 02:20:00,2987.5,0.373,正常,常规运行,120
2026-08-28 02:25:00,3034.5,0.379,正常,常规运行,120
2026-08-28 02:30:00,3121.2,0.39,正常,常规运行,120
2026-08-28 02:35:00,3217.3,0.402,正常,常规运行,120
2026-08-28 02:40:00,3215.7,0.402,正常,常规运行,120
2026-08-28 02:45:00,3227.6,0.403,正常,常规运行,120
2026-08-28 02:50:00,3294.9,0.412,正常,常规运行,120
2026-08-28 02:55:00,3318.7,0.415,正常,常规运行,120
2026-08-28 03:00:00,3419.5,0.427,正常,常规运行,120
2026-08-28 03:05:00,3580.2,0.448,正常,常规运行,120
2026-08-28 03:10:00,3575.8,0.447,正常,常规运行,120
2026-08-28 03:15:00,3601.0,0.45,正常,常规运行,120
2026-08-28 03:20:00,3610.1,0.451,正常,常规运行,120
2026-08-28 03:25:00,3752.9,0.469,正常,常规运行,120
2026-08-28 03:30:00,3795.2,0.474,正常,常规运行,120
2026-08-28 03:35:00,3891.2,0.486,正常,常规运行,120
2026-08-28 03:40:00,3963.6,0.495,正常,常规运行,120
2026-08-28 03:45:00,4032.7,0.504,正常,常规运行,120
2026-08-28 03:50:00,4088.8,0.511,正常,常规运行,120
2026-08-28 03:55:00,4254.1,0.532,正常,常规运行,120
2026-08-28 04:00:00,4284.4,0.536,正常,常规运行,120
2026-08-28 04:05:00,4323.4,0.54,正常,常规运行,120
2026-08-28 04:10:00,4417.5,0.552,正常,常规运行,120
2026-08-28 04:15:00,4626.7,0.578,正常,常规运行,120
2026-08-28 04:20:00,4904.2,0.613,蓝色,加强监视：关注上游液位与雨量变化趋势,120
2026-08-28 04:25:00,5103.5,0.638,蓝色,加强监视：关注上游液位与雨量变化趋势,120
2026-08-28 04:30:00,4742.2,0.593,正常,常规运行,120
2026-08-28 04:35:00,4692.6,0.587,正常,常规运行,120
2026-08-28 04:40:00,4644.1,0.581,正常,常规运行,120
2026-08-28 04:45:00,4732.5,0.592,正常,常规运行,120
2026-08-28 04:50:00,4831.6,0.604,蓝色,加强监视：关注上游液位与雨量变化趋势,120
2026-08-28 04:55:00,4817.4,0.602,蓝色,加强监视：关注上游液位与雨量变化趋势,120
2026-08-28 05:00:00,4946.7,0.618,蓝色,加强监视：关注上游液位与雨量变化趋势,120
2026-08-28 05:05:00,5474.8,0.684,蓝色,加强监视：关注上游液位与雨量变化趋势,120
2026-08-28 05:10:00,5110.7,0.639,蓝色,加强监视：关注上游液位与雨量变化趋势,120
2026-08-28 05:15:00,5371.6,0.671,蓝色,加强监视：关注上游液位与雨量变化趋势,120
2026-08-28 05:20:00,5285.1,0.661,蓝色,加强监视：关注上游液位与雨量变化趋势,120
2026-08-28 05:25:00,5351.2,0.669,蓝色,加强监视：关注上游液位与雨量变化趋势,120
2026-08-28 05:30:00,5265.7,0.658,蓝色,加强监视：关注上游液位与雨量变化趋势,120
2026-08-28 05:35:00,5371.6,0.671,蓝色,加强监视：关注上游液位与雨量变化趋势,120
2026-08-28 05:40:00,5391.6,0.674,蓝色,加强监视：关注上游液位与雨量变化趋势,120
2026-08-28 05:45:00,5404.9,0.676,蓝色,加强监视：关注上游液位与雨量变化趋势,120
2026-08-28 05:50:00,5401.1,0.675,蓝色,加强监视：关注上游液位与雨量变化趋势,120
2026-08-28 05:55:00,5494.9,0.687,蓝色,加强监视：关注上游液位与雨量变化趋势,120
2026-08-28 06:00:00,5485.2,0.686,蓝色,加强监视：关注上游液位与雨量变化趋势,120
2026-08-28 06:05:00,5480.6,0.685,蓝色,加强监视：关注上游液位与雨量变化趋势,120
2026-08-28 06:10:00,5560.6,0.695,蓝色,加强监视：关注上游液位与雨量变化趋势,120
2026-08-28 06:15:00,7092.1,0.887,黄色,雨前预抽空：预降各泵站前池液位，腾出调蓄容积,120
2026-08-28 06:20:00,5947.0,0.743,蓝色,加强监视：关注上游液位与雨量变化趋势,120
2026-08-28 06:25:00,5520.1,0.69,蓝色,加强监视：关注上游液位与雨量变化趋势,120
2026-08-28 06:30:00,5624.0,0.703,蓝色,加强监视：关注上游液位与雨量变化趋势,120
2026-08-28 06:35:00,5590.0,0.699,蓝色,加强监视：关注上游液位与雨量变化趋势,120
2026-08-28 06:40:00,5545.3,0.693,蓝色,加强监视：关注上游液位与雨量变化趋势,120
2026-08-28 06:45:00,5705.7,0.713,蓝色,加强监视：关注上游液位与雨量变化趋势,120
2026-08-28 06:50:00,5550.9,0.694,蓝色,加强监视：关注上游液位与雨量变化趋势,120
2026-08-28 06:55:00,6138.2,0.767,蓝色,加强监视：关注上游液位与雨量变化趋势,120
2026-08-28 07:00:00,6634.1,0.829,黄色,雨前预抽空：预降各泵站前池液位，腾出调蓄容积,120
2026-08-28 07:05:00,5682.0,0.71,蓝色,加强监视：关注上游液位与雨量变化趋势,120
2026-08-28 07:10:00,5732.1,0.717,蓝色,加强监视：关注上游液位与雨量变化趋势,120
2026-08-28 07:15:00,5668.0,0.708,蓝色,加强监视：关注上游液位与雨量变化趋势,120
2026-08-28 07:20:00,5657.5,0.707,蓝色,加强监视：关注上游液位与雨量变化趋势,120
2026-08-28 07:25:00,5653.0,0.707,蓝色,加强监视：关注上游液位与雨量变化趋势,120
2026-08-28 07:30:00,7010.7,0.876,黄色,雨前预抽空：预降各泵站前池液位，腾出调蓄容积,120
2026-08-28 07:35:00,5565.8,0.696,蓝色,加强监视：关注上游液位与雨量变化趋势,120
2026-08-28 07:40:00,6542.0,0.818,黄色,雨前预抽空：预降各泵站前池液位，腾出调蓄容积,120
2026-08-28 07:45:00,5581.7,0.698,蓝色,加强监视：关注上游液位与雨量变化趋势,120
2026-08-28 07:50:00,5863.6,0.733,蓝色,加强监视：关注上游液位与雨量变化趋势,120
2026-08-28 07:55:00,5705.3,0.713,蓝色,加强监视：关注上游液位与雨量变化趋势,120
2026-08-28 08:00:00,5449.2,0.681,蓝色,加强监视：关注上游液位与雨量变化趋势,120
2026-08-28 08:05:00,5461.4,0.683,蓝色,加强监视：关注上游液位与雨量变化趋势,120
2026-08-28 08:10:00,5516.0,0.689,蓝色,加强监视：关注上游液位与雨量变化趋势,120
2026-08-28 08:15:00,5389.1,0.674,蓝色,加强监视：关注上游液位与雨量变化趋势,120
2026-08-28 08:20:00,5399.2,0.675,蓝色,加强监视：关注上游液位与雨量变化趋势,120
2026-08-28 08:25:00,5518.4,0.69,蓝色,加强监视：关注上游液位与雨量变化趋势,120
2026-08-28 08:30:00,5401.7,0.675,蓝色,加强监视：关注上游液位与雨量变化趋势,120
2026-08-28 08:35:00,5500.2,0.688,蓝色,加强监视：关注上游液位与雨量变化趋势,120
2026-08-28 08:40:00,5308.4,0.664,蓝色,加强监视：关注上游液位与雨量变化趋势,120
2026-08-28 08:45:00,5208.0,0.651,蓝色,加强监视：关注上游液位与雨量变化趋势,120
2026-08-28 08:50:00,5374.4,0.672,蓝色,加强监视：关注上游液位与雨量变化趋势,120
2026-08-28 08:55:00,5311.1,0.664,蓝色,加强监视：关注上游液位与雨量变化趋势,120
2026-08-28 09:00:00,5204.7,0.651,蓝色,加强监视：关注上游液位与雨量变化趋势,120
2026-08-28 09:05:00,5122.7,0.64,蓝色,加强监视：关注上游液位与雨量变化趋势,120
2026-08-28 09:10:00,5094.7,0.637,蓝色,加强监视：关注上游液位与雨量变化趋势,120
2026-08-28 09:15:00,5099.0,0.637,蓝色,加强监视：关注上游液位与雨量变化趋势,120
2026-08-28 09:20:00,5097.6,0.637,蓝色,加强监视：关注上游液位与雨量变化趋势,120
2026-08-28 09:25:00,4961.7,0.62,蓝色,加强监视：关注上游液位与雨量变化趋势,120
2026-08-28 09:30:00,4951.0,0.619,蓝色,加强监视：关注上游液位与雨量变化趋势,120
2026-08-28 09:35:00,4959.2,0.62,蓝色,加强监视：关注上游液位与雨量变化趋势,120
2026-08-28 09:40:00,4901.8,0.613,蓝色,加强监视：关注上游液位与雨量变化趋势,120
2026-08-28 09:45:00,4895.6,0.612,蓝色,加强监视：关注上游液位与雨量变化趋势,120
2026-08-28 09:50:00,4771.9,0.596,正常,常规运行,120
2026-08-28 09:55:00,4828.5,0.604,蓝色,加强监视：关注上游液位与雨量变化趋势,120
2026-08-28 10:00:00,4755.0,0.594,正常,常规运行,120
2026-08-28 10:05:00,4754.5,0.594,正常,常规运行,120
2026-08-28 10:10:00,4609.0,0.576,正常,常规运行,120
2026-08-28 10:15:00,4625.6,0.578,正常,常规运行,120
2026-08-28 10:20:00,4632.8,0.579,正常,常规运行,120
2026-08-28 10:25:00,4624.4,0.578,正常,常规运行,120
2026-08-28 10:30:00,4625.0,0.578,正常,常规运行,120
2026-08-28 10:35:00,4542.7,0.568,正常,常规运行,120
2026-08-28 10:40:00,4636.7,0.58,正常,常规运行,120
2026-08-28 10:45:00,4507.1,0.563,正常,常规运行,120
2026-08-28 10:50:00,4569.1,0.571,正常,常规运行,120
2026-08-28 10:55:00,4485.5,0.561,正常,常规运行,120
2026-08-28 11:00:00,4455.2,0.557,正常,常规运行,120
2026-08-28 11:05:00,4506.5,0.563,正常,常规运行,120
2026-08-28 11:10:00,4513.7,0.564,正常,常规运行,120
2026-08-28 11:15:00,4448.3,0.556,正常,常规运行,120
2026-08-28 11:20:00,4380.8,0.548,正常,常规运行,120
2026-08-28 11:25:00,4440.8,0.555,正常,常规运行,120
2026-08-28 11:30:00,4424.9,0.553,正常,常规运行,120
2026-08-28 11:35:00,4408.0,0.551,正常,常规运行,120
2026-08-28 11:40:00,4432.0,0.554,正常,常规运行,120
2026-08-28 11:45:00,4479.8,0.56,正常,常规运行,120
2026-08-28 11:50:00,4370.7,0.546,正常,常规运行,120
2026-08-28 11:55:00,4443.9,0.555,正常,常规运行,120
2026-08-28 12:00:00,4407.7,0.551,正常,常规运行,120
2026-08-28 12:05:00,4431.7,0.554,正常,常规运行,120
2026-08-28 12:10:00,4362.1,0.545,正常,常规运行,120
2026-08-28 12:15:00,4453.7,0.557,正常,常规运行,120
2026-08-28 12:20:00,4402.5,0.55,正常,常规运行,120
2026-08-28 12:25:00,4392.8,0.549,正常,常规运行,120
2026-08-28 12:30:00,4387.7,0.548,正常,常规运行,120
2026-08-28 12:35:00,4363.7,0.545,正常,常规运行,120
2026-08-28 12:40:00,4423.0,0.553,正常,常规运行,120
2026-08-28 12:45:00,4412.7,0.552,正常,常规运行,120
2026-08-28 12:50:00,4434.7,0.554,正常,常规运行,120
2026-08-28 12:55:00,4431.7,0.554,正常,常规运行,120
2026-08-28 13:00:00,4502.0,0.563,正常,常规运行,120
2026-08-28 13:05:00,4413.7,0.552,正常,常规运行,120
2026-08-28 13:10:00,4453.3,0.557,正常,常规运行,120
2026-08-28 13:15:00,4439.5,0.555,正常,常规运行,120
2026-08-28 13:20:00,4459.7,0.557,正常,常规运行,120
2026-08-28 13:25:00,4469.0,0.559,正常,常规运行,120
2026-08-28 13:30:00,4423.4,0.553,正常,常规运行,120
2026-08-28 13:35:00,4455.7,0.557,正常,常规运行,120
2026-08-28 13:40:00,4434.3,0.554,正常,常规运行,120
2026-08-28 13:45:00,4515.7,0.564,正常,常规运行,120
2026-08-28 13:50:00,4484.4,0.561,正常,常规运行,120
2026-08-28 13:55:00,4516.9,0.565,正常,常规运行,120
2026-08-28 14:00:00,4552.4,0.569,正常,常规运行,120
2026-08-28 14:05:00,4644.0,0.58,正常,常规运行,120
2026-08-28 14:10:00,4581.9,0.573,正常,常规运行,120
2026-08-28 14:15:00,4582.9,0.573,正常,常规运行,120
2026-08-28 14:20:00,4602.1,0.575,正常,常规运行,120
2026-08-28 14:25:00,4577.3,0.572,正常,常规运行,120
2026-08-28 14:30:00,4568.5,0.571,正常,常规运行,120
2026-08-28 14:35:00,4645.2,0.581,正常,常规运行,120
2026-08-28 14:40:00,4687.3,0.586,正常,常规运行,120
2026-08-28 14:45:00,4699.5,0.587,正常,常规运行,120
2026-08-28 14:50:00,4671.1,0.584,正常,常规运行,120
2026-08-28 14:55:00,4760.2,0.595,正常,常规运行,120
2026-08-28 15:00:00,4718.0,0.59,正常,常规运行,120
2026-08-28 15:05:00,4810.8,0.601,蓝色,加强监视：关注上游液位与雨量变化趋势,120
2026-08-28 15:10:00,4810.6,0.601,蓝色,加强监视：关注上游液位与雨量变化趋势,120
2026-08-28 15:15:00,4926.1,0.616,蓝色,加强监视：关注上游液位与雨量变化趋势,120
2026-08-28 15:20:00,4922.0,0.615,蓝色,加强监视：关注上游液位与雨量变化趋势,120
2026-08-28 15:25:00,4952.0,0.619,蓝色,加强监视：关注上游液位与雨量变化趋势,120
2026-08-28 15:30:00,4911.3,0.614,蓝色,加强监视：关注上游液位与雨量变化趋势,120
2026-08-28 15:35:00,5110.5,0.639,蓝色,加强监视：关注上游液位与雨量变化趋势,120
2026-08-28 15:40:00,5071.0,0.634,蓝色,加强监视：关注上游液位与雨量变化趋势,120
2026-08-28 15:45:00,5053.9,0.632,蓝色,加强监视：关注上游液位与雨量变化趋势,120
2026-08-28 15:50:00,5179.7,0.647,蓝色,加强监视：关注上游液位与雨量变化趋势,120
2026-08-28 15:55:00,5146.1,0.643,蓝色,加强监视：关注上游液位与雨量变化趋势,120
2026-08-28 16:00:00,5259.9,0.657,蓝色,加强监视：关注上游液位与雨量变化趋势,120
2026-08-28 16:05:00,5281.0,0.66,蓝色,加强监视：关注上游液位与雨量变化趋势,120
2026-08-28 16:10:00,5390.3,0.674,蓝色,加强监视：关注上游液位与雨量变化趋势,120
2026-08-28 16:15:00,5382.9,0.673,蓝色,加强监视：关注上游液位与雨量变化趋势,120
2026-08-28 16:20:00,5474.3,0.684,蓝色,加强监视：关注上游液位与雨量变化趋势,120
2026-08-28 16:25:00,5576.4,0.697,蓝色,加强监视：关注上游液位与雨量变化趋势,120
2026-08-28 16:30:00,6801.2,0.85,黄色,雨前预抽空：预降各泵站前池液位，腾出调蓄容积,120
2026-08-28 16:35:00,6270.9,0.784,蓝色,加强监视：关注上游液位与雨量变化趋势,120
2026-08-28 16:40:00,7242.6,0.905,黄色,雨前预抽空：预降各泵站前池液位，腾出调蓄容积,120
2026-08-28 16:45:00,6255.4,0.782,蓝色,加强监视：关注上游液位与雨量变化趋势,120
2026-08-28 16:50:00,7209.8,0.901,黄色,雨前预抽空：预降各泵站前池液位，腾出调蓄容积,120
2026-08-28 16:55:00,6142.0,0.768,蓝色,加强监视：关注上游液位与雨量变化趋势,120
2026-08-28 17:00:00,9543.9,1.193,红色,全网限流：上游泵站按能力 70% 限排，启用调蓄，厂内超越预案待命,120
2026-08-28 17:05:00,7539.5,0.942,黄色,雨前预抽空：预降各泵站前池液位，腾出调蓄容积,120
2026-08-28 17:10:00,9545.7,1.193,红色,全网限流：上游泵站按能力 70% 限排，启用调蓄，厂内超越预案待命,120
2026-08-28 17:15:00,8820.8,1.103,红色,全网限流：上游泵站按能力 70% 限排，启用调蓄，厂内超越预案待命,120
2026-08-28 17:20:00,9547.6,1.193,红色,全网限流：上游泵站按能力 70% 限排，启用调蓄，厂内超越预案待命,120
2026-08-28 17:25:00,10739.9,1.342,红色,全网限流：上游泵站按能力 70% 限排，启用调蓄，厂内超越预案待命,120
2026-08-28 17:30:00,11585.9,1.448,红色,全网限流：上游泵站按能力 70% 限排，启用调蓄，厂内超越预案待命,120
2026-08-28 17:35:00,10442.9,1.305,红色,全网限流：上游泵站按能力 70% 限排，启用调蓄，厂内超越预案待命,120
2026-08-28 17:40:00,11678.5,1.46,红色,全网限流：上游泵站按能力 70% 限排，启用调蓄，厂内超越预案待命,120
2026-08-28 17:45:00,8654.7,1.082,橙色,彭越浦总站错峰：上游支线泵站延迟 30~60min 开泵，削峰错时进厂,120
2026-08-28 17:50:00,10027.8,1.253,红色,全网限流：上游泵站按能力 70% 限排，启用调蓄，厂内超越预案待命,120
2026-08-28 17:55:00,8712.8,1.089,橙色,彭越浦总站错峰：上游支线泵站延迟 30~60min 开泵，削峰错时进厂,120
2026-08-28 18:00:00,9997.1,1.25,红色,全网限流：上游泵站按能力 70% 限排，启用调蓄，厂内超越预案待命,120
2026-08-28 18:05:00,6175.1,0.772,蓝色,加强监视：关注上游液位与雨量变化趋势,120
2026-08-28 18:10:00,6491.9,0.811,黄色,雨前预抽空：预降各泵站前池液位，腾出调蓄容积,120
2026-08-28 18:15:00,7516.2,0.94,黄色,雨前预抽空：预降各泵站前池液位，腾出调蓄容积,120
2026-08-28 18:20:00,6154.8,0.769,蓝色,加强监视：关注上游液位与雨量变化趋势,120
2026-08-28 18:25:00,6407.4,0.801,黄色,雨前预抽空：预降各泵站前池液位，腾出调蓄容积,120
2026-08-28 18:30:00,6142.6,0.768,蓝色,加强监视：关注上游液位与雨量变化趋势,120
2026-08-28 18:35:00,5605.1,0.701,蓝色,加强监视：关注上游液位与雨量变化趋势,120
2026-08-28 18:40:00,5635.8,0.704,蓝色,加强监视：关注上游液位与雨量变化趋势,120
2026-08-28 18:45:00,6155.2,0.769,蓝色,加强监视：关注上游液位与雨量变化趋势,120
2026-08-28 18:50:00,6218.7,0.777,蓝色,加强监视：关注上游液位与雨量变化趋势,120
2026-08-28 18:55:00,6143.2,0.768,蓝色,加强监视：关注上游液位与雨量变化趋势,120
2026-08-28 19:00:00,5699.8,0.712,蓝色,加强监视：关注上游液位与雨量变化趋势,120
2026-08-28 19:05:00,5628.2,0.704,蓝色,加强监视：关注上游液位与雨量变化趋势,120
2026-08-28 19:10:00,5916.7,0.74,蓝色,加强监视：关注上游液位与雨量变化趋势,120
2026-08-28 19:15:00,5698.7,0.712,蓝色,加强监视：关注上游液位与雨量变化趋势,120
2026-08-28 19:20:00,6686.0,0.836,黄色,雨前预抽空：预降各泵站前池液位，腾出调蓄容积,120
2026-08-28 19:25:00,6483.0,0.81,黄色,雨前预抽空：预降各泵站前池液位，腾出调蓄容积,120
2026-08-28 19:30:00,5664.1,0.708,蓝色,加强监视：关注上游液位与雨量变化趋势,120
2026-08-28 19:35:00,5740.1,0.718,蓝色,加强监视：关注上游液位与雨量变化趋势,120
2026-08-28 19:40:00,5265.2,0.658,蓝色,加强监视：关注上游液位与雨量变化趋势,120
2026-08-28 19:45:00,5156.5,0.645,蓝色,加强监视：关注上游液位与雨量变化趋势,120
2026-08-28 19:50:00,5872.7,0.734,蓝色,加强监视：关注上游液位与雨量变化趋势,120
2026-08-28 19:55:00,5176.3,0.647,蓝色,加强监视：关注上游液位与雨量变化趋势,120
2026-08-28 20:00:00,5240.0,0.655,蓝色,加强监视：关注上游液位与雨量变化趋势,120
2026-08-28 20:05:00,5060.9,0.633,蓝色,加强监视：关注上游液位与雨量变化趋势,120
2026-08-28 20:10:00,5035.9,0.629,蓝色,加强监视：关注上游液位与雨量变化趋势,120
2026-08-28 20:15:00,4998.0,0.625,蓝色,加强监视：关注上游液位与雨量变化趋势,120
2026-08-28 20:20:00,4951.5,0.619,蓝色,加强监视：关注上游液位与雨量变化趋势,120
2026-08-28 20:25:00,4972.3,0.622,蓝色,加强监视：关注上游液位与雨量变化趋势,120
2026-08-28 20:30:00,4910.5,0.614,蓝色,加强监视：关注上游液位与雨量变化趋势,120
2026-08-28 20:35:00,4924.4,0.616,蓝色,加强监视：关注上游液位与雨量变化趋势,120
2026-08-28 20:40:00,4840.2,0.605,蓝色,加强监视：关注上游液位与雨量变化趋势,120
2026-08-28 20:45:00,4799.2,0.6,正常,常规运行,120
2026-08-28 20:50:00,4873.7,0.609,蓝色,加强监视：关注上游液位与雨量变化趋势,120
2026-08-28 20:55:00,4971.9,0.621,蓝色,加强监视：关注上游液位与雨量变化趋势,120
2026-08-28 21:00:00,5049.6,0.631,蓝色,加强监视：关注上游液位与雨量变化趋势,120
2026-08-28 21:05:00,4705.5,0.588,正常,常规运行,120
2026-08-28 21:10:00,4707.7,0.588,正常,常规运行,120
2026-08-28 21:15:00,4739.1,0.592,正常,常规运行,120
2026-08-28 21:20:00,4698.2,0.587,正常,常规运行,120
2026-08-28 21:25:00,4597.6,0.575,正常,常规运行,120
2026-08-28 21:30:00,4728.8,0.591,正常,常规运行,120
2026-08-28 21:35:00,4589.4,0.574,正常,常规运行,120
2026-08-28 21:40:00,4556.6,0.57,正常,常规运行,120
2026-08-28 21:45:00,4468.2,0.559,正常,常规运行,120
2026-08-28 21:50:00,4498.2,0.562,正常,常规运行,120
2026-08-28 21:55:00,4451.1,0.556,正常,常规运行,120
2026-08-28 22:00:00,4314.7,0.539,正常,常规运行,120
2026-08-28 22:05:00,3965.3,0.496,正常,常规运行,120
2026-08-28 22:10:00,3756.2,0.47,正常,常规运行,120
2026-08-28 22:15:00,3899.2,0.487,正常,常规运行,120
2026-08-28 22:20:00,3819.8,0.477,正常,常规运行,120
2026-08-28 22:25:00,3736.6,0.467,正常,常规运行,120
2026-08-28 22:30:00,3644.2,0.456,正常,常规运行,120
2026-08-28 22:35:00,3609.6,0.451,正常,常规运行,120
2026-08-28 22:40:00,3624.9,0.453,正常,常规运行,120
2026-08-28 22:45:00,3584.0,0.448,正常,常规运行,120
2026-08-28 22:50:00,3580.7,0.448,正常,常规运行,120
2026-08-28 22:55:00,3585.3,0.448,正常,常规运行,120
2026-08-28 23:00:00,3382.2,0.423,正常,常规运行,120
2026-08-28 23:05:00,3456.3,0.432,正常,常规运行,120
2026-08-28 23:10:00,3407.1,0.426,正常,常规运行,120
2026-08-28 23:15:00,3386.1,0.423,正常,常规运行,120
2026-08-28 23:20:00,3355.5,0.419,正常,常规运行,120
2026-08-28 23:25:00,3299.6,0.412,正常,常规运行,120
2026-08-28 23:30:00,3295.2,0.412,正常,常规运行,120
2026-08-28 23:35:00,3242.6,0.405,正常,常规运行,120
2026-08-28 23:40:00,3289.3,0.411,正常,常规运行,120
2026-08-28 23:45:00,3144.2,0.393,正常,常规运行,120
2026-08-28 23:50:00,3162.3,0.395,正常,常规运行,120
2026-08-28 23:55:00,3084.6,0.386,正常,常规运行,120
2026-08-29 00:00:00,2984.4,0.373,正常,常规运行,120
2026-08-29 00:05:00,2956.2,0.37,正常,常规运行,120
2026-08-29 00:10:00,2902.1,0.363,正常,常规运行,120
2026-08-29 00:15:00,2867.8,0.358,正常,常规运行,120
2026-08-29 00:20:00,2840.1,0.355,正常,常规运行,120
2026-08-29 00:25:00,2803.0,0.35,正常,常规运行,120
2026-08-29 00:30:00,2772.7,0.347,正常,常规运行,120
2026-08-29 00:35:00,2754.2,0.344,正常,常规运行,120
2026-08-29 00:40:00,2713.4,0.339,正常,常规运行,120
2026-08-29 00:45:00,2704.2,0.338,正常,常规运行,120
2026-08-29 00:50:00,2698.4,0.337,正常,常规运行,120
2026-08-29 00:55:00,2685.6,0.336,正常,常规运行,120
2026-08-29 01:00:00,2665.0,0.333,正常,常规运行,120
2026-08-29 01:05:00,2708.5,0.339,正常,常规运行,120
2026-08-29 01:10:00,2671.4,0.334,正常,常规运行,120
2026-08-29 01:15:00,2650.8,0.331,正常,常规运行,120
2026-08-29 01:20:00,2647.1,0.331,正常,常规运行,120
2026-08-29 01:25:00,2673.6,0.334,正常,常规运行,120
2026-08-29 01:30:00,2651.2,0.331,正常,常规运行,120
2026-08-29 01:35:00,2648.2,0.331,正常,常规运行,120
2026-08-29 01:40:00,2647.9,0.331,正常,常规运行,120
2026-08-29 01:45:00,2658.7,0.332,正常,常规运行,120
2026-08-29 01:50:00,2668.8,0.334,正常,常规运行,120
2026-08-29 01:55:00,2709.7,0.339,正常,常规运行,120
2026-08-29 02:00:00,2701.4,0.338,正常,常规运行,120
2026-08-29 02:05:00,2752.3,0.344,正常,常规运行,120
2026-08-29 02:10:00,2745.1,0.343,正常,常规运行,120
2026-08-29 02:15:00,2736.3,0.342,正常,常规运行,120
2026-08-29 02:20:00,2777.0,0.347,正常,常规运行,120
2026-08-29 02:25:00,2822.1,0.353,正常,常规运行,120
2026-08-29 02:30:00,2928.5,0.366,正常,常规运行,120
2026-08-29 02:35:00,2935.0,0.367,正常,常规运行,120
2026-08-29 02:40:00,2935.9,0.367,正常,常规运行,120
2026-08-29 02:45:00,3048.7,0.381,正常,常规运行,120
2026-08-29 02:50:00,3139.0,0.392,正常,常规运行,120
2026-08-29 02:55:00,3191.4,0.399,正常,常规运行,120
2026-08-29 03:00:00,3180.8,0.398,正常,常规运行,120
2026-08-29 03:05:00,3273.4,0.409,正常,常规运行,120
2026-08-29 03:10:00,3302.2,0.413,正常,常规运行,120
2026-08-29 03:15:00,3336.9,0.417,正常,常规运行,120
2026-08-29 03:20:00,3464.7,0.433,正常,常规运行,120
2026-08-29 03:25:00,3460.1,0.433,正常,常规运行,120
2026-08-29 03:30:00,3473.0,0.434,正常,常规运行,120
2026-08-29 03:35:00,3597.9,0.45,正常,常规运行,120
2026-08-29 03:40:00,3651.8,0.456,正常,常规运行,120
2026-08-29 03:45:00,3773.9,0.472,正常,常规运行,120
2026-08-29 03:50:00,3773.2,0.472,正常,常规运行,120
2026-08-29 03:55:00,3904.4,0.488,正常,常规运行,120
2026-08-29 04:00:00,3888.7,0.486,正常,常规运行,120
2026-08-29 04:05:00,3990.6,0.499,正常,常规运行,120
2026-08-29 04:10:00,4002.4,0.5,正常,常规运行,120
2026-08-29 04:15:00,4203.0,0.525,正常,常规运行,120
2026-08-29 04:20:00,4043.5,0.505,正常,常规运行,120
2026-08-29 04:25:00,4148.1,0.519,正常,常规运行,120
2026-08-29 04:30:00,4238.4,0.53,正常,常规运行,120
2026-08-29 04:35:00,4266.7,0.533,正常,常规运行,120
2026-08-29 04:40:00,4280.6,0.535,正常,常规运行,120
2026-08-29 04:45:00,4377.5,0.547,正常,常规运行,120
2026-08-29 04:50:00,4453.4,0.557,正常,常规运行,120
2026-08-29 04:55:00,4505.8,0.563,正常,常规运行,120
2026-08-29 05:00:00,4532.8,0.567,正常,常规运行,120
2026-08-29 05:05:00,4628.2,0.579,正常,常规运行,120
2026-08-29 05:10:00,4591.0,0.574,正常,常规运行,120
2026-08-29 05:15:00,4768.1,0.596,正常,常规运行,120
2026-08-29 05:20:00,4789.6,0.599,正常,常规运行,120
2026-08-29 05:25:00,4821.3,0.603,蓝色,加强监视：关注上游液位与雨量变化趋势,120
2026-08-29 05:30:00,4885.5,0.611,蓝色,加强监视：关注上游液位与雨量变化趋势,120
2026-08-29 05:35:00,4946.0,0.618,蓝色,加强监视：关注上游液位与雨量变化趋势,120
2026-08-29 05:40:00,4985.0,0.623,蓝色,加强监视：关注上游液位与雨量变化趋势,120
2026-08-29 05:45:00,4997.8,0.625,蓝色,加强监视：关注上游液位与雨量变化趋势,120
2026-08-29 05:50:00,5086.9,0.636,蓝色,加强监视：关注上游液位与雨量变化趋势,120
2026-08-29 05:55:00,5064.3,0.633,蓝色,加强监视：关注上游液位与雨量变化趋势,120
2026-08-29 06:00:00,5084.1,0.636,蓝色,加强监视：关注上游液位与雨量变化趋势,120
2026-08-29 06:05:00,5203.7,0.65,蓝色,加强监视：关注上游液位与雨量变化趋势,120
2026-08-29 06:10:00,5183.1,0.648,蓝色,加强监视：关注上游液位与雨量变化趋势,120
2026-08-29 06:15:00,5247.1,0.656,蓝色,加强监视：关注上游液位与雨量变化趋势,120
2026-08-29 06:20:00,5198.8,0.65,蓝色,加强监视：关注上游液位与雨量变化趋势,120
2026-08-29 06:25:00,5261.4,0.658,蓝色,加强监视：关注上游液位与雨量变化趋势,120
2026-08-29 06:30:00,5311.9,0.664,蓝色,加强监视：关注上游液位与雨量变化趋势,120
2026-08-29 06:35:00,5309.0,0.664,蓝色,加强监视：关注上游液位与雨量变化趋势,120
2026-08-29 06:40:00,5273.6,0.659,蓝色,加强监视：关注上游液位与雨量变化趋势,120
2026-08-29 06:45:00,5410.8,0.676,蓝色,加强监视：关注上游液位与雨量变化趋势,120
2026-08-29 06:50:00,5252.5,0.657,蓝色,加强监视：关注上游液位与雨量变化趋势,120
2026-08-29 06:55:00,5329.8,0.666,蓝色,加强监视：关注上游液位与雨量变化趋势,120
2026-08-29 07:00:00,5341.7,0.668,蓝色,加强监视：关注上游液位与雨量变化趋势,120
2026-08-29 07:05:00,5230.5,0.654,蓝色,加强监视：关注上游液位与雨量变化趋势,120
2026-08-29 07:10:00,5282.4,0.66,蓝色,加强监视：关注上游液位与雨量变化趋势,120
2026-08-29 07:15:00,5271.1,0.659,蓝色,加强监视：关注上游液位与雨量变化趋势,120
2026-08-29 07:20:00,5429.9,0.679,蓝色,加强监视：关注上游液位与雨量变化趋势,120
2026-08-29 07:25:00,5320.5,0.665,蓝色,加强监视：关注上游液位与雨量变化趋势,120
2026-08-29 07:30:00,5299.3,0.662,蓝色,加强监视：关注上游液位与雨量变化趋势,120
2026-08-29 07:35:00,5242.7,0.655,蓝色,加强监视：关注上游液位与雨量变化趋势,120
2026-08-29 07:40:00,5210.9,0.651,蓝色,加强监视：关注上游液位与雨量变化趋势,120
2026-08-29 07:45:00,5186.7,0.648,蓝色,加强监视：关注上游液位与雨量变化趋势,120
2026-08-29 07:50:00,5239.4,0.655,蓝色,加强监视：关注上游液位与雨量变化趋势,120
2026-08-29 07:55:00,5292.3,0.662,蓝色,加强监视：关注上游液位与雨量变化趋势,120
2026-08-29 08:00:00,5058.3,0.632,蓝色,加强监视：关注上游液位与雨量变化趋势,120
2026-08-29 08:05:00,5119.3,0.64,蓝色,加强监视：关注上游液位与雨量变化趋势,120
2026-08-29 08:10:00,5149.9,0.644,蓝色,加强监视：关注上游液位与雨量变化趋势,120
2026-08-29 08:15:00,5090.1,0.636,蓝色,加强监视：关注上游液位与雨量变化趋势,120
2026-08-29 08:20:00,5057.5,0.632,蓝色,加强监视：关注上游液位与雨量变化趋势,120
2026-08-29 08:25:00,4934.2,0.617,蓝色,加强监视：关注上游液位与雨量变化趋势,120
2026-08-29 08:30:00,4967.1,0.621,蓝色,加强监视：关注上游液位与雨量变化趋势,120
2026-08-29 08:35:00,4917.3,0.615,蓝色,加强监视：关注上游液位与雨量变化趋势,120
2026-08-29 08:40:00,4901.2,0.613,蓝色,加强监视：关注上游液位与雨量变化趋势,120
2026-08-29 08:45:00,4935.0,0.617,蓝色,加强监视：关注上游液位与雨量变化趋势,120
2026-08-29 08:50:00,4778.6,0.597,正常,常规运行,120
2026-08-29 08:55:00,4887.5,0.611,蓝色,加强监视：关注上游液位与雨量变化趋势,120
2026-08-29 09:00:00,4712.0,0.589,正常,常规运行,120
2026-08-29 09:05:00,4691.6,0.586,正常,常规运行,120
2026-08-29 09:10:00,4636.7,0.58,正常,常规运行,120
2026-08-29 09:15:00,4698.7,0.587,正常,常规运行,120
2026-08-29 09:20:00,4616.5,0.577,正常,常规运行,120
2026-08-29 09:25:00,4527.9,0.566,正常,常规运行,120
2026-08-29 09:30:00,4530.7,0.566,正常,常规运行,120
2026-08-29 09:35:00,4530.5,0.566,正常,常规运行,120
2026-08-29 09:40:00,4502.0,0.563,正常,常规运行,120
2026-08-29 09:45:00,4505.1,0.563,正常,常规运行,120
2026-08-29 09:50:00,4434.4,0.554,正常,常规运行,120
2026-08-29 09:55:00,4391.2,0.549,正常,常规运行,120
2026-08-29 10:00:00,4352.2,0.544,正常,常规运行,120
2026-08-29 10:05:00,4333.4,0.542,正常,常规运行,120
2026-08-29 10:10:00,4340.7,0.543,正常,常规运行,120
2026-08-29 10:15:00,4417.0,0.552,正常,常规运行,120
2026-08-29 10:20:00,4221.4,0.528,正常,常规运行,120
2026-08-29 10:25:00,4191.1,0.524,正常,常规运行,120
2026-08-29 10:30:00,4120.8,0.515,正常,常规运行,120
2026-08-29 10:35:00,4220.5,0.528,正常,常规运行,120
2026-08-29 10:40:00,4205.7,0.526,正常,常规运行,120
2026-08-29 10:45:00,4172.4,0.522,正常,常规运行,120
2026-08-29 10:50:00,4165.7,0.521,正常,常规运行,120
2026-08-29 10:55:00,4188.5,0.524,正常,常规运行,120
2026-08-29 11:00:00,4038.0,0.505,正常,常规运行,120
2026-08-29 11:05:00,4170.0,0.521,正常,常规运行,120
2026-08-29 11:10:00,4151.4,0.519,正常,常规运行,120
2026-08-29 11:15:00,4071.3,0.509,正常,常规运行,120
2026-08-29 11:20:00,4037.9,0.505,正常,常规运行,120
2026-08-29 11:25:00,4126.1,0.516,正常,常规运行,120
2026-08-29 11:30:00,4029.3,0.504,正常,常规运行,120
2026-08-29 11:35:00,4120.0,0.515,正常,常规运行,120
2026-08-29 11:40:00,4067.4,0.508,正常,常规运行,120
2026-08-29 11:45:00,4032.2,0.504,正常,常规运行,120
2026-08-29 11:50:00,4014.4,0.502,正常,常规运行,120
2026-08-29 11:55:00,4043.4,0.505,正常,常规运行,120
2026-08-29 12:00:00,4100.3,0.513,正常,常规运行,120
2026-08-29 12:05:00,4073.4,0.509,正常,常规运行,120
2026-08-29 12:10:00,4037.8,0.505,正常,常规运行,120
2026-08-29 12:15:00,4034.3,0.504,正常,常规运行,120
2026-08-29 12:20:00,4001.0,0.5,正常,常规运行,120
2026-08-29 12:25:00,4126.9,0.516,正常,常规运行,120
2026-08-29 12:30:00,4066.9,0.508,正常,常规运行,120
2026-08-29 12:35:00,4045.3,0.506,正常,常规运行,120
2026-08-29 12:40:00,4057.8,0.507,正常,常规运行,120
2026-08-29 12:45:00,4035.3,0.504,正常,常规运行,120
2026-08-29 12:50:00,4067.5,0.508,正常,常规运行,120
2026-08-29 12:55:00,4066.8,0.508,正常,常规运行,120
2026-08-29 13:00:00,4127.8,0.516,正常,常规运行,120
2026-08-29 13:05:00,4059.1,0.507,正常,常规运行,120
2026-08-29 13:10:00,4159.3,0.52,正常,常规运行,120
2026-08-29 13:15:00,4173.0,0.522,正常,常规运行,120
2026-08-29 13:20:00,4049.3,0.506,正常,常规运行,120
2026-08-29 13:25:00,4090.8,0.511,正常,常规运行,120
2026-08-29 13:30:00,4113.6,0.514,正常,常规运行,120
2026-08-29 13:35:00,4189.2,0.524,正常,常规运行,120
2026-08-29 13:40:00,4108.7,0.514,正常,常规运行,120
2026-08-29 13:45:00,4223.4,0.528,正常,常规运行,120
2026-08-29 13:50:00,4108.1,0.514,正常,常规运行,120
2026-08-29 13:55:00,4299.0,0.537,正常,常规运行,120
2026-08-29 14:00:00,4250.8,0.531,正常,常规运行,120
2026-08-29 14:05:00,4275.3,0.534,正常,常规运行,120
2026-08-29 14:10:00,4203.5,0.525,正常,常规运行,120
2026-08-29 14:15:00,4243.8,0.53,正常,常规运行,120
2026-08-29 14:20:00,4258.7,0.532,正常,常规运行,120
2026-08-29 14:25:00,4113.6,0.514,正常,常规运行,120
2026-08-29 14:30:00,4185.0,0.523,正常,常规运行,120
2026-08-29 14:35:00,4288.0,0.536,正常,常规运行,120
2026-08-29 14:40:00,4318.8,0.54,正常,常规运行,120
2026-08-29 14:45:00,4152.8,0.519,正常,常规运行,120
2026-08-29 14:50:00,4315.9,0.539,正常,常规运行,120
2026-08-29 14:55:00,4338.7,0.542,正常,常规运行,120
2026-08-29 15:00:00,4451.6,0.556,正常,常规运行,120
2026-08-29 15:05:00,4382.1,0.548,正常,常规运行,120
2026-08-29 15:10:00,4337.2,0.542,正常,常规运行,120
2026-08-29 15:15:00,4461.6,0.558,正常,常规运行,120
2026-08-29 15:20:00,4495.3,0.562,正常,常规运行,120
2026-08-29 15:25:00,4536.6,0.567,正常,常规运行,120
2026-08-29 15:30:00,4536.0,0.567,正常,常规运行,120
2026-08-29 15:35:00,4594.1,0.574,正常,常规运行,120
2026-08-29 15:40:00,4696.6,0.587,正常,常规运行,120
2026-08-29 15:45:00,4650.4,0.581,正常,常规运行,120
2026-08-29 15:50:00,4689.1,0.586,正常,常规运行,120
2026-08-29 15:55:00,4641.5,0.58,正常,常规运行,120
2026-08-29 16:00:00,4729.1,0.591,正常,常规运行,120
2026-08-29 16:05:00,4703.0,0.588,正常,常规运行,120
2026-08-29 16:10:00,4962.2,0.62,蓝色,加强监视：关注上游液位与雨量变化趋势,120
2026-08-29 16:15:00,4735.8,0.592,正常,常规运行,120
2026-08-29 16:20:00,4809.5,0.601,蓝色,加强监视：关注上游液位与雨量变化趋势,120
2026-08-29 16:25:00,4818.3,0.602,蓝色,加强监视：关注上游液位与雨量变化趋势,120
2026-08-29 16:30:00,4826.0,0.603,蓝色,加强监视：关注上游液位与雨量变化趋势,120
2026-08-29 16:35:00,4898.4,0.612,蓝色,加强监视：关注上游液位与雨量变化趋势,120
2026-08-29 16:40:00,4943.2,0.618,蓝色,加强监视：关注上游液位与雨量变化趋势,120
2026-08-29 16:45:00,4927.9,0.616,蓝色,加强监视：关注上游液位与雨量变化趋势,120
2026-08-29 16:50:00,4957.9,0.62,蓝色,加强监视：关注上游液位与雨量变化趋势,120
2026-08-29 16:55:00,4958.9,0.62,蓝色,加强监视：关注上游液位与雨量变化趋势,120
2026-08-29 17:00:00,5049.7,0.631,蓝色,加强监视：关注上游液位与雨量变化趋势,120
2026-08-29 17:05:00,5004.8,0.626,蓝色,加强监视：关注上游液位与雨量变化趋势,120
2026-08-29 17:10:00,5084.8,0.636,蓝色,加强监视：关注上游液位与雨量变化趋势,120
2026-08-29 17:15:00,4994.0,0.624,蓝色,加强监视：关注上游液位与雨量变化趋势,120
2026-08-29 17:20:00,5100.9,0.638,蓝色,加强监视：关注上游液位与雨量变化趋势,120
2026-08-29 17:25:00,5065.1,0.633,蓝色,加强监视：关注上游液位与雨量变化趋势,120
2026-08-29 17:30:00,5150.3,0.644,蓝色,加强监视：关注上游液位与雨量变化趋势,120
2026-08-29 17:35:00,5134.4,0.642,蓝色,加强监视：关注上游液位与雨量变化趋势,120
2026-08-29 17:40:00,5091.7,0.636,蓝色,加强监视：关注上游液位与雨量变化趋势,120
2026-08-29 17:45:00,5143.0,0.643,蓝色,加强监视：关注上游液位与雨量变化趋势,120
2026-08-29 17:50:00,5146.4,0.643,蓝色,加强监视：关注上游液位与雨量变化趋势,120
2026-08-29 17:55:00,5100.4,0.638,蓝色,加强监视：关注上游液位与雨量变化趋势,120
2026-08-29 18:00:00,5186.9,0.648,蓝色,加强监视：关注上游液位与雨量变化趋势,120
2026-08-29 18:05:00,5159.4,0.645,蓝色,加强监视：关注上游液位与雨量变化趋势,120
2026-08-29 18:10:00,5087.1,0.636,蓝色,加强监视：关注上游液位与雨量变化趋势,120
2026-08-29 18:15:00,5103.9,0.638,蓝色,加强监视：关注上游液位与雨量变化趋势,120
2026-08-29 18:20:00,5125.3,0.641,蓝色,加强监视：关注上游液位与雨量变化趋势,120
2026-08-29 18:25:00,5083.6,0.635,蓝色,加强监视：关注上游液位与雨量变化趋势,120
2026-08-29 18:30:00,5074.9,0.634,蓝色,加强监视：关注上游液位与雨量变化趋势,120
2026-08-29 18:35:00,4985.6,0.623,蓝色,加强监视：关注上游液位与雨量变化趋势,120
2026-08-29 18:40:00,4977.1,0.622,蓝色,加强监视：关注上游液位与雨量变化趋势,120
2026-08-29 18:45:00,5001.3,0.625,蓝色,加强监视：关注上游液位与雨量变化趋势,120
2026-08-29 18:50:00,4952.2,0.619,蓝色,加强监视：关注上游液位与雨量变化趋势,120
2026-08-29 18:55:00,4972.0,0.622,蓝色,加强监视：关注上游液位与雨量变化趋势,120
2026-08-29 19:00:00,5005.2,0.626,蓝色,加强监视：关注上游液位与雨量变化趋势,120
2026-08-29 19:05:00,4968.0,0.621,蓝色,加强监视：关注上游液位与雨量变化趋势,120
2026-08-29 19:10:00,4902.1,0.613,蓝色,加强监视：关注上游液位与雨量变化趋势,120
2026-08-29 19:15:00,4978.8,0.622,蓝色,加强监视：关注上游液位与雨量变化趋势,120
2026-08-29 19:20:00,4911.4,0.614,蓝色,加强监视：关注上游液位与雨量变化趋势,120
2026-08-29 19:25:00,4925.3,0.616,蓝色,加强监视：关注上游液位与雨量变化趋势,120
2026-08-29 19:30:00,4850.6,0.606,蓝色,加强监视：关注上游液位与雨量变化趋势,120
2026-08-29 19:35:00,4759.2,0.595,正常,常规运行,120
2026-08-29 19:40:00,4692.3,0.587,正常,常规运行,120
2026-08-29 19:45:00,5021.3,0.628,蓝色,加强监视：关注上游液位与雨量变化趋势,120
2026-08-29 19:50:00,4758.4,0.595,正常,常规运行,120
2026-08-29 19:55:00,4657.6,0.582,正常,常规运行,120
2026-08-29 20:00:00,4722.0,0.59,正常,常规运行,120
2026-08-29 20:05:00,4650.8,0.581,正常,常规运行,120
2026-08-29 20:10:00,4600.6,0.575,正常,常规运行,120
2026-08-29 20:15:00,4646.1,0.581,正常,常规运行,120
2026-08-29 20:20:00,4564.2,0.571,正常,常规运行,120
2026-08-29 20:25:00,4528.2,0.566,正常,常规运行,120
2026-08-29 20:30:00,4496.3,0.562,正常,常规运行,120
2026-08-29 20:35:00,4548.3,0.569,正常,常规运行,120
2026-08-29 20:40:00,4536.0,0.567,正常,常规运行,120
2026-08-29 20:45:00,4437.2,0.555,正常,常规运行,120
2026-08-29 20:50:00,4470.5,0.559,正常,常规运行,120
2026-08-29 20:55:00,4391.0,0.549,正常,常规运行,120
2026-08-29 21:00:00,4391.0,0.549,正常,常规运行,120
2026-08-29 21:05:00,4416.8,0.552,正常,常规运行,120
2026-08-29 21:10:00,4345.1,0.543,正常,常规运行,120
2026-08-29 21:15:00,4336.6,0.542,正常,常规运行,120
2026-08-29 21:20:00,4350.2,0.544,正常,常规运行,120
2026-08-29 21:25:00,4307.2,0.538,正常,常规运行,120
2026-08-29 21:30:00,4240.8,0.53,正常,常规运行,120
2026-08-29 21:35:00,4273.4,0.534,正常,常规运行,120
2026-08-29 21:40:00,4193.6,0.524,正常,常规运行,120
2026-08-29 21:45:00,4255.0,0.532,正常,常规运行,120
2026-08-29 21:50:00,4080.3,0.51,正常,常规运行,120
2026-08-29 21:55:00,4152.8,0.519,正常,常规运行,120
2026-08-29 22:00:00,3909.4,0.489,正常,常规运行,120
2026-08-29 22:05:00,3826.6,0.478,正常,常规运行,120
2026-08-29 22:10:00,3723.9,0.465,正常,常规运行,120
2026-08-29 22:15:00,3710.8,0.464,正常,常规运行,120
2026-08-29 22:20:00,3630.7,0.454,正常,常规运行,120
2026-08-29 22:25:00,3617.6,0.452,正常,常规运行,120
2026-08-29 22:30:00,3591.3,0.449,正常,常规运行,120
2026-08-29 22:35:00,3572.8,0.447,正常,常规运行,120
2026-08-29 22:40:00,3513.6,0.439,正常,常规运行,120
2026-08-29 22:45:00,3549.0,0.444,正常,常规运行,120
2026-08-29 22:50:00,3434.7,0.429,正常,常规运行,120
2026-08-29 22:55:00,3445.2,0.431,正常,常规运行,120
2026-08-29 23:00:00,3442.6,0.43,正常,常规运行,120
2026-08-29 23:05:00,3446.9,0.431,正常,常规运行,120
2026-08-29 23:10:00,3409.6,0.426,正常,常规运行,120
2026-08-29 23:15:00,3319.1,0.415,正常,常规运行,120
2026-08-29 23:20:00,3269.9,0.409,正常,常规运行,120
2026-08-29 23:25:00,3236.5,0.405,正常,常规运行,120
2026-08-29 23:30:00,3183.4,0.398,正常,常规运行,120
2026-08-29 23:35:00,3227.7,0.403,正常,常规运行,120
2026-08-29 23:40:00,3172.3,0.397,正常,常规运行,120
2026-08-29 23:45:00,3149.7,0.394,正常,常规运行,120
2026-08-29 23:50:00,3047.7,0.381,正常,常规运行,120
2026-08-29 23:55:00,3042.4,0.38,正常,常规运行,120
2026-08-30 00:00:00,2995.9,0.374,正常,常规运行,120
2026-08-30 00:05:00,2934.0,0.367,正常,常规运行,120
2026-08-30 00:10:00,2934.0,0.367,正常,常规运行,120
2026-08-30 00:15:00,2857.7,0.357,正常,常规运行,120
2026-08-30 00:20:00,2761.7,0.345,正常,常规运行,120
2026-08-30 00:25:00,2777.7,0.347,正常,常规运行,120
2026-08-30 00:30:00,2742.2,0.343,正常,常规运行,120
2026-08-30 00:35:00,2756.2,0.345,正常,常规运行,120
2026-08-30 00:40:00,2725.5,0.341,正常,常规运行,120
2026-08-30 00:45:00,2700.3,0.338,正常,常规运行,120
2026-08-30 00:50:00,2690.7,0.336,正常,常规运行,120
2026-08-30 00:55:00,2695.9,0.337,正常,常规运行,120
2026-08-30 01:00:00,2671.8,0.334,正常,常规运行,120
2026-08-30 01:05:00,2663.4,0.333,正常,常规运行,120
2026-08-30 01:10:00,2682.8,0.335,正常,常规运行,120
2026-08-30 01:15:00,2669.1,0.334,正常,常规运行,120
2026-08-30 01:20:00,2649.5,0.331,正常,常规运行,120
2026-08-30 01:25:00,2671.3,0.334,正常,常规运行,120
2026-08-30 01:30:00,2668.1,0.334,正常,常规运行,120
2026-08-30 01:35:00,2651.8,0.331,正常,常规运行,120
2026-08-30 01:40:00,2683.1,0.335,正常,常规运行,120
2026-08-30 01:45:00,2695.9,0.337,正常,常规运行,120
2026-08-30 01:50:00,2652.9,0.332,正常,常规运行,120
2026-08-30 01:55:00,2755.2,0.344,正常,常规运行,120
2026-08-30 02:00:00,2710.4,0.339,正常,常规运行,120
2026-08-30 02:05:00,2733.6,0.342,正常,常规运行,120
2026-08-30 02:10:00,2718.9,0.34,正常,常规运行,120
2026-08-30 02:15:00,2818.9,0.352,正常,常规运行,120
2026-08-30 02:20:00,2832.2,0.354,正常,常规运行,120
2026-08-30 02:25:00,2830.5,0.354,正常,常规运行,120
2026-08-30 02:30:00,2865.9,0.358,正常,常规运行,120
2026-08-30 02:35:00,2979.0,0.372,正常,常规运行,120
2026-08-30 02:40:00,2974.5,0.372,正常,常规运行,120
2026-08-30 02:45:00,2991.1,0.374,正常,常规运行,120
2026-08-30 02:50:00,3067.0,0.383,正常,常规运行,120
2026-08-30 02:55:00,3219.9,0.402,正常,常规运行,120
2026-08-30 03:00:00,3190.4,0.399,正常,常规运行,120
2026-08-30 03:05:00,3243.7,0.405,正常,常规运行,120
2026-08-30 03:10:00,3288.4,0.411,正常,常规运行,120
2026-08-30 03:15:00,3358.7,0.42,正常,常规运行,120
2026-08-30 03:20:00,3328.2,0.416,正常,常规运行,120
2026-08-30 03:25:00,3411.2,0.426,正常,常规运行,120
2026-08-30 03:30:00,3415.4,0.427,正常,常规运行,120
2026-08-30 03:35:00,3650.9,0.456,正常,常规运行,120
2026-08-30 03:40:00,3787.5,0.473,正常,常规运行,120
2026-08-30 03:45:00,3810.1,0.476,正常,常规运行,120
2026-08-30 03:50:00,3796.4,0.475,正常,常规运行,120
2026-08-30 03:55:00,3883.9,0.485,正常,常规运行,120
2026-08-30 04:00:00,3867.3,0.483,正常,常规运行,120
2026-08-30 04:05:00,3992.2,0.499,正常,常规运行,120
2026-08-30 04:10:00,4053.3,0.507,正常,常规运行,120
2026-08-30 04:15:00,4140.9,0.518,正常,常规运行,120
2026-08-30 04:20:00,4201.2,0.525,正常,常规运行,120
2026-08-30 04:25:00,4278.9,0.535,正常,常规运行,120
2026-08-30 04:30:00,4261.9,0.533,正常,常规运行,120
2026-08-30 04:35:00,4337.2,0.542,正常,常规运行,120
2026-08-30 04:40:00,4424.9,0.553,正常,常规运行,120
2026-08-30 04:45:00,4423.4,0.553,正常,常规运行,120
2026-08-30 04:50:00,4451.2,0.556,正常,常规运行,120
2026-08-30 04:55:00,4455.2,0.557,正常,常规运行,120
2026-08-30 05:00:00,4538.2,0.567,正常,常规运行,120
2026-08-30 05:05:00,4542.7,0.568,正常,常规运行,120
2026-08-30 05:10:00,4730.0,0.591,正常,常规运行,120
2026-08-30 05:15:00,4844.4,0.606,蓝色,加强监视：关注上游液位与雨量变化趋势,120
2026-08-30 05:20:00,4764.4,0.596,正常,常规运行,120
2026-08-30 05:25:00,4679.8,0.585,正常,常规运行,120
2026-08-30 05:30:00,4884.9,0.611,蓝色,加强监视：关注上游液位与雨量变化趋势,120
2026-08-30 05:35:00,4845.2,0.606,蓝色,加强监视：关注上游液位与雨量变化趋势,120
2026-08-30 05:40:00,4946.4,0.618,蓝色,加强监视：关注上游液位与雨量变化趋势,120
2026-08-30 05:45:00,4900.8,0.613,蓝色,加强监视：关注上游液位与雨量变化趋势,120
2026-08-30 05:50:00,5000.4,0.625,蓝色,加强监视：关注上游液位与雨量变化趋势,120
2026-08-30 05:55:00,4973.9,0.622,蓝色,加强监视：关注上游液位与雨量变化趋势,120
2026-08-30 06:00:00,4996.0,0.624,蓝色,加强监视：关注上游液位与雨量变化趋势,120
2026-08-30 06:05:00,5079.7,0.635,蓝色,加强监视：关注上游液位与雨量变化趋势,120
2026-08-30 06:10:00,5223.4,0.653,蓝色,加强监视：关注上游液位与雨量变化趋势,120
2026-08-30 06:15:00,5049.1,0.631,蓝色,加强监视：关注上游液位与雨量变化趋势,120
2026-08-30 06:20:00,5129.7,0.641,蓝色,加强监视：关注上游液位与雨量变化趋势,120
2026-08-30 06:25:00,5237.2,0.655,蓝色,加强监视：关注上游液位与雨量变化趋势,120
2026-08-30 06:30:00,5276.4,0.66,蓝色,加强监视：关注上游液位与雨量变化趋势,120
2026-08-30 06:35:00,5231.3,0.654,蓝色,加强监视：关注上游液位与雨量变化趋势,120
2026-08-30 06:40:00,5272.3,0.659,蓝色,加强监视：关注上游液位与雨量变化趋势,120
2026-08-30 06:45:00,5275.0,0.659,蓝色,加强监视：关注上游液位与雨量变化趋势,120
2026-08-30 06:50:00,5225.6,0.653,蓝色,加强监视：关注上游液位与雨量变化趋势,120
2026-08-30 06:55:00,5319.0,0.665,蓝色,加强监视：关注上游液位与雨量变化趋势,120
2026-08-30 07:00:00,5406.8,0.676,蓝色,加强监视：关注上游液位与雨量变化趋势,120
2026-08-30 07:05:00,5270.5,0.659,蓝色,加强监视：关注上游液位与雨量变化趋势,120
2026-08-30 07:10:00,5277.6,0.66,蓝色,加强监视：关注上游液位与雨量变化趋势,120
2026-08-30 07:15:00,5378.3,0.672,蓝色,加强监视：关注上游液位与雨量变化趋势,120
2026-08-30 07:20:00,5293.9,0.662,蓝色,加强监视：关注上游液位与雨量变化趋势,120
2026-08-30 07:25:00,5319.2,0.665,蓝色,加强监视：关注上游液位与雨量变化趋势,120
2026-08-30 07:30:00,5212.7,0.652,蓝色,加强监视：关注上游液位与雨量变化趋势,120
2026-08-30 07:35:00,5289.3,0.661,蓝色,加强监视：关注上游液位与雨量变化趋势,120
2026-08-30 07:40:00,5208.3,0.651,蓝色,加强监视：关注上游液位与雨量变化趋势,120
2026-08-30 07:45:00,5284.4,0.661,蓝色,加强监视：关注上游液位与雨量变化趋势,120
2026-08-30 07:50:00,5157.9,0.645,蓝色,加强监视：关注上游液位与雨量变化趋势,120
2026-08-30 07:55:00,5236.2,0.655,蓝色,加强监视：关注上游液位与雨量变化趋势,120
2026-08-30 08:00:00,5203.8,0.65,蓝色,加强监视：关注上游液位与雨量变化趋势,120
2026-08-30 08:05:00,5057.9,0.632,蓝色,加强监视：关注上游液位与雨量变化趋势,120
2026-08-30 08:10:00,5070.3,0.634,蓝色,加强监视：关注上游液位与雨量变化趋势,120
2026-08-30 08:15:00,5038.3,0.63,蓝色,加强监视：关注上游液位与雨量变化趋势,120
2026-08-30 08:20:00,4992.1,0.624,蓝色,加强监视：关注上游液位与雨量变化趋势,120
2026-08-30 08:25:00,4928.7,0.616,蓝色,加强监视：关注上游液位与雨量变化趋势,120
2026-08-30 08:30:00,5066.0,0.633,蓝色,加强监视：关注上游液位与雨量变化趋势,120
2026-08-30 08:35:00,4990.6,0.624,蓝色,加强监视：关注上游液位与雨量变化趋势,120
2026-08-30 08:40:00,4848.0,0.606,蓝色,加强监视：关注上游液位与雨量变化趋势,120
2026-08-30 08:45:00,4936.3,0.617,蓝色,加强监视：关注上游液位与雨量变化趋势,120
2026-08-30 08:50:00,4866.7,0.608,蓝色,加强监视：关注上游液位与雨量变化趋势,120
2026-08-30 08:55:00,4870.9,0.609,蓝色,加强监视：关注上游液位与雨量变化趋势,120
2026-08-30 09:00:00,4737.8,0.592,正常,常规运行,120
2026-08-30 09:05:00,4661.6,0.583,正常,常规运行,120
2026-08-30 09:10:00,4667.1,0.583,正常,常规运行,120
2026-08-30 09:15:00,4730.0,0.591,正常,常规运行,120
2026-08-30 09:20:00,4657.5,0.582,正常,常规运行,120
2026-08-30 09:25:00,4603.6,0.575,正常,常规运行,120
2026-08-30 09:30:00,4601.3,0.575,正常,常规运行,120
2026-08-30 09:35:00,4669.8,0.584,正常,常规运行,120
2026-08-30 09:40:00,4503.8,0.563,正常,常规运行,120
2026-08-30 09:45:00,4477.4,0.56,正常,常规运行,120
2026-08-30 09:50:00,4502.9,0.563,正常,常规运行,120
2026-08-30 09:55:00,4435.1,0.554,正常,常规运行,120
2026-08-30 10:00:00,4437.0,0.555,正常,常规运行,120
2026-08-30 10:05:00,4341.9,0.543,正常,常规运行,120
2026-08-30 10:10:00,4411.8,0.551,正常,常规运行,120
2026-08-30 10:15:00,4281.4,0.535,正常,常规运行,120
2026-08-30 10:20:00,4275.0,0.534,正常,常规运行,120
2026-08-30 10:25:00,4234.7,0.529,正常,常规运行,120
2026-08-30 10:30:00,4278.7,0.535,正常,常规运行,120
2026-08-30 10:35:00,4226.0,0.528,正常,常规运行,120
2026-08-30 10:40:00,4150.3,0.519,正常,常规运行,120
2026-08-30 10:45:00,4175.0,0.522,正常,常规运行,120
2026-08-30 10:50:00,4209.7,0.526,正常,常规运行,120
2026-08-30 10:55:00,4143.7,0.518,正常,常规运行,120
2026-08-30 11:00:00,4194.8,0.524,正常,常规运行,120
2026-08-30 11:05:00,4040.3,0.505,正常,常规运行,120
2026-08-30 11:10:00,4199.6,0.525,正常,常规运行,120
2026-08-30 11:15:00,4081.4,0.51,正常,常规运行,120
2026-08-30 11:20:00,4117.9,0.515,正常,常规运行,120
2026-08-30 11:25:00,4016.2,0.502,正常,常规运行,120
2026-08-30 11:30:00,4205.2,0.526,正常,常规运行,120
2026-08-30 11:35:00,4023.4,0.503,正常,常规运行,120
2026-08-30 11:40:00,4034.0,0.504,正常,常规运行,120
2026-08-30 11:45:00,4094.1,0.512,正常,常规运行,120
2026-08-30 11:50:00,3956.7,0.495,正常,常规运行,120
2026-08-30 11:55:00,4003.6,0.5,正常,常规运行,120
2026-08-30 12:00:00,4020.0,0.503,正常,常规运行,120
2026-08-30 12:05:00,4025.1,0.503,正常,常规运行,120
2026-08-30 12:10:00,3970.6,0.496,正常,常规运行,120
2026-08-30 12:15:00,4077.5,0.51,正常,常规运行,120
2026-08-30 12:20:00,4050.0,0.506,正常,常规运行,120
2026-08-30 12:25:00,4051.6,0.506,正常,常规运行,120
2026-08-30 12:30:00,3985.7,0.498,正常,常规运行,120
2026-08-30 12:35:00,4047.3,0.506,正常,常规运行,120
2026-08-30 12:40:00,4072.9,0.509,正常,常规运行,120
2026-08-30 12:45:00,4036.8,0.505,正常,常规运行,120
2026-08-30 12:50:00,4032.2,0.504,正常,常规运行,120
2026-08-30 12:55:00,3998.4,0.5,正常,常规运行,120
2026-08-30 13:00:00,4078.8,0.51,正常,常规运行,120
2026-08-30 13:05:00,4105.2,0.513,正常,常规运行,120
2026-08-30 13:10:00,4027.4,0.503,正常,常规运行,120
2026-08-30 13:15:00,4095.3,0.512,正常,常规运行,120
2026-08-30 13:20:00,4036.8,0.505,正常,常规运行,120
2026-08-30 13:25:00,4061.5,0.508,正常,常规运行,120
2026-08-30 13:30:00,4047.1,0.506,正常,常规运行,120
2026-08-30 13:35:00,4192.0,0.524,正常,常规运行,120
2026-08-30 13:40:00,4142.3,0.518,正常,常规运行,120
2026-08-30 13:45:00,4201.6,0.525,正常,常规运行,120
2026-08-30 13:50:00,4154.8,0.519,正常,常规运行,120
2026-08-30 13:55:00,4232.2,0.529,正常,常规运行,120
2026-08-30 14:00:00,4104.9,0.513,正常,常规运行,120
2026-08-30 14:05:00,4240.5,0.53,正常,常规运行,120
2026-08-30 14:10:00,4204.9,0.526,正常,常规运行,120
2026-08-30 14:15:00,4275.8,0.534,正常,常规运行,120
2026-08-30 14:20:00,4321.4,0.54,正常,常规运行,120
2026-08-30 14:25:00,4286.6,0.536,正常,常规运行,120
2026-08-30 14:30:00,4260.3,0.533,正常,常规运行,120
2026-08-30 14:35:00,4320.7,0.54,正常,常规运行,120
2026-08-30 14:40:00,4325.5,0.541,正常,常规运行,120
2026-08-30 14:45:00,4381.2,0.548,正常,常规运行,120
2026-08-30 14:50:00,4361.1,0.545,正常,常规运行,120
2026-08-30 14:55:00,4370.2,0.546,正常,常规运行,120
2026-08-30 15:00:00,4377.1,0.547,正常,常规运行,120
2026-08-30 15:05:00,4430.8,0.554,正常,常规运行,120
2026-08-30 15:10:00,4561.0,0.57,正常,常规运行,120
2026-08-30 15:15:00,4538.6,0.567,正常,常规运行,120
2026-08-30 15:20:00,4526.4,0.566,正常,常规运行,120
2026-08-30 15:25:00,4516.6,0.565,正常,常规运行,120
2026-08-30 15:30:00,4557.8,0.57,正常,常规运行,120
2026-08-30 15:35:00,4566.5,0.571,正常,常规运行,120
2026-08-30 15:40:00,4570.0,0.571,正常,常规运行,120
2026-08-30 15:45:00,4603.4,0.575,正常,常规运行,120
2026-08-30 15:50:00,4670.4,0.584,正常,常规运行,120
2026-08-30 15:55:00,4652.1,0.582,正常,常规运行,120
2026-08-30 16:00:00,4754.6,0.594,正常,常规运行,120
2026-08-30 16:05:00,4827.7,0.603,蓝色,加强监视：关注上游液位与雨量变化趋势,120
2026-08-30 16:10:00,4896.2,0.612,蓝色,加强监视：关注上游液位与雨量变化趋势,120
2026-08-30 16:15:00,4911.3,0.614,蓝色,加强监视：关注上游液位与雨量变化趋势,120
2026-08-30 16:20:00,4928.2,0.616,蓝色,加强监视：关注上游液位与雨量变化趋势,120
2026-08-30 16:25:00,4922.6,0.615,蓝色,加强监视：关注上游液位与雨量变化趋势,120
2026-08-30 16:30:00,4875.1,0.609,蓝色,加强监视：关注上游液位与雨量变化趋势,120
2026-08-30 16:35:00,4924.3,0.616,蓝色,加强监视：关注上游液位与雨量变化趋势,120
2026-08-30 16:40:00,4927.6,0.616,蓝色,加强监视：关注上游液位与雨量变化趋势,120
2026-08-30 16:45:00,5018.6,0.627,蓝色,加强监视：关注上游液位与雨量变化趋势,120
2026-08-30 16:50:00,4906.8,0.613,蓝色,加强监视：关注上游液位与雨量变化趋势,120
2026-08-30 16:55:00,4970.0,0.621,蓝色,加强监视：关注上游液位与雨量变化趋势,120
2026-08-30 17:00:00,4947.5,0.618,蓝色,加强监视：关注上游液位与雨量变化趋势,120
2026-08-30 17:05:00,5079.5,0.635,蓝色,加强监视：关注上游液位与雨量变化趋势,120
2026-08-30 17:10:00,4995.9,0.624,蓝色,加强监视：关注上游液位与雨量变化趋势,120
2026-08-30 17:15:00,4974.9,0.622,蓝色,加强监视：关注上游液位与雨量变化趋势,120
2026-08-30 17:20:00,5010.4,0.626,蓝色,加强监视：关注上游液位与雨量变化趋势,120
2026-08-30 17:25:00,5160.6,0.645,蓝色,加强监视：关注上游液位与雨量变化趋势,120
2026-08-30 17:30:00,5049.5,0.631,蓝色,加强监视：关注上游液位与雨量变化趋势,120
2026-08-30 17:35:00,5039.6,0.63,蓝色,加强监视：关注上游液位与雨量变化趋势,120
2026-08-30 17:40:00,5089.1,0.636,蓝色,加强监视：关注上游液位与雨量变化趋势,120
2026-08-30 17:45:00,5132.1,0.642,蓝色,加强监视：关注上游液位与雨量变化趋势,120
2026-08-30 17:50:00,5169.5,0.646,蓝色,加强监视：关注上游液位与雨量变化趋势,120
2026-08-30 17:55:00,5109.4,0.639,蓝色,加强监视：关注上游液位与雨量变化趋势,120
2026-08-30 18:00:00,5081.7,0.635,蓝色,加强监视：关注上游液位与雨量变化趋势,120
2026-08-30 18:05:00,5100.4,0.638,蓝色,加强监视：关注上游液位与雨量变化趋势,120
2026-08-30 18:10:00,5006.0,0.626,蓝色,加强监视：关注上游液位与雨量变化趋势,120
2026-08-30 18:15:00,5125.1,0.641,蓝色,加强监视：关注上游液位与雨量变化趋势,120
2026-08-30 18:20:00,5052.6,0.632,蓝色,加强监视：关注上游液位与雨量变化趋势,120
2026-08-30 18:25:00,5093.7,0.637,蓝色,加强监视：关注上游液位与雨量变化趋势,120
2026-08-30 18:30:00,5121.0,0.64,蓝色,加强监视：关注上游液位与雨量变化趋势,120
2026-08-30 18:35:00,4996.1,0.625,蓝色,加强监视：关注上游液位与雨量变化趋势,120
2026-08-30 18:40:00,4955.3,0.619,蓝色,加强监视：关注上游液位与雨量变化趋势,120
2026-08-30 18:45:00,5054.2,0.632,蓝色,加强监视：关注上游液位与雨量变化趋势,120
2026-08-30 18:50:00,5066.9,0.633,蓝色,加强监视：关注上游液位与雨量变化趋势,120
2026-08-30 18:55:00,4955.9,0.619,蓝色,加强监视：关注上游液位与雨量变化趋势,120
2026-08-30 19:00:00,4948.6,0.619,蓝色,加强监视：关注上游液位与雨量变化趋势,120
2026-08-30 19:05:00,4983.6,0.623,蓝色,加强监视：关注上游液位与雨量变化趋势,120
2026-08-30 19:10:00,4950.7,0.619,蓝色,加强监视：关注上游液位与雨量变化趋势,120
2026-08-30 19:15:00,4912.7,0.614,蓝色,加强监视：关注上游液位与雨量变化趋势,120
2026-08-30 19:20:00,4972.3,0.622,蓝色,加强监视：关注上游液位与雨量变化趋势,120
2026-08-30 19:25:00,4953.6,0.619,蓝色,加强监视：关注上游液位与雨量变化趋势,120
2026-08-30 19:30:00,4856.5,0.607,蓝色,加强监视：关注上游液位与雨量变化趋势,120
2026-08-30 19:35:00,4772.8,0.597,正常,常规运行,120
2026-08-30 19:40:00,4821.4,0.603,蓝色,加强监视：关注上游液位与雨量变化趋势,120
2026-08-30 19:45:00,4779.6,0.597,正常,常规运行,120
2026-08-30 19:50:00,4780.8,0.598,正常,常规运行,120
2026-08-30 19:55:00,4714.3,0.589,正常,常规运行,120
2026-08-30 20:00:00,4693.4,0.587,正常,常规运行,120
2026-08-30 20:05:00,4659.1,0.582,正常,常规运行,120
2026-08-30 20:10:00,4583.2,0.573,正常,常规运行,120
2026-08-30 20:15:00,4614.4,0.577,正常,常规运行,120
2026-08-30 20:20:00,4605.1,0.576,正常,常规运行,120
2026-08-30 20:25:00,4522.2,0.565,正常,常规运行,120
2026-08-30 20:30:00,4461.1,0.558,正常,常规运行,120
2026-08-30 20:35:00,4519.6,0.565,正常,常规运行,120
2026-08-30 20:40:00,4436.4,0.555,正常,常规运行,120
2026-08-30 20:45:00,4525.9,0.566,正常,常规运行,120
2026-08-30 20:50:00,4403.9,0.55,正常,常规运行,120
2026-08-30 20:55:00,4424.2,0.553,正常,常规运行,120
2026-08-30 21:00:00,4391.4,0.549,正常,常规运行,120
2026-08-30 21:05:00,4376.2,0.547,正常,常规运行,120
2026-08-30 21:10:00,4356.0,0.544,正常,常规运行,120
2026-08-30 21:15:00,4369.1,0.546,正常,常规运行,120
2026-08-30 21:20:00,4224.5,0.528,正常,常规运行,120
2026-08-30 21:25:00,4292.1,0.537,正常,常规运行,120
2026-08-30 21:30:00,4285.4,0.536,正常,常规运行,120
2026-08-30 21:35:00,4359.9,0.545,正常,常规运行,120
2026-08-30 21:40:00,4261.6,0.533,正常,常规运行,120
2026-08-30 21:45:00,4126.8,0.516,正常,常规运行,120
2026-08-30 21:50:00,4269.2,0.534,正常,常规运行,120
2026-08-30 21:55:00,4198.1,0.525,正常,常规运行,120
2026-08-30 22:00:00,4023.3,0.503,正常,常规运行,120
2026-08-30 22:05:00,4044.6,0.506,正常,常规运行,120
2026-08-30 22:10:00,4002.0,0.5,正常,常规运行,120
2026-08-30 22:15:00,3954.5,0.494,正常,常规运行,120
2026-08-30 22:20:00,3954.0,0.494,正常,常规运行,120
2026-08-30 22:25:00,3944.8,0.493,正常,常规运行,120
2026-08-30 22:30:00,3921.3,0.49,正常,常规运行,120
2026-08-30 22:35:00,3842.3,0.48,正常,常规运行,120
2026-08-30 22:40:00,3872.0,0.484,正常,常规运行,120
2026-08-30 22:45:00,3869.2,0.484,正常,常规运行,120
2026-08-30 22:50:00,3788.0,0.474,正常,常规运行,120
2026-08-30 22:55:00,3751.3,0.469,正常,常规运行,120
2026-08-30 23:00:00,3720.4,0.465,正常,常规运行,120
2026-08-30 23:05:00,3731.3,0.466,正常,常规运行,120
2026-08-30 23:10:00,3661.9,0.458,正常,常规运行,120
2026-08-30 23:15:00,3610.8,0.451,正常,常规运行,120
2026-08-30 23:20:00,3521.0,0.44,正常,常规运行,120
2026-08-30 23:25:00,3693.9,0.462,正常,常规运行,120
2026-08-30 23:30:00,3426.5,0.428,正常,常规运行,120
2026-08-30 23:35:00,3501.8,0.438,正常,常规运行,120
2026-08-30 23:40:00,3372.7,0.422,正常,常规运行,120
2026-08-30 23:45:00,3425.6,0.428,正常,常规运行,120
2026-08-30 23:50:00,3277.7,0.41,正常,常规运行,120
2026-08-30 23:55:00,3311.0,0.414,正常,常规运行,120
2026-08-31 00:00:00,3238.9,0.405,正常,常规运行,120
2026-08-31 00:05:00,3145.0,0.393,正常,常规运行,120
2026-08-31 00:10:00,3168.7,0.396,正常,常规运行,120
2026-08-31 00:15:00,3063.9,0.383,正常,常规运行,120
2026-08-31 00:20:00,3064.1,0.383,正常,常规运行,120
2026-08-31 00:25:00,3050.5,0.381,正常,常规运行,120
2026-08-31 00:30:00,2936.9,0.367,正常,常规运行,120
2026-08-31 00:35:00,2965.0,0.371,正常,常规运行,120
2026-08-31 00:40:00,2895.8,0.362,正常,常规运行,120
2026-08-31 00:45:00,2821.6,0.353,正常,常规运行,120
2026-08-31 00:50:00,2806.2,0.351,正常,常规运行,120
2026-08-31 00:55:00,2771.5,0.346,正常,常规运行,120
2026-08-31 01:00:00,2851.8,0.356,正常,常规运行,120
2026-08-31 01:05:00,2827.3,0.353,正常,常规运行,120
2026-08-31 01:10:00,2798.9,0.35,正常,常规运行,120
2026-08-31 01:15:00,2808.5,0.351,正常,常规运行,120
2026-08-31 01:20:00,2822.5,0.353,正常,常规运行,120
2026-08-31 01:25:00,2824.6,0.353,正常,常规运行,120
2026-08-31 01:30:00,2773.9,0.347,正常,常规运行,120
2026-08-31 01:35:00,2880.7,0.36,正常,常规运行,120
2026-08-31 01:40:00,2802.3,0.35,正常,常规运行,120
2026-08-31 01:45:00,2857.6,0.357,正常,常规运行,120
2026-08-31 01:50:00,2823.5,0.353,正常,常规运行,120
2026-08-31 01:55:00,2941.4,0.368,正常,常规运行,120
2026-08-31 02:00:00,2906.2,0.363,正常,常规运行,120
2026-08-31 02:05:00,2983.9,0.373,正常,常规运行,120
2026-08-31 02:10:00,2919.3,0.365,正常,常规运行,120
2026-08-31 02:15:00,3009.9,0.376,正常,常规运行,120
2026-08-31 02:20:00,3098.1,0.387,正常,常规运行,120
2026-08-31 02:25:00,3046.3,0.381,正常,常规运行,120
2026-08-31 02:30:00,3204.9,0.401,正常,常规运行,120
2026-08-31 02:35:00,3191.3,0.399,正常,常规运行,120
2026-08-31 02:40:00,3253.2,0.407,正常,常规运行,120
2026-08-31 02:45:00,3262.8,0.408,正常,常规运行,120
2026-08-31 02:50:00,3366.9,0.421,正常,常规运行,120
2026-08-31 02:55:00,3398.5,0.425,正常,常规运行,120
2026-08-31 03:00:00,3436.2,0.43,正常,常规运行,120
2026-08-31 03:05:00,3509.1,0.439,正常,常规运行,120
2026-08-31 03:10:00,3656.7,0.457,正常,常规运行,120
2026-08-31 03:15:00,3731.6,0.466,正常,常规运行,120
2026-08-31 03:20:00,3769.4,0.471,正常,常规运行,120
2026-08-31 03:25:00,3773.6,0.472,正常,常规运行,120
2026-08-31 03:30:00,3951.6,0.494,正常,常规运行,120
2026-08-31 03:35:00,3923.5,0.49,正常,常规运行,120
2026-08-31 03:40:00,4019.5,0.502,正常,常规运行,120
2026-08-31 03:45:00,4018.8,0.502,正常,常规运行,120
2026-08-31 03:50:00,4241.8,0.53,正常,常规运行,120
2026-08-31 03:55:00,4211.5,0.526,正常,常规运行,120
2026-08-31 04:00:00,4259.3,0.532,正常,常规运行,120
2026-08-31 04:05:00,4333.4,0.542,正常,常规运行,120
2026-08-31 04:10:00,4445.9,0.556,正常,常规运行,120
2026-08-31 04:15:00,4557.8,0.57,正常,常规运行,120
2026-08-31 04:20:00,4663.4,0.583,正常,常规运行,120
2026-08-31 04:25:00,4588.9,0.574,正常,常规运行,120
2026-08-31 04:30:00,4617.4,0.577,正常,常规运行,120
2026-08-31 04:35:00,4658.3,0.582,正常,常规运行,120
2026-08-31 04:40:00,4756.7,0.595,正常,常规运行,120
2026-08-31 04:45:00,4851.7,0.606,蓝色,加强监视：关注上游液位与雨量变化趋势,120
2026-08-31 04:50:00,4919.8,0.615,蓝色,加强监视：关注上游液位与雨量变化趋势,120
2026-08-31 04:55:00,5010.7,0.626,蓝色,加强监视：关注上游液位与雨量变化趋势,120
2026-08-31 05:00:00,5264.5,0.658,蓝色,加强监视：关注上游液位与雨量变化趋势,120
2026-08-31 05:05:00,5087.3,0.636,蓝色,加强监视：关注上游液位与雨量变化趋势,120
2026-08-31 05:10:00,5136.9,0.642,蓝色,加强监视：关注上游液位与雨量变化趋势,120
2026-08-31 05:15:00,5166.8,0.646,蓝色,加强监视：关注上游液位与雨量变化趋势,120
2026-08-31 05:20:00,5161.1,0.645,蓝色,加强监视：关注上游液位与雨量变化趋势,120
2026-08-31 05:25:00,5214.9,0.652,蓝色,加强监视：关注上游液位与雨量变化趋势,120
2026-08-31 05:30:00,5905.3,0.738,蓝色,加强监视：关注上游液位与雨量变化趋势,120
2026-08-31 05:35:00,5658.7,0.707,蓝色,加强监视：关注上游液位与雨量变化趋势,120
2026-08-31 05:40:00,5385.0,0.673,蓝色,加强监视：关注上游液位与雨量变化趋势,120
2026-08-31 05:45:00,5398.6,0.675,蓝色,加强监视：关注上游液位与雨量变化趋势,120
2026-08-31 05:50:00,5410.5,0.676,蓝色,加强监视：关注上游液位与雨量变化趋势,120
2026-08-31 05:55:00,5468.7,0.684,蓝色,加强监视：关注上游液位与雨量变化趋势,120
2026-08-31 06:00:00,6165.6,0.771,蓝色,加强监视：关注上游液位与雨量变化趋势,120
2026-08-31 06:05:00,5481.9,0.685,蓝色,加强监视：关注上游液位与雨量变化趋势,120
2026-08-31 06:10:00,5884.4,0.736,蓝色,加强监视：关注上游液位与雨量变化趋势,120
2026-08-31 06:15:00,5866.6,0.733,蓝色,加强监视：关注上游液位与雨量变化趋势,120
2026-08-31 06:20:00,5917.8,0.74,蓝色,加强监视：关注上游液位与雨量变化趋势,120
2026-08-31 06:25:00,5625.8,0.703,蓝色,加强监视：关注上游液位与雨量变化趋势,120
2026-08-31 06:30:00,5602.2,0.7,蓝色,加强监视：关注上游液位与雨量变化趋势,120
2026-08-31 06:35:00,5513.8,0.689,蓝色,加强监视：关注上游液位与雨量变化趋势,120
2026-08-31 06:40:00,5698.2,0.712,蓝色,加强监视：关注上游液位与雨量变化趋势,120
2026-08-31 06:45:00,5578.7,0.697,蓝色,加强监视：关注上游液位与雨量变化趋势,120
2026-08-31 06:50:00,5729.1,0.716,蓝色,加强监视：关注上游液位与雨量变化趋势,120
2026-08-31 06:55:00,5816.9,0.727,蓝色,加强监视：关注上游液位与雨量变化趋势,120
2026-08-31 07:00:00,5659.8,0.707,蓝色,加强监视：关注上游液位与雨量变化趋势,120
2026-08-31 07:05:00,5673.8,0.709,蓝色,加强监视：关注上游液位与雨量变化趋势,120
2026-08-31 07:10:00,5622.4,0.703,蓝色,加强监视：关注上游液位与雨量变化趋势,120
2026-08-31 07:15:00,5568.2,0.696,蓝色,加强监视：关注上游液位与雨量变化趋势,120
2026-08-31 07:20:00,6620.0,0.828,黄色,雨前预抽空：预降各泵站前池液位，腾出调蓄容积,120
2026-08-31 07:25:00,6645.8,0.831,黄色,雨前预抽空：预降各泵站前池液位，腾出调蓄容积,120
2026-08-31 07:30:00,6203.0,0.775,蓝色,加强监视：关注上游液位与雨量变化趋势,120
2026-08-31 07:35:00,5596.5,0.7,蓝色,加强监视：关注上游液位与雨量变化趋势,120
2026-08-31 07:40:00,7072.3,0.884,黄色,雨前预抽空：预降各泵站前池液位，腾出调蓄容积,120
2026-08-31 07:45:00,5580.9,0.698,蓝色,加强监视：关注上游液位与雨量变化趋势,120
2026-08-31 07:50:00,5562.3,0.695,蓝色,加强监视：关注上游液位与雨量变化趋势,120
2026-08-31 07:55:00,5590.1,0.699,蓝色,加强监视：关注上游液位与雨量变化趋势,120
2026-08-31 08:00:00,5431.3,0.679,蓝色,加强监视：关注上游液位与雨量变化趋势,120
2026-08-31 08:05:00,5509.4,0.689,蓝色,加强监视：关注上游液位与雨量变化趋势,120
2026-08-31 08:10:00,5422.5,0.678,蓝色,加强监视：关注上游液位与雨量变化趋势,120
2026-08-31 08:15:00,5544.6,0.693,蓝色,加强监视：关注上游液位与雨量变化趋势,120
2026-08-31 08:20:00,5359.1,0.67,蓝色,加强监视：关注上游液位与雨量变化趋势,120
2026-08-31 08:25:00,5410.9,0.676,蓝色,加强监视：关注上游液位与雨量变化趋势,120
2026-08-31 08:30:00,5235.8,0.654,蓝色,加强监视：关注上游液位与雨量变化趋势,120
2026-08-31 08:35:00,5364.8,0.671,蓝色,加强监视：关注上游液位与雨量变化趋势,120
2026-08-31 08:40:00,5335.0,0.667,蓝色,加强监视：关注上游液位与雨量变化趋势,120
2026-08-31 08:45:00,5274.5,0.659,蓝色,加强监视：关注上游液位与雨量变化趋势,120
2026-08-31 08:50:00,5205.8,0.651,蓝色,加强监视：关注上游液位与雨量变化趋势,120
2026-08-31 08:55:00,5221.8,0.653,蓝色,加强监视：关注上游液位与雨量变化趋势,120
2026-08-31 09:00:00,5175.6,0.647,蓝色,加强监视：关注上游液位与雨量变化趋势,120
2026-08-31 09:05:00,5066.7,0.633,蓝色,加强监视：关注上游液位与雨量变化趋势,120
2026-08-31 09:10:00,5160.3,0.645,蓝色,加强监视：关注上游液位与雨量变化趋势,120
2026-08-31 09:15:00,4981.0,0.623,蓝色,加强监视：关注上游液位与雨量变化趋势,120
2026-08-31 09:20:00,5049.0,0.631,蓝色,加强监视：关注上游液位与雨量变化趋势,120
2026-08-31 09:25:00,4910.9,0.614,蓝色,加强监视：关注上游液位与雨量变化趋势,120
2026-08-31 09:30:00,5011.6,0.626,蓝色,加强监视：关注上游液位与雨量变化趋势,120
2026-08-31 09:35:00,4958.0,0.62,蓝色,加强监视：关注上游液位与雨量变化趋势,120
2026-08-31 09:40:00,4811.7,0.601,蓝色,加强监视：关注上游液位与雨量变化趋势,120
2026-08-31 09:45:00,4873.4,0.609,蓝色,加强监视：关注上游液位与雨量变化趋势,120
2026-08-31 09:50:00,4820.1,0.603,蓝色,加强监视：关注上游液位与雨量变化趋势,120
2026-08-31 09:55:00,4688.2,0.586,正常,常规运行,120
2026-08-31 10:00:00,4830.9,0.604,蓝色,加强监视：关注上游液位与雨量变化趋势,120
2026-08-31 10:05:00,4781.2,0.598,正常,常规运行,120
2026-08-31 10:10:00,4815.8,0.602,蓝色,加强监视：关注上游液位与雨量变化趋势,120
2026-08-31 10:15:00,4604.0,0.575,正常,常规运行,120
2026-08-31 10:20:00,4722.0,0.59,正常,常规运行,120
2026-08-31 10:25:00,4669.3,0.584,正常,常规运行,120
2026-08-31 10:30:00,4662.4,0.583,正常,常规运行,120
2026-08-31 10:35:00,4574.9,0.572,正常,常规运行,120
2026-08-31 10:40:00,4614.4,0.577,正常,常规运行,120
2026-08-31 10:45:00,4540.1,0.568,正常,常规运行,120
2026-08-31 10:50:00,4487.8,0.561,正常,常规运行,120
2026-08-31 10:55:00,4519.2,0.565,正常,常规运行,120
2026-08-31 11:00:00,4551.7,0.569,正常,常规运行,120
2026-08-31 11:05:00,4416.0,0.552,正常,常规运行,120
2026-08-31 11:10:00,4455.0,0.557,正常,常规运行,120
2026-08-31 11:15:00,4401.2,0.55,正常,常规运行,120
2026-08-31 11:20:00,4497.5,0.562,正常,常规运行,120
2026-08-31 11:25:00,4395.2,0.549,正常,常规运行,120
2026-08-31 11:30:00,4408.4,0.551,正常,常规运行,120
2026-08-31 11:35:00,4396.1,0.55,正常,常规运行,120
2026-08-31 11:40:00,4427.0,0.553,正常,常规运行,120
2026-08-31 11:45:00,4356.3,0.545,正常,常规运行,120
2026-08-31 11:50:00,4417.6,0.552,正常,常规运行,120
2026-08-31 11:55:00,4335.2,0.542,正常,常规运行,120
2026-08-31 12:00:00,4438.7,0.555,正常,常规运行,120
2026-08-31 12:05:00,4339.6,0.542,正常,常规运行,120
2026-08-31 12:10:00,4337.8,0.542,正常,常规运行,120
2026-08-31 12:15:00,4384.1,0.548,正常,常规运行,120
2026-08-31 12:20:00,4420.9,0.553,正常,常规运行,120
2026-08-31 12:25:00,4321.0,0.54,正常,常规运行,120
2026-08-31 12:30:00,4350.8,0.544,正常,常规运行,120
2026-08-31 12:35:00,4348.3,0.544,正常,常规运行,120
2026-08-31 12:40:00,4361.2,0.545,正常,常规运行,120
2026-08-31 12:45:00,4390.0,0.549,正常,常规运行,120
2026-08-31 12:50:00,4398.5,0.55,正常,常规运行,120
2026-08-31 12:55:00,4383.6,0.548,正常,常规运行,120
2026-08-31 13:00:00,4316.3,0.54,正常,常规运行,120
2026-08-31 13:05:00,4410.2,0.551,正常,常规运行,120
2026-08-31 13:10:00,4476.6,0.56,正常,常规运行,120
2026-08-31 13:15:00,4398.7,0.55,正常,常规运行,120
2026-08-31 13:20:00,4429.6,0.554,正常,常规运行,120
2026-08-31 13:25:00,4505.9,0.563,正常,常规运行,120
2026-08-31 13:30:00,4449.1,0.556,正常,常规运行,120
2026-08-31 13:35:00,4522.6,0.565,正常,常规运行,120
2026-08-31 13:40:00,4432.7,0.554,正常,常规运行,120
2026-08-31 13:45:00,4494.8,0.562,正常,常规运行,120
2026-08-31 13:50:00,4534.5,0.567,正常,常规运行,120
2026-08-31 13:55:00,4541.2,0.568,正常,常规运行,120
2026-08-31 14:00:00,4521.2,0.565,正常,常规运行,120
2026-08-31 14:05:00,4533.4,0.567,正常,常规运行,120
2026-08-31 14:10:00,4605.3,0.576,正常,常规运行,120
2026-08-31 14:15:00,4543.5,0.568,正常,常规运行,120
2026-08-31 14:20:00,4544.9,0.568,正常,常规运行,120
2026-08-31 14:25:00,4557.6,0.57,正常,常规运行,120
2026-08-31 14:30:00,4664.8,0.583,正常,常规运行,120
2026-08-31 14:35:00,4702.5,0.588,正常,常规运行,120
2026-08-31 14:40:00,4715.0,0.589,正常,常规运行,120
2026-08-31 14:45:00,4743.3,0.593,正常,常规运行,120
2026-08-31 14:50:00,4754.4,0.594,正常,常规运行,120
2026-08-31 14:55:00,4820.3,0.603,蓝色,加强监视：关注上游液位与雨量变化趋势,120
2026-08-31 15:00:00,4731.5,0.591,正常,常规运行,120
2026-08-31 15:05:00,4911.8,0.614,蓝色,加强监视：关注上游液位与雨量变化趋势,120
2026-08-31 15:10:00,4867.0,0.608,蓝色,加强监视：关注上游液位与雨量变化趋势,120
2026-08-31 15:15:00,4831.8,0.604,蓝色,加强监视：关注上游液位与雨量变化趋势,120
2026-08-31 15:20:00,4923.4,0.615,蓝色,加强监视：关注上游液位与雨量变化趋势,120
2026-08-31 15:25:00,4898.6,0.612,蓝色,加强监视：关注上游液位与雨量变化趋势,120
2026-08-31 15:30:00,4889.4,0.611,蓝色,加强监视：关注上游液位与雨量变化趋势,120
2026-08-31 15:35:00,5010.1,0.626,蓝色,加强监视：关注上游液位与雨量变化趋势,120
2026-08-31 15:40:00,4973.7,0.622,蓝色,加强监视：关注上游液位与雨量变化趋势,120
2026-08-31 15:45:00,4969.2,0.621,蓝色,加强监视：关注上游液位与雨量变化趋势,120
2026-08-31 15:50:00,5027.4,0.628,蓝色,加强监视：关注上游液位与雨量变化趋势,120
2026-08-31 15:55:00,5268.5,0.659,蓝色,加强监视：关注上游液位与雨量变化趋势,120
2026-08-31 16:00:00,5065.1,0.633,蓝色,加强监视：关注上游液位与雨量变化趋势,120
2026-08-31 16:05:00,5162.9,0.645,蓝色,加强监视：关注上游液位与雨量变化趋势,120
2026-08-31 16:10:00,5302.9,0.663,蓝色,加强监视：关注上游液位与雨量变化趋势,120
2026-08-31 16:15:00,5221.5,0.653,蓝色,加强监视：关注上游液位与雨量变化趋势,120
2026-08-31 16:20:00,5299.4,0.662,蓝色,加强监视：关注上游液位与雨量变化趋势,120
2026-08-31 16:25:00,5297.0,0.662,蓝色,加强监视：关注上游液位与雨量变化趋势,120
2026-08-31 16:30:00,5332.0,0.666,蓝色,加强监视：关注上游液位与雨量变化趋势,120
2026-08-31 16:35:00,5366.4,0.671,蓝色,加强监视：关注上游液位与雨量变化趋势,120
2026-08-31 16:40:00,5359.1,0.67,蓝色,加强监视：关注上游液位与雨量变化趋势,120
2026-08-31 16:45:00,5350.2,0.669,蓝色,加强监视：关注上游液位与雨量变化趋势,120
2026-08-31 16:50:00,5417.9,0.677,蓝色,加强监视：关注上游液位与雨量变化趋势,120
2026-08-31 16:55:00,5428.9,0.679,蓝色,加强监视：关注上游液位与雨量变化趋势,120
2026-08-31 17:00:00,5419.1,0.677,蓝色,加强监视：关注上游液位与雨量变化趋势,120
2026-08-31 17:05:00,5519.9,0.69,蓝色,加强监视：关注上游液位与雨量变化趋势,120
2026-08-31 17:10:00,5454.7,0.682,蓝色,加强监视：关注上游液位与雨量变化趋势,120
2026-08-31 17:15:00,5440.3,0.68,蓝色,加强监视：关注上游液位与雨量变化趋势,120
2026-08-31 17:20:00,5417.0,0.677,蓝色,加强监视：关注上游液位与雨量变化趋势,120
2026-08-31 17:25:00,5450.5,0.681,蓝色,加强监视：关注上游液位与雨量变化趋势,120
2026-08-31 17:30:00,5454.3,0.682,蓝色,加强监视：关注上游液位与雨量变化趋势,120
2026-08-31 17:35:00,5466.2,0.683,蓝色,加强监视：关注上游液位与雨量变化趋势,120
2026-08-31 17:40:00,5469.8,0.684,蓝色,加强监视：关注上游液位与雨量变化趋势,120
2026-08-31 17:45:00,5448.8,0.681,蓝色,加强监视：关注上游液位与雨量变化趋势,120
2026-08-31 17:50:00,5466.1,0.683,蓝色,加强监视：关注上游液位与雨量变化趋势,120
2026-08-31 17:55:00,5870.1,0.734,蓝色,加强监视：关注上游液位与雨量变化趋势,120
2026-08-31 18:00:00,5432.8,0.679,蓝色,加强监视：关注上游液位与雨量变化趋势,120
2026-08-31 18:05:00,5446.0,0.681,蓝色,加强监视：关注上游液位与雨量变化趋势,120
2026-08-31 18:10:00,5489.6,0.686,蓝色,加强监视：关注上游液位与雨量变化趋势,120
2026-08-31 18:15:00,5800.9,0.725,蓝色,加强监视：关注上游液位与雨量变化趋势,120
2026-08-31 18:20:00,5472.1,0.684,蓝色,加强监视：关注上游液位与雨量变化趋势,120
2026-08-31 18:25:00,5453.1,0.682,蓝色,加强监视：关注上游液位与雨量变化趋势,120
2026-08-31 18:30:00,5469.0,0.684,蓝色,加强监视：关注上游液位与雨量变化趋势,120
2026-08-31 18:35:00,5461.7,0.683,蓝色,加强监视：关注上游液位与雨量变化趋势,120
2026-08-31 18:40:00,5489.7,0.686,蓝色,加强监视：关注上游液位与雨量变化趋势,120
2026-08-31 18:45:00,5466.8,0.683,蓝色,加强监视：关注上游液位与雨量变化趋势,120
2026-08-31 18:50:00,5491.1,0.686,蓝色,加强监视：关注上游液位与雨量变化趋势,120
2026-08-31 18:55:00,5399.2,0.675,蓝色,加强监视：关注上游液位与雨量变化趋势,120
2026-08-31 19:00:00,5395.9,0.674,蓝色,加强监视：关注上游液位与雨量变化趋势,120
2026-08-31 19:05:00,5392.7,0.674,蓝色,加强监视：关注上游液位与雨量变化趋势,120
2026-08-31 19:10:00,5372.4,0.672,蓝色,加强监视：关注上游液位与雨量变化趋势,120
2026-08-31 19:15:00,5418.5,0.677,蓝色,加强监视：关注上游液位与雨量变化趋势,120
2026-08-31 19:20:00,5354.9,0.669,蓝色,加强监视：关注上游液位与雨量变化趋势,120
2026-08-31 19:25:00,5547.2,0.693,蓝色,加强监视：关注上游液位与雨量变化趋势,120
2026-08-31 19:30:00,5307.2,0.663,蓝色,加强监视：关注上游液位与雨量变化趋势,120
2026-08-31 19:35:00,5277.6,0.66,蓝色,加强监视：关注上游液位与雨量变化趋势,120
2026-08-31 19:40:00,5173.3,0.647,蓝色,加强监视：关注上游液位与雨量变化趋势,120
2026-08-31 19:45:00,5264.4,0.658,蓝色,加强监视：关注上游液位与雨量变化趋势,120
2026-08-31 19:50:00,5163.4,0.645,蓝色,加强监视：关注上游液位与雨量变化趋势,120
2026-08-31 19:55:00,5178.2,0.647,蓝色,加强监视：关注上游液位与雨量变化趋势,120
2026-08-31 20:00:00,5186.4,0.648,蓝色,加强监视：关注上游液位与雨量变化趋势,120
2026-08-31 20:05:00,5159.0,0.645,蓝色,加强监视：关注上游液位与雨量变化趋势,120
2026-08-31 20:10:00,5096.3,0.637,蓝色,加强监视：关注上游液位与雨量变化趋势,120
2026-08-31 20:15:00,5207.3,0.651,蓝色,加强监视：关注上游液位与雨量变化趋势,120
2026-08-31 20:20:00,5026.9,0.628,蓝色,加强监视：关注上游液位与雨量变化趋势,120
2026-08-31 20:25:00,4988.8,0.624,蓝色,加强监视：关注上游液位与雨量变化趋势,120
2026-08-31 20:30:00,5014.2,0.627,蓝色,加强监视：关注上游液位与雨量变化趋势,120
2026-08-31 20:35:00,5039.5,0.63,蓝色,加强监视：关注上游液位与雨量变化趋势,120
2026-08-31 20:40:00,4876.0,0.61,蓝色,加强监视：关注上游液位与雨量变化趋势,120
2026-08-31 20:45:00,4936.2,0.617,蓝色,加强监视：关注上游液位与雨量变化趋势,120
2026-08-31 20:50:00,4839.6,0.605,蓝色,加强监视：关注上游液位与雨量变化趋势,120
2026-08-31 20:55:00,4782.9,0.598,正常,常规运行,120
2026-08-31 21:00:00,4917.4,0.615,蓝色,加强监视：关注上游液位与雨量变化趋势,120
2026-08-31 21:05:00,4705.2,0.588,正常,常规运行,120
2026-08-31 21:10:00,4759.6,0.595,正常,常规运行,120
2026-08-31 21:15:00,5048.9,0.631,蓝色,加强监视：关注上游液位与雨量变化趋势,120
2026-08-31 21:20:00,4750.9,0.594,正常,常规运行,120
2026-08-31 21:25:00,4735.2,0.592,正常,常规运行,120
2026-08-31 21:30:00,4567.1,0.571,正常,常规运行,120
2026-08-31 21:35:00,4485.7,0.561,正常,常规运行,120
2026-08-31 21:40:00,4551.7,0.569,正常,常规运行,120
2026-08-31 21:45:00,4583.8,0.573,正常,常规运行,120
2026-08-31 21:50:00,4517.0,0.565,正常,常规运行,120
2026-08-31 21:55:00,4442.7,0.555,正常,常规运行,120
