time,T01,T02,T03,T04,T05,T06,T07,T08,T09,T10,T11,T12,PLANT_IN,B101,B102,B103,B104,B105,B201,B202,B203,B204,B205,B301,B302,B303,B304,B305,B401,B402,B403,B404,B405,B501,B502,B503,B504,B505,B601,B602,B603,B604,B605
2026-06-01 00:00:00,529.9,625.2,231.1,594.9,399.2,198.5,600.2,745.7,483.1,626.5,429.2,331.5,358.3,534.0,623.8,276.8,409.9,744.8,540.9,365.5,550.2,465.4,313.6,502.0,448.3,541.9,454.4,282.3,508.7,322.1,289.1,342.0,575.0,240.5,269.9,312.9,303.7,523.1,498.5,293.4,604.4,359.8,410.7
2026-06-01 00:05:00,548.2,622.8,218.7,582.9,397.2,207.4,618.5,700.5,462.0,629.8,412.4,333.7,379.5,505.0,618.0,264.8,415.7,788.7,509.3,340.7,549.9,460.7,306.9,492.1,442.6,521.8,452.3,274.0,492.3,307.8,286.0,352.8,593.5,239.6,257.9,319.5,286.3,538.3,458.0,276.9,610.9,372.3,394.4
2026-06-01 00:10:00,551.2,592.4,216.9,615.7,393.4,215.8,580.0,697.3,465.4,602.3,410.6,343.8,372.7,520.7,615.8,268.8,399.8,730.9,521.8,359.7,541.8,436.4,314.5,489.1,436.1,521.4,431.7,269.0,496.1,325.5,292.0,340.7,547.8,234.2,266.6,305.7,299.0,541.6,457.0,291.0,606.0,347.5,389.1
2026-06-01 00:15:00,533.2,592.6,210.9,608.6,372.6,202.5,586.0,658.9,466.9,631.0,421.3,337.7,383.6,539.0,608.5,264.7,389.7,711.3,485.3,372.8,546.5,447.6,305.9,500.6,457.8,506.4,430.2,253.8,515.2,319.2,297.3,340.8,549.0,235.8,271.1,298.7,283.0,532.7,476.6,275.5,591.4,357.4,407.0
2026-06-01 00:20:00,561.3,607.1,208.3,622.8,367.8,204.5,577.7,671.7,451.7,601.5,396.7,336.5,367.2,521.3,582.1,257.4,364.9,731.4,503.6,356.3,538.4,454.7,307.6,455.2,447.5,515.4,455.4,271.3,492.3,337.6,292.3,344.0,564.9,233.6,241.3,293.8,282.2,506.2,477.8,285.0,602.3,348.8,404.6
2026-06-01 00:25:00,566.8,584.4,197.3,574.1,382.8,212.1,586.1,674.0,454.0,590.2,401.8,328.4,355.1,481.9,600.8,246.6,378.1,731.4,523.0,348.9,559.6,447.2,314.0,490.5,431.0,503.8,386.1,269.1,534.7,329.2,276.0,356.1,555.9,239.5,255.8,303.9,281.8,499.1,462.3,301.9,574.8,341.5,394.8
2026-06-01 00:30:00,574.9,605.8,216.6,586.0,363.9,198.1,556.9,654.4,424.9,580.4,380.9,318.3,351.7,491.3,589.0,247.0,387.1,711.8,497.3,345.2,558.4,421.0,316.9,471.2,463.2,473.3,430.6,247.8,516.5,327.0,287.2,334.7,541.9,225.3,248.9,300.1,272.4,510.8,486.0,281.8,568.9,349.4,381.2
2026-06-01 00:35:00,564.1,594.9,212.9,556.5,337.0,189.1,565.8,643.8,460.8,579.1,398.9,337.6,351.8,492.6,560.3,229.6,360.7,701.9,517.0,366.6,577.8,438.5,305.0,457.3,422.7,488.4,436.5,248.8,537.1,329.0,292.4,343.5,564.3,225.9,244.2,296.0,260.5,490.0,460.8,279.8,572.7,343.0,365.7
2026-06-01 00:40:00,582.9,581.1,208.8,570.4,371.2,187.8,517.4,651.1,437.4,584.1,393.7,313.6,346.3,455.2,546.5,248.0,385.3,722.8,508.7,374.8,544.0,437.9,311.6,457.3,418.2,453.7,416.0,251.3,538.2,315.2,298.3,378.6,550.9,209.8,245.6,304.1,263.4,505.5,478.0,297.0,577.5,351.4,371.1
2026-06-01 00:45:00,533.6,584.2,209.2,565.4,350.0,189.4,512.7,665.4,417.4,572.8,396.0,321.2,362.9,451.0,548.5,249.9,359.8,682.7,540.7,366.7,551.8,455.8,300.0,439.3,403.7,475.9,428.3,227.1,562.2,337.0,301.3,376.2,568.8,213.7,250.0,292.3,259.6,484.0,484.6,288.6,638.9,337.6,366.1
2026-06-01 00:50:00,566.3,631.4,215.1,581.2,363.9,184.0,496.1,631.1,394.6,562.1,369.3,313.0,359.1,472.8,528.8,224.6,363.7,662.5,539.7,365.3,554.5,484.9,287.6,424.5,397.3,459.6,400.4,246.5,514.2,340.2,296.1,371.0,535.1,223.7,238.8,286.0,263.6,488.0,496.8,302.5,569.1,329.8,377.9
2026-06-01 00:55:00,563.5,606.7,201.4,590.3,371.7,182.9,539.1,641.7,433.5,543.8,375.9,316.1,327.3,468.8,551.0,243.2,352.9,640.8,550.8,352.5,557.8,453.8,291.7,429.8,395.8,459.9,389.5,242.4,578.4,347.3,295.5,361.6,562.3,208.5,240.6,293.7,269.2,485.5,485.2,291.2,576.8,339.6,368.9
2026-06-01 01:00:00,588.2,645.1,208.5,590.3,355.4,190.0,531.8,624.2,422.0,535.9,359.2,301.9,339.8,437.3,561.6,238.0,340.4,680.0,561.0,379.6,578.2,438.4,301.7,412.1,407.7,456.4,395.2,228.2,586.8,349.5,312.6,372.9,574.2,216.3,230.7,286.8,251.6,446.9,515.7,301.6,605.7,344.6,370.3
2026-06-01 01:05:00,584.0,611.4,206.2,559.9,364.6,188.9,530.2,625.1,412.4,534.0,366.3,313.6,336.7,465.1,560.5,228.0,353.4,638.6,550.5,374.8,537.2,456.0,312.2,415.2,400.0,450.4,385.8,214.1,579.6,371.9,310.9,364.4,579.4,203.2,230.6,269.0,253.1,461.1,528.3,284.6,588.1,349.0,363.4
2026-06-01 01:10:00,599.8,633.2,226.5,593.7,355.0,173.2,501.4,587.5,415.1,541.8,380.6,312.9,324.8,472.0,516.0,231.1,338.8,632.8,579.3,380.4,578.8,462.3,305.0,408.1,404.2,460.3,378.8,228.5,593.3,359.2,314.3,342.8,594.4,205.6,221.7,278.3,252.4,468.8,532.5,292.9,552.7,342.0,336.7
2026-06-01 01:15:00,646.6,680.8,222.7,578.4,369.9,177.0,499.2,588.2,409.9,538.0,356.3,305.8,333.3,452.1,542.3,239.4,332.9,651.7,560.8,412.1,612.4,477.3,320.1,441.3,377.2,437.1,378.8,215.8,604.6,358.5,309.5,371.4,584.2,215.1,223.0,282.3,241.4,436.5,543.5,303.0,616.5,354.3,379.1
2026-06-01 01:20:00,618.5,623.0,204.6,577.1,342.1,178.3,502.5,582.2,397.1,533.2,340.6,294.7,339.6,454.4,528.1,223.5,314.1,663.3,590.9,377.2,609.2,489.4,328.9,406.5,388.8,434.6,367.5,210.1,587.8,355.2,341.2,377.6,603.6,207.1,218.5,278.9,247.0,434.3,539.4,304.6,597.1,333.7,365.3
2026-06-01 01:25:00,639.7,615.2,211.4,574.6,354.0,183.7,523.2,589.7,387.3,514.2,343.5,285.9,330.2,460.4,486.7,229.2,348.3,623.0,554.6,384.6,615.6,497.4,306.4,419.8,382.6,445.1,363.0,220.4,615.6,375.0,328.5,389.0,602.0,189.1,218.8,269.2,249.0,451.6,540.1,335.7,546.3,360.5,378.4
2026-06-01 01:30:00,638.0,687.4,223.3,582.2,362.5,186.5,524.6,588.8,381.2,513.7,329.3,310.2,330.6,458.3,517.5,229.8,332.7,609.9,585.9,414.1,617.2,491.4,338.5,432.5,381.5,448.4,356.1,224.0,642.1,374.5,330.5,400.3,625.1,218.5,205.3,261.6,240.9,450.0,526.3,326.3,596.4,359.3,366.2
2026-06-01 01:35:00,655.0,655.3,223.8,629.2,355.0,195.1,509.5,572.7,386.8,499.2,328.3,274.0,307.1,430.0,514.7,220.8,341.3,607.0,652.0,413.2,600.2,490.3,306.3,427.7,364.7,420.8,369.5,211.7,602.3,378.0,339.5,420.7,591.9,191.7,206.9,257.9,234.9,380.0,537.7,330.8,597.8,352.0,390.9
2026-06-01 01:40:00,664.9,682.2,221.0,610.1,371.6,178.3,501.6,581.6,394.2,470.0,344.0,286.1,310.3,441.3,540.3,232.5,334.6,594.2,631.6,418.4,606.9,519.6,344.3,412.6,361.1,411.7,350.9,218.4,656.9,396.5,341.4,407.8,580.8,207.8,220.0,264.1,226.7,434.7,571.7,324.5,610.1,372.0,369.9
2026-06-01 01:45:00,685.6,681.5,247.2,615.0,357.2,179.2,516.2,554.0,373.9,487.4,318.5,277.8,299.0,449.8,508.1,227.9,337.8,591.9,642.6,435.8,617.0,499.8,330.4,412.4,377.5,410.0,345.6,213.0,660.9,421.2,335.2,401.8,664.0,193.3,219.8,240.6,229.2,385.6,535.0,317.4,626.7,368.4,378.9
2026-06-01 01:50:00,712.5,711.1,239.3,614.8,387.7,185.6,492.9,575.9,388.6,480.0,331.9,271.0,304.3,445.6,531.6,223.4,320.4,588.7,626.3,443.2,619.7,513.9,333.2,418.5,380.5,419.5,345.0,198.5,683.4,426.1,358.0,418.9,639.3,188.1,198.9,257.9,222.5,409.0,597.7,353.6,650.3,383.8,384.0
2026-06-01 01:55:00,735.2,697.0,244.3,674.3,392.1,179.7,491.9,576.2,373.8,465.8,325.2,269.6,301.2,480.4,522.9,241.2,311.9,608.4,632.1,434.4,671.1,517.6,340.6,443.6,363.7,410.0,356.7,202.0,656.5,405.6,345.3,436.9,627.6,192.2,205.3,247.5,221.5,388.4,574.2,325.7,670.8,366.0,370.8
2026-06-01 02:00:00,719.6,726.0,239.7,662.3,375.8,184.0,497.5,569.4,371.7,468.5,316.0,260.6,302.8,472.4,504.2,232.5,332.5,588.8,659.9,447.3,693.1,496.3,337.8,423.8,377.6,390.1,360.0,210.7,678.9,429.7,368.6,434.7,669.4,190.9,203.5,238.1,222.7,394.5,585.6,342.5,682.2,372.5,398.3
2026-06-01 02:05:00,738.4,752.7,254.3,633.1,383.3,184.1,487.1,559.9,392.3,474.8,319.8,264.8,302.0,452.0,521.5,215.0,326.6,613.2,675.5,464.2,684.3,559.8,367.6,429.0,384.9,425.3,359.7,199.5,676.7,442.3,356.1,433.2,673.7,191.7,209.3,234.8,220.3,398.5,619.7,360.4,699.3,392.4,408.8
2026-06-01 02:10:00,712.8,733.0,250.3,652.0,395.6,173.4,502.2,570.0,382.8,453.8,305.5,260.7,292.8,469.2,558.8,224.9,321.4,586.7,728.3,474.0,704.1,559.7,350.2,452.0,368.8,421.8,353.3,207.0,688.0,452.2,356.0,458.8,704.1,195.6,207.1,230.0,227.1,400.1,621.5,388.7,674.3,392.9,409.8
2026-06-01 02:15:00,749.1,753.1,255.4,663.8,373.5,191.0,491.6,544.3,382.3,457.1,319.2,275.8,275.9,493.6,536.1,245.9,334.4,582.7,722.1,487.0,705.8,518.5,357.6,429.9,358.5,426.8,356.5,198.9,748.5,473.7,394.3,444.0,719.1,198.8,212.0,245.7,215.1,407.5,619.4,386.0,646.8,381.4,439.4
2026-06-01 02:20:00,785.6,774.7,266.9,682.3,377.4,191.5,528.8,564.5,355.0,486.5,302.2,260.6,268.4,473.7,559.0,223.8,331.7,613.0,715.1,479.9,724.2,585.1,354.8,444.8,362.1,430.7,350.5,205.3,729.2,443.5,380.9,455.5,712.2,205.3,199.8,255.0,220.5,372.4,620.9,380.3,649.3,428.0,406.2
2026-06-01 02:25:00,797.2,762.5,253.7,676.4,413.9,202.5,526.5,569.0,387.9,441.2,302.7,253.8,280.7,501.9,564.2,233.1,337.0,592.8,726.2,502.1,678.6,572.9,368.3,440.5,372.0,418.4,356.6,203.4,739.3,454.9,405.9,482.0,754.4,199.4,211.1,237.4,214.3,399.3,620.2,404.4,730.9,433.9,402.3
2026-06-01 02:30:00,795.0,800.3,284.4,712.2,408.5,197.8,546.2,544.7,363.8,460.0,299.6,251.8,285.5,516.7,549.3,243.6,322.9,593.0,753.7,519.8,744.2,605.8,375.2,445.1,377.9,421.8,357.7,199.4,791.2,465.6,409.6,472.9,719.8,200.0,207.8,235.0,210.9,381.0,617.9,380.9,725.6,421.8,415.9
2026-06-01 02:35:00,824.3,827.6,277.7,746.4,409.0,193.1,504.1,579.7,363.5,446.1,308.7,258.9,270.0,521.7,542.2,242.1,345.9,599.5,719.4,514.7,740.5,600.1,381.0,431.4,386.4,434.4,347.0,205.5,770.0,488.0,416.1,487.4,706.4,196.9,206.5,250.4,220.7,380.0,701.6,398.7,773.0,417.9,439.8
2026-06-01 02:40:00,827.9,828.8,291.9,699.2,418.9,202.1,567.5,554.9,343.9,452.1,306.0,236.4,255.2,513.8,552.0,246.1,339.3,629.9,717.2,521.0,762.0,584.4,394.8,434.8,390.8,409.8,345.4,189.0,812.6,450.3,413.2,501.2,776.6,201.6,215.6,243.3,219.6,401.6,679.1,417.8,763.4,425.6,462.4
2026-06-01 02:45:00,858.6,846.1,276.8,715.7,395.4,194.0,518.6,574.7,373.6,460.8,276.5,240.5,281.4,538.6,605.3,248.8,354.2,614.2,790.4,527.4,781.1,620.3,390.4,449.2,392.5,425.0,374.1,196.4,776.2,494.5,426.2,508.7,780.4,202.4,213.0,252.8,213.4,391.6,676.4,390.0,725.9,447.1,456.5
2026-06-01 02:50:00,848.9,866.8,282.9,743.0,430.8,202.7,532.4,589.2,360.6,451.3,301.8,226.7,266.4,519.3,591.6,247.0,357.2,637.6,786.8,529.7,771.9,613.5,430.6,475.1,409.0,433.4,364.0,201.4,804.5,478.4,426.1,502.7,754.3,199.4,216.1,237.9,197.6,362.9,722.3,418.7,765.5,469.1,455.3
2026-06-01 02:55:00,845.2,864.2,285.7,757.1,430.9,217.9,550.2,582.5,380.6,475.4,283.6,243.4,261.8,576.5,567.1,244.4,358.9,616.9,765.6,532.8,775.9,617.6,416.2,481.7,397.1,451.6,377.8,213.0,801.9,512.8,453.9,531.2,828.0,226.8,227.9,251.8,226.5,382.1,701.0,426.5,803.3,494.0,491.5
2026-06-01 03:00:00,875.6,914.3,303.3,827.4,461.0,215.9,591.9,604.8,366.4,489.3,296.5,244.6,249.7,549.6,623.2,257.5,355.3,649.3,757.9,551.7,796.5,668.8,430.1,496.5,427.9,437.9,358.0,198.6,849.3,552.5,441.6,519.6,784.4,215.1,222.2,262.6,225.6,375.7,712.5,433.1,779.8,461.5,477.0
2026-06-01 03:05:00,802.1,949.1,306.6,818.1,470.3,227.4,582.8,612.8,404.5,485.7,299.2,231.0,257.4,574.2,585.1,255.1,369.4,641.4,842.3,572.8,791.6,670.3,443.7,485.0,430.4,441.6,370.1,209.4,841.4,541.8,451.3,569.5,837.0,218.3,237.7,243.6,229.8,381.1,766.8,421.1,857.5,468.7,467.0
2026-06-01 03:10:00,901.9,911.1,306.7,830.7,472.7,211.9,584.3,605.3,394.9,492.5,298.0,248.2,261.4,558.7,613.2,258.7,379.4,662.8,818.8,558.2,811.3,703.5,466.4,501.3,436.3,451.9,363.8,213.9,876.3,515.0,471.5,544.2,872.7,228.0,211.8,251.8,232.1,387.0,768.3,447.4,823.1,479.5,510.5
2026-06-01 03:15:00,804.9,951.6,306.5,815.0,478.5,227.5,584.4,640.7,420.4,462.5,307.2,233.0,259.1,583.4,641.3,278.7,379.8,674.1,853.3,580.4,827.0,675.8,459.1,509.9,423.6,471.3,392.2,216.0,872.2,535.0,458.9,569.1,873.0,206.2,230.9,254.5,226.3,396.8,766.8,452.4,839.7,496.1,514.0
2026-06-01 03:20:00,868.5,944.9,308.9,828.1,459.6,229.9,583.9,625.3,386.6,484.2,311.1,236.1,249.6,594.5,700.2,268.3,381.4,646.3,847.6,586.5,828.4,674.4,450.8,508.8,437.9,471.2,383.2,216.6,827.3,534.1,448.6,579.4,884.7,242.4,226.7,266.5,225.8,379.9,760.7,447.7,820.0,485.5,516.6
2026-06-01 03:25:00,940.1,976.0,325.6,812.0,498.2,244.1,640.8,695.1,423.5,500.5,299.6,240.3,254.2,578.8,678.6,290.3,393.7,677.1,864.4,629.8,892.1,718.4,446.5,514.4,456.6,459.0,389.7,216.1,881.8,577.2,465.0,568.8,879.7,225.0,231.6,274.3,219.0,396.0,789.9,472.7,928.6,485.8,547.0
2026-06-01 03:30:00,952.6,1025.0,326.3,882.9,507.4,246.4,645.8,659.2,388.6,513.1,301.9,252.1,250.1,588.4,664.4,283.2,385.9,706.4,860.5,619.0,866.4,697.4,473.2,505.0,452.0,469.6,426.2,221.8,857.4,525.1,501.9,565.8,909.8,228.7,237.4,262.6,235.4,398.2,809.0,487.6,883.4,511.0,528.7
2026-06-01 03:35:00,917.3,1007.5,328.9,889.2,525.3,250.5,667.9,649.0,420.0,533.6,312.1,235.8,268.1,612.7,686.7,284.6,417.0,721.6,884.6,626.6,852.1,718.9,490.7,535.5,453.0,498.3,417.4,233.5,918.0,561.3,493.8,603.4,931.9,235.1,253.0,292.6,234.5,412.5,811.9,465.1,909.9,527.6,543.5
2026-06-01 03:40:00,940.9,952.0,356.5,924.2,547.6,261.6,661.0,664.1,416.2,530.8,301.2,246.0,263.1,648.0,717.5,275.2,385.4,736.8,912.5,638.4,903.5,747.4,484.6,545.8,460.4,507.5,424.2,225.7,933.3,563.2,502.8,572.5,912.4,250.3,247.4,277.0,235.5,412.5,845.7,488.8,894.2,558.1,531.7
2026-06-01 03:45:00,1012.3,1032.3,344.6,897.6,496.7,251.5,612.0,720.3,425.5,536.2,315.1,251.7,253.4,602.9,740.7,315.0,413.5,724.7,899.5,618.4,895.3,743.0,490.5,576.1,469.2,514.2,407.9,219.0,945.5,561.0,508.7,582.4,910.7,263.4,246.0,276.2,234.8,430.6,801.3,508.2,917.6,521.4,544.6
2026-06-01 03:50:00,968.5,1069.2,363.5,912.7,525.5,269.0,651.1,699.9,431.9,572.3,336.9,252.6,249.9,641.7,717.4,301.3,415.2,769.1,907.7,662.3,978.9,744.6,499.5,587.9,470.7,515.4,406.5,241.5,932.5,616.7,537.3,623.9,977.4,264.2,264.4,298.0,241.0,428.2,829.6,515.0,950.3,565.3,556.9
2026-06-01 03:55:00,1059.8,1036.5,349.1,934.5,528.1,254.7,697.7,691.7,434.1,540.6,313.4,255.6,263.1,685.5,730.4,285.8,419.6,733.4,943.2,646.3,952.9,733.2,474.9,579.3,539.0,544.6,450.8,253.1,898.2,565.4,483.4,616.2,1020.4,252.6,254.5,291.9,242.5,439.2,860.0,498.1,966.8,553.0,585.4
2026-06-01 04:00:00,1002.8,1087.1,362.0,968.0,551.3,258.6,692.1,752.8,437.0,543.4,329.6,259.9,259.3,645.6,729.0,321.3,439.3,727.2,954.5,649.3,917.8,796.7,512.0,623.0,475.4,547.5,415.8,238.6,958.7,577.5,518.8,613.6,1022.2,246.7,282.0,292.3,264.6,441.3,840.6,522.7,983.8,558.3,570.2
2026-06-01 04:05:00,1024.8,1045.4,363.2,913.5,557.0,277.7,699.8,737.6,456.0,560.5,332.1,253.1,262.4,706.8,775.3,316.9,428.0,768.4,912.2,633.0,987.5,775.6,527.7,600.0,498.6,556.6,446.9,261.0,972.2,633.4,526.5,624.2,911.7,262.1,262.7,296.0,270.1,430.0,889.3,508.6,1009.2,543.6,588.6
2026-06-01 04:10:00,1071.2,1030.9,349.5,989.7,561.0,263.4,699.7,774.9,472.0,551.6,364.1,274.1,259.5,668.6,796.4,313.7,479.8,816.8,952.2,655.5,983.9,808.1,522.0,625.3,531.9,566.9,450.5,259.1,962.6,607.8,530.7,625.0,1038.4,264.8,275.7,325.5,260.0,447.8,908.7,530.8,1012.3,584.5,594.6
2026-06-01 04:15:00,1034.5,1094.8,388.5,980.2,590.8,284.9,756.5,794.9,495.4,578.3,343.4,263.9,263.6,683.4,739.4,337.3,439.8,776.2,946.2,634.3,984.5,814.0,546.9,614.7,520.5,597.8,456.8,250.7,977.5,611.4,548.7,688.9,992.4,261.1,299.3,302.3,280.5,451.4,883.8,512.1,1020.0,589.9,605.8
2026-06-01 04:20:00,1007.7,1043.0,375.1,961.4,562.0,285.2,757.6,792.9,491.4,556.9,349.8,266.8,276.8,710.1,788.0,308.0,452.9,780.3,969.6,670.8,1048.8,837.5,553.8,605.0,534.6,562.4,471.8,258.7,926.1,607.8,553.8,672.7,1077.4,284.2,285.0,327.8,276.2,479.3,900.9,505.0,995.2,632.7,600.7
2026-06-01 04:25:00,1043.6,1103.6,389.3,942.1,570.7,297.8,770.6,857.3,513.0,588.2,349.8,284.1,277.0,764.5,780.3,331.6,459.1,787.4,1018.7,669.9,981.4,813.6,533.0,628.2,555.6,582.6,471.0,262.9,989.9,623.9,541.4,642.4,1000.2,284.0,296.5,314.9,292.6,489.0,893.1,542.9,1019.7,594.9,618.8
2026-06-01 04:30:00,1053.5,1165.0,376.0,1012.5,578.5,292.2,756.3,771.1,481.9,606.2,367.4,272.2,304.5,720.1,825.7,341.2,484.6,863.0,994.5,679.1,1051.9,818.9,554.3,674.8,575.3,593.9,476.7,275.0,990.5,620.1,521.3,658.2,1006.9,292.9,296.8,322.2,290.3,484.1,898.6,553.7,999.5,634.7,608.7
2026-06-01 04:35:00,1018.4,1066.6,386.6,1072.7,598.0,297.3,786.7,806.2,506.2,636.7,376.7,284.9,292.7,705.8,803.2,358.5,504.4,821.2,1054.9,663.8,1016.4,807.7,553.5,650.7,562.1,632.8,507.0,276.9,962.8,618.3,594.8,681.9,1050.1,299.7,302.7,333.2,295.7,496.0,949.2,555.9,1032.8,607.7,637.3
2026-06-01 04:40:00,1060.4,1096.9,382.0,1091.3,589.5,305.5,762.3,833.4,532.7,650.9,370.2,280.8,282.1,722.9,812.6,378.7,505.1,886.9,1003.5,712.4,1036.9,829.3,524.3,656.3,591.5,612.7,527.9,292.6,1020.0,609.2,556.8,655.3,1048.0,304.0,300.1,344.5,297.5,478.8,898.0,535.7,1072.6,613.6,644.9
2026-06-01 04:45:00,1051.0,1113.9,410.5,1061.1,618.5,298.8,802.4,911.0,535.8,622.3,398.5,314.0,283.3,786.0,886.9,357.4,527.2,877.9,997.8,715.0,1022.0,859.0,560.4,675.1,554.5,614.4,492.9,295.3,993.6,640.2,561.9,668.6,1058.2,301.9,316.9,328.5,293.9,505.5,950.8,512.6,1081.9,594.8,654.1
2026-06-01 04:50:00,1110.7,1155.7,403.0,1122.8,623.5,302.2,754.9,913.0,525.1,692.4,397.1,317.7,305.5,743.0,865.4,370.3,499.9,879.8,1007.6,742.8,1031.5,836.3,551.1,676.7,582.1,637.1,531.4,279.2,1019.5,631.0,585.1,678.5,1108.3,322.2,330.2,345.6,293.5,481.4,920.3,572.5,1100.3,654.4,670.8
2026-06-01 04:55:00,1087.2,1153.0,406.9,1069.1,618.7,317.0,789.0,913.4,563.1,665.8,411.1,301.3,303.4,812.1,879.6,400.9,530.4,887.1,1017.5,746.6,1046.5,872.2,575.9,718.9,610.3,650.8,545.4,284.9,1030.9,636.3,560.1,670.8,1125.9,307.0,303.7,368.1,312.7,542.3,916.3,586.6,1136.2,641.3,702.8
2026-06-01 05:00:00,1081.7,1222.5,422.2,1111.1,657.3,316.1,830.8,871.1,547.5,678.8,403.9,312.5,324.9,795.2,904.1,375.5,522.8,934.1,1027.6,718.3,1006.3,908.6,590.2,743.0,645.9,682.0,552.3,308.0,1029.1,660.8,591.7,715.9,1062.1,310.0,318.3,374.0,315.1,574.6,974.2,533.7,1053.9,644.3,639.8
2026-06-01 05:05:00,1091.8,1214.0,422.8,1074.8,646.0,316.1,910.3,886.8,551.8,651.8,418.0,313.2,320.6,802.0,930.0,385.8,538.7,920.8,991.3,740.6,1084.6,864.5,579.0,712.3,600.2,660.2,549.5,302.4,980.5,640.3,566.9,681.9,1154.2,318.3,326.7,365.4,346.2,538.9,970.6,564.2,1043.7,644.3,672.1
2026-06-01 05:10:00,1106.4,1204.2,420.8,1081.6,674.5,322.8,813.8,895.1,581.9,683.1,419.4,315.3,304.3,819.1,903.1,371.0,560.3,955.5,1018.1,727.4,1083.0,847.0,571.2,732.8,604.9,663.2,551.3,310.3,1011.8,650.0,606.0,697.8,1065.7,330.1,328.0,361.1,333.7,560.7,936.7,556.7,1104.9,660.0,667.1
2026-06-01 05:15:00,1122.7,1197.6,396.3,1084.6,656.0,342.8,838.2,908.5,582.1,729.3,448.0,325.4,319.2,800.9,914.2,413.0,521.6,980.7,1006.0,715.3,1035.9,876.0,595.2,751.0,640.9,667.7,582.4,321.8,1090.6,686.6,584.3,705.8,1092.3,335.9,348.3,382.4,323.1,573.1,954.9,580.2,1170.9,646.3,698.3
2026-06-01 05:20:00,1071.9,1211.9,407.8,1046.2,665.4,326.1,886.5,984.9,581.1,721.6,437.9,329.5,328.3,832.5,924.6,386.3,589.8,1000.3,1062.7,721.0,1111.0,853.8,638.5,740.7,643.3,688.3,583.2,329.6,1069.1,662.6,566.4,739.8,1203.0,330.0,340.1,395.2,335.8,555.5,959.9,602.0,1177.2,674.2,712.3
2026-06-01 05:25:00,1072.6,1171.4,406.1,1166.1,660.3,329.1,938.0,947.8,588.6,731.2,443.7,320.2,345.5,807.4,976.4,402.6,561.0,1023.1,973.2,743.2,1141.5,932.1,559.4,726.9,636.0,758.6,552.0,313.9,1052.4,645.4,617.5,706.8,1135.4,334.3,351.8,393.2,337.9,581.9,973.7,577.3,1141.8,650.6,677.3
2026-06-01 05:30:00,1145.6,1237.7,430.0,1108.2,677.0,319.7,905.8,963.5,587.3,744.6,444.5,343.9,336.0,879.6,953.5,406.8,542.8,1013.0,1039.3,820.7,1075.6,902.5,605.8,745.3,633.6,721.4,589.1,308.5,1035.1,635.1,591.2,756.3,1105.2,355.0,371.4,413.3,346.3,601.5,955.5,574.8,1131.5,671.4,714.8
2026-06-01 05:35:00,1096.2,1169.9,424.8,1109.3,697.0,339.6,928.8,1001.1,607.5,717.7,450.8,346.5,354.6,826.8,956.6,409.3,564.9,988.4,988.3,758.1,1074.9,884.0,594.7,771.9,654.7,734.7,601.6,333.9,995.8,654.4,571.0,704.7,1140.3,332.0,340.5,398.7,337.9,605.2,1022.8,592.5,1155.9,688.2,731.4
2026-06-01 05:40:00,1063.3,1243.6,406.6,1102.3,678.9,349.8,909.4,940.3,643.3,758.5,468.2,355.9,344.6,871.8,985.6,407.1,585.2,1047.3,1049.4,739.0,1140.4,891.7,599.5,779.1,682.7,730.2,588.2,330.7,1020.2,672.5,557.6,709.2,1158.7,378.3,367.7,391.2,366.4,612.2,941.7,550.0,1190.7,710.5,726.6
2026-06-01 05:45:00,1125.3,1258.9,423.4,1141.3,702.8,354.5,913.3,1002.4,635.1,803.7,483.6,357.5,365.2,840.6,1037.1,419.6,577.4,1065.4,1023.6,745.0,1119.1,877.3,607.8,735.6,672.3,741.4,611.0,344.5,1010.8,645.1,594.6,735.1,1149.0,350.1,367.1,405.2,357.2,614.3,931.1,603.6,1129.5,689.4,714.3
2026-06-01 05:50:00,1125.5,1225.1,407.9,1214.5,679.5,349.6,938.2,978.4,656.4,806.8,469.1,360.0,375.3,860.2,993.8,442.7,559.2,1050.8,979.1,745.1,1102.8,939.5,605.5,774.2,710.0,764.0,631.8,347.1,1019.3,655.2,606.6,756.9,1183.5,354.7,371.3,417.7,373.5,613.2,973.0,608.7,1140.7,714.9,740.3
2026-06-01 05:55:00,1058.1,1212.2,427.4,1230.8,716.5,361.1,925.4,1013.1,655.5,788.4,487.6,379.3,393.9,870.7,991.6,453.4,603.5,1058.8,1063.8,732.7,1135.5,964.0,624.7,773.8,689.6,766.8,614.0,341.9,975.3,643.1,588.9,710.3,1111.8,364.5,366.4,413.8,364.3,650.0,918.7,591.0,1167.3,690.6,723.6
2026-06-01 06:00:00,1115.1,1233.9,407.7,1104.2,692.1,361.2,972.5,1014.2,640.7,838.8,495.3,381.2,386.2,965.9,1066.2,425.8,594.3,1159.2,955.1,751.0,1118.1,874.0,610.7,818.9,711.3,769.6,640.9,378.7,1045.8,645.9,587.4,742.6,1120.2,369.7,376.2,421.0,371.2,679.6,954.2,583.7,1206.1,673.8,752.3
2026-06-01 06:05:00,1129.8,1114.6,436.4,1153.1,726.0,367.6,912.9,1022.2,627.1,780.2,504.7,396.6,379.9,891.9,1055.3,425.7,625.0,1047.6,1030.2,730.2,1156.5,944.6,576.4,787.1,710.7,769.3,623.9,360.5,931.8,627.4,608.0,733.9,1112.6,360.0,384.2,444.9,386.9,614.5,958.0,586.8,1198.5,738.7,743.1
2026-06-01 06:10:00,1115.2,1229.8,434.9,1132.2,712.3,368.4,992.0,1058.8,648.1,796.4,480.0,391.9,413.2,875.4,1058.1,424.4,598.5,1116.5,1050.1,710.4,1107.9,909.6,640.9,798.6,702.0,767.7,625.3,358.0,1035.9,654.8,590.1,698.7,1114.7,374.2,385.8,426.4,360.7,619.2,976.0,586.9,1101.7,694.6,733.7
2026-06-01 06:15:00,1120.6,1213.4,454.9,1205.4,746.4,376.7,973.9,1067.8,659.7,875.9,498.2,389.3,399.2,890.4,1012.8,473.4,665.7,1145.1,1068.3,741.8,1121.6,951.2,638.8,803.2,734.0,792.6,667.7,369.2,1032.3,650.2,567.0,713.6,1144.1,363.0,399.7,424.0,400.4,645.5,968.5,590.5,1201.5,718.2,712.1
2026-06-01 06:20:00,1050.1,1214.0,441.2,1182.5,691.5,359.7,972.7,1062.4,664.4,853.0,497.6,404.3,416.8,865.9,1015.7,442.8,637.9,1108.4,973.3,743.0,1142.3,865.6,606.9,840.0,695.0,791.0,684.9,377.6,1071.4,673.7,566.2,711.8,1105.1,369.6,381.9,456.9,410.4,668.8,979.3,563.3,1172.2,686.4,742.2
2026-06-01 06:25:00,1103.2,1239.3,424.6,1151.2,686.6,348.7,936.2,1089.8,706.1,839.8,525.6,378.3,405.6,906.4,982.7,458.7,636.5,1123.3,1003.3,724.4,1022.8,921.3,619.1,849.4,714.2,846.0,643.6,368.1,989.4,644.5,584.6,689.0,1149.9,360.8,381.5,459.0,414.5,680.0,947.5,597.4,1195.1,711.1,719.4
2026-06-01 06:30:00,1078.2,1208.1,440.2,1176.8,706.9,371.8,961.0,1057.4,711.9,854.2,516.8,433.1,420.2,965.3,1075.3,455.8,649.0,1124.1,1048.0,732.0,1138.7,902.6,640.5,842.1,721.8,826.2,692.0,405.0,976.4,626.0,581.6,712.6,1159.4,383.3,377.1,440.2,392.7,695.4,956.5,582.5,1164.6,707.7,720.1
2026-06-01 06:35:00,1067.7,1166.2,411.0,1157.4,691.7,374.4,1030.7,1115.4,743.8,842.9,529.1,415.8,414.5,926.9,1052.2,478.7,606.1,1146.1,1045.5,743.5,1081.6,930.2,636.4,861.6,743.6,790.1,677.7,364.5,990.1,664.5,589.3,708.5,1093.6,382.1,405.9,468.0,408.6,701.5,981.2,588.0,1188.6,700.5,737.4
2026-06-01 06:40:00,1106.4,1198.5,415.9,1230.5,692.7,384.2,993.1,1093.2,686.8,878.9,523.5,444.7,434.5,945.3,997.0,447.8,635.4,1185.1,1044.5,718.7,1111.2,911.7,641.5,868.7,753.1,783.1,637.6,368.3,997.4,640.4,574.5,712.2,1110.7,363.0,416.2,446.4,403.2,704.0,895.6,575.9,1171.0,742.8,743.8
2026-06-01 06:45:00,1120.5,1201.8,431.5,1191.8,736.9,382.0,1011.7,1090.5,742.0,884.4,541.9,411.2,446.4,897.5,1095.7,438.1,683.1,1154.4,1077.7,707.1,1145.3,908.1,622.2,795.3,724.6,806.6,658.0,369.4,972.5,633.7,577.1,703.0,1111.2,380.5,395.1,455.6,393.8,740.9,969.3,590.9,1148.1,708.5,718.8
2026-06-01 06:50:00,1124.6,1198.7,398.5,1194.5,723.7,390.1,980.3,1086.0,746.9,886.9,535.4,412.7,434.8,918.9,1050.0,480.3,645.4,1277.2,980.3,698.1,1076.6,901.8,628.0,858.9,724.7,794.1,704.6,390.9,934.8,626.2,568.6,684.5,1117.1,390.1,396.3,453.5,416.7,700.2,891.7,605.3,1138.0,690.8,741.5
2026-06-01 06:55:00,1103.0,1195.2,424.3,1075.2,713.4,376.0,1008.9,1109.9,712.4,862.2,572.0,436.3,439.3,931.5,1056.5,468.9,653.3,1158.5,1000.9,704.3,1067.1,943.7,638.1,837.0,750.8,813.5,662.2,399.1,979.1,625.6,575.9,746.2,1114.5,402.2,437.6,465.8,400.5,746.2,948.9,583.4,1154.6,730.2,739.2
2026-06-01 07:00:00,1051.4,1220.7,410.3,1163.7,715.1,372.0,970.6,1186.0,731.9,906.9,572.5,440.8,456.7,906.6,1017.1,464.2,648.0,1229.1,973.8,738.4,1075.0,893.1,604.0,816.5,717.0,804.4,686.9,392.1,956.6,602.9,569.0,696.2,1145.5,378.5,432.2,483.3,429.5,776.0,958.5,548.9,1112.7,657.8,730.1
2026-06-01 07:05:00,1059.4,1139.5,422.8,1235.5,709.8,354.3,1017.4,1125.3,752.6,891.5,571.9,444.9,445.6,938.4,1082.8,480.2,688.4,1204.9,920.0,697.8,1024.7,917.1,616.1,842.0,776.7,823.6,701.6,404.0,921.4,613.4,548.9,714.9,1142.6,391.5,434.8,482.0,435.2,705.5,947.4,574.6,1138.2,663.4,736.3
2026-06-01 07:10:00,1065.6,1177.8,406.1,1205.3,757.5,373.1,1027.1,1092.5,727.8,884.7,568.8,447.1,440.8,944.4,1084.1,467.0,656.5,1194.1,969.1,705.3,1135.9,906.5,566.7,870.1,750.7,826.8,715.9,406.1,897.6,606.8,546.7,693.1,1077.6,383.1,424.1,468.9,444.0,699.9,916.1,575.3,1137.9,709.8,754.7
2026-06-01 07:15:00,1038.5,1210.1,423.1,1091.0,704.5,363.4,1026.6,1166.0,729.4,951.9,543.1,440.2,471.6,941.9,1067.1,482.3,638.1,1247.1,907.6,686.8,1058.3,908.9,574.5,889.5,730.7,840.8,713.2,398.2,1006.3,613.3,551.6,710.9,1121.3,405.8,430.1,485.8,436.6,752.7,935.1,567.7,1179.5,693.7,729.7
2026-06-01 07:20:00,1031.8,1097.8,415.9,1139.6,690.2,371.5,989.8,1121.4,721.4,982.1,574.6,432.4,469.8,921.8,1055.2,464.5,715.7,1140.4,943.8,680.6,1105.4,853.8,609.2,818.3,731.3,834.0,745.2,409.5,953.5,622.8,544.5,660.2,1137.3,390.0,418.8,490.8,426.9,767.9,896.2,552.4,1161.3,675.1,748.8
2026-06-01 07:25:00,1045.9,1157.2,430.8,1104.2,733.9,369.2,1006.9,1149.5,685.6,980.6,573.2,460.1,473.9,954.9,1152.3,473.8,637.9,1216.2,910.2,666.5,1036.4,894.2,608.9,868.5,766.3,818.1,696.3,403.5,939.0,615.7,560.3,669.8,1125.2,404.8,405.4,501.1,432.0,758.5,954.3,561.3,1201.3,691.4,731.6
2026-06-01 07:30:00,1011.7,1123.5,411.2,1198.6,709.9,373.1,1033.3,1120.7,741.6,948.9,594.7,442.1,487.6,915.8,1028.6,468.6,664.0,1177.4,957.9,682.0,1041.2,879.2,587.1,902.6,766.0,872.8,717.7,402.3,913.6,603.2,538.7,658.2,1085.8,394.7,406.8,494.1,438.0,713.2,933.0,572.7,1070.1,701.9,752.8
2026-06-01 07:35:00,984.2,1123.5,399.2,1142.7,755.5,366.0,1009.5,1186.5,726.1,927.0,604.9,444.0,493.9,911.2,1042.5,456.6,649.5,1189.3,916.8,664.7,1062.6,834.2,579.9,898.3,742.0,853.2,726.7,402.4,929.0,559.2,508.8,651.3,1070.5,378.8,425.0,501.1,457.3,726.8,878.4,550.1,1111.8,655.3,745.0
2026-06-01 07:40:00,986.6,1097.8,403.1,1102.3,698.0,376.4,1005.8,1122.9,719.3,935.7,602.9,461.0,485.9,958.0,1086.2,457.8,652.3,1188.8,882.0,696.1,992.4,854.1,580.9,762.2,756.6,829.6,733.4,412.4,874.9,577.8,509.0,663.4,1020.3,398.3,437.2,492.4,459.1,757.3,935.0,574.2,1155.0,671.3,719.3
2026-06-01 07:45:00,1010.6,1114.9,387.3,1123.1,724.0,335.1,1070.4,1191.1,753.9,951.9,622.8,475.4,475.5,885.0,1028.9,454.6,644.8,1171.9,949.2,663.5,1016.1,912.6,586.9,904.2,732.8,821.0,741.4,425.4,902.2,549.3,520.2,648.6,1044.9,384.8,423.4,480.4,439.8,781.7,896.8,537.0,1116.1,670.1,705.5
2026-06-01 07:50:00,984.6,1174.2,405.8,1028.1,725.6,365.7,981.4,1106.7,712.7,930.9,592.4,500.2,486.1,865.5,1023.7,462.8,654.6,1147.0,901.7,660.0,1039.6,838.1,539.6,871.2,751.5,805.9,709.8,396.1,896.9,595.7,531.4,621.0,1003.6,412.0,433.4,495.6,455.1,766.5,855.2,527.1,1092.7,671.5,726.8
2026-06-01 07:55:00,987.2,1062.8,405.2,1072.4,688.3,375.2,1040.2,1131.5,763.6,982.0,594.0,488.6,507.8,884.8,1090.7,451.8,684.1,1220.4,899.8,652.5,998.4,832.9,584.0,786.0,789.4,803.3,733.2,405.5,856.7,570.6,505.1,638.2,1078.9,419.8,424.2,511.7,436.0,782.0,909.6,536.3,1062.1,674.0,701.1
2026-06-01 08:00:00,989.7,1058.3,424.7,1102.6,680.0,380.8,969.5,1187.8,756.4,888.3,626.1,497.5,504.2,915.1,1070.2,462.8,625.4,1202.8,878.5,658.5,983.1,847.6,572.7,822.4,802.4,867.5,698.8,413.6,875.0,566.1,522.6,632.0,1027.6,404.9,428.9,512.7,449.4,783.3,915.4,503.5,1107.9,618.2,674.8
2026-06-01 08:05:00,952.3,1046.3,385.3,1121.9,707.0,366.8,1020.4,1143.6,736.3,938.6,612.0,488.5,496.8,935.0,1062.2,460.9,686.7,1192.6,929.4,675.4,1023.5,816.9,572.4,870.4,747.4,863.2,716.5,433.3,860.8,552.9,497.1,651.5,1025.6,388.8,434.2,455.7,439.3,802.3,859.4,532.2,1083.8,663.2,719.3
2026-06-01 08:10:00,977.9,1136.9,386.7,1023.4,699.3,375.2,1017.9,1212.6,743.1,970.2,606.0,486.3,495.9,878.0,1048.1,456.6,681.4,1228.6,899.3,621.8,1024.4,827.8,562.1,844.5,759.5,822.8,727.9,416.7,845.8,581.8,507.5,602.7,1001.9,395.6,440.5,503.0,447.5,754.4,869.2,523.2,1059.3,611.2,686.4
2026-06-01 08:15:00,960.2,1058.1,380.3,1066.9,654.3,357.0,977.2,1122.9,716.9,923.4,645.6,518.9,519.9,939.5,1016.0,455.0,667.8,1214.7,869.4,642.5,1021.6,807.3,536.9,817.5,755.9,869.5,736.7,401.0,845.9,558.3,507.7,615.9,970.5,397.5,426.2,485.9,433.3,784.5,853.1,535.4,1094.7,643.1,651.5
2026-06-01 08:20:00,907.9,1064.3,386.6,1104.1,655.9,353.2,951.7,1137.2,758.8,940.2,623.2,464.9,509.3,886.7,1024.5,442.4,657.9,1185.6,829.0,602.8,949.2,822.2,537.8,829.6,705.7,848.0,726.3,399.1,810.4,550.9,480.9,607.0,1027.5,405.4,446.0,498.5,425.1,816.6,862.0,494.1,1125.7,619.0,688.4
2026-06-01 08:25:00,976.8,1044.6,385.8,1017.6,623.1,356.7,924.7,1188.7,744.5,963.0,609.7,479.3,526.3,877.7,1024.4,444.1,658.3,1300.4,939.3,651.1,945.1,804.9,577.3,837.3,715.4,834.7,714.1,421.8,875.8,551.1,500.3,630.3,1013.7,388.9,417.2,471.5,427.0,764.3,861.3,528.8,1019.3,638.4,704.4
2026-06-01 08:30:00,916.1,1020.1,378.0,1063.5,681.8,348.9,959.5,1069.2,744.1,987.8,600.9,481.4,530.1,853.0,1047.0,423.3,677.8,1223.4,919.1,621.7,941.4,847.4,537.4,805.1,686.2,847.7,708.2,404.9,883.0,548.8,514.9,602.1,1019.2,394.2,435.2,484.2,450.7,767.7,859.9,515.6,1057.7,642.7,668.3
2026-06-01 08:35:00,878.1,1035.0,388.1,1050.6,660.0,338.6,987.4,1060.4,747.1,906.4,637.9,500.0,513.2,920.6,1028.0,441.7,613.1,1269.1,899.2,591.6,968.5,795.8,557.2,811.6,743.6,838.0,719.0,392.6,815.1,539.8,484.9,626.9,932.6,368.0,424.3,465.6,427.4,783.7,783.4,533.8,1036.2,626.6,668.5
2026-06-01 08:40:00,889.3,1111.4,366.2,1094.5,657.3,339.1,935.1,1083.4,719.2,902.2,617.0,473.1,534.1,860.1,980.7,427.7,657.8,1162.6,838.3,591.7,907.7,783.8,522.5,831.7,772.4,822.7,750.9,418.7,861.3,559.0,485.7,602.9,1016.0,388.4,392.4,481.3,436.6,755.9,810.9,503.3,1044.4,608.8,680.7
2026-06-01 08:45:00,884.4,1070.9,381.4,1026.2,622.5,330.7,963.2,1131.3,697.2,911.7,613.1,498.9,522.5,823.9,1026.0,439.5,625.9,1180.5,838.3,626.1,903.0,807.6,535.9,788.0,748.9,808.9,719.5,408.6,828.1,555.5,485.1,608.5,966.8,373.7,430.7,494.7,451.7,752.0,841.9,507.5,1057.3,592.1,656.7
2026-06-01 08:50:00,908.3,995.0,373.8,1020.5,629.6,345.1,912.0,1045.4,748.2,892.2,624.2,496.2,525.3,915.1,945.6,426.1,652.4,1122.6,856.2,577.0,908.8,745.5,525.2,767.2,722.4,807.8,706.2,388.8,824.2,533.8,479.8,615.5,986.3,381.9,399.8,490.4,453.3,769.3,795.8,508.4,1052.8,611.3,658.8
2026-06-01 08:55:00,894.2,1034.1,365.1,1044.5,637.1,337.5,941.3,1111.8,738.8,891.0,626.8,499.4,487.4,856.2,979.5,406.1,621.2,1148.2,818.5,608.6,896.7,811.8,523.9,779.3,714.9,767.0,666.2,385.4,788.4,516.9,476.0,570.6,881.7,367.3,405.9,512.8,424.1,769.6,816.0,465.3,987.6,600.1,673.7
2026-06-01 09:00:00,887.5,982.8,359.3,970.8,628.7,331.3,909.1,1103.0,708.7,901.2,619.3,498.6,506.7,860.3,948.5,458.9,642.3,1132.9,811.6,592.2,941.1,744.7,519.4,768.1,704.9,781.8,673.5,373.7,802.6,531.7,472.1,583.9,962.8,381.5,417.3,472.2,403.9,790.2,780.5,508.7,946.0,609.2,664.5
2026-06-01 09:05:00,908.4,948.3,386.5,997.2,639.2,326.9,932.8,1144.3,725.2,958.5,623.7,508.8,507.5,876.2,950.1,424.0,596.0,1249.3,868.3,593.0,933.4,789.7,543.8,769.5,730.2,839.1,680.4,390.2,825.5,514.4,448.1,592.1,942.9,381.6,395.2,464.6,422.9,749.3,814.0,487.3,985.9,591.1,651.0
2026-06-01 09:10:00,896.3,1026.1,349.2,983.2,643.4,335.1,914.5,1105.9,739.2,911.3,613.9,484.7,516.7,843.3,1024.2,442.4,589.3,1115.6,826.3,581.1,892.5,790.6,547.6,737.9,707.5,771.4,701.7,399.1,785.3,543.6,474.1,584.8,932.9,369.3,400.9,494.3,433.9,767.7,794.1,467.6,979.5,619.7,609.8
2026-06-01 09:15:00,891.3,1024.3,358.8,985.9,670.5,335.4,888.9,1076.8,732.3,916.2,613.5,492.0,522.9,846.0,918.8,414.3,614.6,1124.0,796.0,573.1,895.1,741.0,518.0,778.1,699.4,742.2,659.8,404.6,787.7,543.3,450.3,555.6,930.8,359.8,407.0,447.6,437.8,791.9,803.1,482.2,895.1,591.4,648.5
2026-06-01 09:20:00,889.7,1015.3,345.5,1008.4,622.8,314.3,897.1,1101.1,691.9,884.3,587.9,472.3,522.8,817.3,930.8,439.3,638.8,1075.5,843.3,578.4,827.1,738.7,504.7,787.0,670.2,801.7,687.5,395.9,790.2,527.8,468.3,587.0,911.5,373.2,386.8,471.9,411.7,786.9,793.8,497.3,998.9,602.8,625.4
2026-06-01 09:25:00,891.2,965.3,370.2,993.2,639.5,310.5,883.0,1067.6,668.1,922.5,631.0,467.5,523.9,827.9,961.8,400.6,617.9,1134.8,802.2,594.1,878.3,741.6,487.6,742.9,700.6,780.9,672.5,373.3,717.8,496.5,470.6,572.9,883.8,381.3,391.1,473.3,401.9,753.7,747.6,472.9,948.2,574.1,637.8
2026-06-01 09:30:00,816.3,969.3,358.6,948.9,599.2,329.8,866.3,1028.9,667.2,950.6,573.6,505.1,507.6,803.4,927.1,414.1,613.3,1079.2,764.6,576.3,919.1,753.7,483.6,741.1,680.1,776.7,672.6,382.8,804.7,505.3,464.5,571.5,883.2,382.5,387.0,431.2,410.4,756.5,825.6,476.7,956.1,591.8,595.9
2026-06-01 09:35:00,858.5,991.2,340.3,968.6,579.6,305.2,924.3,1000.2,683.5,870.6,598.2,466.2,527.5,797.9,937.9,395.5,614.9,1131.7,782.2,586.2,868.2,713.9,523.7,746.2,686.3,760.6,656.7,400.0,809.5,507.5,444.9,562.9,914.1,363.3,399.6,445.2,412.8,727.7,742.8,444.4,935.8,586.3,637.7
2026-06-01 09:40:00,808.3,976.2,350.8,1001.8,599.7,321.2,879.1,1010.7,715.3,934.7,565.9,484.9,543.2,795.6,966.5,437.6,587.9,1034.8,794.3,572.3,848.9,729.7,477.1,724.5,693.5,779.4,644.5,375.1,800.7,496.0,459.6,510.3,944.6,359.4,403.8,438.4,442.8,750.0,827.2,458.4,940.9,560.3,600.8
2026-06-01 09:45:00,862.9,949.3,346.4,929.5,573.3,329.0,824.0,1019.6,665.5,892.5,584.5,481.1,507.9,777.8,938.2,400.0,601.5,1081.6,809.4,584.8,909.9,721.7,489.9,761.3,635.6,787.7,632.6,387.0,812.3,502.6,450.7,571.0,934.7,339.9,370.2,465.3,415.3,772.9,716.9,478.3,977.8,543.2,620.4
2026-06-01 09:50:00,859.1,910.2,336.8,952.1,598.6,326.8,859.6,1018.7,663.4,877.3,572.8,487.8,501.1,793.6,900.7,410.0,576.2,1018.0,805.7,579.3,841.1,700.2,496.2,714.6,657.6,735.9,658.8,382.9,777.5,509.3,444.1,569.5,906.9,365.1,380.9,442.1,419.1,762.9,765.2,481.1,939.3,587.1,625.9
2026-06-01 09:55:00,883.6,956.3,348.2,937.5,580.7,316.4,893.6,941.5,658.2,881.2,581.5,445.3,498.6,788.2,903.6,402.6,576.6,1054.1,828.7,561.0,907.0,699.4,453.1,717.5,650.0,756.3,640.7,381.4,829.0,512.5,478.5,550.6,883.8,324.4,371.3,444.0,421.7,728.9,728.7,467.3,991.7,555.4,612.4
2026-06-01 10:00:00,884.9,980.3,343.0,936.4,556.4,314.1,844.0,992.1,655.1,874.8,581.4,478.5,508.0,790.4,915.3,394.1,574.6,1052.9,791.5,552.2,938.5,721.8,470.9,707.3,643.6,761.5,616.9,375.0,764.9,522.7,437.2,531.0,948.8,358.6,374.9,422.8,399.9,732.0,795.0,470.6,945.5,548.8,608.9
2026-06-01 10:05:00,857.6,912.3,339.8,887.9,618.2,326.2,896.3,992.3,660.7,906.3,555.3,462.4,496.2,781.2,912.0,397.7,564.3,1035.3,784.1,583.0,857.9,718.6,467.5,740.7,627.6,718.8,637.1,375.9,778.2,501.8,454.8,545.1,908.5,344.0,391.5,430.3,403.7,703.6,732.9,455.3,943.4,551.9,600.3
2026-06-01 10:10:00,837.8,961.4,335.9,968.6,574.9,282.4,830.1,1000.5,630.9,865.6,567.3,452.1,475.4,807.5,889.6,404.8,568.5,1030.9,823.1,551.5,890.1,697.3,475.4,709.2,630.7,759.1,692.7,348.7,774.7,496.7,467.5,568.9,903.1,316.4,373.3,427.5,402.6,694.5,728.9,459.6,914.5,538.6,573.8
2026-06-01 10:15:00,861.3,950.0,339.4,903.7,552.7,297.7,859.2,1025.0,672.5,859.8,587.4,454.0,476.9,781.1,892.9,394.1,561.4,1069.4,815.2,572.4,812.7,712.9,486.9,751.8,619.3,745.2,619.9,378.7,785.6,480.9,451.2,544.2,849.1,342.3,360.2,431.8,403.9,701.5,752.5,443.3,914.9,562.4,616.3
2026-06-01 10:20:00,834.0,959.3,336.2,949.7,593.9,307.8,867.2,975.9,643.8,829.3,537.9,468.6,510.9,748.1,887.4,385.7,549.9,1099.1,785.5,563.2,809.4,695.3,496.3,712.4,651.8,689.3,649.9,340.1,774.8,504.8,437.0,550.0,888.7,335.0,348.9,427.5,392.3,709.9,782.1,449.8,941.5,549.5,609.4
2026-06-01 10:25:00,846.1,960.4,333.5,900.7,562.9,295.4,847.1,937.5,689.7,854.7,541.7,461.3,511.6,758.8,870.2,387.3,555.7,1035.0,796.3,553.8,830.9,734.7,470.2,724.9,639.1,745.1,567.1,360.3,777.3,492.1,437.1,542.9,846.9,329.8,372.1,447.2,403.2,714.2,775.9,454.9,942.6,548.4,580.7
2026-06-01 10:30:00,870.1,914.4,325.5,897.3,591.5,307.9,796.5,905.1,614.9,803.9,566.1,446.5,513.0,776.2,851.8,400.7,556.9,991.3,777.1,567.8,870.3,702.9,471.7,689.6,633.7,681.1,605.6,353.9,763.3,495.3,425.2,552.5,932.3,329.4,353.9,434.1,400.9,692.3,741.8,432.9,914.6,564.2,524.8
2026-06-01 10:35:00,830.0,886.8,347.9,944.5,557.7,295.0,802.6,970.7,663.1,824.4,549.1,429.9,489.6,719.7,882.0,372.0,532.6,1012.6,760.0,582.7,847.8,726.6,475.2,672.7,587.9,687.2,623.7,345.3,768.6,489.5,444.5,524.8,853.5,329.8,348.1,399.8,382.0,698.0,738.3,485.8,919.8,545.3,600.3
2026-06-01 10:40:00,863.8,915.5,319.8,935.6,558.7,295.1,850.2,920.4,654.8,886.4,546.3,427.7,468.6,781.8,865.6,353.7,554.3,993.4,838.7,569.5,841.5,666.2,464.1,687.8,656.5,711.5,602.5,339.2,726.5,489.6,444.5,542.3,857.9,327.7,357.3,432.1,391.2,631.5,756.0,442.8,898.5,567.6,548.9
2026-06-01 10:45:00,860.0,953.8,333.7,911.6,571.6,290.1,797.3,963.6,616.7,749.2,556.4,448.6,473.3,716.8,800.5,360.2,536.1,1024.3,773.5,560.6,812.3,707.3,480.4,670.8,609.1,714.5,586.8,352.8,797.3,508.1,439.0,562.8,855.3,311.5,357.9,427.4,384.2,682.4,742.1,454.4,906.0,540.1,587.9
2026-06-01 10:50:00,818.3,912.7,325.7,924.1,573.7,286.7,836.6,972.6,612.9,810.0,523.2,418.8,455.0,750.3,828.6,359.1,544.2,1000.0,792.9,585.1,840.7,711.8,479.8,640.4,645.3,690.8,594.0,353.0,754.8,496.4,460.9,529.3,861.3,328.0,345.8,414.5,407.2,661.5,744.4,434.0,900.5,514.6,564.2
2026-06-01 10:55:00,866.9,907.5,345.6,893.5,574.7,285.3,798.4,885.1,599.3,805.3,523.8,430.8,451.2,727.7,833.5,358.8,527.2,938.9,750.0,529.6,826.7,695.3,434.0,698.6,623.6,671.8,608.3,341.4,767.5,520.6,441.4,539.3,887.4,318.6,337.7,423.1,384.6,644.1,738.8,409.5,897.5,523.4,583.5
2026-06-01 11:00:00,859.9,875.4,318.9,899.1,558.5,291.3,808.5,938.3,595.8,788.0,518.1,463.7,473.0,723.7,836.9,357.4,552.0,1012.1,803.0,538.7,818.9,686.1,480.8,675.5,602.6,675.6,625.0,337.3,754.6,480.6,421.2,560.6,869.0,335.8,359.7,423.0,376.3,673.6,755.1,472.9,921.7,524.8,556.3
2026-06-01 11:05:00,844.9,974.0,320.2,879.8,567.2,281.2,768.3,953.6,608.8,783.4,519.0,431.9,473.6,693.9,868.8,364.8,547.6,1002.6,757.3,549.4,816.3,693.4,472.8,657.7,640.9,669.6,602.5,351.1,793.2,516.2,461.8,555.4,869.3,327.1,350.6,399.9,363.3,688.7,751.2,450.2,892.2,537.3,572.3
2026-06-01 11:10:00,823.3,947.9,317.5,920.3,569.4,295.1,783.7,941.2,605.7,785.4,541.8,432.4,489.8,739.3,915.5,366.2,513.1,1012.6,825.6,580.9,846.1,711.5,474.1,676.6,611.3,690.8,571.8,331.9,767.8,490.3,426.5,550.4,886.3,326.6,351.9,388.6,355.8,655.3,774.8,419.8,875.5,558.9,541.8
2026-06-01 11:15:00,821.3,946.1,329.9,876.1,558.9,291.6,774.3,851.7,573.0,772.5,490.9,406.6,458.1,689.7,770.8,364.5,535.6,949.3,828.8,573.0,822.9,670.3,486.5,667.4,594.3,662.4,573.5,333.7,724.1,497.2,449.2,549.3,827.7,333.5,336.4,407.8,370.7,668.5,726.7,435.1,884.2,536.7,570.2
2026-06-01 11:20:00,830.0,951.5,313.1,933.3,552.0,294.6,797.7,881.5,639.9,778.8,495.4,401.6,437.3,684.4,837.0,352.7,547.8,968.2,800.3,528.7,840.9,709.8,444.3,692.2,589.0,654.4,570.7,330.3,789.0,505.9,451.1,549.2,886.5,321.5,329.9,389.0,344.2,639.0,726.6,476.7,883.0,529.4,568.8
2026-06-01 11:25:00,858.1,940.8,321.7,884.1,529.3,274.8,791.8,866.1,591.0,758.0,489.5,423.9,450.9,738.3,828.5,370.0,508.0,921.1,790.4,550.4,796.5,701.6,451.5,670.4,612.0,635.1,556.9,355.0,765.9,514.4,441.9,539.5,870.4,311.8,331.4,399.8,378.2,682.7,739.2,455.3,901.8,527.6,580.3
2026-06-01 11:30:00,821.0,918.3,305.2,892.3,562.2,269.3,798.1,911.1,593.9,811.3,528.5,407.7,445.5,750.0,819.9,363.8,507.2,949.4,784.1,535.9,854.1,689.5,468.0,656.6,582.0,650.0,566.5,320.6,784.2,515.7,455.8,561.5,848.8,288.1,320.0,382.3,336.5,609.0,737.1,414.1,874.7,540.7,559.2
2026-06-01 11:35:00,857.4,921.0,328.6,911.5,552.2,283.1,773.3,904.6,578.9,755.1,494.7,422.8,439.6,696.0,835.6,373.8,530.4,958.2,788.3,557.9,847.9,690.5,436.2,671.5,582.8,656.9,562.0,335.4,805.8,516.1,444.9,536.3,870.8,313.1,330.6,404.2,345.7,633.6,761.3,442.1,919.4,538.3,571.5
2026-06-01 11:40:00,815.9,914.3,321.4,891.4,543.9,307.1,760.9,818.2,582.7,769.9,496.1,407.5,447.6,730.1,823.9,364.9,496.9,925.3,800.3,574.3,836.6,696.6,465.8,655.4,577.1,634.5,544.0,309.1,764.4,498.0,439.6,528.1,870.7,325.9,325.9,382.0,365.6,646.3,719.3,446.7,882.1,544.1,559.5
2026-06-01 11:45:00,843.7,1000.3,311.9,882.6,571.3,292.8,785.2,879.3,578.7,738.2,474.0,446.2,424.0,724.5,809.6,351.2,503.5,949.5,794.0,576.2,847.2,730.2,480.8,658.1,572.7,620.3,576.2,315.0,788.2,529.4,417.3,522.3,800.0,317.1,330.7,386.7,352.8,628.1,771.9,456.6,931.3,520.1,573.5
2026-06-01 11:50:00,853.2,943.5,337.2,889.7,526.2,277.0,755.1,905.7,582.7,770.8,491.4,395.0,438.8,704.6,817.6,367.9,498.4,941.4,816.7,565.2,867.7,703.4,474.6,677.1,572.2,671.7,567.1,320.0,773.0,512.4,422.6,535.6,905.0,303.3,330.8,384.4,353.5,651.3,738.1,449.8,890.4,567.1,572.2
2026-06-01 11:55:00,914.6,916.2,314.0,914.5,576.4,284.9,802.8,885.8,580.4,762.9,505.5,402.9,442.7,733.9,829.0,356.2,524.2,921.1,773.0,554.4,808.4,677.0,470.4,629.0,614.0,631.1,547.4,320.5,816.8,459.6,483.4,536.1,901.6,307.7,330.2,369.7,342.8,583.7,772.0,427.0,904.3,525.8,580.4
2026-06-01 12:00:00,818.6,943.5,334.9,873.2,548.7,287.1,773.7,883.4,592.6,752.8,493.9,386.5,449.8,701.4,825.5,361.1,500.8,970.1,833.1,561.0,848.0,688.4,466.3,633.8,599.3,623.4,558.9,317.9,797.3,506.3,457.3,535.6,837.0,301.3,322.6,397.1,347.2,617.4,803.5,442.4,917.3,521.3,545.5
2026-06-01 12:05:00,893.7,903.7,320.6,888.0,554.2,269.2,767.6,867.8,580.8,717.7,486.2,407.1,432.7,715.2,817.8,359.6,506.0,922.0,788.3,575.2,814.5,674.4,464.0,641.5,584.7,677.8,538.7,318.5,797.2,501.2,465.3,529.0,852.6,308.5,315.8,398.1,354.3,612.2,771.1,439.3,924.3,550.8,563.9
2026-06-01 12:10:00,862.0,975.8,343.6,892.2,542.4,292.1,784.9,847.7,587.3,721.2,462.7,398.0,439.5,677.3,798.1,350.2,497.9,930.0,782.6,604.7,851.4,659.7,463.6,643.6,570.1,662.4,544.2,311.9,770.4,503.6,483.4,555.5,909.3,300.5,312.5,380.5,337.3,612.2,763.6,462.5,909.3,546.5,570.5
2026-06-01 12:15:00,871.0,916.9,335.7,915.9,521.5,279.0,771.5,873.4,573.5,772.6,478.6,379.6,418.1,677.9,880.2,352.1,526.0,883.6,811.4,546.1,844.3,676.0,474.3,670.7,569.1,664.5,563.4,329.8,820.9,519.6,445.8,534.9,892.8,317.8,327.9,372.4,342.1,582.8,776.4,445.8,963.9,522.3,596.8
2026-06-01 12:20:00,866.0,951.6,318.9,891.0,546.8,279.6,734.2,873.7,576.2,716.3,483.5,385.2,417.5,727.9,819.8,349.3,494.6,936.9,815.3,594.7,852.1,704.2,449.8,620.1,571.6,653.3,558.6,307.2,826.8,516.2,450.0,560.9,887.3,305.2,326.6,377.4,343.8,604.3,746.3,446.5,895.0,544.0,600.0
2026-06-01 12:25:00,877.1,969.8,320.4,943.4,554.9,280.5,747.5,887.1,566.9,745.0,465.3,403.0,436.0,714.8,829.2,341.4,485.6,907.7,765.4,573.4,876.5,730.0,493.3,646.6,608.3,667.9,541.2,323.0,789.9,502.7,430.8,565.2,890.5,306.1,311.2,373.4,339.9,601.4,760.8,451.5,855.8,527.0,543.7
2026-06-01 12:30:00,864.4,953.0,336.1,891.9,561.0,290.0,796.3,888.1,587.0,708.3,487.2,399.9,399.8,700.3,798.1,327.6,484.5,945.9,798.4,584.9,877.9,725.7,462.9,636.2,581.9,658.8,553.9,321.7,815.3,538.1,450.7,597.6,891.0,295.9,338.1,378.0,349.5,610.1,741.7,444.3,897.0,541.3,557.0
2026-06-01 12:35:00,909.4,947.3,328.2,891.1,547.0,274.1,773.5,871.2,574.4,749.2,488.8,367.6,409.9,743.8,815.0,342.7,516.6,882.2,759.9,575.8,887.2,681.8,482.2,679.7,589.4,634.5,546.7,305.7,829.1,496.8,451.8,548.8,855.1,299.4,332.0,374.0,345.7,623.8,745.3,477.9,921.2,539.2,525.5
2026-06-01 12:40:00,862.6,947.7,329.9,894.5,514.6,266.2,732.6,896.7,565.4,710.7,467.2,377.0,427.0,743.9,814.9,352.0,517.3,929.2,799.3,598.7,851.5,691.1,476.5,663.8,579.6,620.1,530.9,310.6,872.6,497.6,452.3,555.4,870.7,292.5,313.6,366.6,339.2,604.3,768.5,473.9,914.0,577.4,606.4
2026-06-01 12:45:00,907.7,948.7,345.1,865.3,526.1,283.5,779.8,857.9,564.1,703.3,483.6,401.7,408.6,713.6,764.3,361.2,524.4,856.6,803.4,582.2,882.6,690.0,460.0,651.4,560.7,615.5,543.9,313.6,831.3,503.8,473.8,547.4,914.8,315.7,325.8,389.1,322.2,608.4,766.1,476.0,876.2,559.9,575.3
2026-06-01 12:50:00,864.3,936.9,325.9,874.8,586.4,263.8,758.9,829.7,564.8,707.5,470.5,377.8,406.0,674.2,793.7,358.2,486.2,932.9,829.5,567.3,880.4,656.9,496.2,665.8,577.8,637.1,553.2,328.9,825.3,529.9,471.0,542.1,908.5,298.1,321.7,373.4,351.0,622.2,776.5,444.2,896.9,555.9,580.8
2026-06-01 12:55:00,883.4,943.8,335.2,890.6,535.1,278.8,752.0,879.4,566.7,709.9,487.1,380.6,404.7,703.4,793.8,347.1,501.8,910.7,806.1,588.6,860.5,710.7,494.5,621.7,557.5,618.5,550.8,309.4,825.3,531.0,475.7,556.8,901.5,304.2,325.4,397.2,329.1,619.7,772.4,467.6,886.5,552.3,566.6
2026-06-01 13:00:00,860.2,1002.8,344.9,938.2,578.0,291.7,746.3,870.2,564.9,729.7,498.6,389.0,407.9,689.0,797.8,343.0,542.2,926.3,815.4,602.7,876.4,733.8,457.7,687.1,596.9,624.3,517.8,346.6,830.7,514.7,447.8,552.8,879.5,288.7,324.4,376.3,356.0,554.6,765.7,475.3,893.0,520.9,573.2
2026-06-01 13:05:00,904.9,960.7,344.6,908.9,539.8,287.0,796.7,880.0,556.1,721.7,453.6,361.4,418.3,709.5,787.2,348.5,501.0,898.8,865.4,585.5,873.2,713.6,480.8,631.9,563.6,636.8,548.1,319.6,856.4,520.5,467.2,548.1,926.9,291.7,329.2,370.3,329.1,610.7,796.8,451.7,911.4,545.7,594.1
2026-06-01 13:10:00,935.8,944.8,336.0,899.1,553.5,291.4,728.6,834.4,578.4,695.9,479.0,364.9,415.0,688.9,815.4,340.5,497.3,889.3,888.5,551.4,916.9,694.2,486.4,673.5,567.0,666.7,545.8,315.5,819.1,532.4,473.7,574.6,877.4,300.7,337.1,371.5,339.9,609.8,764.1,451.3,929.8,537.1,558.0
2026-06-01 13:15:00,899.1,956.6,335.9,948.9,568.3,288.3,755.8,914.4,579.4,718.5,485.8,371.0,402.8,684.6,849.7,328.8,505.8,903.7,817.4,588.6,905.2,706.0,454.9,660.6,591.5,611.2,514.4,320.4,869.4,517.9,497.4,554.6,947.5,300.4,325.8,370.5,343.6,590.4,787.8,455.7,900.0,545.1,558.1
2026-06-01 13:20:00,900.2,1008.0,322.4,960.9,545.5,304.1,779.2,886.9,595.7,694.1,453.3,387.4,414.7,663.2,820.0,335.2,514.7,921.4,870.6,595.1,878.6,720.1,455.8,655.9,566.0,641.2,532.4,296.1,810.9,550.7,475.0,585.4,891.2,305.7,328.2,373.4,335.0,586.3,812.4,450.9,905.9,549.2,575.1
2026-06-01 13:25:00,879.7,1000.0,330.6,956.1,587.6,279.2,814.5,861.6,555.4,732.4,458.3,384.7,404.7,716.6,789.3,366.6,514.9,932.6,858.9,595.3,880.7,747.1,476.4,675.5,575.0,617.1,553.9,323.2,871.9,566.0,473.3,593.1,891.0,322.1,337.5,377.1,340.1,574.0,805.8,488.5,946.7,521.4,581.3
2026-06-01 13:30:00,908.5,1001.2,346.1,901.0,563.7,288.3,792.0,845.6,577.2,736.3,457.8,380.7,410.0,665.4,794.5,372.3,498.4,925.9,808.9,590.2,921.3,729.4,471.3,672.5,533.7,631.2,569.0,299.9,883.8,540.5,493.6,565.9,919.8,285.8,318.3,362.1,334.0,559.3,792.1,489.3,906.7,546.9,592.7
2026-06-01 13:35:00,875.7,981.7,342.9,914.4,571.9,281.9,760.8,899.3,533.9,718.1,463.8,370.7,386.6,709.6,812.4,361.2,499.6,892.7,837.5,626.0,936.1,750.7,477.2,656.4,574.9,660.6,519.8,320.6,885.1,552.0,476.8,608.4,929.1,313.6,314.8,363.4,356.0,608.8,753.7,473.3,909.2,555.8,585.3
2026-06-01 13:40:00,899.3,1011.3,346.6,982.6,561.4,294.6,818.2,843.6,580.9,724.7,460.4,384.4,419.0,733.4,788.6,353.3,504.8,970.4,784.2,562.1,912.9,738.3,475.2,647.4,592.0,627.2,563.4,307.1,876.1,551.1,489.8,593.9,930.3,309.7,330.8,384.0,339.1,607.3,792.5,479.3,1000.4,571.4,572.2
2026-06-01 13:45:00,936.0,979.9,358.3,942.5,579.1,286.7,752.2,933.1,542.6,757.0,462.5,369.8,400.3,704.9,833.2,339.9,499.1,930.2,875.7,610.1,926.8,748.9,495.1,659.6,571.8,639.6,517.1,305.4,884.4,575.1,492.0,588.5,895.2,300.0,312.9,381.3,336.0,592.0,856.1,472.7,927.8,545.1,582.6
2026-06-01 13:50:00,971.8,996.6,336.7,932.2,597.0,303.0,792.3,859.3,551.4,716.3,477.0,377.7,364.4,699.2,861.5,353.8,492.3,905.2,843.9,613.6,949.3,726.2,485.9,656.8,593.8,648.6,571.8,329.9,868.5,587.9,480.7,561.3,948.7,302.3,317.4,358.2,339.9,606.6,803.0,518.6,895.2,547.3,594.8
2026-06-01 13:55:00,1019.3,1039.1,348.3,964.3,569.9,284.5,799.8,922.4,574.6,699.9,438.9,381.2,416.4,723.6,816.0,363.0,540.1,935.9,880.5,653.7,913.5,735.6,518.4,667.7,585.1,660.7,545.7,312.7,854.3,552.7,480.8,565.5,969.4,317.2,340.6,382.3,349.2,612.5,813.3,481.1,916.2,548.6,605.9
2026-06-01 14:00:00,928.8,1041.7,354.6,977.0,604.2,302.3,769.6,874.1,559.2,733.6,451.9,389.8,396.4,709.5,834.8,366.3,507.3,933.1,950.0,618.2,925.6,726.4,506.8,682.9,606.0,637.8,538.9,299.7,895.9,562.4,492.6,627.7,944.4,307.1,309.7,386.4,342.1,562.6,822.0,482.3,899.0,560.3,614.6
2026-06-01 14:05:00,991.8,990.6,346.9,936.5,566.2,296.3,809.5,922.8,557.9,697.5,475.1,370.3,391.4,734.3,824.9,365.8,509.4,923.1,929.4,630.2,941.9,772.6,518.7,674.0,575.5,674.6,557.6,323.8,896.2,579.7,489.4,626.6,907.6,305.5,330.2,380.4,340.4,599.6,832.9,490.8,1008.6,549.2,594.4
2026-06-01 14:10:00,963.3,1000.0,371.6,963.8,592.5,291.9,783.3,863.8,563.7,718.5,473.8,367.0,388.7,710.3,822.6,372.6,511.3,922.0,871.6,627.8,921.5,756.3,483.4,670.5,585.9,643.0,537.0,303.6,924.5,574.3,476.3,635.2,950.9,299.5,313.8,359.4,324.4,591.5,810.8,475.8,963.9,593.9,589.3
2026-06-01 14:15:00,957.5,1035.5,368.0,989.1,590.4,298.1,814.9,886.2,585.8,711.2,451.6,385.5,401.0,733.6,846.3,381.7,516.5,960.1,870.1,630.8,986.6,684.3,502.3,656.0,565.9,662.9,562.8,328.7,900.9,556.0,512.4,643.5,929.6,302.4,332.9,363.8,351.3,604.3,850.6,502.1,940.8,587.4,588.7
2026-06-01 14:20:00,980.0,1091.8,363.3,933.6,565.8,296.9,756.9,909.7,558.5,710.2,474.8,386.6,385.2,731.2,827.9,357.6,526.1,983.5,937.5,666.1,931.7,782.5,516.8,678.0,592.3,651.6,553.6,316.3,914.2,543.7,513.1,638.4,911.6,299.8,347.9,379.3,343.7,600.7,846.8,522.4,992.8,624.0,629.2
2026-06-01 14:25:00,974.8,984.0,381.7,972.7,591.1,299.0,812.3,908.7,575.1,721.5,486.1,365.5,389.0,741.8,827.5,393.8,513.8,880.5,880.3,615.1,951.3,798.4,524.5,639.8,588.4,672.0,493.5,305.1,922.9,567.9,496.1,621.0,957.2,320.4,320.6,402.2,336.3,612.2,797.8,501.2,1032.1,570.8,603.0
2026-06-01 14:30:00,981.8,1058.7,347.8,944.9,590.3,295.3,797.4,923.4,571.1,748.2,467.5,359.6,389.4,782.0,810.2,342.6,540.7,975.4,940.0,627.2,1009.9,761.2,510.3,660.5,615.3,699.6,545.2,325.9,935.8,587.3,497.5,630.6,1026.5,305.8,310.8,375.5,344.9,571.0,781.6,518.9,982.1,598.3,600.1
2026-06-01 14:35:00,972.1,1012.5,366.2,954.0,578.0,292.3,838.7,883.9,593.6,754.5,454.8,385.9,392.7,753.3,856.9,357.5,534.1,944.3,993.5,658.3,906.9,795.9,515.4,691.9,589.1,656.3,563.7,323.9,951.4,577.9,520.8,611.0,982.0,303.1,336.3,389.6,356.7,624.3,837.4,479.6,1041.3,565.1,620.5
2026-06-01 14:40:00,948.2,1041.9,372.4,971.7,602.6,296.9,813.1,902.5,595.9,752.4,482.1,354.5,390.3,763.8,886.5,369.8,523.7,953.7,942.0,652.4,972.3,784.2,520.1,700.6,595.1,663.8,580.3,299.4,903.4,569.4,543.3,631.8,982.0,317.2,327.6,376.4,350.6,592.5,824.9,497.9,988.3,615.7,650.8
2026-06-01 14:45:00,949.1,1056.6,360.3,1008.2,602.0,286.2,848.5,937.5,550.9,741.5,495.1,354.4,406.9,741.9,881.3,375.3,518.2,988.9,961.4,645.5,952.4,743.3,524.6,685.1,593.0,658.0,569.9,320.2,954.6,581.0,535.0,645.1,1017.1,309.0,333.3,404.6,364.5,600.9,868.9,517.0,968.6,589.2,606.8
2026-06-01 14:50:00,1020.3,1060.9,376.0,990.0,601.3,310.6,834.1,888.0,603.3,730.5,459.2,370.9,400.4,765.0,905.9,368.8,548.3,878.0,963.4,653.3,977.2,845.1,566.9,692.8,608.4,657.6,584.2,324.7,934.5,627.1,540.8,649.1,1020.0,332.9,340.1,386.7,354.2,572.9,856.1,489.7,1064.7,594.9,638.7
2026-06-01 14:55:00,997.6,1063.2,362.4,985.8,604.7,293.2,822.4,926.6,576.3,686.2,473.4,374.6,402.4,757.5,853.7,367.0,530.7,981.2,922.8,676.4,947.2,798.0,540.5,699.6,647.0,658.0,553.2,325.3,962.5,577.3,520.0,635.7,963.0,319.9,343.4,373.5,326.2,604.6,883.0,526.6,993.7,622.7,622.5
2026-06-01 15:00:00,993.2,1086.8,384.8,1012.8,607.6,304.1,849.2,908.9,593.5,749.0,489.6,362.3,405.6,768.6,898.1,399.1,515.7,998.7,951.6,671.6,977.3,812.4,539.2,709.5,549.0,674.6,583.2,322.3,990.8,594.9,534.2,602.6,1069.9,322.9,345.0,379.4,360.5,607.9,888.2,519.6,1004.2,625.2,636.8
2026-06-01 15:05:00,1016.6,1075.1,391.2,982.0,605.9,313.8,853.6,924.6,575.0,692.6,477.0,377.5,397.8,787.0,851.2,370.0,554.6,945.9,920.9,651.3,994.6,796.9,521.2,694.6,615.4,662.2,585.9,332.6,892.8,594.2,528.3,615.9,1024.8,324.4,340.3,379.9,330.3,608.7,853.7,532.1,1059.5,588.9,653.9
2026-06-01 15:10:00,1045.8,1050.4,384.4,1036.1,618.8,317.2,849.9,925.6,600.7,703.1,451.7,378.9,387.4,764.6,903.7,366.5,528.9,929.6,989.7,673.8,1006.4,809.4,524.5,681.7,641.1,665.9,547.4,332.2,992.1,642.0,521.5,657.9,1052.3,329.5,346.6,393.3,364.0,598.6,875.3,526.6,1034.4,608.3,665.4
2026-06-01 15:15:00,1031.8,1130.3,362.1,1063.7,607.8,294.6,784.5,905.7,642.3,745.3,484.5,371.4,422.1,771.2,933.6,399.3,557.5,1022.6,926.2,671.4,1031.6,825.2,544.3,714.3,612.8,619.4,597.2,328.3,957.8,582.2,538.8,642.1,1011.6,332.4,341.8,385.4,360.5,591.8,874.8,530.6,1035.8,640.0,635.5
2026-06-01 15:20:00,1010.6,1135.3,374.4,1032.3,673.0,312.1,822.0,924.9,601.6,757.9,465.7,400.9,412.4,773.5,907.9,391.7,504.9,927.7,982.0,685.2,939.4,799.9,569.6,751.6,635.6,716.3,586.5,327.1,940.2,597.4,524.2,668.4,974.8,327.4,341.9,389.4,370.3,628.3,919.2,494.2,1037.1,610.5,664.1
2026-06-01 15:25:00,1073.5,1144.1,394.2,1034.3,600.4,319.0,887.0,940.9,593.8,744.8,463.0,383.8,421.7,777.4,944.4,396.7,542.8,996.4,998.7,672.4,1011.1,872.3,550.7,694.1,651.2,725.3,578.6,332.3,955.8,615.6,528.6,634.5,1037.3,318.8,346.9,420.2,358.7,586.5,893.8,521.2,1029.9,626.5,657.9
2026-06-01 15:30:00,1089.0,1069.6,390.0,1058.2,619.5,317.0,824.1,938.8,600.7,793.2,458.1,393.0,415.8,798.1,888.3,388.4,571.0,1019.4,955.6,657.3,1014.6,855.4,554.4,715.1,627.1,708.3,581.1,326.4,941.8,619.9,535.8,688.7,1011.6,329.0,354.8,391.9,358.6,636.2,936.7,549.8,1062.4,634.4,664.9
2026-06-01 15:35:00,1059.3,1136.8,360.1,988.2,624.5,331.2,884.0,991.3,581.1,772.2,502.3,364.7,398.8,789.8,906.1,372.3,554.8,1006.0,952.7,698.8,1022.8,851.7,547.5,713.5,623.4,680.1,571.0,323.7,989.8,640.0,539.8,646.0,1088.3,332.9,343.8,402.9,370.4,655.5,942.5,521.1,1077.8,654.3,685.2
2026-06-01 15:40:00,1078.3,1154.8,408.4,1075.1,676.8,312.3,884.5,980.6,637.6,759.4,474.7,365.9,376.9,839.2,889.8,391.5,567.8,1016.3,972.4,699.2,1030.5,839.2,533.5,778.5,657.3,675.6,603.6,324.3,947.4,640.2,547.0,697.2,1011.5,317.8,354.7,399.5,346.1,668.2,907.2,530.8,1060.7,643.8,650.3
2026-06-01 15:45:00,1090.4,1101.6,397.3,1162.7,616.0,302.2,852.1,965.3,619.9,800.8,493.8,389.4,391.8,872.7,921.2,374.9,545.7,996.8,954.4,719.8,1008.2,827.5,573.2,709.1,652.5,672.9,600.9,336.3,1015.8,610.0,515.4,639.2,1062.1,314.8,349.4,404.2,360.9,608.8,898.4,542.2,1091.5,629.9,683.6
2026-06-01 15:50:00,1090.4,1141.8,387.8,1065.3,653.3,331.8,823.7,940.3,598.0,808.9,499.5,407.0,415.9,798.6,933.0,397.8,569.9,1024.3,988.4,665.7,990.1,877.0,564.2,730.8,645.4,723.6,609.2,330.3,1003.0,630.9,535.9,685.2,1085.0,325.6,348.4,415.0,359.7,643.4,894.2,546.0,1091.9,600.3,674.9
2026-06-01 15:55:00,1077.2,1142.0,411.3,1070.8,653.5,320.5,866.1,943.8,601.8,788.4,495.6,375.3,408.2,824.3,931.6,405.0,567.3,994.3,959.5,694.0,1049.2,870.1,578.9,730.5,662.2,741.0,603.4,339.2,991.4,623.4,579.2,656.6,1083.9,319.9,369.5,382.0,359.4,624.5,941.3,565.9,1096.3,654.6,699.3
2026-06-01 16:00:00,1079.5,1213.8,393.0,1104.1,658.7,310.3,941.5,1030.8,624.4,762.3,499.9,390.3,405.8,847.3,923.0,412.4,574.7,1003.9,964.2,692.8,1015.0,847.7,576.5,714.9,672.9,721.6,609.1,356.4,926.1,619.5,554.6,677.6,1058.3,336.8,364.3,413.1,359.7,661.8,922.0,560.1,1079.3,647.6,687.2
2026-06-01 16:05:00,1079.5,1220.8,394.5,1138.7,680.0,327.9,868.3,949.1,645.1,771.6,503.5,375.9,381.6,819.8,927.8,400.7,608.9,1028.5,1007.8,691.4,1062.5,833.3,559.7,717.8,656.8,740.7,603.4,342.4,948.6,648.6,565.5,701.9,1020.9,335.8,366.4,408.8,369.6,649.1,907.5,547.2,1081.2,681.8,679.2
2026-06-01 16:10:00,1030.0,1100.1,408.7,1121.9,683.1,343.5,875.1,987.8,609.3,754.6,502.3,383.6,414.0,806.2,956.8,413.2,599.7,985.6,1012.0,669.1,1023.5,823.6,582.7,764.2,667.7,736.0,632.0,347.9,986.5,635.3,564.4,700.4,1033.2,346.7,354.1,418.0,377.8,639.2,955.5,531.4,1110.1,661.5,703.6
2026-06-01 16:15:00,1089.4,1248.1,427.6,1024.0,653.5,320.5,874.6,1000.9,655.9,792.1,491.3,396.2,402.4,879.1,947.8,395.5,594.3,1057.3,986.6,680.7,1078.1,868.2,558.5,771.7,675.9,713.6,626.9,346.0,988.9,661.6,556.8,666.8,1060.9,355.1,363.8,415.6,388.5,630.6,958.5,613.5,1062.6,642.0,677.2
2026-06-01 16:20:00,1025.0,1132.3,427.1,1117.9,669.6,358.3,939.7,986.6,636.6,772.4,492.5,389.9,408.6,857.3,924.5,420.7,597.9,967.5,947.5,710.3,1057.2,863.7,587.0,747.2,660.0,757.0,622.5,364.1,1018.1,641.1,544.8,672.7,1042.7,352.8,375.3,418.0,370.7,644.5,908.5,564.2,1202.5,631.3,683.8
2026-06-01 16:25:00,1044.2,1201.3,413.0,1188.8,631.5,328.2,905.1,971.5,624.1,794.1,506.5,382.1,430.2,852.4,908.1,419.4,571.1,1062.8,1032.9,695.2,1061.9,903.8,584.1,796.5,697.1,759.9,620.4,369.9,903.8,650.2,551.1,654.3,1089.1,356.3,374.9,426.7,371.9,642.1,947.1,580.6,1026.3,655.0,679.5
2026-06-01 16:30:00,1112.4,1203.4,415.4,1128.4,673.9,339.2,899.5,983.6,636.7,812.9,508.9,383.8,408.5,885.6,950.7,403.5,582.2,1071.9,985.2,689.3,1055.7,901.1,614.2,716.4,655.9,721.1,593.2,349.5,967.6,581.3,594.0,650.9,1069.1,363.8,401.6,418.3,346.2,658.5,955.2,525.9,1094.9,668.0,684.9
2026-06-01 16:35:00,1098.0,1136.4,420.6,1073.1,658.8,327.6,960.7,996.5,683.5,763.0,520.2,379.0,411.6,872.5,932.7,422.3,566.5,1038.1,1060.9,738.0,1052.5,878.1,573.4,743.3,678.0,765.5,592.6,364.3,1014.5,634.7,552.5,671.7,1053.9,352.3,377.5,453.0,397.1,663.2,987.9,561.2,1134.1,665.2,643.2
2026-06-01 16:40:00,1119.0,1190.4,396.3,1124.5,673.9,342.0,942.5,997.1,626.0,785.0,533.5,409.6,427.9,855.7,953.5,431.5,574.4,1029.9,995.3,758.6,1059.5,876.8,566.8,757.3,700.1,748.3,626.7,381.1,978.9,641.2,590.7,672.0,1051.4,329.7,369.6,417.9,367.0,655.4,936.3,561.6,1144.3,640.0,692.6
2026-06-01 16:45:00,1062.3,1170.6,420.6,1075.4,645.9,341.8,905.4,1065.2,642.5,808.1,524.7,413.3,438.9,835.6,970.3,421.0,584.4,1062.4,1003.2,707.3,1106.0,850.0,584.3,780.2,666.2,749.9,661.6,348.1,973.9,642.6,554.8,659.0,1047.3,340.8,374.3,451.4,390.3,657.3,941.8,561.4,1094.0,611.4,704.2
2026-06-01 16:50:00,1033.5,1194.9,404.2,1162.7,691.1,329.3,901.3,1029.7,679.6,824.1,509.6,415.5,424.7,851.8,983.2,411.8,603.1,1102.3,985.7,676.7,1019.8,909.7,603.7,773.7,709.7,768.8,627.3,373.4,938.7,661.5,556.3,686.3,1099.2,367.0,371.6,419.0,390.4,686.8,960.9,583.3,1102.7,649.7,724.1
2026-06-01 16:55:00,1061.9,1184.0,417.9,1091.7,650.3,375.4,972.8,1019.3,668.7,817.8,490.9,399.3,451.2,899.5,972.2,426.5,584.5,1098.7,1005.1,717.0,1048.7,881.2,544.1,783.2,699.1,772.2,631.6,345.7,1015.9,643.2,562.7,690.0,1077.7,365.6,376.0,434.3,400.8,692.3,978.2,565.9,1128.3,621.4,690.4
2026-06-01 17:00:00,1071.7,1218.3,411.6,1128.7,690.4,342.3,944.9,1044.3,652.3,828.1,516.1,425.3,417.8,889.4,1061.8,433.4,609.1,1056.8,1100.7,663.9,1103.6,899.4,610.4,803.1,726.3,788.5,629.1,367.1,968.4,607.6,558.0,690.3,1103.3,372.9,386.7,444.3,381.1,665.3,953.5,563.4,1082.3,652.0,701.2
2026-06-01 17:05:00,1069.5,1178.5,421.0,1099.1,664.0,343.6,904.5,1067.2,691.2,821.9,510.0,424.0,417.8,869.9,962.6,417.6,610.0,1102.4,984.9,679.0,1095.8,915.0,591.7,829.8,714.8,752.2,626.2,367.3,1012.5,639.7,544.6,673.7,1100.1,398.4,382.1,430.2,400.4,684.8,948.1,570.6,1088.8,677.9,709.8
2026-06-01 17:10:00,1101.3,1169.4,416.4,1111.2,673.5,360.1,901.5,1040.5,695.9,807.7,522.7,417.7,419.0,924.3,1040.8,417.1,594.8,1113.2,1031.6,715.6,1112.1,868.9,575.5,817.6,701.6,788.9,636.9,351.9,1020.8,644.0,559.3,677.7,1095.8,371.3,405.1,431.7,415.2,671.9,925.2,571.1,1160.1,703.2,731.4
2026-06-01 17:15:00,1051.4,1213.0,376.7,1181.4,716.8,370.2,924.2,1085.0,685.6,835.4,541.4,418.0,419.9,876.4,1003.2,438.7,646.9,1117.3,994.3,676.5,1066.3,861.8,589.6,802.8,713.1,752.3,663.7,385.0,1013.5,615.3,533.9,682.4,1123.4,369.5,401.8,443.7,400.9,748.0,930.8,549.7,1158.7,625.2,720.1
2026-06-01 17:20:00,1071.7,1193.5,417.2,1135.4,706.4,364.0,924.1,1020.7,669.8,848.2,542.0,414.2,448.8,909.3,991.6,444.3,596.6,1082.2,1024.1,698.3,1024.8,948.8,583.0,802.5,716.8,778.7,651.6,376.5,970.9,617.4,563.6,704.8,1052.4,376.0,403.5,461.8,389.7,678.0,934.4,586.9,1131.5,654.5,725.4
2026-06-01 17:25:00,1026.3,1197.1,422.7,1113.4,719.4,340.3,903.9,1103.3,676.3,850.3,574.0,427.3,433.7,891.3,1032.7,463.3,644.8,1125.6,929.5,671.9,1030.0,898.4,574.3,833.9,757.2,783.7,653.8,366.2,954.5,638.1,559.9,672.8,1121.4,360.4,392.1,453.2,384.7,706.8,956.7,559.5,1157.1,683.6,737.1
2026-06-01 17:30:00,1068.9,1146.1,419.9,1093.7,729.0,356.1,934.2,1070.0,694.8,865.6,554.7,448.0,430.4,939.0,1003.9,445.4,583.9,1156.2,1041.2,702.7,1054.1,874.3,561.2,855.5,718.3,812.6,655.0,382.3,949.0,621.4,566.8,650.8,1111.2,383.7,407.7,480.1,422.6,714.8,947.7,566.8,1133.6,666.5,729.5
2026-06-01 17:35:00,1051.4,1130.4,412.7,1068.9,681.0,334.5,942.2,1072.9,664.9,878.0,581.3,444.4,457.2,909.4,995.7,422.2,625.9,1148.1,990.7,723.3,1085.7,913.2,608.5,827.7,716.0,792.9,675.3,390.7,1018.0,639.6,544.9,677.1,1089.9,374.6,410.7,464.2,401.2,695.0,913.6,593.0,1103.3,678.9,706.0
2026-06-01 17:40:00,1024.1,1144.4,433.7,1089.4,729.1,364.8,958.0,1056.0,722.8,889.2,564.7,428.9,465.9,892.1,1077.7,466.2,608.1,1148.3,969.5,684.8,1050.9,870.8,584.8,802.3,717.0,789.4,681.2,361.8,951.2,620.4,563.6,673.0,1067.6,396.9,419.2,452.2,405.6,694.4,954.2,615.8,1089.0,682.9,756.0
2026-06-01 17:45:00,1036.4,1139.6,416.5,1134.8,667.4,338.2,1023.2,1042.3,733.6,858.9,573.9,441.7,471.7,887.3,957.4,454.4,620.3,1194.6,1000.1,695.1,1045.7,885.7,586.9,822.5,727.5,832.5,638.0,347.5,983.2,574.3,556.6,647.0,1092.9,360.9,395.0,423.3,441.6,710.4,923.1,573.0,1147.7,666.4,678.0
2026-06-01 17:50:00,1034.0,1185.2,417.2,1163.0,713.8,347.5,967.9,1031.3,695.8,838.0,552.6,422.6,471.9,892.7,1019.1,415.0,669.1,1148.2,974.1,676.1,1065.7,860.1,607.9,832.1,700.6,790.6,663.0,384.9,962.5,613.1,549.6,669.7,1103.4,380.2,403.0,440.9,423.8,701.3,920.5,534.2,1101.9,698.3,738.0
2026-06-01 17:55:00,1027.0,1188.0,423.7,1109.2,687.7,356.3,972.5,1063.8,710.8,917.1,543.4,449.1,449.8,874.4,1034.0,428.7,629.6,1117.1,932.7,675.1,1050.7,872.3,592.7,805.6,718.6,791.9,678.9,378.0,932.6,602.1,577.7,657.6,1040.0,374.0,395.0,460.6,428.4,727.5,942.9,557.1,1149.6,722.0,727.6
2026-06-01 18:00:00,1085.7,1144.9,414.2,1179.2,678.2,361.3,993.8,1110.8,730.9,897.3,556.7,430.8,468.9,857.6,1072.7,436.7,616.6,1120.5,891.8,670.7,1032.4,863.1,562.7,841.7,706.3,760.0,691.9,403.9,932.5,617.9,550.7,671.4,1101.9,369.8,437.4,444.1,436.4,708.2,942.9,589.0,1109.5,650.3,744.1
2026-06-01 18:05:00,1023.2,1195.2,397.6,1099.7,710.0,353.8,972.9,1062.6,749.5,865.0,566.7,453.3,474.6,902.7,1017.8,455.0,648.4,1158.5,1009.8,701.1,1011.0,847.9,600.6,827.8,710.4,802.0,687.5,385.3,968.1,611.5,533.2,678.8,1134.7,390.0,403.9,464.9,398.0,733.1,924.2,554.4,1160.4,689.1,711.3
2026-06-01 18:10:00,1013.9,1188.4,377.5,1113.3,716.1,372.8,992.5,1045.4,743.2,901.3,558.8,486.1,463.5,880.0,1112.9,412.6,633.3,1105.3,946.5,653.1,1067.8,870.8,613.2,850.7,748.4,786.1,703.7,394.5,930.9,583.8,563.0,656.9,1072.4,379.8,422.9,472.2,438.4,687.5,962.0,570.1,1081.7,711.2,704.4
2026-06-01 18:15:00,952.4,1145.1,400.1,1082.1,714.5,364.1,989.4,1068.3,674.8,925.6,554.8,440.9,475.1,879.5,1054.2,443.1,644.0,1146.7,930.7,672.1,1066.5,844.8,594.0,798.3,732.1,804.2,659.1,389.8,912.5,601.4,543.9,674.9,1112.1,399.4,410.1,466.3,441.6,718.0,855.9,567.6,1072.2,696.1,690.0
2026-06-01 18:20:00,984.1,1104.0,413.6,1148.2,698.6,362.9,984.9,1087.2,706.8,946.4,581.6,490.2,457.4,890.7,957.4,455.3,624.2,1175.6,928.2,684.0,996.8,872.8,568.0,779.5,715.8,817.3,698.3,374.8,897.8,604.3,561.5,655.6,1081.0,378.4,419.7,467.8,416.2,729.2,929.0,540.1,1113.1,651.5,689.2
2026-06-01 18:25:00,998.0,1180.0,398.5,1181.5,695.5,342.5,1062.6,1089.7,725.8,909.1,559.3,459.4,468.6,893.5,985.2,407.1,625.6,1201.9,979.7,690.7,1012.4,846.6,555.4,812.7,729.2,785.9,733.4,394.3,923.7,599.4,500.9,653.3,1069.6,380.3,409.3,500.5,432.6,763.3,871.6,580.5,1090.7,656.6,706.5
2026-06-01 18:30:00,980.0,1119.3,410.8,1049.2,702.1,373.3,1007.5,1097.7,705.7,933.5,552.2,444.5,485.3,891.1,1036.6,454.9,627.4,1108.6,919.7,677.8,1040.4,806.8,563.1,822.6,727.2,792.9,692.9,379.0,895.7,605.6,522.9,649.2,1034.2,408.2,421.3,474.6,436.5,702.2,893.7,553.9,1102.8,626.5,690.1
2026-06-01 18:35:00,1036.5,1120.1,401.2,1092.2,695.6,346.0,948.1,1136.6,755.7,873.9,561.2,445.7,504.1,935.7,992.8,456.2,658.1,1166.8,946.3,664.0,980.3,862.6,578.2,776.9,733.7,774.4,694.5,379.1,920.8,567.1,520.1,648.2,1040.6,369.4,413.6,472.6,416.1,768.3,890.3,543.8,1091.0,647.2,690.7
2026-06-01 18:40:00,984.8,1098.9,412.9,1141.1,698.5,372.3,989.7,1144.0,753.2,907.7,578.5,490.9,501.2,905.1,1043.5,433.0,638.2,1161.5,914.0,650.7,1020.9,858.9,598.4,805.4,699.0,801.1,704.0,383.0,968.2,579.1,492.4,621.8,1015.5,375.9,431.4,461.0,437.7,762.3,883.7,538.9,1071.8,645.2,681.0
2026-06-01 18:45:00,1022.2,1075.0,392.2,1047.3,689.4,374.4,954.2,1168.8,701.1,901.1,566.9,466.9,496.2,941.4,1010.9,428.5,622.1,1165.4,883.5,676.6,994.7,895.4,558.2,850.8,707.6,790.3,682.2,382.3,908.3,539.8,521.7,609.8,1070.4,349.1,414.3,475.7,418.6,709.1,856.4,519.9,1074.9,662.1,722.5
2026-06-01 18:50:00,980.4,1050.2,399.3,1108.6,700.1,357.5,988.8,1048.2,715.5,920.9,581.8,453.8,489.8,871.5,986.1,431.7,644.9,1168.8,937.6,637.7,962.8,834.9,557.5,830.9,699.1,865.3,674.0,394.3,937.3,595.6,510.4,663.2,1012.4,379.3,401.5,469.3,460.6,762.9,840.1,523.4,1007.7,628.1,682.9
2026-06-01 18:55:00,974.1,1113.4,397.7,1124.9,647.1,361.9,933.6,1072.8,703.0,956.7,597.8,460.3,489.4,901.3,990.9,407.0,642.6,1162.2,937.7,634.4,1046.8,834.7,583.1,819.5,710.0,849.0,694.8,392.3,865.1,574.0,482.5,642.2,1084.5,392.0,416.6,502.1,429.9,731.1,820.7,516.8,1121.2,648.7,703.5
2026-06-01 19:00:00,964.8,1061.1,407.3,1082.5,675.0,317.6,939.2,1122.9,714.8,920.2,598.5,470.5,471.0,867.7,1043.7,437.2,651.2,1211.0,884.1,673.6,978.2,837.6,555.6,788.5,712.6,844.1,658.8,400.4,897.1,567.1,498.6,624.2,1037.9,388.2,410.0,484.6,435.5,766.1,860.6,566.5,1047.3,648.3,689.5
2026-06-01 19:05:00,962.0,1179.7,367.8,1092.4,646.8,346.7,978.9,1083.3,713.8,888.0,577.7,465.6,481.6,860.0,953.2,443.4,629.8,1204.4,896.3,650.6,998.2,846.3,588.8,842.6,704.4,778.8,700.9,378.2,906.9,563.6,528.5,651.1,1030.8,384.5,397.3,496.6,407.5,768.3,864.6,543.8,1076.1,632.1,696.1
2026-06-01 19:10:00,1005.6,1039.4,380.3,1125.7,677.5,358.9,995.0,1124.7,738.6,879.3,567.2,471.6,483.7,927.7,1043.3,423.3,636.3,1234.0,894.7,647.6,944.3,840.1,554.5,799.6,741.9,804.6,703.6,393.8,905.0,570.6,518.2,681.3,972.8,372.0,413.5,479.1,433.6,772.6,871.5,508.5,990.7,653.9,680.3
2026-06-01 19:15:00,884.7,1028.0,393.2,1125.8,701.8,355.7,977.6,1100.9,698.2,958.9,580.7,492.6,505.6,848.1,1040.6,450.8,644.3,1157.1,898.8,647.7,1016.9,819.9,573.4,809.5,763.3,778.1,657.7,390.7,897.3,576.8,490.9,595.7,1027.4,379.0,400.6,493.5,444.1,742.0,880.9,550.3,1022.9,625.9,698.2
2026-06-01 19:20:00,888.6,1078.4,399.0,1056.0,656.2,332.1,984.3,1143.3,660.0,927.4,603.0,452.7,512.5,806.7,994.4,438.0,615.4,1140.9,934.1,630.8,1022.5,806.7,557.2,814.3,739.1,849.9,693.1,398.4,859.8,551.3,487.6,619.4,995.0,375.6,404.5,460.9,416.7,770.5,867.7,539.7,1052.9,637.3,691.4
2026-06-01 19:25:00,924.7,1104.5,381.8,1035.5,665.0,340.1,967.0,1122.8,680.6,924.8,607.5,478.3,510.5,842.5,958.3,438.6,649.6,1118.9,868.4,601.9,917.2,823.2,559.4,805.6,706.8,823.3,683.8,398.4,877.5,559.8,508.6,628.9,979.0,379.0,406.9,478.1,421.2,789.8,866.4,505.6,1095.5,603.3,699.9
2026-06-01 19:30:00,935.2,1052.0,373.6,1017.6,674.0,315.6,957.4,1120.1,691.6,902.2,598.0,468.7,518.3,805.3,1013.0,428.4,631.1,1131.5,863.4,630.1,950.3,796.5,541.8,834.1,721.0,775.6,717.1,396.6,824.1,556.5,464.0,583.1,970.6,379.8,380.7,461.4,418.3,748.0,811.6,520.7,1047.0,609.7,658.4
2026-06-01 19:35:00,948.8,1061.8,383.3,1071.1,615.0,344.2,934.2,1068.8,697.9,917.6,613.0,463.1,502.5,828.5,977.5,441.5,607.8,1170.6,862.6,621.5,987.3,763.0,539.8,808.8,712.5,807.2,711.8,382.2,886.4,510.9,499.0,581.6,947.7,372.6,398.9,466.5,412.0,750.3,859.5,499.2,1044.4,638.7,651.1
2026-06-01 19:40:00,937.6,980.5,382.3,992.1,641.9,319.2,967.5,1075.3,714.0,881.8,622.1,485.5,487.3,826.8,942.6,446.8,605.5,1172.2,838.1,602.4,930.8,753.6,545.3,799.6,698.1,760.3,700.2,393.3,817.2,532.4,460.8,623.4,979.0,375.5,414.0,472.2,409.5,769.2,836.5,522.2,1006.3,586.3,656.7
2026-06-01 19:45:00,908.9,1011.1,366.5,1021.0,655.7,348.0,969.0,1064.6,685.1,917.4,582.4,449.8,501.9,845.2,1039.1,423.0,622.0,1161.6,813.5,594.9,950.3,777.7,548.2,785.9,736.3,789.5,705.5,386.0,868.5,548.2,508.8,601.7,968.3,372.6,399.2,456.9,438.3,687.9,790.5,511.2,1015.0,627.6,662.9
2026-06-01 19:50:00,942.6,993.2,372.0,1026.0,589.0,346.7,933.9,1021.9,680.1,872.8,616.6,437.0,492.1,788.3,952.1,436.0,611.0,1111.7,856.7,610.7,886.4,782.9,540.7,794.4,747.5,785.5,671.0,406.3,859.0,558.3,491.8,586.9,929.5,364.6,377.2,448.5,408.1,728.7,844.3,494.6,1003.5,604.2,667.3
2026-06-01 19:55:00,938.1,962.6,379.2,1001.7,622.6,328.3,927.8,1112.9,683.7,892.6,584.8,473.3,513.2,865.5,930.1,434.1,632.6,1107.6,862.3,583.5,906.3,833.2,501.2,775.5,670.9,803.8,681.2,390.9,854.7,557.5,453.2,566.7,977.1,371.4,397.5,481.4,400.4,771.9,792.0,479.6,1013.0,569.7,640.9
2026-06-01 20:00:00,910.4,1018.6,384.8,1019.6,658.9,336.4,970.6,1084.9,677.3,882.4,606.4,467.8,498.0,784.2,976.3,427.5,610.5,1191.3,844.7,602.5,931.7,768.6,530.3,780.9,728.7,806.1,668.2,389.2,876.2,513.4,471.8,598.7,1018.0,354.7,402.5,442.5,415.1,751.0,784.0,494.4,1035.1,595.2,653.3
2026-06-01 20:05:00,926.9,941.6,370.2,1082.7,653.2,327.3,921.0,1045.5,686.4,809.2,599.7,450.2,501.8,823.2,960.9,441.2,618.4,1092.4,838.9,597.2,902.0,768.1,513.0,764.5,682.8,779.8,650.4,372.0,847.3,546.3,479.4,565.0,911.0,369.1,391.5,487.8,421.1,740.7,842.1,499.9,981.9,613.0,642.2
2026-06-01 20:10:00,903.9,964.4,360.6,996.0,637.6,330.0,918.7,1092.5,682.7,884.5,551.1,444.5,513.5,813.7,1000.3,408.8,594.3,1162.6,813.9,596.8,903.5,753.6,511.8,756.8,686.2,770.5,669.2,378.5,785.2,544.3,444.3,568.8,943.3,353.2,390.1,451.1,426.4,722.4,806.5,509.1,987.5,637.6,636.9
2026-06-01 20:15:00,877.4,983.0,357.6,981.0,643.5,314.5,924.9,1026.5,706.4,866.5,567.4,494.8,491.5,837.3,941.5,410.4,606.3,1123.4,838.8,603.2,867.4,772.9,524.5,743.1,693.8,697.0,662.9,386.7,828.8,532.1,469.6,567.0,988.4,363.2,386.2,468.3,406.4,741.6,771.8,496.6,969.7,626.1,638.1
2026-06-01 20:20:00,907.0,969.2,362.2,1018.5,627.3,329.9,904.0,983.5,668.5,881.5,561.3,473.3,516.6,821.0,936.5,403.8,627.4,1080.2,833.0,604.2,921.8,761.1,540.8,753.7,716.1,804.0,657.4,381.2,765.1,491.6,474.8,575.0,914.8,366.6,396.7,467.1,408.6,726.7,780.0,498.4,968.3,573.2,663.3
2026-06-01 20:25:00,887.5,1000.9,353.1,990.0,630.0,306.2,879.4,1066.8,678.3,883.4,549.7,466.0,481.1,836.5,951.1,420.0,597.7,1059.9,836.9,577.8,863.5,736.5,508.3,748.0,686.4,748.9,657.0,379.3,725.2,512.7,437.0,559.0,944.3,349.7,378.0,441.3,420.9,697.2,814.0,471.6,1003.7,600.4,646.0
2026-06-01 20:30:00,880.9,993.4,354.5,1019.7,610.3,302.6,906.6,990.5,671.2,926.2,594.1,495.1,505.1,794.4,941.9,405.5,587.2,1070.6,829.7,603.1,936.7,724.4,539.3,792.6,685.2,762.3,656.0,358.6,714.5,520.7,474.3,559.0,938.3,368.8,391.8,460.5,423.6,761.5,757.0,451.6,978.5,575.3,647.3
2026-06-01 20:35:00,916.1,1006.1,339.6,977.1,614.8,317.2,890.3,1018.4,695.4,883.5,612.4,477.3,498.1,787.4,937.3,398.0,578.4,1101.0,828.1,581.3,873.0,734.4,489.9,769.3,690.3,807.0,668.8,367.5,733.7,462.0,460.3,589.1,941.2,374.8,380.4,454.4,425.8,714.7,778.5,453.5,969.8,569.4,630.8
2026-06-01 20:40:00,728.7,997.4,362.6,959.9,597.7,314.5,935.2,1025.1,672.2,880.1,570.0,486.2,510.7,803.7,933.1,424.3,590.2,1052.0,762.8,613.4,908.5,721.1,522.6,739.8,689.6,724.7,636.6,371.7,698.3,433.0,472.8,573.2,969.2,346.8,395.7,458.3,414.4,720.8,775.1,471.4,952.1,594.4,653.4
2026-06-01 20:45:00,749.5,1004.4,335.5,910.7,628.8,317.3,902.0,1024.8,692.9,880.0,586.7,443.8,476.5,813.7,924.7,423.7,612.0,1125.7,742.8,570.2,901.9,731.3,508.0,729.2,675.7,747.9,619.7,386.3,694.7,457.1,409.6,568.2,865.4,350.2,373.7,463.7,386.3,684.7,838.4,462.4,926.4,577.9,633.8
2026-06-01 20:50:00,751.0,967.1,341.3,910.8,630.0,306.8,860.4,1033.0,645.0,885.3,594.9,441.7,472.8,804.3,903.5,395.6,559.9,1062.8,736.9,495.2,853.6,736.2,502.2,747.8,681.8,754.3,653.9,349.8,717.8,445.4,397.5,573.1,915.8,362.5,364.6,455.9,393.9,708.4,738.2,469.6,966.3,575.0,587.8
2026-06-01 20:55:00,766.0,972.0,345.2,900.1,624.1,328.8,890.1,1019.0,663.4,870.0,570.5,465.1,505.1,788.0,932.4,380.9,579.6,1085.8,684.7,530.8,861.0,719.0,517.4,772.6,646.0,763.2,653.7,357.3,727.1,463.5,394.3,491.0,893.1,329.0,382.0,431.1,417.5,738.1,662.7,479.7,965.8,539.7,624.2
2026-06-01 21:00:00,763.9,876.8,363.2,958.8,588.8,310.9,874.1,1012.3,649.3,860.9,563.8,460.4,486.6,781.6,894.8,417.0,547.4,1077.0,740.8,521.8,774.7,758.6,485.1,743.3,620.0,734.7,640.5,345.9,697.3,459.0,402.4,510.2,902.0,346.1,378.4,438.4,421.5,732.7,677.1,476.3,962.7,549.2,614.0
2026-06-01 21:05:00,730.3,863.1,336.9,905.1,576.1,309.9,895.0,966.6,632.8,867.2,557.4,469.7,489.2,771.1,921.2,398.2,566.7,1102.5,707.2,530.8,772.6,749.1,511.3,684.5,685.9,756.2,608.5,368.3,740.1,456.5,401.5,508.5,810.8,340.6,375.3,426.9,397.0,709.7,672.1,389.6,933.4,547.7,616.1
2026-06-01 21:10:00,737.2,844.8,333.1,974.8,612.7,307.9,842.8,993.1,651.9,782.9,567.7,428.6,478.9,777.2,931.7,395.4,575.0,1031.5,710.4,514.0,747.4,644.6,487.3,736.3,626.4,717.2,624.0,375.6,679.2,441.2,414.0,484.0,798.7,351.0,378.0,427.7,393.8,692.1,682.2,449.4,908.2,569.0,574.8
2026-06-01 21:15:00,734.7,841.8,299.7,936.2,596.8,313.6,856.4,934.5,683.2,892.3,570.3,458.0,499.9,810.4,871.5,389.5,540.3,1042.5,676.7,541.5,785.7,627.3,478.9,736.0,632.6,733.9,628.2,364.5,694.2,443.0,395.1,505.2,775.5,337.3,355.5,439.1,381.8,702.1,667.8,419.8,944.0,570.2,572.8
2026-06-01 21:20:00,803.5,824.4,318.4,924.6,590.1,308.1,844.4,1018.8,629.2,874.7,560.5,459.6,488.8,754.3,948.6,376.9,556.5,989.8,741.9,499.7,752.8,642.0,420.4,756.7,632.9,726.9,599.4,364.8,681.1,438.0,377.0,496.7,772.8,342.5,355.8,438.1,408.1,708.2,690.1,416.2,857.3,584.6,594.7
2026-06-01 21:25:00,782.4,850.4,276.2,904.1,570.6,305.4,843.8,926.9,639.5,835.5,556.8,456.6,485.7,747.7,861.3,379.3,565.7,1030.6,641.1,514.6,761.2,636.5,456.5,700.8,626.1,712.0,601.6,345.5,660.9,447.3,387.1,493.7,842.9,327.7,376.6,435.3,376.8,662.6,670.2,408.4,847.2,537.8,562.6
2026-06-01 21:30:00,726.8,831.7,291.0,847.2,586.4,306.5,815.7,952.2,613.2,790.4,545.9,436.4,463.1,742.3,857.1,389.7,559.9,1056.5,717.2,487.3,781.5,634.0,448.3,705.2,618.5,716.8,609.5,358.4,687.2,424.5,371.5,510.6,754.7,343.7,364.9,429.0,409.7,695.0,644.4,404.2,802.9,522.3,603.8
2026-06-01 21:35:00,721.3,811.5,322.7,807.7,557.8,282.1,848.0,919.0,606.9,850.4,517.7,446.3,484.8,757.4,885.3,374.8,560.3,1022.5,689.0,498.3,766.0,623.6,424.9,708.1,637.6,687.4,630.3,344.2,636.8,417.6,390.0,484.3,810.8,321.1,353.3,428.5,383.8,701.6,653.8,418.2,826.8,489.9,591.6
2026-06-01 21:40:00,697.4,805.3,301.6,799.1,585.0,281.1,839.8,930.8,616.2,798.9,555.2,426.9,461.1,697.7,878.4,382.9,535.6,1080.3,635.3,496.7,733.4,607.1,435.5,679.2,634.5,695.8,609.4,351.0,606.9,435.3,389.1,465.3,752.2,339.2,337.4,414.7,372.7,680.7,647.9,390.1,765.2,492.4,558.9
2026-06-01 21:45:00,674.2,785.4,284.5,848.0,595.4,295.1,857.1,946.9,619.1,824.2,516.8,430.8,463.4,738.8,864.6,376.2,553.6,1020.3,707.9,494.5,764.4,623.0,427.4,674.0,633.9,671.4,591.6,353.7,637.6,429.0,387.4,476.3,772.6,329.5,341.1,435.0,360.0,677.6,669.8,402.5,840.0,486.8,531.4
2026-06-01 21:50:00,705.3,831.7,291.8,822.6,537.7,292.7,821.1,926.6,616.5,775.5,544.4,418.7,451.0,758.1,879.8,362.4,536.2,983.1,670.4,489.0,749.6,611.0,418.4,696.7,629.6,685.4,595.0,343.4,627.8,420.0,371.7,470.4,809.2,304.0,342.3,424.1,375.1,659.4,658.4,413.5,806.1,489.3,533.7
2026-06-01 21:55:00,679.2,802.5,290.5,803.1,521.0,298.3,807.5,968.8,616.4,855.6,543.4,420.0,465.5,723.9,861.4,390.6,554.9,1007.6,606.9,427.2,712.8,607.7,432.0,653.5,608.5,714.7,583.5,353.0,645.0,429.0,363.4,450.2,775.6,326.0,344.6,413.2,374.6,676.2,649.2,394.4,801.0,492.6,528.9
2026-06-01 22:00:00,690.5,772.5,294.9,818.7,486.5,292.2,833.2,938.3,586.8,763.0,510.2,424.2,479.9,736.6,903.9,377.3,503.1,945.5,637.6,467.2,710.2,609.0,408.8,655.2,605.5,696.3,585.0,341.0,594.4,430.2,361.6,433.1,718.3,329.7,351.9,425.1,370.3,698.6,615.6,394.6,826.8,494.1,518.0
2026-06-01 22:05:00,651.5,804.2,300.8,797.6,507.7,266.4,791.0,914.5,602.5,794.7,515.7,418.6,465.6,698.3,846.3,372.7,533.3,960.3,648.6,455.2,735.6,600.5,386.0,695.8,630.9,690.5,602.0,343.6,619.4,414.8,362.1,455.4,736.0,310.4,332.7,402.6,371.9,690.6,628.6,368.7,769.9,472.2,515.3
2026-06-01 22:10:00,660.7,764.0,285.8,800.4,533.9,250.8,833.2,919.3,620.1,738.5,555.5,412.8,453.8,660.1,822.5,373.6,537.1,943.3,663.2,452.8,723.3,597.3,412.8,686.5,598.1,648.3,552.5,358.2,609.4,386.3,353.4,464.2,735.6,312.6,339.8,408.3,385.2,647.5,594.8,390.5,779.8,473.3,509.1
2026-06-01 22:15:00,670.9,736.2,275.3,765.6,485.5,259.1,829.8,952.3,583.0,783.5,518.1,403.6,458.7,606.6,744.3,346.2,554.6,974.8,615.5,448.8,667.6,583.1,406.7,698.9,595.2,684.3,606.4,342.3,600.1,400.0,371.8,459.1,751.1,320.2,330.6,415.6,374.6,647.9,621.1,381.3,750.1,455.4,470.1
2026-06-01 22:20:00,666.9,783.4,283.6,826.4,494.2,247.4,747.7,939.5,598.4,770.4,497.5,442.1,456.0,619.3,763.9,359.0,532.1,968.1,566.5,460.4,670.5,590.3,394.9,612.3,619.2,673.4,618.7,328.0,605.1,386.6,346.5,445.0,721.7,313.1,337.7,388.0,368.0,678.4,624.1,371.9,728.5,473.6,519.3
2026-06-01 22:25:00,659.4,739.2,268.4,757.7,512.4,259.2,725.2,879.5,607.2,802.8,525.9,408.9,452.9,637.9,760.3,311.8,531.5,1000.4,634.2,444.6,697.6,565.3,387.4,601.2,599.7,682.6,580.7,329.1,578.7,374.0,344.9,456.5,709.2,319.8,364.8,427.4,376.5,659.7,557.8,376.9,761.5,463.7,515.2
2026-06-01 22:30:00,617.5,733.3,262.8,799.4,496.8,240.3,703.0,888.2,585.1,762.6,498.9,416.9,451.8,623.3,749.8,326.4,532.3,958.4,608.7,429.7,651.4,552.6,375.5,621.1,529.8,696.7,561.0,341.0,572.5,367.1,333.9,432.9,740.8,313.4,351.1,391.7,352.2,655.9,586.3,352.1,752.6,445.0,506.8
2026-06-01 22:35:00,650.9,734.2,254.0,751.9,519.8,255.5,711.8,915.9,602.5,794.9,478.7,388.8,432.9,636.3,721.9,326.6,489.7,928.5,552.4,411.9,683.1,549.6,385.5,587.1,527.4,658.1,592.8,341.1,571.9,373.6,329.8,422.8,729.0,271.5,343.4,391.5,368.1,606.6,579.0,379.8,692.2,434.3,490.9
2026-06-01 22:40:00,611.4,749.0,252.7,766.4,469.1,240.0,713.2,818.3,566.7,741.4,513.2,424.9,445.7,624.1,760.5,323.0,464.3,998.0,590.4,444.9,697.0,546.6,375.2,585.2,550.6,591.7,575.2,328.9,555.5,374.8,320.1,422.5,702.0,301.0,330.9,395.4,366.1,655.7,588.8,386.8,747.0,448.6,483.0
2026-06-01 22:45:00,630.1,715.5,254.9,756.6,461.2,246.2,688.9,780.4,607.1,755.0,488.9,408.0,418.5,646.7,773.5,331.1,447.6,779.3,584.6,411.7,657.7,529.9,391.9,586.2,539.0,610.9,559.1,312.8,528.0,376.1,318.4,405.4,666.3,277.1,291.7,402.2,373.0,629.7,555.9,345.2,721.7,458.9,463.8
2026-06-01 22:50:00,610.2,680.5,249.6,757.2,488.1,253.7,723.8,819.6,595.4,752.0,505.0,398.4,446.9,599.5,726.3,303.5,442.4,851.7,563.9,412.8,624.3,516.7,382.2,591.2,530.2,580.7,494.5,317.2,537.0,363.8,342.5,393.6,617.1,279.4,299.2,401.6,340.8,636.4,548.4,359.3,730.1,457.5,457.3
2026-06-01 22:55:00,577.8,708.1,258.0,705.3,449.4,246.6,702.9,775.9,528.9,765.9,485.6,396.5,422.4,610.6,759.2,308.0,471.1,851.8,548.3,435.3,637.1,545.5,366.4,577.9,504.8,589.7,500.7,326.9,533.3,358.2,325.4,392.0,636.4,291.4,284.5,407.7,344.6,615.8,554.0,341.1,710.3,414.9,461.6
2026-06-01 23:00:00,589.6,677.7,243.2,738.0,458.5,230.8,667.2,823.4,543.2,759.8,505.8,410.0,449.8,612.9,732.8,317.2,462.0,841.3,545.1,396.3,645.0,550.8,372.9,549.0,523.3,549.6,507.2,296.6,522.6,345.8,312.9,392.9,623.0,282.0,302.5,349.2,343.8,657.2,554.2,325.7,718.4,438.5,467.6
2026-06-01 23:05:00,594.6,717.3,225.6,745.4,455.4,235.6,718.4,799.9,517.6,764.7,495.7,362.4,400.4,609.3,755.3,313.3,452.3,849.1,543.3,395.4,619.3,532.4,361.4,565.4,512.5,575.5,515.0,298.9,521.1,346.2,306.0,403.8,643.6,277.5,293.2,351.6,356.0,605.3,540.6,346.8,711.7,431.4,464.5
2026-06-01 23:10:00,592.0,670.1,238.2,692.1,465.2,227.3,676.1,755.4,510.3,676.4,452.7,385.9,451.4,599.8,711.7,296.2,444.6,834.0,548.1,396.5,618.4,509.4,355.0,564.5,497.8,599.5,502.7,271.0,523.8,324.9,319.9,371.7,654.4,279.7,292.9,330.4,316.7,657.3,544.5,326.7,683.0,433.4,446.9
2026-06-01 23:15:00,572.5,617.3,239.2,689.4,454.2,223.6,646.1,764.0,538.1,681.1,494.3,392.4,406.6,548.2,697.9,316.7,451.5,837.9,549.1,370.3,587.4,483.9,352.7,561.9,498.5,578.5,502.1,294.5,512.2,342.4,297.3,372.6,665.6,273.4,276.6,333.4,318.5,618.9,534.8,331.2,688.7,416.7,430.9
2026-06-01 23:20:00,595.2,660.5,235.2,669.1,446.7,233.9,645.2,757.7,541.8,646.5,482.4,390.4,410.1,586.0,705.5,316.9,448.2,804.8,496.6,364.7,581.5,506.6,367.2,547.1,513.8,583.7,487.0,297.5,525.6,337.7,286.1,388.4,644.1,271.2,289.4,341.4,291.8,551.7,509.7,339.6,679.0,401.5,434.0
2026-06-01 23:25:00,580.6,683.4,247.3,664.1,430.1,234.3,684.4,767.8,499.4,668.4,505.3,419.5,427.2,575.4,672.2,303.9,447.9,777.7,529.8,374.9,603.3,473.3,350.8,557.4,517.3,579.9,500.9,263.1,522.3,349.5,302.7,370.8,599.7,269.0,284.7,343.8,323.4,537.2,512.1,322.2,629.8,409.7,435.7
2026-06-01 23:30:00,554.4,668.4,229.2,696.3,445.6,230.8,683.8,752.9,504.6,688.4,439.7,384.5,429.2,586.2,681.9,283.6,423.0,805.5,528.8,371.4,568.1,489.9,336.7,517.2,478.3,581.5,481.6,281.5,470.0,327.6,287.4,368.5,610.0,260.8,276.3,337.4,310.1,540.3,514.5,315.4,627.5,364.6,411.4
2026-06-01 23:35:00,566.8,665.9,236.7,634.1,475.7,229.1,660.8,724.9,518.2,619.7,442.3,398.3,415.8,576.8,692.7,295.4,410.5,775.1,519.7,374.3,529.6,473.7,344.5,544.3,475.4,548.1,507.2,285.9,482.2,337.4,281.7,362.8,605.6,268.0,283.9,340.7,311.0,542.6,489.0,300.9,617.1,378.4,428.4
2026-06-01 23:40:00,582.5,605.6,227.7,627.2,427.7,222.3,659.3,712.4,497.1,657.6,421.0,406.2,428.7,561.7,674.7,293.8,417.3,775.2,507.4,358.7,563.0,446.9,339.9,560.2,494.1,564.1,467.2,265.6,466.0,319.3,281.2,384.4,564.2,262.3,276.1,332.3,307.2,544.8,486.0,297.6,641.1,375.0,440.9
2026-06-01 23:45:00,579.6,635.7,224.9,668.0,414.9,217.8,649.8,748.3,502.8,656.5,417.7,352.4,405.8,556.0,650.0,285.2,407.4,812.3,532.5,371.5,568.1,495.5,329.9,515.9,472.9,579.7,477.8,271.0,497.1,338.8,292.4,366.3,570.4,236.8,279.3,327.8,296.0,547.9,470.3,302.0,607.8,372.5,405.1
2026-06-01 23:50:00,524.9,600.1,217.2,641.2,392.4,209.8,629.8,734.8,501.0,666.5,424.9,336.8,409.0,565.9,646.6,295.7,402.4,813.5,528.9,340.7,575.6,451.9,320.4,520.1,481.3,537.1,498.5,277.3,495.8,335.3,286.2,360.1,572.6,258.1,279.1,350.9,304.0,532.1,505.2,296.9,576.4,358.3,435.8
2026-06-01 23:55:00,528.1,612.7,220.1,661.4,395.3,211.2,617.9,723.0,476.7,647.1,418.0,328.8,408.5,555.4,649.2,279.9,434.9,795.5,501.2,361.4,580.9,460.1,316.3,509.1,462.1,510.6,477.6,266.0,503.5,331.6,277.4,357.1,611.8,242.9,262.4,321.8,297.6,540.2,516.2,303.8,588.8,364.7,396.1
2026-06-02 00:00:00,566.3,581.4,213.3,606.4,395.3,202.9,614.1,718.4,486.1,629.7,436.5,347.7,363.7,534.3,640.3,295.0,382.7,782.7,504.5,364.4,551.2,459.2,306.5,503.0,470.5,516.4,468.6,264.8,515.0,321.1,288.9,357.3,577.2,247.8,269.2,331.0,294.9,546.2,472.2,285.7,594.0,360.6,396.9
2026-06-02 00:05:00,524.6,589.4,217.5,610.2,386.5,203.2,609.8,691.3,475.0,630.2,414.7,354.8,346.5,556.7,632.6,280.4,411.4,753.7,517.1,362.9,557.5,451.0,315.4,484.7,438.0,527.0,457.4,266.8,503.3,318.6,277.3,370.9,544.4,230.9,266.0,305.6,296.0,539.9,488.1,286.6,603.3,359.8,400.5
2026-06-02 00:10:00,520.7,586.2,213.2,589.7,387.8,206.4,575.9,699.9,452.9,602.7,398.2,341.4,365.7,506.5,616.9,272.8,411.7,766.3,525.2,356.9,546.2,460.7,305.3,523.2,458.6,487.9,449.0,253.1,497.3,317.8,270.2,346.3,556.3,235.9,272.0,315.9,288.0,528.5,496.1,290.4,612.8,362.0,389.7
2026-06-02 00:15:00,535.4,612.5,207.3,598.5,403.7,202.5,594.1,739.9,451.0,603.0,399.9,346.0,362.7,491.5,587.9,274.4,407.5,742.7,494.4,351.3,548.2,441.7,304.5,492.9,417.4,495.7,440.8,251.2,509.5,313.1,273.2,351.3,568.6,234.5,265.7,305.1,274.4,521.8,460.6,291.2,602.1,342.2,366.4
2026-06-02 00:20:00,552.0,609.5,218.4,559.3,393.1,219.1,599.0,702.9,450.4,579.6,418.3,357.0,373.5,503.1,583.1,275.7,394.0,768.3,492.6,356.6,538.3,454.9,312.2,471.3,451.9,496.0,430.5,260.2,505.7,328.6,285.1,349.6,555.0,237.9,253.3,326.2,281.6,493.0,482.0,290.0,584.5,347.6,384.9
2026-06-02 00:25:00,546.1,599.8,213.8,598.2,372.9,190.1,562.9,664.6,466.6,623.9,400.9,336.9,345.6,491.4,595.5,267.2,401.0,697.1,515.2,372.7,547.3,452.5,320.2,463.6,433.6,496.2,412.6,260.8,494.8,323.6,279.2,359.0,552.1,227.0,249.6,299.3,293.7,507.3,496.3,287.2,563.7,348.7,379.2
2026-06-02 00:30:00,540.4,571.1,207.6,587.8,357.4,195.0,553.9,651.4,461.3,598.6,396.4,315.2,350.1,454.7,594.4,256.3,401.2,722.0,496.8,354.2,529.6,428.9,306.8,469.5,434.1,514.6,435.4,253.6,537.9,332.3,288.2,368.2,569.9,213.3,250.7,300.5,272.3,482.7,474.6,281.9,540.9,328.0,372.1
2026-06-02 00:35:00,544.0,590.9,210.9,577.8,382.1,185.2,560.0,597.2,452.8,567.8,407.7,323.7,367.2,475.9,584.8,248.5,372.4,672.2,487.7,373.0,574.8,450.2,301.4,432.7,425.9,491.9,402.3,257.7,535.3,333.0,298.7,345.3,581.6,221.8,238.1,289.7,274.5,508.6,478.9,293.9,565.2,344.6,372.9
2026-06-02 00:40:00,548.1,585.1,209.4,569.5,363.6,189.2,534.7,665.5,443.0,581.6,380.3,333.4,354.8,485.0,554.4,241.9,376.0,703.7,509.6,377.0,505.4,433.2,301.6,471.5,396.1,459.8,424.5,247.6,558.1,323.8,285.7,358.0,579.7,219.7,236.1,285.6,277.2,492.2,502.3,299.8,567.6,346.2,374.5
2026-06-02 00:45:00,550.6,617.1,204.6,558.9,342.6,187.4,517.5,651.5,437.0,589.7,360.8,314.9,354.6,474.3,556.9,229.2,380.3,645.6,534.2,348.2,556.4,432.6,311.9,444.6,429.1,524.1,407.1,254.8,521.7,349.0,317.2,357.2,556.1,223.6,236.7,289.0,284.2,498.7,479.2,293.2,573.8,350.4,357.7
2026-06-02 00:50:00,610.9,626.5,210.9,585.7,366.5,192.4,550.9,618.1,429.6,579.5,372.7,328.3,350.5,459.6,533.8,245.6,352.3,647.5,558.2,369.1,555.6,453.8,305.3,451.6,411.2,463.3,394.0,238.8,522.7,343.3,299.1,343.0,561.1,217.6,220.0,289.1,261.8,493.4,480.5,286.8,587.9,328.4,371.7
2026-06-02 00:55:00,583.8,628.9,207.3,552.7,367.8,183.5,519.6,593.7,425.7,540.2,380.8,310.2,347.4,467.1,524.7,238.7,354.5,637.8,528.3,363.2,560.6,446.5,304.2,447.2,411.3,434.6,417.3,237.0,541.6,355.7,298.3,371.6,562.1,209.0,227.0,291.2,250.9,477.1,490.4,276.8,585.2,340.2,358.0
2026-06-02 01:00:00,601.7,600.9,206.2,582.1,329.3,183.5,521.6,591.5,421.0,497.0,370.8,310.5,358.0,464.6,543.6,236.4,346.2,659.9,544.7,361.2,539.4,459.9,305.9,449.6,388.1,438.0,378.1,235.0,572.6,339.2,291.3,381.7,589.6,213.1,228.7,273.8,262.4,455.5,525.2,310.6,577.3,354.7,380.7
2026-06-02 01:05:00,585.4,569.9,203.1,610.2,345.3,180.9,506.8,613.5,392.5,547.9,351.7,300.8,337.0,469.6,559.5,243.7,353.6,653.7,556.9,391.9,536.3,463.4,291.9,439.1,396.1,432.8,382.5,224.8,589.6,348.5,304.2,377.7,569.8,220.5,247.0,270.1,247.7,428.2,515.6,296.9,571.5,324.8,375.1
2026-06-02 01:10:00,599.5,594.4,212.8,602.1,352.2,174.6,531.4,596.8,395.0,520.2,375.5,302.0,322.5,448.3,535.0,233.3,325.3,686.1,551.4,393.2,581.3,442.3,310.4,438.5,373.9,423.6,378.8,221.0,589.2,357.8,309.3,366.0,548.6,213.9,221.0,281.9,252.8,460.6,517.8,313.3,555.4,343.8,353.1
2026-06-02 01:15:00,598.9,662.3,220.7,553.0,360.9,177.9,520.8,604.1,387.3,537.4,361.6,298.8,335.3,467.0,560.1,245.3,356.1,630.0,558.5,396.2,601.0,477.0,301.0,438.6,387.2,443.4,382.5,217.3,596.5,370.5,323.4,362.5,597.1,192.8,227.2,280.9,251.8,445.1,524.3,319.7,572.2,329.7,378.2
2026-06-02 01:20:00,572.3,635.7,214.5,573.4,347.9,178.7,500.7,587.3,407.9,535.6,359.3,279.2,319.8,438.7,524.2,226.3,343.6,639.3,585.8,385.8,589.1,475.8,315.4,418.6,371.3,397.6,369.5,216.9,619.6,372.7,315.2,390.5,605.0,217.6,219.0,264.1,240.6,452.2,505.8,315.7,574.3,343.2,370.5
2026-06-02 01:25:00,605.8,637.6,238.3,594.5,345.3,180.9,483.8,597.0,409.6,531.4,355.0,285.9,320.5,445.8,524.9,222.0,341.1,621.4,568.3,407.4,607.7,469.0,307.9,447.5,436.1,440.6,388.6,231.5,606.1,395.7,330.3,376.1,596.0,207.9,220.9,265.2,239.1,445.0,540.0,321.2,643.6,341.8,373.6
2026-06-02 01:30:00,607.6,694.5,230.1,590.9,363.1,183.4,494.1,581.5,360.9,534.4,332.6,275.4,321.3,475.4,507.2,218.8,309.0,625.1,585.5,395.1,593.7,481.6,323.9,422.9,383.4,434.6,353.3,227.2,645.2,398.6,331.8,383.0,645.6,208.7,209.0,271.5,244.0,438.0,532.3,324.9,639.9,357.2,368.0
2026-06-02 01:35:00,609.4,697.4,235.9,572.9,352.0,179.2,506.1,584.8,399.9,520.4,344.7,278.9,306.2,438.8,516.2,231.3,320.0,609.7,605.9,419.0,617.2,501.6,320.6,416.7,389.4,415.2,409.7,211.0,674.3,384.7,346.8,403.4,610.4,188.9,204.2,276.0,243.0,428.0,544.6,319.1,587.9,353.6,368.9
2026-06-02 01:40:00,641.0,683.1,235.7,611.5,365.0,179.5,499.5,531.2,379.3,522.0,346.4,272.1,305.2,444.7,502.7,233.4,343.2,622.3,626.2,416.6,643.7,492.7,315.0,405.8,369.9,429.6,350.3,208.2,627.1,435.6,353.6,416.4,656.8,194.3,221.2,256.3,232.8,398.7,552.7,314.9,626.2,346.8,372.9
2026-06-02 01:45:00,703.4,687.6,246.5,611.6,349.8,172.1,497.9,542.7,386.5,510.8,344.3,283.4,310.4,438.1,497.5,221.2,325.3,579.4,602.4,445.9,625.1,537.1,327.9,413.4,376.0,402.1,390.8,195.4,654.1,406.2,352.2,410.1,614.3,199.4,202.6,256.3,231.1,430.3,582.2,339.2,602.0,381.6,368.8
2026-06-02 01:50:00,687.5,702.6,231.5,655.3,350.2,185.3,499.8,554.9,377.8,506.8,336.0,279.9,297.2,446.0,504.4,217.9,309.1,551.2,639.7,435.0,664.4,536.0,357.8,421.3,380.8,403.4,368.2,200.9,642.8,430.5,362.9,418.7,655.8,188.7,219.1,249.5,219.9,394.3,607.5,321.3,640.8,371.7,362.3
2026-06-02 01:55:00,727.7,722.3,222.4,623.5,376.9,179.6,509.0,577.3,385.6,480.2,329.9,272.6,306.9,462.1,525.9,235.5,327.4,599.7,628.3,450.6,620.6,523.2,317.4,418.4,358.6,419.3,353.3,200.5,662.8,418.2,373.2,427.2,645.3,198.0,206.5,235.6,226.2,397.4,569.9,338.3,636.7,385.9,381.0
2026-06-02 02:00:00,721.8,764.9,241.5,659.7,375.5,189.0,498.8,589.5,369.8,458.2,304.4,254.6,285.7,473.4,515.5,215.9,331.7,558.3,651.5,458.6,651.7,526.5,347.8,441.5,363.3,409.1,355.3,201.4,702.6,437.3,373.4,424.2,671.2,204.3,203.0,247.4,220.8,397.1,615.4,341.5,653.7,367.7,385.9
2026-06-02 02:05:00,742.6,752.1,253.1,622.5,387.5,193.8,508.6,555.0,350.9,508.1,317.5,260.6,281.9,467.4,522.4,233.3,330.5,612.3,692.9,462.4,686.6,536.2,341.1,415.7,382.4,403.7,347.8,199.4,670.6,449.2,377.1,438.8,700.0,192.9,204.5,253.5,222.3,397.5,604.2,360.3,688.3,381.5,385.8
2026-06-02 02:10:00,718.3,772.3,254.3,637.1,375.9,187.2,489.9,547.9,363.5,470.6,305.3,247.8,303.2,467.6,540.8,223.6,324.5,579.1,687.2,473.2,726.7,538.7,372.4,431.8,370.4,410.3,354.7,203.3,701.5,424.3,385.2,429.8,684.4,205.3,217.6,236.9,229.6,390.0,632.3,363.0,686.0,403.9,411.8
2026-06-02 02:15:00,762.9,796.2,259.7,682.6,378.0,184.5,547.6,526.5,369.6,484.3,323.3,254.2,270.2,459.6,513.9,231.7,338.2,570.8,735.8,484.4,699.9,560.3,372.7,411.9,366.2,428.9,343.1,206.0,753.4,475.7,405.9,469.9,693.8,200.1,203.4,228.2,211.6,384.2,634.9,359.8,708.0,389.6,413.9
2026-06-02 02:20:00,780.7,755.3,272.5,701.4,408.9,192.5,508.7,575.7,361.4,457.3,319.1,257.4,279.5,472.6,545.5,238.1,321.7,638.2,711.2,475.3,689.9,579.8,372.1,458.2,369.8,429.9,358.6,196.5,747.3,448.9,395.3,507.0,716.4,185.9,205.8,245.4,225.7,397.4,628.6,368.6,712.6,405.2,410.0
2026-06-02 02:25:00,763.5,814.7,269.8,671.1,380.7,197.1,521.3,554.6,371.2,476.8,297.5,257.3,291.7,466.7,564.1,236.0,336.0,592.1,745.9,502.9,765.4,554.7,386.9,418.7,365.8,421.3,353.7,209.5,771.6,462.4,409.5,476.9,816.7,192.9,215.0,228.3,218.6,370.5,639.3,402.3,698.6,411.4,420.2
2026-06-02 02:30:00,803.2,803.4,277.9,703.4,420.4,195.9,532.7,617.7,364.0,428.6,303.7,251.0,273.0,507.1,572.4,232.8,334.5,591.5,754.5,518.5,734.5,599.7,386.0,466.3,360.5,414.1,342.5,203.0,736.4,466.4,399.2,501.6,751.4,206.2,212.9,229.8,216.7,379.4,658.7,377.5,698.3,389.6,434.2
2026-06-02 02:35:00,816.6,762.4,268.4,685.6,428.1,197.3,523.5,558.9,359.4,456.5,304.7,254.6,281.1,515.5,572.7,247.4,334.7,612.4,748.7,520.1,765.0,615.5,390.1,442.5,367.1,428.3,359.3,206.7,779.6,474.5,433.0,488.7,763.2,195.1,224.4,229.8,211.1,358.8,681.5,391.3,733.2,425.8,429.1
2026-06-02 02:40:00,802.4,785.3,271.9,723.9,429.5,207.2,537.0,612.9,355.8,461.2,309.2,245.3,272.6,510.4,570.8,242.4,335.5,618.1,731.1,517.0,755.3,619.7,389.8,419.8,391.6,414.3,360.8,199.4,834.5,482.6,426.8,480.7,783.3,209.9,220.2,227.9,218.7,370.3,695.9,407.2,746.1,428.8,412.1
2026-06-02 02:45:00,800.8,827.0,299.9,759.4,417.1,210.0,544.2,595.2,365.6,469.9,285.0,240.1,264.8,526.0,569.2,270.3,339.5,629.4,770.7,533.9,779.2,617.4,399.5,474.7,403.7,444.6,351.8,206.4,785.5,480.0,423.5,543.7,746.0,209.3,210.1,251.4,231.5,364.0,759.1,408.0,754.2,439.7,470.4
2026-06-02 02:50:00,811.7,881.1,291.9,744.1,422.7,208.1,537.1,570.4,375.0,480.1,279.7,246.7,261.5,541.5,587.4,234.2,347.5,590.0,772.5,533.8,775.5,640.5,405.2,464.0,431.1,446.6,358.0,207.0,801.0,516.9,433.7,504.6,821.9,209.9,225.2,246.1,201.4,390.6,720.3,421.6,763.1,440.0,460.6
2026-06-02 02:55:00,856.5,884.5,290.5,761.5,438.1,203.2,568.0,599.7,353.9,452.0,299.7,245.8,243.9,538.1,627.9,237.5,348.6,631.3,783.3,546.3,856.1,666.1,418.2,463.5,405.9,464.9,371.9,214.8,838.7,514.6,438.5,541.0,830.5,207.0,206.5,262.2,206.3,385.1,692.2,434.8,794.7,440.0,474.2
2026-06-02 03:00:00,875.4,900.7,295.4,754.2,431.2,220.5,541.4,617.2,370.8,479.5,276.8,234.8,256.3,568.4,613.0,261.8,364.3,623.2,812.5,536.9,843.8,650.7,401.1,486.6,396.4,434.4,382.3,211.6,813.0,518.1,448.1,537.8,782.3,215.5,226.8,254.6,219.3,375.0,759.1,446.3,838.7,454.3,481.1
2026-06-02 03:05:00,858.5,963.1,300.1,778.7,443.5,216.2,609.3,607.5,360.8,491.1,301.6,240.8,259.1,538.0,616.2,258.0,355.9,619.3,784.7,588.5,871.5,663.0,445.9,494.8,418.2,438.7,373.1,215.0,864.9,543.6,457.5,561.9,900.4,227.6,220.2,267.1,224.3,349.1,756.1,435.3,768.8,466.3,466.0
2026-06-02 03:10:00,892.4,888.8,304.4,850.4,473.7,226.6,602.6,636.1,381.2,511.4,306.5,235.8,257.9,558.9,639.4,268.7,384.5,646.6,810.0,606.8,820.5,716.3,465.4,499.5,434.2,465.4,390.1,208.5,811.3,563.1,458.5,549.7,853.2,217.4,231.8,249.4,230.3,370.7,750.5,447.0,803.0,490.7,485.4
2026-06-02 03:15:00,919.3,937.2,303.9,823.3,482.1,230.2,610.1,645.4,407.6,492.7,313.8,223.8,274.2,566.7,640.7,258.1,366.5,619.5,817.6,569.4,806.4,690.2,441.1,518.8,445.5,461.0,398.2,222.1,805.0,516.4,445.4,539.4,837.3,227.6,244.6,260.1,229.3,378.5,739.9,451.3,854.5,481.9,504.0
2026-06-02 03:20:00,932.8,960.5,306.6,810.1,466.0,220.0,577.3,651.4,384.7,481.1,298.8,241.7,256.9,596.3,655.3,271.9,389.6,683.5,847.8,603.8,858.1,673.5,470.2,514.3,451.7,486.3,405.6,208.9,886.9,575.5,499.3,555.7,887.7,240.8,222.8,250.7,217.5,390.5,769.8,443.0,813.5,499.9,509.8
2026-06-02 03:25:00,970.8,944.1,324.1,840.9,499.5,237.9,605.0,650.1,413.2,474.8,308.2,230.1,259.4,569.7,657.5,279.9,396.6,669.7,845.4,624.1,944.4,723.4,459.5,529.5,454.6,498.8,401.3,216.4,862.7,555.2,484.2,615.5,868.0,232.8,244.8,262.1,235.7,407.7,814.7,464.6,837.2,509.5,503.9
2026-06-02 03:30:00,975.1,979.8,325.1,821.3,504.7,245.3,656.9,638.0,446.0,527.4,315.4,242.9,263.7,632.2,665.8,276.4,394.0,676.8,857.6,588.4,881.8,724.0,460.0,520.3,456.0,512.8,391.7,225.3,883.6,539.5,490.4,588.3,861.5,231.4,248.3,279.6,233.2,385.6,809.8,445.4,945.0,506.3,535.8
2026-06-02 03:35:00,921.9,944.7,347.0,849.6,529.3,250.5,721.8,671.1,435.6,518.1,301.4,230.9,259.5,626.8,706.6,287.9,399.8,695.3,890.2,573.9,931.1,711.4,470.1,550.3,472.9,497.1,420.1,219.0,932.5,575.9,491.8,629.0,910.4,235.4,251.1,271.9,244.0,391.3,841.3,480.5,917.3,538.0,548.2
2026-06-02 03:40:00,1010.0,1048.0,343.7,926.1,523.6,250.9,676.6,688.0,425.9,514.0,324.5,238.6,255.5,660.1,657.3,279.1,397.0,706.6,884.9,649.5,886.4,711.4,483.8,539.0,454.1,518.2,413.6,224.0,935.2,573.2,512.1,591.5,924.0,228.0,243.1,274.6,235.9,392.4,850.8,450.8,988.7,524.9,541.5
2026-06-02 03:45:00,956.8,997.6,348.2,899.4,539.9,239.2,685.4,657.2,442.4,496.8,322.3,242.7,256.8,637.2,720.6,299.7,406.6,747.2,907.1,628.5,903.2,751.2,478.9,538.3,450.3,505.8,429.6,227.7,893.0,596.4,505.0,618.5,898.2,238.5,254.1,280.8,233.6,418.9,834.2,473.5,881.0,529.8,573.1
2026-06-02 03:50:00,1013.6,1093.9,342.4,968.6,539.3,268.5,687.0,712.2,420.7,515.6,317.9,257.3,256.3,638.0,712.4,314.5,423.1,711.0,886.1,626.1,935.6,754.3,505.4,563.4,518.3,526.2,422.4,240.8,950.6,590.0,505.2,589.2,932.5,254.4,251.7,287.0,245.3,397.3,760.0,507.0,1000.5,564.9,574.0
2026-06-02 03:55:00,995.0,1042.5,353.5,927.1,556.0,266.2,670.6,719.1,425.2,549.3,329.6,247.1,264.4,672.6,693.2,295.3,427.2,739.5,903.3,644.1,1009.2,736.8,495.3,572.0,495.5,531.2,430.2,241.0,936.0,599.7,511.6,620.5,936.7,263.7,267.2,291.9,256.5,408.6,825.9,507.4,916.9,557.0,580.2
2026-06-02 04:00:00,990.5,1088.2,363.2,941.8,527.3,257.6,720.8,705.4,454.5,553.9,331.6,245.9,261.8,691.1,725.8,299.9,450.8,756.4,992.8,643.0,991.8,772.9,493.4,603.0,513.0,539.8,436.4,253.5,964.6,591.2,540.4,668.7,967.9,257.5,258.0,307.5,259.9,444.4,818.8,506.2,993.0,522.1,573.3
2026-06-02 04:05:00,957.5,1065.8,371.6,974.0,554.7,265.2,688.3,739.4,467.7,525.0,346.0,260.2,270.8,666.6,759.3,328.7,436.9,750.1,924.7,715.2,911.1,780.7,516.0,570.6,470.5,581.2,435.7,264.9,959.9,585.8,529.2,618.8,1009.0,273.0,269.7,294.4,261.5,465.8,904.4,505.4,915.5,524.6,587.3
2026-06-02 04:10:00,1016.4,1078.0,367.2,890.7,564.3,277.8,697.4,752.9,485.8,577.9,339.8,259.2,260.5,650.5,775.0,310.0,445.3,792.3,892.8,652.9,1001.0,791.9,511.9,626.4,546.7,538.1,453.6,257.2,924.3,623.2,530.4,627.0,1005.1,277.2,283.3,304.3,261.0,453.7,890.1,504.7,1000.3,605.3,613.6
2026-06-02 04:15:00,982.3,1071.1,384.5,986.8,568.9,285.8,707.4,818.0,470.5,550.0,351.5,271.0,273.1,664.2,802.5,336.4,435.5,784.9,971.2,676.3,957.4,814.1,523.9,605.0,549.8,570.3,455.3,255.7,954.2,605.0,528.8,662.7,1010.7,268.3,276.7,312.5,269.5,456.3,879.6,514.7,1014.5,586.5,580.4
2026-06-02 04:20:00,1069.1,1105.0,376.8,991.5,588.9,280.2,769.3,791.7,489.9,611.2,348.3,260.6,288.2,718.9,816.8,334.1,475.2,781.9,948.6,702.1,981.0,768.1,534.3,580.1,514.9,581.2,486.2,267.2,910.6,626.9,535.3,655.0,966.2,274.3,284.4,308.5,287.6,499.2,879.8,540.0,1001.6,589.3,589.3
2026-06-02 04:25:00,1094.7,1122.2,389.8,1049.7,600.3,295.7,757.9,824.7,498.0,601.5,350.9,274.8,277.3,757.3,772.2,334.6,481.8,843.4,983.9,708.0,1026.5,792.1,519.5,613.3,543.9,601.5,470.9,261.7,993.4,651.8,562.6,696.2,1031.5,272.5,284.8,318.4,301.7,469.4,931.1,530.3,983.8,559.6,615.1
2026-06-02 04:30:00,1029.5,1095.3,379.0,1046.0,603.9,277.0,773.3,810.3,502.3,599.8,369.2,298.1,298.9,705.6,831.3,359.4,495.9,883.5,981.2,709.9,1063.0,815.5,571.0,640.2,562.4,580.2,484.8,273.1,1005.6,625.2,534.0,659.6,1008.2,295.0,300.0,335.9,288.8,477.7,885.2,505.8,1029.0,603.8,630.1
2026-06-02 04:35:00,1071.5,1127.1,367.4,993.1,601.3,287.5,782.2,780.0,511.8,637.4,363.7,280.1,289.0,738.4,852.4,359.3,504.7,859.7,1006.9,683.8,1070.7,868.7,566.2,664.7,545.3,604.3,503.2,299.0,978.0,645.5,564.3,671.3,997.5,293.3,301.5,325.8,299.2,485.9,881.7,524.3,1056.1,593.9,636.2
2026-06-02 04:40:00,1045.4,1119.8,395.4,1077.9,598.6,282.2,767.3,856.8,508.2,636.6,389.5,288.6,291.7,746.8,851.7,357.8,509.0,869.8,993.9,694.5,1047.8,902.9,547.7,663.0,584.0,608.5,539.3,281.4,1000.6,635.4,568.7,681.5,1088.7,305.8,300.9,368.1,288.9,525.2,886.2,535.7,1022.4,614.0,655.6
2026-06-02 04:45:00,1054.7,1228.8,404.4,1041.7,639.8,296.6,789.4,836.2,534.8,666.3,393.9,277.4,298.0,808.7,870.9,336.8,517.5,883.3,996.0,656.6,1056.4,850.5,563.2,650.7,602.6,586.9,509.1,290.6,979.1,632.4,564.1,658.1,1026.8,302.0,306.7,362.5,312.6,519.7,934.0,549.2,1062.5,612.7,657.4
2026-06-02 04:50:00,1105.9,1154.8,406.1,1031.6,633.2,322.7,801.7,857.6,542.2,653.4,384.9,289.5,299.1,827.0,819.3,373.1,522.0,886.7,1042.9,705.4,1095.7,858.5,579.5,668.7,598.6,661.4,506.4,291.4,1050.7,612.4,560.6,658.0,1080.8,298.4,319.1,353.2,302.4,528.7,914.5,553.0,1076.8,627.1,660.2
2026-06-02 04:55:00,1084.8,1219.9,407.6,1076.8,614.3,331.9,793.1,851.6,540.5,665.6,403.4,306.5,288.8,794.1,855.0,358.5,532.1,946.6,945.8,711.8,1010.3,800.6,577.2,669.2,573.2,620.2,515.5,293.9,976.9,644.6,541.6,660.3,1069.8,318.9,312.3,363.3,299.0,534.7,971.4,544.2,1102.9,642.3,660.6
2026-06-02 05:00:00,1147.9,1166.4,401.4,1073.7,636.8,318.6,826.3,894.3,567.5,668.2,398.5,304.6,320.7,815.0,929.1,372.9,498.5,931.0,977.2,730.9,1125.6,893.9,610.9,708.6,590.9,626.7,530.9,306.7,1009.6,644.8,581.0,624.3,1061.8,297.3,326.9,371.2,326.9,531.2,948.3,576.3,1044.7,651.6,689.8
2026-06-02 05:05:00,1079.4,1189.4,398.7,1139.9,613.3,313.9,822.2,934.1,582.4,690.4,395.0,318.9,338.8,823.8,896.1,380.5,517.4,880.5,996.4,757.2,1049.7,888.1,578.6,710.3,615.9,686.8,542.3,295.4,981.8,633.2,544.8,695.1,1140.3,317.3,332.5,374.8,322.0,542.4,913.8,535.6,1085.9,648.7,704.2
2026-06-02 05:10:00,1132.0,1139.5,418.2,1109.8,654.3,321.5,875.2,943.6,585.2,731.5,414.5,322.7,328.2,780.6,975.5,407.2,521.8,990.0,973.2,737.1,1087.7,889.3,608.0,734.4,621.6,670.4,600.2,310.4,1030.8,612.3,577.3,672.9,1086.6,317.3,338.6,375.4,340.0,540.7,951.3,560.0,1119.5,657.4,679.8
2026-06-02 05:15:00,1105.5,1176.4,419.3,1113.9,655.9,331.8,887.9,974.7,563.8,696.4,428.6,311.4,334.6,837.8,889.7,387.1,570.4,996.7,1013.5,747.8,1068.4,853.9,567.4,691.0,630.0,680.2,586.0,303.7,1057.1,621.0,577.3,692.0,1094.7,344.2,336.3,411.3,339.7,559.2,934.2,589.5,1107.9,625.1,699.9
2026-06-02 05:20:00,1131.4,1205.3,409.4,1145.3,654.4,315.0,846.6,991.6,592.1,731.9,443.2,339.9,333.2,803.8,979.5,377.9,543.5,999.9,1013.0,726.7,1051.6,944.8,573.8,726.4,637.2,689.6,572.0,336.2,962.2,690.1,591.5,727.8,1093.4,350.9,352.7,377.2,323.6,580.0,962.3,588.1,1091.2,663.6,692.1
2026-06-02 05:25:00,1092.4,1259.7,432.6,1159.6,703.6,328.1,882.8,896.2,582.2,709.6,445.6,323.0,352.8,833.1,928.3,417.0,552.9,913.0,1063.1,757.3,1108.9,937.1,628.6,792.0,614.8,727.1,617.8,335.6,1046.8,656.8,564.0,688.5,1128.9,341.8,361.1,386.6,343.6,580.8,1000.8,576.6,1166.9,674.0,677.4
2026-06-02 05:30:00,1107.2,1214.7,409.6,1156.5,653.7,351.5,950.4,932.1,608.5,693.7,463.0,333.4,346.5,874.3,980.2,412.7,570.4,1007.9,1031.7,731.3,1105.3,908.2,593.8,769.1,673.5,701.4,582.1,322.9,1076.9,628.4,564.3,725.4,1122.0,335.7,362.4,397.4,337.4,607.6,967.5,600.1,1174.4,672.5,672.6
2026-06-02 05:35:00,1106.1,1260.5,415.2,1185.0,696.9,329.4,882.9,925.3,598.1,754.9,444.4,349.3,355.8,855.1,956.5,417.6,555.4,1047.9,1028.8,757.5,1097.3,930.7,583.4,755.7,677.5,734.7,593.2,316.3,1030.2,645.1,590.9,678.7,1107.5,363.4,362.1,409.8,365.1,606.9,954.8,590.2,1172.8,708.3,738.0
2026-06-02 05:40:00,1082.7,1236.6,445.1,1163.6,732.5,335.3,930.5,1008.5,646.6,769.2,459.7,369.2,342.2,888.9,977.6,430.9,590.0,1044.6,1024.2,751.3,1098.5,908.3,606.4,747.2,682.7,705.2,599.5,344.4,1004.5,657.2,579.2,699.2,1103.3,342.2,348.6,431.9,357.6,614.5,989.1,588.6,1139.3,676.3,734.6
2026-06-02 05:45:00,1132.6,1275.0,436.9,1154.2,714.4,346.0,930.4,980.0,645.3,768.6,495.2,347.5,359.3,901.3,1000.6,438.1,552.0,1051.3,1003.3,742.9,1156.3,932.0,632.8,803.2,687.9,745.7,634.4,343.3,1022.6,665.5,547.2,752.3,1136.1,338.6,387.0,412.5,354.4,603.7,965.1,599.5,1149.4,657.9,730.4
2026-06-02 05:50:00,1131.7,1215.3,422.5,1196.4,695.8,351.5,966.6,996.8,660.1,746.3,451.2,365.6,375.3,828.1,973.3,409.3,574.7,1085.0,1063.2,700.7,1180.2,876.1,597.8,820.5,680.0,766.6,621.3,371.5,1005.2,651.5,582.3,706.5,1117.5,335.6,373.2,424.9,344.0,605.4,994.2,597.2,1204.0,688.1,747.3
2026-06-02 05:55:00,1128.7,1306.0,431.8,1154.9,676.8,344.5,952.4,1015.5,665.8,798.6,479.2,371.3,387.6,823.1,1023.8,406.7,605.3,1072.5,1072.1,758.8,1150.1,851.3,612.8,764.0,679.8,785.9,658.1,367.1,1079.6,694.9,613.8,743.7,1200.5,361.6,380.1,427.6,384.0,615.6,988.6,614.5,1192.0,679.0,711.6
2026-06-02 06:00:00,1158.5,1201.5,430.9,1163.2,675.6,354.3,939.5,1044.2,647.4,807.6,476.8,382.6,394.2,917.5,999.4,438.9,584.8,1118.1,995.5,742.7,1118.2,880.2,580.9,772.5,677.4,726.2,644.7,363.1,1042.2,694.5,591.2,766.6,1124.6,345.2,372.5,426.6,371.8,666.6,948.1,586.6,1211.1,657.4,751.9
2026-06-02 06:05:00,1153.4,1191.2,394.2,1225.7,699.1,362.2,961.1,995.7,651.3,789.2,496.4,394.2,371.0,924.5,1020.3,428.2,636.9,1095.1,1081.3,749.1,1054.5,893.8,607.7,810.7,737.4,762.0,660.5,354.6,1040.9,659.9,560.2,706.7,1154.6,382.9,381.8,448.5,377.2,620.0,940.0,587.5,1172.1,689.0,743.0
2026-06-02 06:10:00,1090.4,1174.5,418.3,1225.3,696.4,378.9,968.5,1011.9,701.5,787.0,499.3,381.5,377.9,904.4,940.7,432.7,619.2,1103.0,1008.1,739.5,1129.3,898.7,635.7,818.8,710.1,813.1,614.0,361.4,1075.2,643.5,587.9,700.7,1140.0,364.0,401.7,442.7,390.2,665.7,966.7,595.3,1192.3,727.9,728.3
2026-06-02 06:15:00,1112.1,1302.7,429.6,1170.4,698.4,358.4,970.1,1060.8,669.9,823.2,521.7,403.5,408.5,913.0,1017.9,423.3,644.5,1140.0,1002.8,741.9,1129.7,928.7,603.3,827.2,680.4,804.2,622.2,371.4,1046.5,656.0,595.5,667.7,1132.7,359.0,400.7,454.7,378.6,673.8,988.1,591.9,1195.4,690.7,688.9
2026-06-02 06:20:00,1075.8,1245.7,425.6,1156.5,709.3,361.1,940.2,1107.9,652.1,854.9,522.8,412.8,398.3,931.2,1073.6,448.8,635.0,1106.5,1037.2,758.0,1131.5,908.9,594.6,865.9,720.7,784.3,628.5,375.7,997.9,620.5,547.0,718.9,1172.4,388.9,391.2,442.1,375.2,663.8,1024.7,623.9,1223.4,722.2,710.0
2026-06-02 06:25:00,1093.2,1201.4,433.2,1225.1,716.2,379.8,1021.5,1077.0,706.6,857.8,504.5,423.7,424.3,934.8,1061.6,449.3,632.6,1091.9,1036.2,717.2,1066.0,914.3,603.8,801.3,680.8,795.2,658.7,367.3,997.6,663.0,570.0,719.1,1159.8,389.1,416.4,443.0,399.5,684.6,939.0,599.4,1092.5,715.2,781.7
2026-06-02 06:30:00,1068.5,1256.2,444.2,1202.4,730.7,358.6,1021.8,1059.9,694.8,833.0,521.8,413.5,398.5,906.2,1072.9,444.4,618.1,1137.9,1012.9,735.4,1129.4,881.3,606.6,830.8,736.3,808.1,641.7,363.2,1062.0,644.2,595.3,725.5,1157.0,400.7,389.1,449.7,389.9,696.3,940.0,576.2,1176.5,750.2,782.1
2026-06-02 06:35:00,1136.0,1232.4,424.9,1185.4,694.8,351.3,963.8,1022.6,729.0,867.3,537.1,414.4,423.5,944.0,1051.4,430.2,659.1,1166.4,1000.1,705.8,1149.7,877.3,631.5,852.0,738.3,797.4,703.2,404.0,964.6,614.8,544.6,736.4,1153.9,364.5,383.8,462.4,404.0,675.7,994.3,561.4,1204.5,710.0,713.5
2026-06-02 06:40:00,1090.0,1274.6,414.6,1162.4,707.9,369.7,990.4,1131.5,708.0,894.8,555.0,411.4,429.9,910.8,1106.9,467.5,653.5,1186.0,1041.3,732.3,1062.5,911.1,623.5,855.5,727.1,824.9,678.9,385.5,975.9,623.6,563.4,682.6,1077.3,364.2,383.4,477.6,398.1,690.2,968.0,613.7,1210.7,701.8,700.9
2026-06-02 06:45:00,1065.8,1143.7,431.4,1184.3,720.0,379.7,996.6,1082.1,707.6,848.2,588.6,403.8,442.2,929.4,1066.7,456.6,689.0,1193.7,982.1,722.1,1113.3,892.8,625.9,824.6,721.9,828.4,700.3,393.0,945.5,642.2,561.9,740.9,1143.4,406.7,419.3,495.0,395.4,710.8,953.4,577.6,1151.4,701.4,774.7
2026-06-02 06:50:00,1105.3,1185.1,421.9,1170.2,719.5,372.6,971.9,1074.2,745.5,888.1,565.7,423.4,427.7,930.1,1039.7,470.2,667.9,1165.8,993.4,699.8,1060.1,904.8,614.4,828.5,758.7,793.3,681.8,380.8,916.3,596.4,555.7,692.6,1116.1,357.5,403.3,471.5,395.1,717.9,973.6,587.9,1178.1,704.4,743.4
2026-06-02 06:55:00,992.0,1172.9,422.7,1145.5,763.7,368.0,953.3,1060.5,684.3,929.2,542.3,433.1,420.3,902.0,1090.6,427.7,646.8,1168.4,1040.2,711.7,1078.5,916.1,600.8,834.7,747.2,812.7,713.3,409.7,937.6,607.3,582.8,702.8,1102.8,377.8,412.4,498.7,420.1,695.4,985.2,579.5,1186.9,691.8,728.4
2026-06-02 07:00:00,991.1,1113.7,419.5,1170.6,728.5,353.4,992.0,1074.5,709.0,865.4,562.8,434.7,454.2,906.1,1094.9,458.7,662.9,1159.3,944.5,693.9,1046.1,942.0,596.0,891.9,707.9,817.2,658.6,408.4,931.9,611.5,576.9,690.3,1230.9,394.3,429.9,484.2,435.7,732.4,974.5,591.2,1201.2,685.0,715.9
2026-06-02 07:05:00,1073.4,1215.4,449.9,1172.1,687.8,369.0,1003.5,1094.9,706.2,937.3,572.4,448.3,464.1,989.4,1087.2,449.1,667.8,1194.4,964.5,694.0,1060.1,893.4,616.0,825.2,781.1,825.4,702.3,399.1,932.3,634.3,548.2,672.1,1060.9,379.3,422.2,468.5,437.2,739.0,920.3,565.0,1165.8,703.3,714.4
2026-06-02 07:10:00,1043.5,1162.1,391.5,1146.1,730.8,383.3,971.9,1123.2,681.1,956.0,565.0,425.2,475.8,902.5,1055.2,460.4,684.5,1131.6,1001.6,705.2,1054.7,938.2,634.5,843.2,734.5,841.4,717.1,403.1,960.9,643.7,533.0,659.5,1101.4,398.7,404.8,482.4,427.8,763.9,947.0,573.7,1157.8,678.4,769.3
2026-06-02 07:15:00,1042.6,1190.8,412.9,1186.4,732.2,355.8,1022.2,1093.5,751.6,911.0,586.6,446.2,461.6,937.1,1077.6,473.6,689.3,1195.2,980.6,699.1,1072.7,896.1,586.0,872.1,727.3,841.7,721.7,406.0,936.6,615.0,567.2,684.4,1092.8,383.5,441.7,494.2,448.4,746.1,960.7,559.3,1134.7,650.5,743.8
2026-06-02 07:20:00,986.9,1240.1,415.6,1194.9,716.1,366.4,1052.8,1143.8,723.0,912.6,542.9,479.6,482.3,942.1,1113.3,466.2,661.1,1300.3,984.5,649.4,1081.5,898.8,581.9,824.9,789.3,821.1,704.9,405.5,958.5,546.6,555.3,656.4,1089.6,413.4,418.7,497.5,425.4,742.3,915.5,612.6,1176.9,659.3,696.4
2026-06-02 07:25:00,1020.0,1138.8,403.7,1178.8,690.7,364.3,1043.1,1131.3,757.9,955.3,596.4,469.9,482.7,923.2,1083.4,461.6,641.1,1146.7,914.4,692.2,1085.1,903.3,576.8,859.3,783.3,874.7,677.2,412.7,927.7,579.5,538.8,667.2,1052.8,407.2,422.7,480.1,445.1,773.3,927.9,549.4,1175.1,717.1,717.9
2026-06-02 07:30:00,1074.4,1129.2,422.2,1130.7,752.2,360.2,1013.0,1217.5,748.7,925.5,581.9,468.3,499.2,941.5,1019.8,461.5,628.9,1208.9,954.6,673.7,1019.8,889.2,608.8,803.7,749.9,842.3,737.3,411.9,921.7,657.7,545.8,658.9,1086.4,402.3,415.2,483.6,429.9,785.4,895.6,568.0,1162.1,673.6,765.1
2026-06-02 07:35:00,1031.1,1140.1,418.6,1160.1,689.1,369.8,959.8,1084.2,755.4,868.5,591.9,468.6,483.5,929.9,1045.5,439.5,643.5,1218.7,930.7,666.8,1044.5,844.3,589.9,856.4,731.0,880.0,708.6,406.4,902.2,593.8,541.9,655.5,1036.1,394.9,410.7,485.3,428.6,731.9,879.6,602.4,1145.4,692.3,733.9
2026-06-02 07:40:00,1004.1,1161.8,405.6,1130.9,723.2,371.0,1036.3,1148.7,733.2,934.9,623.3,461.2,462.9,894.3,1042.1,448.1,654.5,1224.6,995.4,647.8,992.5,887.5,596.9,851.7,738.5,879.8,711.5,395.2,956.2,540.8,513.9,622.6,1074.2,386.8,428.3,488.6,450.3,754.9,910.3,569.6,1122.0,659.0,693.5
2026-06-02 07:45:00,978.6,1101.5,400.3,1080.4,710.3,369.7,1017.1,1149.1,727.4,953.7,577.3,444.6,491.0,930.1,1037.2,475.5,696.1,1171.8,947.6,664.8,1015.9,844.3,574.7,852.9,748.5,816.6,766.6,410.1,885.5,623.9,514.6,591.4,1062.9,397.4,407.2,497.0,446.7,721.1,917.6,547.3,1087.5,687.2,706.2
2026-06-02 07:50:00,972.8,1091.6,399.5,1137.8,715.4,353.0,1023.1,1107.3,747.2,963.7,607.6,478.5,496.9,897.2,991.2,452.2,695.7,1225.5,917.8,650.5,1013.4,855.8,590.6,824.7,785.0,830.6,721.2,420.2,914.9,555.0,520.2,665.1,1043.0,383.9,424.5,521.1,450.4,750.3,906.8,546.6,1075.5,673.4,714.0
2026-06-02 07:55:00,914.8,1139.8,396.9,1113.3,735.0,344.3,1066.0,1144.8,766.1,919.7,619.5,439.8,506.8,955.9,1114.7,473.8,683.6,1186.9,919.5,681.1,977.0,845.6,571.0,850.2,785.3,831.7,707.9,419.7,852.6,583.8,486.4,665.8,1041.0,420.9,445.6,487.4,423.1,809.6,844.9,526.9,1126.4,700.8,732.6
2026-06-02 08:00:00,977.6,1109.2,394.5,1187.1,707.2,363.5,979.5,1166.3,744.4,938.4,610.3,472.3,479.1,916.2,1023.5,468.2,687.7,1153.5,906.5,617.1,1014.3,865.0,545.6,840.8,758.0,848.9,706.3,427.8,871.3,550.2,507.3,590.3,1085.0,401.1,434.6,469.6,457.2,751.8,908.1,563.2,1122.2,683.0,706.0
2026-06-02 08:05:00,987.6,1022.0,390.4,1142.0,680.0,353.5,914.4,1141.1,729.5,974.7,579.5,479.0,500.4,881.4,1021.7,467.4,647.6,1237.8,917.3,627.8,985.7,840.1,583.9,871.5,766.8,857.8,732.0,429.1,924.1,603.1,496.7,642.7,1046.1,386.0,427.0,468.7,453.0,789.3,882.5,528.7,1085.7,667.1,732.9
2026-06-02 08:10:00,911.0,1041.1,392.8,1109.9,710.3,376.8,965.3,1182.4,717.7,945.7,635.2,474.5,521.1,905.0,981.7,458.3,629.9,1225.2,869.1,621.9,987.6,790.0,563.5,851.4,745.1,841.2,699.5,420.1,883.4,537.8,507.7,634.2,1026.1,413.9,409.6,505.8,438.8,789.1,890.2,527.3,1078.0,636.8,704.8
2026-06-02 08:15:00,930.6,1121.3,395.8,1087.3,670.3,375.3,1006.9,1058.1,748.0,904.0,607.8,514.1,508.8,866.3,1064.5,446.1,637.9,1163.7,922.0,642.1,1011.8,869.7,554.9,795.7,727.5,821.4,726.8,413.3,823.7,548.0,484.6,600.7,1026.3,393.5,421.8,485.2,452.0,766.6,831.1,510.8,1069.3,621.1,646.9
2026-06-02 08:20:00,910.1,1078.0,370.0,1076.9,682.2,374.3,988.6,1100.0,729.7,982.2,602.9,510.6,508.0,892.8,1029.5,448.0,615.4,1175.7,844.6,654.8,956.4,832.7,560.8,807.3,710.6,873.8,737.7,414.7,827.7,571.4,504.4,637.7,1007.2,409.1,411.4,496.5,458.6,770.0,870.1,515.9,1092.8,636.6,701.0
2026-06-02 08:25:00,909.2,1033.2,369.4,1031.9,648.3,341.2,947.0,1174.2,738.8,940.1,607.5,500.3,544.1,874.8,1016.0,456.5,631.0,1170.6,878.8,637.6,986.3,793.1,528.1,808.5,748.1,818.7,710.3,402.6,889.5,541.1,497.8,637.6,1015.2,407.2,438.3,481.2,433.8,813.4,858.8,518.0,1071.0,635.1,681.5
2026-06-02 08:30:00,931.5,1044.5,358.7,1001.2,649.1,354.9,935.9,1150.7,733.0,975.7,606.5,472.8,499.9,853.6,1011.9,417.2,640.1,1128.6,846.1,603.2,996.2,773.2,555.1,823.8,757.4,844.7,731.0,418.5,845.7,554.6,489.6,631.6,973.4,394.5,412.7,488.3,433.3,802.5,805.0,530.0,1026.1,622.4,670.1
2026-06-02 08:35:00,866.2,1042.8,385.6,1021.1,666.2,355.8,961.7,1133.3,726.2,903.6,591.6,515.0,537.2,847.8,1032.9,459.8,650.2,1209.5,863.0,611.4,987.4,817.4,534.3,810.6,722.5,821.8,705.9,423.8,831.5,556.7,494.6,639.7,1049.6,372.8,407.1,484.4,438.3,832.1,841.9,513.6,1047.7,638.8,683.5
2026-06-02 08:40:00,935.0,1057.9,375.9,1039.4,667.8,352.3,930.2,1151.0,739.8,937.4,616.3,496.5,535.2,927.1,994.2,434.2,646.3,1205.5,881.8,600.3,936.2,764.9,537.5,805.7,755.8,817.3,690.0,419.0,814.0,542.6,493.2,621.8,982.8,378.9,412.4,477.5,411.7,718.7,799.8,522.5,975.8,622.4,665.6
2026-06-02 08:45:00,933.0,986.1,376.1,968.0,622.3,338.5,975.4,1040.9,742.6,952.6,601.7,473.9,516.8,860.5,942.5,437.0,627.0,1160.1,807.4,620.5,907.7,802.3,554.4,873.0,717.3,831.2,666.5,411.6,821.0,518.6,478.1,584.7,1052.8,424.9,403.5,503.9,444.3,789.5,820.1,468.0,998.2,616.4,669.8
2026-06-02 08:50:00,900.0,995.3,352.0,1009.0,660.8,352.8,942.5,1124.7,770.2,932.9,624.1,488.2,520.6,841.2,957.1,434.4,647.5,1164.9,841.7,599.1,909.0,802.9,542.5,787.5,723.2,847.9,704.0,400.4,859.4,520.8,479.0,596.0,1027.9,375.1,414.0,502.9,450.5,719.6,870.9,519.9,956.7,639.9,650.5
2026-06-02 08:55:00,834.5,1022.7,384.8,1010.8,630.5,337.4,930.1,1127.1,740.3,898.9,620.1,501.5,521.0,830.9,949.1,432.2,620.2,1163.6,804.8,578.0,878.7,757.6,525.7,827.7,712.2,813.2,700.9,397.2,803.0,524.3,465.9,598.8,942.9,376.2,431.3,491.1,444.4,772.1,816.2,475.6,976.8,609.4,645.0
2026-06-02 09:00:00,869.8,1004.9,356.1,1004.5,666.3,336.2,920.1,1064.4,754.7,861.8,639.0,478.3,524.7,852.1,990.2,412.9,629.2,1161.6,829.4,610.5,935.6,750.4,523.2,785.7,738.8,789.3,711.4,397.7,801.5,536.9,463.1,615.0,957.9,371.5,406.7,509.0,441.5,765.4,801.4,503.7,972.7,578.6,672.9
2026-06-02 09:05:00,924.8,1018.9,362.1,983.9,630.2,317.2,942.4,1164.2,698.8,966.5,603.7,488.4,512.6,818.1,1002.4,428.9,604.2,1100.0,795.9,619.1,931.5,751.7,481.2,732.5,718.2,831.5,705.4,388.9,827.1,537.7,492.5,580.3,955.4,363.9,393.0,458.3,446.6,741.3,763.8,443.6,926.9,617.3,648.8
2026-06-02 09:10:00,813.3,958.9,367.1,986.6,611.0,336.5,929.6,1078.6,678.1,926.8,591.1,490.0,514.9,800.8,1010.8,431.5,641.1,1155.9,831.7,590.0,908.8,735.1,504.9,782.7,701.7,802.8,725.4,398.8,783.7,525.6,464.9,570.3,965.5,379.8,399.8,471.6,430.0,750.8,801.6,487.1,1016.6,598.4,649.8
2026-06-02 09:15:00,873.7,1000.5,345.1,1041.2,629.1,325.1,927.4,995.1,707.8,947.3,576.9,468.3,515.6,821.2,914.1,395.2,617.1,1092.0,813.1,592.1,863.2,758.0,516.9,798.6,699.7,789.9,667.0,360.3,783.0,530.9,465.2,549.4,937.2,354.6,384.0,467.0,408.9,754.6,786.7,497.0,960.7,585.8,626.3
2026-06-02 09:20:00,847.7,1016.6,347.7,1002.9,606.1,329.8,920.1,1070.1,721.9,935.8,640.7,479.1,515.4,815.0,972.0,401.7,624.9,1147.5,838.2,560.4,885.5,756.7,499.3,781.6,668.4,804.6,681.7,384.6,802.6,492.9,462.0,590.1,961.7,357.7,430.7,479.1,428.5,767.8,738.8,468.3,960.0,569.8,653.1
2026-06-02 09:25:00,896.1,993.4,353.2,960.5,642.3,325.2,906.5,1028.0,714.0,921.5,610.4,466.6,514.6,799.9,929.8,426.1,585.9,1081.2,846.4,548.0,927.4,760.2,487.6,767.3,642.1,782.6,656.3,389.3,800.3,520.1,466.1,575.7,874.2,367.7,415.1,448.6,441.0,728.0,756.5,478.3,938.5,604.8,632.5
2026-06-02 09:30:00,853.8,978.2,379.2,968.7,614.5,322.3,873.9,1079.7,719.9,891.3,583.3,492.2,483.4,782.7,1022.8,420.7,606.9,1065.9,813.2,549.1,902.2,721.4,512.1,756.4,672.3,826.4,684.1,415.0,777.5,512.5,451.4,554.5,901.2,359.0,405.8,472.6,426.5,733.4,799.0,488.4,973.9,608.4,618.0
2026-06-02 09:35:00,878.5,966.6,350.5,963.8,607.5,317.9,875.6,1052.8,637.5,907.5,622.8,464.8,518.3,789.0,972.3,412.6,609.7,1100.4,831.5,578.1,902.4,754.4,521.6,739.2,674.3,764.2,642.6,383.6,805.6,519.3,450.9,579.7,908.1,360.8,397.1,440.3,414.7,757.4,804.6,483.2,991.5,563.9,643.8
2026-06-02 09:40:00,879.5,940.7,362.2,936.8,616.9,323.5,878.2,1009.9,711.0,926.9,613.5,479.9,507.0,781.6,974.1,397.6,558.5,1091.8,840.3,571.1,964.7,710.5,488.3,764.9,684.0,784.8,674.3,381.4,797.2,521.4,468.1,558.4,890.7,356.1,383.7,467.4,426.5,757.4,773.0,448.5,961.6,577.1,610.1
2026-06-02 09:45:00,909.4,958.6,356.2,931.3,584.0,312.0,937.0,1066.8,687.2,885.0,562.4,453.8,484.6,772.8,942.3,411.6,611.4,1089.0,781.8,583.6,882.4,746.9,509.5,729.9,665.1,763.1,637.2,368.8,743.2,492.3,433.4,539.5,857.7,341.4,381.2,469.7,418.7,795.1,791.4,482.3,951.5,576.2,615.8
2026-06-02 09:50:00,854.0,992.9,345.8,976.8,575.2,298.1,840.5,1041.9,644.2,926.9,569.6,455.1,505.9,788.3,924.0,385.6,564.4,1048.8,836.1,568.8,813.8,692.9,504.6,720.1,654.2,757.5,661.8,395.0,806.5,505.2,454.6,582.0,924.6,366.7,377.5,435.4,408.5,735.8,765.9,490.2,881.4,536.0,586.8
2026-06-02 09:55:00,866.4,949.6,330.4,931.1,601.9,314.9,858.8,981.0,685.2,831.6,576.9,452.0,503.3,828.4,896.2,395.6,585.8,1076.3,798.4,587.1,838.2,756.0,477.1,738.0,600.4,734.1,665.4,363.8,772.9,525.8,439.6,523.1,867.2,360.7,404.2,442.6,409.7,741.1,745.1,481.3,929.5,561.8,593.9
2026-06-02 10:00:00,816.4,924.2,349.8,907.3,571.6,300.1,866.2,994.1,669.1,823.0,557.0,461.9,526.1,802.3,884.8,378.9,608.9,1071.5,773.7,583.3,871.6,707.8,478.5,717.4,664.3,728.9,607.8,392.8,803.8,508.9,422.3,558.1,875.4,336.3,372.3,460.2,401.5,717.4,809.9,445.5,946.0,530.4,615.9
2026-06-02 10:05:00,882.9,932.4,322.4,932.4,568.2,293.4,850.0,1006.8,668.5,883.9,570.0,465.7,496.0,811.2,873.4,389.7,590.2,1091.1,802.3,561.3,861.2,729.1,513.4,746.6,653.4,742.3,607.3,359.4,832.3,501.7,447.1,552.2,910.4,348.6,365.5,459.5,409.9,747.6,725.4,445.9,957.2,556.6,597.8
2026-06-02 10:10:00,831.2,949.0,352.4,932.5,599.0,294.4,879.4,973.5,675.7,831.3,579.9,465.4,511.5,748.8,905.5,376.9,544.2,1052.4,791.7,548.3,853.6,728.2,468.8,724.1,660.5,707.3,632.7,375.2,780.7,483.9,431.6,525.2,919.9,336.2,367.9,419.1,388.8,692.3,764.8,460.4,936.9,592.0,597.3
2026-06-02 10:15:00,834.6,930.1,337.1,870.4,590.4,304.4,838.6,967.5,659.7,897.9,540.6,433.1,519.3,795.3,924.7,395.1,562.7,1020.4,758.5,531.5,851.6,684.2,474.4,692.9,640.9,708.6,626.1,361.6,766.1,509.5,428.3,556.3,869.5,349.9,372.1,439.6,400.6,705.8,738.6,465.9,974.0,527.9,591.1
2026-06-02 10:20:00,846.9,951.8,307.4,920.2,556.5,299.3,835.1,971.6,618.0,873.6,564.8,452.1,486.4,758.0,868.5,388.8,582.6,990.1,764.4,586.9,833.2,726.8,509.8,680.7,658.0,716.3,613.8,353.5,812.7,479.7,479.9,538.2,854.5,345.2,325.8,439.9,404.1,707.4,746.7,468.5,893.3,580.6,589.1
2026-06-02 10:25:00,806.5,950.6,329.5,941.7,564.8,279.4,856.2,933.0,639.2,873.5,575.4,441.2,491.9,770.8,853.7,374.8,544.3,977.5,828.1,545.7,860.8,695.3,471.6,688.5,621.5,737.5,606.0,367.8,760.1,497.3,451.7,576.1,858.1,346.9,365.6,428.2,393.7,707.2,785.4,444.5,890.3,576.7,577.9
2026-06-02 10:30:00,850.9,958.7,338.4,926.8,557.3,293.4,875.9,893.2,606.4,849.6,558.5,455.4,514.9,754.9,829.0,391.4,548.4,1027.4,794.9,535.4,884.9,698.6,497.7,745.2,627.1,708.0,594.8,368.5,823.4,492.1,451.3,563.8,906.8,322.7,331.4,443.6,391.0,711.4,749.3,453.2,917.7,545.4,576.7
2026-06-02 10:35:00,868.7,971.8,328.7,972.3,600.7,305.7,860.8,957.9,645.3,799.0,546.6,441.5,489.6,733.2,869.1,365.9,544.4,1034.7,822.5,561.9,891.8,689.3,462.3,687.4,628.5,703.0,612.3,349.9,768.0,504.9,442.5,550.0,906.3,316.6,372.1,415.3,386.1,682.6,739.8,442.1,939.4,552.1,577.6
2026-06-02 10:40:00,850.8,958.2,337.3,942.6,583.4,289.9,818.0,888.6,654.9,775.2,533.0,440.8,488.4,753.1,889.8,374.1,556.8,977.2,777.0,534.1,889.5,735.8,477.6,704.1,632.5,675.1,584.8,349.2,764.0,489.7,426.9,504.8,882.7,309.7,335.8,414.1,388.6,700.1,733.7,438.7,941.2,537.4,575.6
2026-06-02 10:45:00,802.7,903.0,321.1,945.3,558.6,291.1,815.8,911.2,601.1,846.3,553.3,428.9,473.8,744.5,886.5,365.6,519.0,1005.3,767.4,560.6,820.7,675.9,490.0,657.9,624.3,728.1,604.9,342.7,833.9,493.5,440.2,535.8,878.8,352.1,343.3,408.2,375.7,648.1,757.5,457.1,845.1,533.2,586.7
2026-06-02 10:50:00,839.3,902.7,316.0,979.4,573.4,300.4,813.9,883.9,607.8,768.2,517.0,458.1,486.1,691.9,884.7,378.7,551.1,986.3,746.2,552.3,843.4,708.3,466.8,659.1,622.0,711.6,584.2,347.0,787.2,484.7,437.4,533.9,836.6,332.9,329.5,416.7,375.6,677.1,723.0,449.9,901.1,542.3,584.3
2026-06-02 10:55:00,861.0,924.7,327.6,921.8,538.9,297.0,812.4,882.2,600.0,836.8,536.0,415.7,472.3,724.9,856.2,375.7,527.9,1006.7,808.5,573.0,835.0,685.2,473.9,674.1,614.8,709.8,583.3,331.2,816.8,494.5,416.4,563.5,882.0,334.3,366.3,407.6,364.4,629.3,745.6,456.5,922.0,525.2,597.9
2026-06-02 11:00:00,794.8,913.5,328.1,903.7,548.7,297.8,784.6,934.7,604.1,809.4,528.7,424.0,443.6,743.7,844.2,381.1,534.9,1005.3,795.3,571.3,857.2,720.2,482.3,709.3,603.3,651.2,608.7,312.8,778.7,501.5,465.5,546.3,889.4,306.8,345.4,419.0,369.0,658.1,740.0,442.1,919.7,544.1,585.6
2026-06-02 11:05:00,815.1,893.8,324.0,923.8,560.1,263.9,824.1,911.9,616.3,786.5,542.2,427.4,461.1,728.1,870.8,366.0,528.8,908.1,776.2,575.6,839.6,745.1,458.3,645.8,620.2,684.4,600.6,319.2,777.6,493.3,440.5,548.4,872.5,325.0,366.5,401.5,347.3,707.6,725.2,458.5,908.6,536.1,557.0
2026-06-02 11:10:00,864.7,912.7,339.1,881.0,564.5,301.8,803.2,906.2,597.2,793.6,511.7,419.8,446.2,729.8,807.4,331.2,539.3,999.2,767.3,560.6,835.6,682.8,502.0,656.4,570.9,654.9,563.2,333.9,712.1,494.0,430.7,559.6,872.9,301.0,362.1,401.3,367.5,658.9,710.6,433.9,890.1,517.4,559.5
2026-06-02 11:15:00,849.8,911.6,318.4,897.6,553.9,291.5,794.1,873.0,613.7,789.2,509.5,410.3,460.8,701.3,821.2,357.3,527.0,971.5,813.0,542.9,877.8,698.4,484.5,684.5,587.1,686.1,562.4,323.4,805.1,501.5,443.5,569.6,840.4,320.2,352.8,404.0,371.7,640.0,743.2,442.8,810.2,545.1,585.8
2026-06-02 11:20:00,854.0,906.0,329.6,876.2,558.5,306.2,762.1,886.9,617.8,769.0,494.7,394.3,443.4,720.9,872.0,377.5,547.7,944.2,782.8,540.1,843.5,687.2,464.5,695.8,624.4,673.9,588.0,331.1,791.4,514.5,423.8,566.9,897.4,314.7,324.1,389.5,362.0,655.2,734.2,433.9,945.5,544.8,580.2
2026-06-02 11:25:00,891.4,916.0,327.1,903.2,554.6,277.8,791.1,910.9,615.3,802.1,517.1,405.5,459.1,711.4,800.1,355.8,538.4,940.6,783.7,548.8,844.3,716.7,465.9,670.5,581.7,674.9,547.2,325.5,780.9,511.2,430.0,552.2,831.6,310.4,338.5,409.4,370.6,640.3,747.7,452.6,906.4,550.4,585.8
2026-06-02 11:30:00,857.1,957.8,311.1,874.3,549.6,268.7,742.4,895.6,572.9,796.9,500.7,399.4,450.0,707.4,823.5,337.4,508.4,951.8,774.3,591.5,851.8,689.8,495.9,673.1,590.1,647.6,593.9,321.9,798.7,481.2,463.2,539.1,866.6,306.9,349.1,403.4,373.0,615.8,694.9,473.2,866.1,524.4,567.2
2026-06-02 11:35:00,863.0,931.1,313.4,872.8,546.6,283.2,771.2,915.6,614.5,764.4,491.0,429.0,429.5,695.7,837.8,361.7,540.2,932.7,779.8,554.4,858.9,713.9,463.8,640.1,614.0,638.6,568.9,320.9,787.1,512.9,436.4,551.0,879.2,321.8,337.8,401.0,356.6,598.5,733.4,453.9,880.7,548.1,562.3
2026-06-02 11:40:00,916.4,994.9,326.4,901.8,543.7,280.2,769.6,916.0,613.3,743.3,489.5,433.3,436.5,728.3,822.3,361.5,522.1,916.8,803.6,561.9,859.6,687.0,462.2,630.1,585.4,644.2,554.5,335.2,765.4,522.8,443.6,543.8,897.5,305.0,328.9,379.5,344.3,629.9,763.3,447.8,896.3,566.0,572.0
2026-06-02 11:45:00,843.4,931.7,345.8,886.9,554.0,287.6,787.6,880.5,612.2,782.8,506.1,402.6,448.2,714.9,846.7,347.2,518.2,919.9,758.2,585.4,882.4,742.4,485.0,632.0,571.3,660.6,562.3,326.6,798.0,513.7,445.9,557.8,895.8,321.4,334.9,407.8,364.7,623.1,708.3,446.9,902.1,531.7,542.5
2026-06-02 11:50:00,830.0,919.9,332.3,839.0,556.5,290.7,823.1,835.3,580.0,704.3,478.9,383.8,452.1,711.7,854.2,351.5,527.1,907.5,795.2,564.9,811.5,650.3,449.3,636.0,605.4,647.8,582.9,338.1,786.8,467.6,442.9,536.4,898.8,307.5,334.7,366.7,360.9,618.8,787.9,442.1,852.6,533.1,562.2
2026-06-02 11:55:00,863.0,929.2,309.9,851.7,552.6,280.6,791.0,861.9,567.5,756.5,477.7,407.1,422.4,749.0,827.2,344.3,496.7,971.5,817.7,548.9,853.3,704.6,468.1,656.2,577.9,655.6,522.5,322.7,810.9,509.2,438.8,561.2,862.2,310.6,314.7,395.3,354.7,636.3,755.2,465.3,863.7,542.1,598.7
2026-06-02 12:00:00,865.2,937.6,296.6,860.2,529.7,279.0,810.1,877.0,561.6,759.9,503.3,384.3,417.2,714.9,848.2,358.1,490.3,932.6,794.6,574.9,843.7,697.2,470.8,626.9,577.9,629.0,573.5,302.2,788.8,527.4,477.3,548.1,931.9,311.5,322.7,386.9,343.1,643.5,745.1,456.5,904.1,496.9,559.8
2026-06-02 12:05:00,842.4,944.1,334.7,867.7,532.5,285.2,790.2,857.0,557.8,722.1,485.3,387.3,453.8,729.6,790.5,352.6,510.7,991.3,823.7,556.4,840.0,697.4,460.1,654.6,546.1,647.2,574.7,309.5,786.5,500.8,437.9,554.6,900.9,309.9,333.9,391.7,351.1,628.7,752.0,428.9,876.1,509.9,565.2
2026-06-02 12:10:00,831.5,991.8,326.9,903.0,555.5,278.4,800.3,847.8,575.4,759.4,499.4,384.3,426.0,709.5,808.4,339.2,500.1,936.6,832.7,569.8,868.5,705.3,448.4,642.7,577.4,673.0,548.0,319.6,787.1,553.3,436.9,529.7,864.5,307.2,335.2,380.3,342.7,606.6,731.9,467.1,844.9,523.3,562.2
2026-06-02 12:15:00,920.0,911.8,339.6,898.6,573.2,277.6,816.4,875.7,588.2,734.8,478.2,383.8,424.9,696.0,870.1,350.9,540.1,940.6,824.4,574.9,884.0,701.7,472.1,637.2,590.6,651.1,550.8,319.8,781.5,477.1,456.7,546.1,867.8,324.3,328.3,382.6,337.2,612.9,784.7,441.3,872.4,527.1,591.4
2026-06-02 12:20:00,871.4,961.7,320.2,922.3,551.7,289.1,755.7,935.9,594.7,721.1,481.4,383.6,412.0,680.9,858.3,342.9,496.1,893.1,792.0,559.2,837.6,706.3,481.5,664.8,570.5,651.2,553.0,311.1,792.9,514.3,433.9,559.3,897.1,314.4,321.3,388.6,347.4,628.5,758.5,445.1,894.6,534.9,546.2
2026-06-02 12:25:00,846.6,945.6,332.9,915.0,542.6,290.9,753.7,858.3,562.7,752.1,481.8,370.8,421.8,708.3,779.6,365.7,507.7,914.9,806.6,572.4,898.0,711.7,462.9,628.6,555.1,650.4,561.8,308.4,819.0,524.9,466.4,550.2,866.7,280.5,322.9,379.7,332.7,622.4,757.9,460.5,852.3,538.1,578.3
2026-06-02 12:30:00,892.3,897.7,338.5,924.9,553.5,289.5,787.3,869.8,569.2,705.3,497.7,376.2,438.4,647.1,810.1,359.5,509.4,921.5,818.5,598.3,820.1,741.6,456.6,674.7,568.5,631.9,536.7,309.5,793.3,518.2,451.2,515.7,847.3,301.5,316.9,381.4,349.5,614.9,781.2,447.9,942.0,512.6,560.6
2026-06-02 12:35:00,868.5,966.5,326.4,913.9,531.5,279.1,771.5,834.7,567.1,746.2,494.8,394.4,418.1,709.3,813.7,348.7,524.7,900.8,801.4,561.8,874.4,647.7,492.2,662.8,565.8,672.5,547.7,313.3,786.0,519.8,457.2,535.8,885.5,316.7,322.8,381.0,343.8,593.9,769.4,488.0,931.8,553.9,557.1
2026-06-02 12:40:00,867.9,983.4,327.4,904.8,572.5,262.6,776.6,900.6,557.2,682.5,491.1,380.8,426.2,710.5,820.6,350.7,490.6,904.6,803.5,597.2,838.7,747.3,482.9,627.5,571.8,647.4,545.6,313.6,837.5,503.1,461.1,563.8,825.3,295.6,331.7,402.3,339.1,621.1,747.4,455.2,926.5,541.8,540.3
2026-06-02 12:45:00,892.7,925.9,332.7,930.6,554.7,279.6,765.9,890.4,579.8,730.4,464.4,381.2,411.6,699.8,841.7,360.5,481.0,928.1,805.1,566.2,847.7,764.5,471.3,670.1,567.1,643.5,557.8,303.3,818.3,512.4,454.0,585.2,897.8,302.9,346.8,358.9,339.1,625.1,764.7,468.6,906.3,538.4,599.2
2026-06-02 12:50:00,847.2,953.2,338.8,927.8,541.3,274.7,758.1,888.2,572.9,723.9,458.1,353.2,396.9,703.0,855.9,348.1,526.5,928.0,884.9,609.8,868.7,674.7,490.8,625.4,604.8,653.0,590.0,315.5,844.3,532.6,473.1,557.9,908.1,303.5,311.3,391.1,328.1,614.3,781.1,439.9,872.5,546.6,583.3
2026-06-02 12:55:00,894.3,907.2,334.2,915.2,550.5,280.3,809.8,902.4,568.6,710.2,481.7,388.1,399.5,679.2,812.6,358.0,506.5,878.8,818.9,565.8,859.8,715.3,482.4,672.4,581.3,657.7,533.8,315.1,823.7,492.5,471.3,555.6,886.8,317.2,335.1,381.2,328.2,651.2,772.2,454.2,885.7,529.9,549.3
2026-06-02 13:00:00,939.8,923.9,345.1,941.9,545.5,276.0,747.3,855.8,571.9,729.4,489.3,368.5,392.8,736.0,839.8,365.7,517.7,923.1,855.7,576.1,798.3,746.1,506.1,654.2,546.2,615.7,546.8,311.6,818.8,542.5,471.3,583.9,927.9,293.3,326.5,379.4,355.6,610.8,742.6,462.5,947.4,537.4,551.6
2026-06-02 13:05:00,905.2,994.1,331.8,845.7,577.2,281.9,789.4,859.2,576.0,718.5,485.3,387.9,407.7,700.5,829.1,345.3,518.5,930.4,811.1,611.9,892.7,738.9,491.4,617.6,577.8,640.8,533.0,305.9,793.4,528.8,445.0,568.4,923.2,294.6,307.2,361.2,336.1,617.0,809.4,479.9,892.2,525.1,563.5
2026-06-02 13:10:00,886.7,954.1,324.1,904.4,553.2,273.7,786.5,911.8,575.7,742.3,468.3,376.1,418.6,688.1,813.8,368.0,521.4,899.1,879.4,615.3,900.7,757.9,463.2,623.8,576.3,682.8,537.4,318.5,812.9,542.0,463.3,583.3,876.0,307.6,321.8,388.3,323.0,607.1,783.8,452.7,916.1,508.3,584.7
2026-06-02 13:15:00,887.4,939.3,358.9,906.8,560.4,272.2,738.5,884.2,551.2,731.2,477.7,367.2,404.6,721.6,773.9,365.4,500.4,896.6,831.1,605.1,879.5,732.5,475.5,641.9,598.1,672.0,527.8,324.6,823.6,549.3,468.8,568.0,908.4,306.4,321.1,362.5,346.4,592.7,774.1,486.5,912.1,542.1,575.4
2026-06-02 13:20:00,894.4,982.5,333.9,949.9,568.9,294.0,757.0,810.6,580.7,728.5,477.3,354.0,397.8,713.8,841.8,354.2,496.7,928.2,846.1,574.1,881.2,682.9,477.9,667.7,575.4,638.6,520.6,307.9,857.4,598.7,497.3,568.6,896.8,308.2,323.0,391.8,326.6,573.5,802.2,473.4,919.1,576.1,563.4
2026-06-02 13:25:00,903.2,964.8,335.6,964.8,548.3,276.0,762.2,881.0,570.0,724.9,468.4,396.4,391.1,705.3,833.1,347.3,476.8,846.0,802.3,597.6,881.5,758.8,493.2,648.4,575.6,655.2,565.3,306.3,852.0,563.9,454.8,592.5,906.0,306.7,333.4,369.1,342.7,580.4,778.8,478.3,923.5,540.3,579.7
2026-06-02 13:30:00,904.5,970.8,342.2,884.5,565.7,284.9,792.2,854.9,558.6,708.3,468.6,380.6,404.0,704.7,829.5,355.1,492.6,917.6,882.0,599.1,849.6,747.4,486.1,649.1,612.0,635.6,552.1,316.6,833.0,524.5,468.2,592.7,950.6,303.1,342.7,391.9,351.8,580.3,757.8,465.1,924.0,525.9,605.2
2026-06-02 13:35:00,944.9,1011.3,345.0,967.5,568.8,293.8,772.0,894.6,570.3,712.1,467.0,380.7,384.1,716.4,797.5,350.6,509.4,963.6,892.2,586.6,850.8,769.1,476.0,655.0,561.9,649.5,548.3,301.5,792.1,582.5,495.4,578.2,940.5,309.7,336.5,367.6,334.7,572.2,798.0,464.1,921.8,563.1,595.4
2026-06-02 13:40:00,876.5,959.6,341.9,899.1,539.6,294.3,780.3,883.1,572.7,724.2,454.4,390.9,384.7,747.4,872.0,345.5,498.6,848.0,831.8,617.8,926.1,706.0,503.5,616.4,595.5,634.8,533.0,300.7,881.2,505.2,468.7,567.0,907.6,307.0,326.4,365.3,348.7,588.6,818.2,448.8,929.5,547.9,555.3
2026-06-02 13:45:00,953.7,972.1,347.3,903.7,572.2,294.1,749.8,828.2,585.8,715.5,455.7,372.9,408.4,730.7,829.5,360.4,492.8,943.7,897.8,594.2,937.9,716.5,511.9,673.5,583.9,635.5,546.8,306.8,897.0,545.7,475.4,560.3,938.4,303.4,327.9,375.0,344.6,593.8,799.7,486.9,936.8,565.5,570.7
2026-06-02 13:50:00,924.2,1009.0,348.7,933.1,569.2,290.7,840.9,882.4,550.3,743.7,455.5,385.2,393.8,722.0,799.6,344.6,512.0,937.5,837.1,588.0,929.9,747.6,497.7,685.4,575.2,634.4,529.8,316.2,904.5,559.1,512.1,565.6,915.6,305.7,345.6,368.2,353.4,615.2,804.9,494.1,920.2,571.7,589.3
2026-06-02 13:55:00,950.7,1039.0,352.7,934.9,574.4,295.3,789.9,882.6,591.6,722.4,443.0,364.7,393.2,743.6,797.9,352.8,533.0,884.3,893.6,585.1,928.8,781.0,504.8,676.3,574.0,679.8,549.2,305.4,858.5,553.9,495.7,584.8,928.0,302.0,315.5,374.3,343.6,572.7,810.3,482.2,911.6,554.6,596.5
2026-06-02 14:00:00,913.5,1052.8,327.7,904.0,575.0,302.0,802.3,888.6,570.3,729.2,467.5,378.1,394.3,728.2,849.8,353.9,512.7,940.4,874.4,650.2,945.0,791.4,489.4,654.2,610.8,639.2,556.2,313.9,916.6,567.3,505.7,605.1,990.4,301.1,338.7,396.6,332.7,610.6,816.8,466.8,945.6,572.8,620.1
2026-06-02 14:05:00,988.8,1000.3,374.4,971.4,581.3,294.8,780.1,896.3,562.2,691.6,465.1,362.9,404.7,739.0,853.3,343.8,497.4,955.8,922.6,612.4,948.3,742.3,498.7,647.0,596.7,672.3,542.8,295.6,909.6,562.9,506.6,572.6,1024.5,313.6,316.0,371.9,317.4,600.0,827.5,484.5,935.8,567.8,599.1
2026-06-02 14:10:00,992.1,1055.2,354.7,977.0,602.5,276.1,779.9,922.9,562.8,743.5,476.7,364.3,397.9,736.3,826.8,366.6,536.0,897.3,898.8,616.3,911.5,753.7,501.9,645.1,600.8,643.2,540.4,321.0,914.7,591.0,500.5,577.0,1008.0,297.1,313.0,380.8,330.9,602.5,848.3,500.9,964.1,537.5,611.8
2026-06-02 14:15:00,989.6,1007.9,364.4,992.7,561.3,288.7,844.1,896.7,556.0,711.6,484.1,371.1,387.0,748.9,853.2,358.2,505.7,912.7,922.4,609.6,945.0,833.2,520.5,646.3,607.8,642.7,546.1,329.5,888.2,564.1,503.0,616.5,970.3,316.6,335.1,397.7,334.4,594.8,851.6,500.9,940.0,565.0,565.3
2026-06-02 14:20:00,923.5,1094.9,345.3,954.7,578.5,300.7,755.1,888.9,544.6,702.8,485.5,356.1,387.4,729.1,861.6,376.1,542.4,935.8,936.0,658.6,935.7,758.6,518.6,717.1,600.0,663.0,569.2,307.8,906.2,573.6,517.9,641.9,973.0,308.7,313.3,383.1,350.3,634.9,889.0,511.0,920.9,562.7,600.7
2026-06-02 14:25:00,997.2,1008.5,357.0,971.2,599.1,290.3,810.9,921.7,587.8,762.8,487.4,374.1,393.5,716.7,851.6,360.6,516.9,965.2,899.8,610.0,941.5,791.5,512.4,672.5,577.0,631.7,560.5,321.5,965.2,609.7,494.5,636.8,1003.0,311.2,326.8,394.1,353.2,584.2,886.8,479.4,1024.5,553.8,623.8
2026-06-02 14:30:00,990.5,1091.8,356.9,976.7,598.7,311.6,778.0,954.0,612.0,743.8,457.6,367.3,399.5,765.7,833.6,360.2,524.4,925.4,912.1,616.9,987.7,769.6,514.6,695.1,569.9,672.6,531.8,316.0,966.3,599.2,536.9,585.9,981.8,311.5,345.4,388.6,330.3,589.4,825.8,500.5,968.4,568.4,648.9
2026-06-02 14:35:00,936.8,1035.2,382.4,1032.8,601.3,298.0,800.9,921.6,551.2,751.6,448.8,349.1,395.7,782.7,879.9,356.2,549.3,942.5,887.5,637.5,1005.9,795.8,492.4,696.8,628.1,659.1,572.7,319.9,923.7,582.5,505.0,631.1,942.3,319.1,323.7,394.8,354.9,602.7,846.7,508.1,926.5,598.2,592.6
2026-06-02 14:40:00,989.0,1126.3,361.9,904.4,645.5,300.7,798.6,905.8,564.5,742.1,482.9,366.6,394.9,727.8,880.6,368.0,505.4,928.1,915.0,647.0,898.1,768.6,551.6,685.4,606.5,653.2,571.5,317.5,935.4,597.1,532.0,645.3,1044.2,329.5,351.9,383.6,335.3,609.1,876.0,522.3,1020.6,589.9,617.5
2026-06-02 14:45:00,1006.1,1087.2,378.9,965.5,610.4,311.6,793.6,915.4,596.1,732.0,490.2,368.3,397.3,760.2,877.7,369.7,512.1,951.1,982.1,663.9,964.2,773.8,496.2,666.3,606.7,651.4,567.4,317.9,873.3,625.2,527.0,621.6,960.4,333.9,312.4,392.3,335.6,607.4,816.1,506.2,989.2,560.0,591.1
2026-06-02 14:50:00,1017.3,1041.7,365.4,999.8,623.1,301.3,822.5,914.2,584.2,730.0,493.8,382.3,396.8,749.7,845.4,379.1,525.8,983.9,954.6,641.5,968.2,789.4,539.1,699.4,640.8,708.9,594.3,313.8,973.6,570.4,513.4,630.0,1037.9,328.1,346.9,407.8,330.8,604.0,875.5,526.8,1007.8,576.5,623.7
2026-06-02 14:55:00,1011.3,1063.6,369.7,972.7,600.3,306.1,761.9,911.5,601.8,755.7,479.7,376.7,388.4,784.1,836.6,373.3,531.0,960.8,909.0,688.9,1017.0,789.8,536.0,669.5,591.1,671.4,568.9,312.4,965.4,578.7,532.4,644.5,1030.3,320.2,323.7,384.3,349.7,616.1,849.8,506.6,1019.3,600.1,650.8
2026-06-02 15:00:00,1020.1,1112.1,374.2,1003.4,591.1,314.4,821.7,974.3,587.5,766.0,445.7,390.4,411.5,773.6,877.8,397.8,578.1,951.4,989.5,648.7,945.3,800.1,534.2,707.9,566.9,673.4,578.1,334.8,958.6,590.9,529.6,651.1,1069.6,328.6,337.2,394.5,341.3,619.2,875.6,527.8,1049.8,603.2,652.3
2026-06-02 15:05:00,1061.3,1127.1,393.7,1013.2,606.9,294.2,831.5,898.3,581.4,741.9,480.6,380.9,393.1,849.1,904.8,381.3,523.8,964.9,959.2,645.4,904.7,824.9,541.5,677.1,582.8,695.7,581.1,309.0,935.9,608.2,502.3,652.5,1045.1,302.8,342.8,383.1,362.3,609.4,882.1,522.7,1034.1,600.9,637.4
2026-06-02 15:10:00,1059.0,1096.3,359.7,1002.7,629.4,306.8,803.9,955.2,590.1,792.5,484.7,369.6,401.2,769.2,912.5,366.9,519.5,946.9,976.6,646.8,1023.9,863.0,533.9,693.2,609.5,663.9,590.7,326.5,959.1,624.8,531.7,662.7,1006.4,329.8,339.2,404.8,340.3,645.9,839.5,524.7,987.1,624.0,637.0
2026-06-02 15:15:00,938.0,1106.0,368.3,1030.8,627.3,318.9,880.7,924.1,554.0,744.5,496.1,376.2,375.7,816.6,905.3,367.8,528.1,945.6,971.4,656.8,1033.6,806.7,558.6,696.9,624.6,707.7,574.2,327.4,1003.5,595.9,515.6,656.2,1063.6,329.3,341.0,374.5,358.9,622.4,955.7,571.8,999.1,620.5,696.1
2026-06-02 15:20:00,1021.1,1135.5,363.0,1054.2,630.8,313.5,831.9,890.8,578.8,720.5,500.3,373.9,398.7,823.4,882.5,388.1,549.9,1014.6,973.8,652.0,955.8,801.2,529.2,739.7,651.8,687.0,569.5,328.9,975.5,595.3,546.4,643.0,1024.3,312.0,330.3,392.4,339.7,611.4,881.2,530.7,997.2,606.7,645.2
2026-06-02 15:25:00,1030.3,1120.3,375.0,1033.2,622.9,328.6,845.6,931.6,619.2,716.0,494.5,384.5,389.0,802.1,877.8,372.3,557.0,1032.4,908.0,694.2,1011.2,830.4,559.4,661.7,644.9,662.5,600.6,337.5,1045.0,590.9,538.4,649.7,1010.4,323.1,361.8,409.7,365.0,641.9,938.8,532.0,1032.3,608.2,642.4
2026-06-02 15:30:00,985.1,1077.9,380.2,1032.2,623.5,301.5,841.2,926.2,626.6,719.9,474.6,380.8,391.4,794.8,904.1,393.1,540.1,935.9,1002.2,661.5,1066.8,813.1,545.7,768.0,583.8,683.7,602.6,328.7,995.5,600.1,557.4,646.2,988.8,333.3,335.9,397.7,356.8,583.4,860.1,518.5,1066.1,620.5,645.9
2026-06-02 15:35:00,1046.8,1099.2,372.8,1047.0,630.7,302.2,859.1,963.1,633.6,752.2,470.0,374.2,433.7,800.8,909.5,398.7,555.1,1011.5,907.9,682.3,991.7,797.6,552.8,704.4,689.2,675.5,611.9,340.5,948.1,607.6,533.9,655.5,1047.5,336.1,337.6,379.9,360.2,602.8,890.6,560.4,1033.5,588.5,631.6
2026-06-02 15:40:00,1086.9,1139.9,385.1,1057.8,651.7,327.6,900.1,954.4,619.1,759.8,494.7,382.8,408.5,803.4,945.4,401.3,590.3,1025.1,1007.1,666.6,1032.6,869.7,556.2,723.3,631.5,703.9,599.8,355.6,965.7,581.6,526.2,678.9,1002.9,343.8,351.4,394.1,354.9,622.7,933.8,537.9,1043.2,636.7,673.2
2026-06-02 15:45:00,1017.0,1178.3,371.8,1008.1,657.6,330.4,935.7,927.6,572.6,784.5,477.3,389.4,421.7,835.2,907.0,382.5,561.5,968.3,983.6,666.2,1049.8,848.9,563.0,739.2,666.6,689.2,566.1,335.8,959.5,613.4,531.7,654.8,1107.0,352.8,346.9,397.1,356.0,607.1,909.1,548.8,1047.1,610.6,681.1
2026-06-02 15:50:00,1065.3,1196.9,385.4,1084.0,625.6,322.0,895.7,1004.8,605.6,771.9,512.7,373.9,418.6,791.2,914.5,405.9,569.5,996.0,1008.5,716.1,993.8,855.3,577.1,741.5,657.2,690.7,601.7,318.4,1007.9,606.0,584.8,694.6,1015.6,336.4,365.2,426.7,367.6,647.4,941.4,537.8,1056.7,661.0,684.1
2026-06-02 15:55:00,1028.6,1172.8,413.8,1060.1,663.5,329.7,909.9,999.4,645.4,796.1,468.0,390.7,421.6,813.2,988.3,401.1,599.4,998.3,991.4,728.9,1024.7,805.0,570.6,757.3,650.4,720.2,602.6,339.4,1018.7,624.3,603.4,655.5,1058.1,328.2,352.5,419.3,383.8,649.9,940.3,561.0,1102.9,608.2,691.0
2026-06-02 16:00:00,1039.1,1160.2,406.0,1120.8,639.4,334.9,931.9,1019.5,654.5,781.5,503.9,370.2,408.5,814.8,979.8,392.3,558.6,1079.9,1020.2,724.2,993.1,842.9,589.9,756.4,649.4,719.0,627.7,340.2,1037.1,660.9,588.0,681.9,1063.6,350.2,360.2,422.9,354.4,669.6,902.9,571.8,1076.4,651.4,666.7
2026-06-02 16:05:00,1110.0,1180.1,405.1,1104.3,664.9,321.4,898.0,985.8,653.2,784.9,502.6,403.3,432.4,783.6,916.7,399.9,560.7,1078.4,992.1,668.8,1044.6,824.8,594.4,792.8,635.9,748.3,628.1,348.7,977.9,600.0,530.5,697.0,1084.0,357.0,363.6,398.8,364.1,630.4,962.9,580.2,1127.0,608.7,678.9
2026-06-02 16:10:00,1047.8,1134.7,392.2,1128.3,655.3,324.2,938.7,983.4,626.6,775.2,497.2,398.3,424.7,852.4,988.7,409.9,569.0,1004.8,1002.0,673.5,1028.1,864.0,584.1,767.9,636.1,751.7,623.5,325.7,1002.8,650.4,534.5,691.1,1054.0,358.9,375.0,416.4,363.0,655.8,947.6,558.2,1077.7,637.7,709.4
2026-06-02 16:15:00,1081.7,1155.9,387.2,1061.6,693.5,335.0,923.0,1011.0,609.8,827.0,488.8,413.1,416.4,862.1,920.3,398.3,571.3,993.8,1007.4,744.9,1062.8,871.0,592.9,753.0,662.1,731.8,577.4,351.8,1027.7,663.7,540.8,645.8,1122.5,352.6,360.7,438.3,355.0,673.1,893.4,552.0,1100.6,660.9,679.2
2026-06-02 16:20:00,1008.5,1135.5,393.4,1087.1,657.3,343.9,910.6,978.6,637.6,760.9,474.1,382.5,421.0,824.0,945.2,412.5,551.9,1069.5,1052.9,699.2,1079.1,873.7,618.6,747.3,641.4,745.7,604.0,346.0,1036.2,651.1,572.6,688.1,1094.1,370.7,350.1,432.4,356.8,654.9,939.0,552.5,1097.3,673.9,680.4
2026-06-02 16:25:00,1129.4,1123.3,408.0,1062.5,672.4,324.8,921.3,1005.5,642.3,809.3,500.0,411.2,417.8,870.5,953.6,428.9,589.6,1068.5,1015.8,676.7,1105.7,855.3,560.4,750.9,706.4,707.7,616.1,360.9,953.7,639.8,595.8,671.5,1091.0,348.9,361.7,417.1,367.8,674.7,956.3,565.4,1117.1,675.5,715.8
2026-06-02 16:30:00,1089.9,1181.1,420.4,1084.3,684.1,336.3,866.6,1002.0,676.1,802.2,502.9,410.9,422.1,808.3,965.8,425.4,594.3,1096.9,959.2,729.8,1138.0,852.7,606.0,798.1,678.8,758.7,620.1,348.9,1008.6,658.6,576.2,660.6,1072.8,370.7,385.6,436.0,373.7,657.0,936.8,570.7,1129.0,674.5,681.3
2026-06-02 16:35:00,1065.2,1177.9,422.0,1153.3,657.2,337.5,929.7,968.7,653.9,830.3,530.7,399.6,422.9,853.4,991.2,416.7,590.5,1029.7,982.2,709.1,1072.1,872.0,616.0,813.1,723.4,756.6,633.2,365.8,954.2,645.8,564.7,693.5,1114.5,343.4,378.9,411.9,396.5,688.8,942.3,576.8,1115.3,679.0,676.7
2026-06-02 16:40:00,1089.7,1197.3,419.6,1164.8,676.2,345.9,883.5,1022.7,653.5,815.4,504.3,399.3,430.4,853.6,981.1,420.8,601.6,1092.7,1017.2,720.3,1056.8,888.3,598.0,799.9,675.4,773.1,661.8,342.3,971.0,654.7,546.1,663.8,1144.3,333.4,373.0,419.8,393.9,651.2,955.7,554.1,1207.9,682.8,681.2
2026-06-02 16:45:00,1025.7,1193.6,403.5,1079.8,674.9,343.1,885.7,1010.9,658.4,820.8,526.4,392.8,450.0,863.1,1000.9,413.3,605.0,1051.9,1036.9,661.0,1056.2,865.1,625.5,706.3,675.8,748.9,652.2,360.8,949.0,635.6,557.0,695.3,1188.8,347.0,380.0,408.9,375.3,639.1,896.5,571.6,1171.5,655.8,762.9
2026-06-02 16:50:00,1108.5,1183.9,413.7,1105.8,672.3,339.0,941.1,1022.5,668.6,818.8,502.1,391.8,414.4,866.7,975.6,415.7,579.8,1101.7,977.0,701.7,1038.1,856.9,624.4,731.4,703.9,753.1,623.2,352.1,968.0,612.7,563.2,720.7,1070.0,355.4,378.3,434.4,395.9,666.5,937.5,552.6,1104.3,661.1,729.3
2026-06-02 16:55:00,1059.3,1195.5,409.9,1121.3,676.1,359.1,908.7,1046.8,676.9,864.8,532.9,401.3,447.0,866.1,1003.1,404.7,612.0,1086.2,1064.9,728.7,1083.9,859.0,587.9,787.8,689.7,757.3,628.4,359.4,941.8,654.2,576.3,696.9,1097.4,363.5,392.5,446.7,379.9,676.2,932.7,568.2,1170.2,683.9,723.3
2026-06-02 17:00:00,1061.9,1174.6,411.9,1146.0,710.3,341.8,944.2,1080.7,653.6,835.0,492.9,397.3,429.7,861.4,998.7,429.5,620.1,1155.6,1002.0,694.6,1053.8,865.9,590.1,787.6,718.9,801.0,630.1,396.7,947.8,680.6,552.6,685.7,1039.4,355.1,389.4,428.1,390.4,690.9,964.5,594.6,1168.2,693.7,691.8
2026-06-02 17:05:00,1051.2,1190.4,440.1,1068.6,677.0,345.7,952.5,1019.6,650.4,889.3,564.8,435.1,453.5,871.9,958.8,437.0,583.5,1113.7,1007.9,733.8,1086.2,871.8,604.9,795.5,732.2,778.4,649.2,358.3,953.8,623.7,567.1,686.9,1125.1,368.5,384.3,442.1,397.5,695.2,926.8,566.9,1083.9,669.6,724.2
2026-06-02 17:10:00,1046.5,1149.7,393.0,1075.4,702.9,333.2,957.7,1040.8,703.1,851.3,532.2,398.8,434.9,913.7,1019.0,429.2,642.8,1094.1,956.2,678.9,1039.1,854.8,584.7,828.3,728.3,740.9,670.7,366.7,986.7,629.3,564.2,708.6,1057.3,376.0,400.2,434.5,420.9,675.1,996.9,555.6,1057.7,662.7,751.4
2026-06-02 17:15:00,1085.1,1187.4,412.1,1147.6,699.3,343.5,930.3,1032.1,645.5,849.6,492.5,421.9,447.3,865.3,1011.0,420.5,595.6,1114.6,1024.8,703.4,1053.2,872.0,644.7,830.4,737.1,794.4,677.2,360.1,976.0,629.5,560.3,682.6,1111.1,374.5,405.2,440.1,401.3,673.0,924.3,576.4,1137.3,662.8,724.0
2026-06-02 17:20:00,1068.6,1196.6,430.0,1065.7,665.1,357.5,985.6,1034.8,715.9,850.0,529.0,427.9,442.2,942.9,989.9,434.4,600.1,1111.9,976.0,739.4,1080.8,916.1,610.4,808.7,728.5,772.1,653.9,371.3,923.9,598.2,550.9,678.3,1141.9,370.6,382.4,436.3,382.5,731.7,907.8,585.3,1125.7,658.0,693.5
2026-06-02 17:25:00,1078.4,1147.9,396.5,1117.3,706.2,356.4,960.5,1046.8,646.4,872.8,529.4,429.4,423.6,868.6,1001.9,452.7,627.6,1081.5,964.6,678.9,1061.5,874.9,597.0,770.3,702.1,811.9,664.0,375.0,1048.2,608.0,558.2,667.5,1086.3,387.2,384.4,469.5,411.4,698.6,972.4,556.2,1045.9,684.6,729.6
2026-06-02 17:30:00,1054.3,1171.2,406.4,1138.1,666.8,360.2,978.9,1064.0,676.9,847.5,536.0,433.0,472.9,893.9,1005.5,448.4,636.3,1190.2,974.5,707.2,1002.3,848.9,570.7,779.9,741.0,802.4,701.1,370.2,950.8,627.6,553.1,666.9,1067.6,366.2,425.4,445.5,418.3,695.3,952.6,545.4,1133.8,698.1,715.2
2026-06-02 17:35:00,1067.5,1145.2,407.4,1146.6,710.3,360.4,934.1,1093.4,712.3,870.9,543.8,442.0,439.2,904.6,1012.9,437.7,643.3,1184.1,1021.4,712.0,1061.0,820.8,599.9,813.8,734.0,822.2,640.6,398.3,922.9,618.1,540.1,702.1,1139.7,373.9,405.9,453.7,417.4,715.9,944.4,553.7,1130.2,684.9,722.0
2026-06-02 17:40:00,1034.5,1145.9,410.6,1127.1,687.1,377.4,966.3,1088.8,695.1,871.6,541.8,426.4,455.8,883.1,1076.8,466.3,641.4,1128.3,991.0,699.6,1033.5,927.3,573.6,824.4,707.9,820.4,686.2,395.3,974.0,617.8,566.0,672.0,1117.5,371.6,420.0,452.0,396.4,692.1,924.4,558.9,1106.8,674.4,698.3
2026-06-02 17:45:00,1113.6,1122.0,392.9,1118.6,698.2,347.7,1005.8,1047.8,670.4,884.1,542.1,435.8,442.8,929.1,1089.1,476.2,622.9,1162.4,947.8,690.2,1093.6,907.1,607.4,786.3,712.7,820.8,686.7,372.9,952.9,615.6,575.4,691.3,1054.6,386.5,412.2,465.5,412.0,701.1,918.6,590.8,1179.1,713.0,702.6
2026-06-02 17:50:00,990.8,1201.8,419.1,1158.4,671.0,338.8,1004.1,1127.7,709.7,888.8,539.2,433.2,441.4,907.7,942.7,435.2,636.7,1212.7,954.5,674.9,1083.8,882.5,548.4,834.0,723.3,828.2,672.4,394.8,925.6,610.4,550.3,690.7,1093.3,375.3,408.4,497.7,412.2,737.1,938.2,539.9,1116.3,673.6,708.5
2026-06-02 17:55:00,1074.6,1191.1,419.0,1137.8,700.6,345.1,954.0,1119.6,704.7,894.0,575.3,456.6,459.6,888.3,1043.2,439.2,630.2,1188.6,1006.8,694.6,977.9,903.2,616.2,776.2,751.2,822.9,680.4,381.3,955.3,595.9,544.6,656.1,1057.8,385.7,378.2,503.7,436.2,701.4,906.6,533.4,1108.2,700.6,701.3
2026-06-02 18:00:00,1073.2,1168.8,416.0,1104.3,717.1,349.0,962.8,1062.1,701.2,889.6,584.6,469.6,456.8,931.1,1058.8,452.4,641.1,1138.8,954.9,685.7,1071.4,884.0,582.8,754.9,731.0,788.6,691.5,374.0,920.7,615.1,555.4,657.0,1116.6,391.4,390.5,463.6,423.6,697.7,967.9,564.8,1118.9,649.7,716.0
2026-06-02 18:05:00,1000.0,1213.8,397.9,1125.2,680.3,346.1,950.8,1134.3,694.7,932.5,562.6,428.2,451.3,867.2,1023.4,431.7,640.4,1149.4,973.4,655.5,1054.5,865.5,558.9,799.8,729.6,779.5,678.8,381.2,926.6,610.2,543.7,682.0,1082.4,377.0,414.3,474.1,439.0,722.1,921.9,546.3,1070.3,674.7,701.6
2026-06-02 18:10:00,1089.7,1135.1,408.3,1134.2,683.7,357.5,961.4,1107.1,709.3,905.2,569.2,419.2,469.7,879.1,1059.3,455.6,630.5,1095.6,975.8,704.5,992.1,832.3,586.8,855.8,727.3,788.7,673.6,376.1,970.9,585.4,556.7,670.4,1123.7,365.1,396.3,483.3,410.2,738.6,904.1,539.7,1082.1,649.0,750.1
2026-06-02 18:15:00,1046.7,1240.2,394.9,1176.0,704.9,369.7,940.0,1093.1,699.5,967.0,552.7,456.2,451.7,908.9,1081.9,446.0,634.4,1184.4,850.9,660.4,1061.2,910.7,585.5,859.9,723.8,828.0,673.6,403.1,928.5,605.7,537.4,661.1,1040.4,381.5,406.3,488.8,417.8,766.1,896.3,564.8,1015.4,648.6,724.1
2026-06-02 18:20:00,1040.7,1124.1,400.4,1141.4,704.2,372.5,977.2,1111.7,765.7,901.1,575.6,465.2,477.0,914.6,988.2,449.8,606.1,1202.7,979.1,647.1,990.0,846.7,582.1,783.1,706.6,757.3,728.2,382.7,937.0,584.0,542.4,670.8,1073.1,375.3,420.0,481.4,415.0,746.0,870.5,553.3,1118.2,649.0,728.1
2026-06-02 18:25:00,1006.8,1135.3,428.8,1152.1,642.2,361.0,999.8,1100.2,709.9,928.3,580.6,479.3,475.8,900.8,1034.2,437.3,658.3,1204.6,914.5,660.4,1060.0,844.6,605.1,784.9,750.0,812.0,681.8,409.2,900.6,603.6,558.0,678.5,1060.8,377.4,411.1,489.2,435.5,752.5,918.2,565.9,1131.7,664.3,707.1
2026-06-02 18:30:00,994.1,1108.0,402.3,1087.5,732.9,378.0,957.6,1120.0,708.2,885.0,575.0,464.8,444.3,887.5,1089.7,434.4,648.4,1186.9,923.4,651.1,1000.2,851.7,585.4,840.7,710.2,806.5,696.1,396.4,914.0,588.0,547.7,654.6,1064.5,356.4,414.8,480.3,438.7,720.6,873.5,558.9,1106.3,651.6,665.4
2026-06-02 18:35:00,988.9,1128.4,385.2,1086.3,700.3,350.7,977.2,1108.7,705.6,944.9,587.7,475.7,474.7,882.6,989.9,418.2,598.2,1175.6,971.3,660.3,968.7,848.2,590.1,810.5,734.0,843.2,709.0,390.7,883.8,592.4,522.3,640.9,1033.5,366.3,427.3,466.3,430.2,749.7,886.2,524.5,1099.2,617.5,723.5
2026-06-02 18:40:00,1001.3,1138.1,399.7,1091.6,701.7,336.5,972.3,1091.5,756.4,889.5,588.0,481.2,491.3,917.6,1023.1,464.1,657.9,1129.1,963.3,637.3,1074.1,857.4,569.6,854.0,723.2,810.7,688.8,390.0,877.5,585.3,538.9,650.9,975.6,394.2,428.7,491.6,427.2,722.4,952.6,514.3,1084.8,647.3,701.0
2026-06-02 18:45:00,1025.5,1100.7,379.7,1090.1,682.2,364.1,1008.3,1035.5,683.3,922.7,565.8,480.3,471.1,891.8,1011.1,456.4,641.3,1175.3,931.7,667.2,958.0,850.3,578.6,837.5,748.4,804.4,694.3,417.3,883.3,578.0,502.4,629.6,1062.2,374.0,409.8,478.5,432.1,769.8,832.6,556.9,1131.6,640.9,709.5
2026-06-02 18:50:00,983.9,1157.2,379.6,1057.1,644.8,332.6,957.8,1119.4,726.8,904.3,606.8,473.9,496.1,860.0,1055.1,452.1,623.8,1141.8,932.8,681.9,975.1,820.0,546.2,840.3,723.2,845.1,704.1,396.9,870.7,581.3,513.1,644.4,1037.2,397.8,426.1,481.6,409.7,753.3,872.9,534.1,1072.5,616.2,696.5
2026-06-02 18:55:00,946.4,1100.5,379.5,1126.3,694.1,343.1,956.9,1088.7,714.0,925.0,583.6,445.3,496.9,856.0,1056.9,447.0,621.4,1181.7,934.3,653.1,975.6,830.8,570.1,796.0,707.7,810.1,675.9,390.9,911.6,586.8,526.1,638.2,1004.3,375.8,398.4,457.7,422.6,750.9,834.9,581.4,1100.8,656.1,648.7
2026-06-02 19:00:00,991.3,1095.4,384.5,1108.6,666.2,355.4,946.8,1125.5,688.3,906.9,618.0,464.4,477.3,917.6,1022.7,411.0,626.9,1135.8,941.2,619.3,974.8,839.2,550.1,825.1,750.1,805.3,661.3,407.2,894.3,571.1,533.7,619.0,1009.0,389.1,412.7,466.2,424.0,764.6,851.8,545.7,1092.0,657.1,683.2
2026-06-02 19:05:00,988.4,1051.0,398.6,1064.8,685.9,347.7,935.9,1114.2,701.0,892.1,596.9,469.9,493.8,855.9,1015.8,430.6,621.2,1179.2,939.2,626.0,1003.4,804.9,582.1,861.2,708.9,798.4,677.5,403.9,813.9,567.5,495.9,623.3,983.0,379.9,416.4,471.6,428.2,742.9,857.2,549.1,1017.1,653.0,671.9
2026-06-02 19:10:00,975.1,1087.9,392.2,1089.8,667.5,345.5,981.5,1084.9,724.9,906.4,625.2,465.4,507.9,878.7,959.4,436.0,622.5,1205.5,895.0,644.2,978.9,852.1,558.3,813.2,728.6,815.8,727.8,385.0,914.0,556.5,504.1,621.2,956.6,389.5,407.6,484.4,420.1,743.6,822.5,509.6,1076.1,670.5,690.0
2026-06-02 19:15:00,972.1,1064.0,389.4,1070.8,673.6,333.8,959.2,1127.7,698.7,956.0,611.8,467.2,484.0,903.3,1051.1,423.9,668.7,1170.5,867.4,598.8,1000.9,811.6,565.0,806.1,751.0,799.2,679.0,396.5,880.8,528.8,501.6,637.5,1038.7,378.3,405.4,502.1,417.5,733.4,861.5,520.1,1014.4,613.2,691.7
2026-06-02 19:20:00,937.7,1042.7,368.7,1080.9,650.2,344.6,961.3,1098.3,721.8,926.1,595.4,490.6,495.3,878.6,993.8,414.5,641.7,1166.5,875.2,609.2,976.8,846.2,555.2,793.9,705.5,797.4,692.4,374.5,888.9,556.7,497.3,603.9,1018.8,382.6,393.7,487.1,407.7,795.4,883.4,531.1,1026.1,610.4,722.8
2026-06-02 19:25:00,913.8,1031.4,373.0,1009.8,679.6,353.5,992.8,1094.1,752.1,877.3,578.9,458.6,516.7,841.2,996.2,422.4,671.4,1184.0,880.3,597.9,912.3,769.4,577.5,763.0,716.8,838.2,660.9,395.0,850.3,532.0,477.7,601.6,955.5,393.1,405.9,472.7,433.4,749.8,849.7,514.2,1032.2,627.1,684.8
2026-06-02 19:30:00,910.4,1134.1,380.0,1041.9,635.6,341.8,990.6,1081.1,717.2,941.5,579.3,481.0,487.6,830.8,1025.4,434.2,635.0,1210.4,870.6,627.6,970.7,814.0,519.2,772.0,707.3,802.1,714.3,398.5,812.0,540.6,500.4,606.2,1065.1,383.2,385.8,460.4,409.8,747.4,857.5,513.4,1070.8,622.0,660.5
2026-06-02 19:35:00,884.0,1035.7,367.7,1038.8,699.8,331.5,901.7,1136.8,680.9,885.9,601.1,474.6,508.3,900.7,997.9,432.5,639.5,1142.4,840.8,662.2,956.2,772.5,539.8,773.8,716.7,787.6,678.7,399.2,812.0,532.7,471.5,619.9,951.1,368.8,402.5,491.2,439.6,769.7,872.2,513.3,1004.0,623.3,659.6
2026-06-02 19:40:00,931.1,992.6,369.5,1054.1,695.9,325.7,962.8,1055.4,692.0,928.9,593.9,458.3,485.8,822.1,1017.2,441.8,609.7,1160.3,873.7,595.0,926.4,774.1,523.0,752.5,709.6,771.9,673.6,381.2,884.3,532.3,504.2,619.3,999.7,354.1,403.6,476.9,430.2,753.4,842.0,495.7,1030.4,632.7,674.7
2026-06-02 19:45:00,917.2,1010.5,375.4,1009.4,680.4,328.4,946.5,1064.1,701.9,921.9,580.5,455.2,500.2,830.3,1000.6,454.7,620.7,1190.1,817.5,630.0,997.1,805.9,502.5,751.5,727.7,797.4,678.0,383.3,796.1,530.5,504.5,607.4,973.3,372.5,410.5,426.0,436.5,699.7,764.2,490.4,966.8,609.0,677.4
2026-06-02 19:50:00,902.6,1024.7,364.5,946.2,669.7,338.8,922.7,1030.5,698.3,921.4,605.0,446.3,509.8,849.4,984.0,435.1,619.7,1157.1,855.5,601.2,950.5,774.8,516.0,726.7,691.9,776.4,729.6,393.8,796.8,546.2,473.0,612.2,931.0,377.0,385.9,484.4,412.8,796.3,822.2,498.2,1002.9,629.1,632.4
2026-06-02 19:55:00,829.3,1037.3,368.7,984.0,639.8,336.5,940.2,1089.1,706.5,952.5,590.1,477.0,467.0,830.0,982.1,422.0,630.1,1062.0,852.7,584.2,954.5,836.1,547.9,762.1,728.7,777.7,684.9,404.3,818.1,541.0,461.5,616.9,972.3,372.3,402.5,473.5,446.7,738.5,752.2,491.9,988.3,592.7,648.4
2026-06-02 20:00:00,871.5,1031.9,381.6,1009.3,660.1,323.3,878.4,1042.7,707.3,877.4,603.2,468.9,495.3,845.3,935.4,445.0,614.8,1101.1,847.5,633.5,950.3,783.3,525.8,792.2,732.2,762.9,670.1,389.4,790.8,534.8,476.8,595.7,951.6,359.2,403.6,436.6,449.9,728.7,791.4,482.3,1034.8,594.0,646.4
2026-06-02 20:05:00,931.2,1030.1,360.3,1007.3,632.3,307.6,962.0,1041.5,734.2,913.3,570.0,457.6,509.8,790.0,958.5,400.1,619.3,1145.6,861.9,641.0,906.7,751.1,519.8,765.1,700.5,784.0,612.5,380.4,834.5,549.7,467.4,575.6,933.5,368.8,394.8,473.6,420.9,741.9,768.5,490.8,969.1,579.8,614.4
2026-06-02 20:10:00,878.7,984.8,372.9,1050.1,601.1,331.7,930.8,1035.1,695.0,927.6,603.4,442.2,506.5,816.6,988.8,391.8,615.6,1101.8,854.5,606.3,930.8,774.8,532.4,761.1,675.2,745.4,694.7,396.6,832.8,576.4,469.5,585.3,984.0,372.6,398.6,464.3,424.0,731.9,807.1,470.8,939.5,535.3,655.9
2026-06-02 20:15:00,902.1,1009.3,364.2,1011.3,655.2,317.0,888.0,1048.2,668.2,873.3,593.1,473.8,494.8,833.7,926.7,404.6,601.2,1157.9,888.1,602.5,917.3,753.4,519.2,781.7,687.2,781.4,650.7,385.3,824.4,533.6,471.5,559.9,959.2,378.7,394.6,443.1,417.4,730.0,775.0,498.6,967.7,561.8,642.6
2026-06-02 20:20:00,851.4,967.9,340.6,990.8,644.4,330.6,890.7,1001.9,712.8,867.2,603.6,464.4,485.5,829.0,926.7,423.5,596.2,1166.1,815.9,594.3,889.0,773.6,524.1,798.4,681.8,755.4,644.5,384.1,796.1,537.6,455.0,587.8,956.9,359.1,359.1,487.3,428.5,741.1,799.7,493.5,957.0,605.5,630.9
2026-06-02 20:25:00,922.8,970.7,342.6,981.9,619.1,314.7,855.5,965.8,711.7,875.8,597.8,455.7,510.8,793.9,916.8,413.2,588.3,1079.5,832.1,587.8,866.7,744.2,516.8,807.2,716.8,780.4,643.1,389.5,733.5,525.5,489.2,569.6,925.9,386.2,376.8,463.1,424.0,694.7,807.3,492.3,976.9,605.7,635.7
2026-06-02 20:30:00,877.1,957.3,343.7,1009.9,593.5,310.7,888.0,1044.2,687.1,888.1,577.3,451.1,495.7,778.5,940.6,395.0,616.5,1059.4,827.0,593.7,896.0,756.2,517.4,754.6,674.8,771.0,683.6,377.5,762.4,529.1,455.0,577.3,937.2,373.3,410.3,448.4,390.4,749.1,762.5,468.0,1003.0,560.8,639.8
2026-06-02 20:35:00,884.9,944.9,341.8,955.1,601.9,319.8,878.4,959.5,673.9,838.5,573.8,459.8,507.7,803.6,970.1,397.6,588.4,1075.6,822.5,597.1,906.9,747.8,499.7,740.8,701.0,758.2,650.6,366.2,689.0,442.7,475.0,571.4,922.2,357.5,391.0,442.1,400.3,750.8,787.5,463.9,950.1,596.2,660.3
2026-06-02 20:40:00,841.5,1006.6,348.1,963.1,575.9,338.9,851.0,1044.9,688.0,885.8,605.1,468.2,504.0,762.6,940.7,389.1,596.3,1067.9,705.9,611.8,887.6,741.6,519.8,733.6,671.5,770.7,618.4,373.1,739.9,425.5,447.8,563.8,932.4,356.5,374.5,447.9,413.4,689.9,717.0,494.4,965.5,534.9,632.8
2026-06-02 20:45:00,818.4,991.2,353.8,930.7,623.0,321.8,901.7,1060.4,667.5,830.5,567.0,455.5,490.4,819.8,860.1,386.9,584.4,1125.1,704.3,571.3,878.5,759.4,483.3,751.6,666.4,782.3,640.5,385.3,728.9,431.5,413.3,571.8,887.9,366.4,383.4,446.0,416.0,733.3,740.2,470.6,947.5,556.2,596.1
2026-06-02 20:50:00,771.6,995.4,358.8,998.0,573.6,314.2,909.6,1002.4,626.9,896.2,582.3,442.1,511.5,788.6,932.7,418.1,602.4,1036.3,726.6,522.3,880.4,693.5,497.8,730.8,654.6,771.5,624.9,391.9,704.9,449.6,416.1,563.5,845.7,339.6,385.2,453.4,406.3,701.5,801.1,479.4,960.0,563.1,666.0
2026-06-02 20:55:00,760.6,964.3,347.4,963.8,604.5,314.5,870.3,1040.6,675.6,871.5,560.5,455.8,485.2,764.2,897.6,395.5,545.8,1087.1,688.3,516.5,868.5,732.1,513.1,726.7,652.7,709.9,644.2,355.4,705.8,474.1,410.1,497.6,943.6,339.4,392.3,440.1,381.9,707.0,673.7,453.2,913.8,586.2,590.3
2026-06-02 21:00:00,762.3,883.7,338.1,927.9,581.1,293.2,858.1,995.1,678.4,902.7,532.7,469.0,509.9,751.6,918.4,415.9,582.4,1101.4,710.9,531.0,822.0,711.6,492.3,724.0,671.5,721.4,626.3,384.8,704.7,456.0,403.1,488.1,902.7,332.4,368.5,435.4,406.9,720.3,677.8,463.5,936.5,596.2,614.9
2026-06-02 21:05:00,776.6,814.0,319.9,940.4,567.7,297.4,872.4,1037.6,685.4,866.1,540.8,453.3,510.0,757.3,895.4,382.2,552.2,1077.1,699.7,549.2,788.0,694.6,486.0,701.4,636.0,719.9,600.4,360.7,671.6,444.2,397.8,507.5,823.6,341.1,364.1,440.4,419.9,727.5,668.3,434.1,959.6,555.1,601.1
2026-06-02 21:10:00,757.3,877.1,340.6,953.7,594.3,283.0,855.8,970.9,638.9,836.6,565.5,451.6,504.0,731.8,871.4,396.2,577.2,1058.9,702.3,525.4,766.3,632.7,524.0,667.5,665.2,740.2,624.9,362.9,652.6,453.8,396.3,481.2,789.2,332.9,363.1,430.2,368.6,712.3,645.9,418.8,907.9,559.2,599.8
2026-06-02 21:15:00,745.2,854.8,305.0,928.3,581.3,320.3,823.9,909.3,653.9,819.5,567.4,444.2,483.9,775.1,887.7,390.9,564.7,1034.2,727.4,518.1,731.4,633.9,509.1,699.4,670.7,710.8,621.8,379.0,698.8,447.4,390.4,523.1,796.2,336.2,360.2,431.9,404.8,672.3,656.2,411.9,920.6,575.4,605.9
2026-06-02 21:20:00,781.3,861.1,304.9,916.4,599.1,316.8,830.3,970.8,650.5,840.9,559.6,434.4,521.5,741.5,873.1,396.3,539.0,1090.6,675.6,516.2,764.2,638.1,439.7,740.9,627.9,705.9,596.0,354.1,649.0,421.3,399.5,512.2,833.5,337.5,357.8,448.7,412.9,699.0,672.8,419.7,828.0,593.1,604.6
2026-06-02 21:25:00,739.7,849.3,320.8,909.4,559.5,304.9,834.9,1017.2,643.6,829.4,568.7,431.8,484.5,765.0,888.3,387.0,566.5,1019.8,710.5,517.9,750.6,645.5,423.1,735.9,658.8,698.2,579.5,353.6,645.9,441.5,414.1,466.4,801.1,322.1,364.3,422.2,400.2,703.9,660.6,414.1,788.9,573.1,618.4
2026-06-02 21:30:00,786.7,809.4,311.2,840.1,565.9,301.1,844.2,977.7,640.5,854.7,553.2,419.8,483.5,764.4,852.3,393.2,561.5,1050.6,674.7,530.9,744.6,645.6,407.0,722.1,652.2,716.3,617.4,347.6,650.9,442.2,393.5,495.4,839.4,347.8,355.7,423.7,386.0,673.8,684.8,433.1,839.2,478.1,579.7
2026-06-02 21:35:00,731.2,790.8,305.3,818.8,535.2,284.6,833.8,942.1,635.4,797.7,531.1,455.0,477.3,770.3,841.8,386.3,550.9,1011.0,671.2,466.2,774.4,623.4,440.2,688.4,645.3,719.4,603.6,352.8,659.9,454.3,392.9,499.0,802.9,344.2,357.6,413.2,395.1,668.5,646.1,405.3,802.9,506.7,596.0
2026-06-02 21:40:00,761.0,804.1,287.8,812.2,536.5,295.1,834.6,961.0,635.1,865.3,550.3,443.1,459.1,750.8,885.9,365.6,550.0,954.4,683.2,495.6,749.1,656.7,444.8,678.7,613.6,676.6,601.4,353.7,637.5,422.1,394.9,470.2,760.8,326.0,376.2,434.4,381.5,680.5,652.8,409.7,810.9,481.7,537.7
2026-06-02 21:45:00,722.8,828.8,289.8,786.0,602.6,311.6,787.6,974.1,641.5,842.2,540.3,435.7,491.1,766.9,891.5,384.3,551.5,996.5,661.7,445.1,703.8,615.4,430.8,725.5,620.1,687.6,615.4,341.2,626.1,440.0,373.7,479.5,780.6,343.4,344.1,396.9,386.5,689.7,636.8,397.2,821.7,509.0,562.6
2026-06-02 21:50:00,728.2,824.7,291.3,815.8,544.7,295.6,837.8,939.1,646.9,801.6,525.2,436.0,462.2,769.3,873.7,373.1,565.3,994.6,642.6,491.5,748.5,581.5,401.2,666.1,617.0,655.2,563.8,361.5,650.7,409.2,354.8,468.4,802.6,330.9,355.9,405.4,379.1,662.6,659.5,383.8,818.5,494.8,530.6
2026-06-02 21:55:00,684.9,767.8,283.2,804.4,511.6,288.2,817.6,1010.5,606.6,845.2,538.9,434.1,480.6,741.2,838.3,363.8,538.1,989.7,645.9,480.9,693.7,606.2,421.8,686.1,654.8,641.5,596.5,336.8,618.9,438.2,371.2,475.3,762.5,336.2,338.6,422.3,377.3,675.1,608.1,397.1,767.1,467.7,502.0
2026-06-02 22:00:00,674.6,769.7,291.9,795.5,495.0,276.6,876.2,917.5,614.1,778.8,529.6,417.9,481.3,739.5,832.3,378.4,557.0,969.3,611.4,460.5,736.3,608.1,410.5,716.7,613.0,697.6,604.1,347.8,602.7,397.6,376.6,454.9,765.2,310.7,358.4,409.3,365.4,641.2,638.2,371.5,799.2,495.1,538.1
2026-06-02 22:05:00,693.7,768.1,288.2,802.2,500.2,272.7,800.9,955.3,606.3,798.0,515.7,420.7,470.9,645.8,830.2,379.2,537.4,1002.4,645.7,426.1,704.0,542.7,415.2,681.7,607.0,690.7,586.0,341.1,617.0,407.7,385.0,470.2,775.1,319.0,358.6,419.8,366.7,668.0,630.2,396.3,806.1,483.3,506.7
2026-06-02 22:10:00,696.2,768.7,273.3,809.0,514.9,260.0,814.8,944.0,600.5,758.5,519.5,416.4,450.3,634.2,866.7,362.1,556.3,1000.7,572.1,457.8,708.6,617.6,433.5,670.4,586.7,684.4,561.4,351.7,603.2,398.6,348.4,449.5,684.4,326.8,336.3,404.5,387.8,622.9,600.7,366.0,761.0,477.7,496.8
2026-06-02 22:15:00,668.8,737.3,289.9,801.4,490.8,245.6,871.9,899.4,578.3,828.0,541.3,451.6,452.6,675.2,738.1,362.1,529.3,965.4,639.7,455.7,698.6,588.4,415.5,697.1,587.3,710.0,571.8,329.1,594.9,407.7,366.3,442.1,743.9,317.8,336.4,396.6,361.0,661.3,607.2,367.1,787.6,468.6,526.4
2026-06-02 22:20:00,634.2,727.6,277.9,791.0,498.7,250.6,724.8,902.9,605.3,741.8,537.8,430.3,418.1,658.4,773.2,349.3,520.1,960.7,626.7,446.5,688.3,563.8,409.0,605.3,590.1,640.8,572.7,341.3,594.5,401.0,353.1,449.8,749.8,316.3,348.8,401.2,344.4,668.9,609.0,362.2,771.4,456.9,504.4
2026-06-02 22:25:00,624.7,732.8,260.0,765.5,491.3,246.4,715.7,938.4,610.6,742.8,516.4,417.3,450.4,656.0,763.7,309.0,511.1,935.0,636.8,433.6,687.6,561.1,397.5,604.6,606.5,629.9,550.5,358.2,576.7,368.5,341.9,447.8,696.2,315.6,337.7,385.2,402.4,644.9,582.5,375.8,765.6,468.5,495.3
2026-06-02 22:30:00,615.4,744.3,270.8,750.8,479.4,253.6,692.3,910.7,596.3,757.7,511.6,429.7,460.2,627.3,772.8,322.8,525.9,968.6,639.0,424.6,676.9,584.3,398.9,625.1,515.0,646.4,581.7,317.9,586.1,371.7,330.9,400.5,726.5,318.9,353.4,388.9,357.4,655.5,575.0,352.4,766.0,485.7,519.0
2026-06-02 22:35:00,601.0,707.4,270.5,732.5,476.1,254.4,742.0,912.2,596.3,799.1,486.2,425.8,443.6,665.2,764.4,331.2,460.7,996.8,608.7,430.2,704.4,579.6,381.3,549.2,524.7,623.9,572.9,321.8,540.1,394.2,331.3,388.3,695.9,283.7,325.4,407.8,357.5,646.1,558.9,365.8,719.0,476.9,482.0
2026-06-02 22:40:00,628.5,721.7,272.8,735.0,483.8,247.3,680.7,769.9,601.3,786.9,531.4,391.3,436.4,625.4,748.0,316.2,489.5,992.8,573.4,415.1,663.1,547.1,391.8,597.4,502.9,586.4,559.4,349.9,577.9,366.9,338.6,424.2,652.7,294.5,347.1,392.1,354.3,611.8,607.7,348.7,709.6,444.0,477.4
2026-06-02 22:45:00,639.2,737.8,259.3,740.7,461.4,254.9,709.7,821.6,616.4,764.2,518.3,403.3,437.8,609.8,698.8,333.5,455.0,839.4,614.4,430.0,655.2,528.8,378.7,573.8,551.9,604.9,584.9,326.5,535.2,369.9,340.6,406.3,695.1,271.6,321.7,393.1,357.2,612.6,557.7,350.3,747.2,413.7,487.3
2026-06-02 22:50:00,610.2,678.3,265.2,714.7,477.2,247.7,686.0,808.5,581.5,781.1,511.5,403.6,455.3,609.1,739.0,315.8,455.0,901.5,549.0,413.4,628.4,546.5,367.1,579.7,528.2,596.7,501.4,327.6,517.0,345.1,297.8,393.0,670.2,279.1,303.5,393.2,347.3,625.2,537.8,341.5,706.8,429.5,443.0
2026-06-02 22:55:00,561.8,692.5,257.0,725.6,459.5,252.8,687.0,795.6,509.5,752.1,463.7,409.1,436.1,643.4,722.6,313.7,469.9,837.1,530.1,387.9,641.0,542.5,380.9,581.0,528.0,606.3,529.4,321.9,524.7,349.6,325.1,399.4,660.4,282.5,292.7,371.8,369.6,626.3,521.8,366.5,674.1,433.5,472.3
2026-06-02 23:00:00,591.8,708.9,242.4,694.3,463.0,240.1,656.3,801.0,524.1,761.0,495.9,396.9,458.7,588.6,706.3,310.6,475.3,815.9,586.1,405.9,606.3,539.5,342.6,563.0,502.6,591.1,500.2,306.0,526.0,340.5,310.7,433.5,665.9,264.7,289.9,333.5,350.2,611.6,530.8,321.3,692.8,430.2,465.9
2026-06-02 23:05:00,585.2,670.3,238.5,671.1,475.2,262.4,707.4,777.7,552.3,785.6,491.2,396.4,424.7,589.5,737.1,320.0,465.8,802.4,558.5,403.7,638.8,514.8,356.6,573.9,533.8,573.8,487.1,276.1,514.5,353.5,307.7,377.9,626.5,270.2,293.6,352.1,339.9,600.7,541.3,338.7,685.2,432.7,447.6
2026-06-02 23:10:00,617.9,658.6,254.1,714.6,448.9,234.0,668.5,768.1,501.8,666.1,500.9,390.2,432.6,649.1,698.5,299.5,466.9,804.4,511.8,412.9,582.4,515.0,364.5,571.6,534.9,567.8,484.7,299.3,505.9,347.7,312.3,398.9,651.2,272.5,299.1,342.1,287.6,567.7,526.1,329.4,683.6,425.1,453.7
2026-06-02 23:15:00,549.8,684.8,251.4,678.8,458.3,229.2,643.7,770.7,526.9,652.5,482.1,406.1,422.1,607.6,684.0,304.5,447.9,833.8,514.6,399.9,586.6,510.5,366.2,563.4,508.7,580.3,496.7,274.3,532.1,349.0,322.5,375.0,611.1,281.1,278.1,342.2,323.4,649.5,529.2,317.7,662.1,419.9,451.9
2026-06-02 23:20:00,562.4,647.5,241.9,662.7,417.0,225.9,686.6,759.6,531.3,673.8,483.3,375.0,451.9,571.7,711.4,297.9,444.5,813.2,539.6,374.2,565.4,518.3,353.6,556.5,496.1,542.3,476.1,271.9,499.1,322.6,295.1,362.7,648.5,267.9,286.3,348.7,307.4,582.8,528.5,325.0,695.7,397.8,442.3
2026-06-02 23:25:00,592.4,667.1,247.1,649.0,429.2,229.0,645.2,814.1,473.8,675.4,493.7,385.2,425.7,559.3,672.7,295.0,468.2,797.9,512.0,396.6,594.7,517.2,337.2,547.2,507.0,510.0,490.5,274.2,474.5,336.0,297.6,367.9,633.7,270.5,287.9,330.7,313.3,537.8,509.1,308.0,635.1,394.0,447.9
2026-06-02 23:30:00,566.2,646.5,240.9,670.7,430.3,216.0,654.9,778.2,512.5,658.9,424.5,367.0,448.2,542.7,662.0,297.4,459.7,786.1,509.8,360.8,573.1,514.8,339.3,541.8,504.9,565.4,478.8,280.5,500.8,328.1,281.6,354.9,633.3,268.6,297.7,332.1,299.3,525.2,503.9,303.3,606.7,382.3,435.1
2026-06-02 23:35:00,563.7,624.8,235.3,680.7,449.0,227.1,657.6,728.9,511.5,672.2,425.0,374.9,414.1,566.2,643.6,293.0,442.7,773.7,547.6,373.2,586.0,504.3,338.4,538.9,501.9,557.7,474.6,273.5,534.7,301.8,296.9,349.6,606.7,238.2,297.8,331.9,306.8,569.7,524.1,299.1,608.1,393.1,423.9
2026-06-02 23:40:00,552.5,633.7,221.6,637.6,394.4,209.6,643.2,789.0,494.3,644.2,432.7,388.9,436.6,569.9,642.3,300.0,443.3,771.3,546.7,377.9,551.6,505.8,346.9,516.5,493.7,574.4,475.9,270.9,486.2,328.4,284.7,355.5,584.3,257.7,278.4,336.2,303.6,508.1,506.8,307.1,614.4,395.0,429.4
2026-06-02 23:45:00,552.9,624.7,236.9,633.1,412.4,220.6,585.6,726.6,484.5,645.9,445.0,348.9,417.2,575.9,636.3,287.5,435.6,808.9,512.9,382.8,571.8,488.9,336.4,545.5,492.7,554.5,486.5,267.5,487.7,334.9,302.4,348.4,573.1,251.1,267.6,326.6,310.0,555.8,497.1,297.8,629.6,392.4,418.4
2026-06-02 23:50:00,557.7,632.2,226.3,649.6,426.1,208.0,632.4,729.2,480.9,645.7,435.6,340.5,424.3,512.9,654.7,289.0,404.9,819.2,506.1,384.9,567.6,461.3,332.6,517.8,463.6,542.5,460.1,265.3,494.8,336.5,290.2,355.8,566.6,263.0,275.2,321.1,300.8,545.7,482.6,292.5,609.8,347.2,446.7
2026-06-02 23:55:00,530.0,598.6,217.9,588.1,393.5,211.6,610.1,740.1,480.1,638.7,436.2,353.5,397.2,515.5,615.3,282.3,414.9,812.2,520.5,376.0,557.1,486.5,320.7,506.7,480.8,526.7,465.7,262.7,524.4,320.4,283.4,356.8,572.1,254.1,272.7,340.8,286.9,526.0,494.2,300.8,613.2,376.2,417.0
2026-06-03 00:00:00,556.4,605.2,214.0,650.9,395.3,215.1,598.3,670.5,475.8,658.2,420.5,353.9,373.5,528.0,591.8,289.1,429.0,776.5,497.2,359.1,550.3,442.0,306.6,512.5,456.2,513.0,464.4,269.6,496.8,328.5,282.5,344.6,558.9,252.4,277.8,321.6,315.6,549.6,486.7,304.9,588.5,355.2,393.3
2026-06-03 00:05:00,519.5,599.9,218.1,652.5,396.7,222.9,594.7,699.4,468.1,629.1,435.3,337.4,356.1,566.8,624.3,271.5,414.5,741.2,471.6,365.6,548.9,489.9,300.5,498.4,422.4,515.3,436.9,260.0,488.5,326.0,287.5,358.0,572.3,246.8,261.8,324.3,295.5,512.9,484.0,280.9,602.2,369.1,374.5
2026-06-03 00:10:00,547.5,611.0,204.0,552.8,390.1,199.2,560.5,684.1,465.2,610.6,391.8,338.4,368.8,530.0,599.1,268.1,400.0,728.8,463.9,361.1,529.4,441.0,308.2,512.1,444.9,528.2,455.3,241.3,511.9,314.1,290.0,343.3,549.9,240.8,254.5,297.7,280.7,531.8,488.2,294.6,561.6,347.6,382.3
2026-06-03 00:15:00,546.2,578.1,217.8,594.2,401.3,202.3,584.7,691.8,481.4,619.8,435.0,329.1,347.3,515.4,602.5,273.0,413.7,751.5,505.7,350.8,525.0,463.8,315.0,500.4,438.0,514.3,454.0,259.2,513.9,313.9,274.4,347.9,550.5,243.0,259.0,299.3,287.7,510.2,481.6,295.0,587.8,363.3,362.3
2026-06-03 00:20:00,535.1,613.4,206.0,578.0,384.0,196.3,550.4,686.6,442.7,622.1,432.8,337.4,360.7,484.7,617.9,261.1,395.1,720.5,522.0,357.4,550.2,469.2,301.9,482.3,442.9,515.0,450.6,262.4,520.8,323.6,283.7,326.6,552.8,234.0,253.4,313.3,286.4,490.6,454.9,300.5,591.5,345.6,389.6
2026-06-03 00:25:00,547.4,603.2,213.5,581.5,389.7,193.0,561.6,668.9,430.1,611.2,408.4,316.9,371.3,465.4,588.6,264.1,394.5,725.7,511.3,378.8,535.0,454.4,310.0,488.1,445.0,496.2,418.1,251.5,501.2,323.8,285.9,350.4,545.1,240.0,250.0,302.2,284.1,535.0,477.7,286.4,561.7,343.1,375.1
2026-06-03 00:30:00,540.9,571.7,207.2,574.8,366.9,191.6,561.8,659.4,464.6,603.4,409.0,343.5,362.9,491.6,606.2,274.9,385.1,748.8,526.6,367.6,548.8,419.8,296.1,472.0,430.9,475.1,413.8,241.1,514.0,329.3,289.1,374.0,552.0,220.8,243.1,297.3,279.9,488.3,462.0,302.1,604.2,355.7,366.4
2026-06-03 00:35:00,537.4,618.1,208.4,592.9,359.2,198.3,569.9,674.2,440.3,557.6,394.6,334.2,341.3,484.0,571.6,246.1,382.0,703.2,532.1,384.8,567.8,434.4,296.6,446.7,448.4,498.8,421.1,253.1,546.4,327.2,300.4,359.9,567.9,232.2,237.1,288.6,275.7,487.2,488.7,294.0,541.0,339.6,378.8
2026-06-03 00:40:00,554.1,638.7,205.1,574.3,361.7,188.6,531.9,650.6,432.1,533.7,388.5,308.7,331.7,476.2,583.0,261.9,377.8,736.8,544.2,352.8,536.9,452.2,314.5,469.3,410.9,491.0,415.0,234.4,541.5,336.7,278.8,351.4,544.4,219.8,247.7,302.0,277.9,499.9,459.2,273.2,584.2,353.7,365.5
2026-06-03 00:45:00,546.8,619.5,209.0,558.7,348.7,202.2,562.2,637.3,430.2,591.7,379.7,309.7,354.0,469.7,550.2,243.6,380.5,657.7,530.5,363.1,537.2,456.9,308.5,425.8,387.6,472.2,411.2,239.1,555.0,327.4,302.2,343.0,540.9,223.9,242.0,295.4,273.0,500.3,484.4,293.1,586.1,350.3,371.9
2026-06-03 00:50:00,577.3,631.0,222.4,570.3,364.0,189.9,547.7,631.1,428.7,570.2,381.9,318.0,362.2,460.0,555.0,254.1,377.1,681.0,537.8,375.1,545.0,447.4,299.0,399.3,410.5,471.3,401.3,238.1,548.4,357.9,299.9,375.5,560.9,206.4,231.2,285.4,269.8,457.8,489.3,291.7,557.3,340.8,362.9
2026-06-03 00:55:00,558.6,611.2,220.0,581.7,352.7,180.3,519.9,654.6,413.9,555.3,384.4,307.7,332.8,452.8,532.2,246.4,352.3,669.6,539.2,382.5,555.1,453.0,294.9,450.7,395.6,464.6,402.6,242.8,575.0,327.8,295.4,359.3,547.9,215.7,239.7,284.3,246.6,491.2,475.7,302.4,578.8,337.1,365.5
2026-06-03 01:00:00,598.6,584.2,214.5,552.9,348.0,182.5,503.9,615.9,421.4,560.0,378.3,312.5,360.8,482.1,529.1,243.1,356.6,635.6,542.5,376.9,569.6,434.7,312.1,442.7,384.6,445.7,365.0,236.2,570.8,350.7,310.8,357.3,594.5,210.4,218.2,276.1,243.8,464.9,496.3,306.3,560.5,355.1,378.0
2026-06-03 01:05:00,573.1,586.6,213.4,546.1,359.3,178.9,493.9,596.0,397.9,572.7,391.0,300.8,336.0,447.5,534.0,235.3,362.1,662.4,528.1,392.0,564.3,482.6,312.9,437.6,389.7,443.2,398.0,230.8,565.7,354.5,303.8,361.5,564.4,208.7,225.3,269.4,247.8,457.9,514.6,289.7,583.1,351.2,373.7
2026-06-03 01:10:00,592.6,632.5,220.6,610.9,341.2,186.6,516.0,564.1,400.9,557.1,365.5,314.3,313.0,453.3,512.1,232.3,343.6,668.5,582.1,396.9,606.5,456.9,312.7,446.9,380.0,429.4,402.5,232.5,597.2,360.6,294.7,396.3,583.0,195.7,226.8,267.3,248.7,450.9,500.5,309.6,577.7,360.8,379.6
2026-06-03 01:15:00,600.5,624.0,224.3,568.0,361.3,172.5,496.6,566.4,373.1,542.7,343.7,297.0,313.6,454.5,532.3,227.0,328.0,673.5,564.4,376.7,585.1,477.7,307.4,425.3,377.5,433.2,374.5,215.6,578.4,358.5,283.6,376.5,596.6,204.7,230.2,274.2,241.7,447.1,520.1,303.5,585.9,327.5,368.5
2026-06-03 01:20:00,646.4,625.8,213.6,580.3,348.3,173.5,522.5,577.5,408.7,506.9,372.7,314.6,332.8,463.2,522.0,230.3,328.9,632.5,572.3,407.8,599.0,491.7,301.5,418.0,399.5,445.5,378.7,231.1,632.1,356.9,309.3,388.3,573.0,203.4,216.7,261.6,236.7,420.9,530.7,301.8,580.6,344.6,346.1
2026-06-03 01:25:00,638.1,651.1,221.0,580.1,366.4,177.3,491.3,578.3,388.2,502.5,337.8,294.9,322.8,441.1,528.1,227.4,326.8,583.1,579.9,417.9,592.7,460.9,314.7,430.4,380.5,438.8,391.1,197.9,633.2,382.8,320.8,386.3,588.0,190.1,225.4,262.0,242.8,441.2,513.3,325.9,586.4,345.4,360.2
2026-06-03 01:30:00,638.4,674.1,211.9,601.9,351.1,184.0,485.8,565.5,393.8,471.5,340.3,274.4,331.9,465.6,502.1,228.7,328.0,621.2,575.2,414.9,620.2,485.5,331.7,409.5,373.5,431.4,368.9,224.7,619.9,384.2,333.1,393.8,600.1,192.4,211.8,255.2,231.9,432.9,539.1,312.1,589.3,358.7,352.1
2026-06-03 01:35:00,663.2,642.6,234.7,629.8,363.8,187.1,501.1,576.6,387.5,511.3,344.4,300.0,302.6,444.8,532.7,216.8,322.9,620.6,608.0,394.9,607.4,494.4,313.3,414.1,392.4,433.1,368.3,207.7,632.9,397.8,343.0,395.7,635.1,198.8,219.4,262.9,218.3,420.2,543.5,321.5,622.3,346.6,383.0
2026-06-03 01:40:00,622.8,673.4,244.4,615.0,361.1,188.3,486.4,557.1,384.6,512.5,341.4,287.9,311.1,451.4,547.9,225.8,338.6,598.1,629.8,421.5,608.8,493.6,326.7,419.4,369.4,413.5,381.8,213.3,650.3,380.4,340.1,424.8,664.6,199.2,223.1,248.1,223.1,422.2,555.6,325.4,649.4,351.9,376.1
2026-06-03 01:45:00,675.6,725.2,234.1,583.9,369.9,184.4,496.5,548.1,375.0,508.0,318.5,278.2,306.1,477.6,545.0,233.7,324.3,602.2,617.7,438.0,648.1,519.1,347.0,420.2,357.8,401.1,380.9,218.0,655.7,428.3,333.9,414.8,675.6,195.6,204.7,262.1,225.8,412.0,538.0,336.4,669.8,365.4,394.0
2026-06-03 01:50:00,729.7,682.6,222.0,594.0,366.2,181.9,511.4,571.3,376.5,495.3,321.5,276.8,300.8,444.1,552.6,231.4,338.3,586.3,662.2,428.4,640.5,502.8,332.5,412.1,356.0,411.9,345.2,210.5,697.3,413.5,350.7,403.5,675.3,195.5,210.7,244.2,225.9,408.9,550.6,350.0,654.0,348.9,395.8
2026-06-03 01:55:00,703.4,736.2,245.3,620.7,350.2,187.8,499.5,582.1,359.0,478.6,310.5,258.5,294.8,470.1,525.3,225.4,314.3,589.9,646.4,459.8,657.4,522.3,339.4,411.0,369.6,411.6,350.1,207.7,671.5,383.3,358.7,433.7,636.7,195.0,212.2,242.3,231.5,410.4,606.3,358.9,645.7,352.2,387.0
2026-06-03 02:00:00,714.5,719.3,238.2,632.3,383.9,178.5,501.2,539.5,354.6,468.6,327.2,250.4,291.2,477.6,521.5,243.0,321.6,608.3,634.6,465.4,683.4,524.3,332.1,404.5,352.5,420.1,362.4,209.4,663.1,431.7,386.6,434.7,655.0,191.6,200.4,259.6,226.4,398.4,608.6,357.7,675.7,378.9,414.1
2026-06-03 02:05:00,737.5,754.9,244.0,613.7,376.1,176.1,504.9,561.8,364.8,461.2,328.9,261.1,292.1,472.0,538.1,222.5,326.3,613.7,704.8,465.4,678.4,576.8,358.3,410.7,358.5,417.8,357.0,193.9,700.8,430.6,380.2,448.9,712.8,193.8,210.5,235.7,208.4,388.0,609.6,336.3,673.8,416.8,410.4
2026-06-03 02:10:00,758.1,780.7,257.9,673.5,391.0,190.7,479.2,526.2,357.2,467.4,302.8,269.0,289.4,470.5,530.4,227.0,333.9,566.3,692.8,471.9,684.4,537.7,349.7,446.3,368.6,424.2,358.5,193.9,734.5,429.3,361.6,447.2,728.2,187.1,204.1,242.1,229.8,402.8,633.0,376.2,671.0,393.5,405.7
2026-06-03 02:15:00,706.1,786.3,259.5,646.3,395.3,184.6,514.6,534.5,379.5,453.4,320.7,258.3,285.4,507.8,510.8,219.0,338.3,580.1,718.8,482.8,688.4,570.7,346.8,422.9,387.4,387.7,323.2,203.0,752.5,468.7,383.6,452.3,725.6,192.5,202.5,248.9,217.7,378.1,602.3,373.5,730.4,394.1,416.2
2026-06-03 02:20:00,725.5,804.2,258.2,709.8,383.8,192.2,515.5,551.3,367.8,489.4,317.3,265.4,289.8,482.9,557.6,227.8,323.4,562.3,731.7,488.4,734.7,598.7,359.5,432.5,391.5,404.1,330.5,199.7,744.8,472.5,402.2,480.4,738.6,196.6,205.6,230.0,218.4,400.3,634.0,385.6,722.2,410.5,435.1
2026-06-03 02:25:00,781.9,769.1,261.5,728.7,387.9,195.8,532.0,583.1,356.2,445.3,300.2,259.8,266.4,492.3,546.3,245.1,340.5,625.1,704.2,477.7,717.1,562.2,378.9,414.8,387.2,414.9,370.6,198.9,739.9,472.1,401.0,502.6,724.5,205.4,205.8,242.8,218.1,381.9,643.2,376.5,698.0,419.3,429.9
2026-06-03 02:30:00,773.0,837.7,272.5,697.7,413.2,199.2,533.3,554.1,361.8,459.8,286.1,247.7,258.3,491.1,532.2,232.3,316.3,610.8,725.4,498.9,736.1,590.0,365.0,472.8,383.0,424.6,361.2,208.4,765.1,476.1,387.7,457.3,785.4,198.8,215.0,230.0,211.3,394.3,645.5,386.5,747.6,417.7,422.7
2026-06-03 02:35:00,834.5,803.6,272.8,724.7,408.1,206.3,526.8,557.5,367.4,435.4,292.7,254.1,278.4,505.6,555.3,226.6,344.8,563.0,772.3,515.1,756.5,581.0,373.8,432.8,380.2,448.2,358.5,208.3,762.7,490.0,424.5,493.8,743.3,213.8,211.2,241.9,220.4,399.4,649.3,404.6,752.3,418.0,423.2
2026-06-03 02:40:00,808.1,845.4,271.7,701.0,430.5,208.8,553.5,577.1,367.0,466.7,295.7,254.6,259.8,525.8,568.1,246.6,325.7,602.2,803.0,544.8,769.4,572.4,403.6,434.1,395.6,412.8,343.6,196.5,735.1,467.1,425.7,492.8,735.8,215.1,227.5,257.3,204.2,381.5,710.5,424.4,731.4,413.8,442.8
2026-06-03 02:45:00,780.7,859.7,283.2,754.6,423.6,208.2,539.5,582.8,373.0,463.5,314.0,241.2,261.8,514.8,580.3,246.3,347.6,603.4,774.6,542.2,799.5,605.2,403.0,455.4,416.9,420.4,355.1,205.7,780.9,500.7,425.9,495.4,805.4,205.9,211.2,226.4,226.1,391.9,681.8,409.5,767.6,453.9,444.9
2026-06-03 02:50:00,809.6,879.9,294.0,742.6,446.6,207.5,556.3,574.7,373.5,460.1,298.4,238.9,257.7,494.2,589.3,253.0,358.9,600.7,770.3,563.6,787.2,619.7,399.7,450.5,402.5,428.7,368.9,194.7,825.4,524.2,424.1,484.2,785.8,205.4,219.8,244.6,219.3,389.4,715.9,398.5,778.0,443.4,465.0
2026-06-03 02:55:00,783.8,890.4,294.4,742.2,446.5,214.6,555.4,631.1,360.3,454.3,290.3,240.3,255.5,544.7,622.8,248.2,361.0,640.6,837.2,525.1,834.9,631.3,414.1,475.1,400.7,429.6,351.0,196.0,817.6,528.9,454.8,531.7,781.5,225.0,218.1,243.6,221.5,385.1,724.9,428.5,731.1,464.2,463.1
2026-06-03 03:00:00,860.8,873.1,288.2,773.9,452.6,213.6,577.4,598.5,355.2,470.2,300.9,221.3,247.4,528.0,584.5,246.5,339.0,647.9,793.5,550.8,808.6,646.0,447.5,455.7,410.3,433.2,362.4,202.0,827.8,503.8,423.7,526.6,848.3,218.3,213.2,241.6,223.9,391.2,751.9,425.5,772.4,480.5,473.2
2026-06-03 03:05:00,874.4,873.0,315.1,783.1,451.5,220.0,572.3,613.7,379.5,466.0,288.5,240.1,252.9,567.5,615.4,256.8,356.8,642.0,828.4,600.3,836.8,662.7,449.1,501.7,415.2,451.9,378.9,209.3,874.8,530.5,433.5,533.8,793.8,219.5,235.3,240.0,219.2,382.9,756.6,421.0,847.0,469.4,504.8
2026-06-03 03:10:00,880.3,948.1,285.5,800.0,467.9,242.9,617.7,613.0,395.0,475.8,305.8,243.1,261.1,564.8,612.2,266.8,375.1,633.3,821.2,560.7,835.8,649.1,438.3,507.2,432.2,471.3,386.2,207.8,832.7,516.7,451.0,570.7,864.7,215.2,228.5,262.7,232.6,407.6,744.6,439.9,815.9,460.7,520.3
2026-06-03 03:15:00,933.1,943.2,311.8,844.9,489.8,230.4,634.9,638.3,389.2,510.8,293.7,239.1,255.2,591.1,663.8,266.3,380.7,642.6,850.0,568.4,906.7,691.1,457.9,500.0,422.3,466.5,378.7,217.3,845.6,544.4,471.9,551.6,854.7,220.6,225.6,258.9,221.3,392.4,733.7,454.9,862.6,486.8,492.5
2026-06-03 03:20:00,948.7,984.6,315.1,815.6,480.4,236.4,625.0,663.7,413.7,490.3,296.9,241.1,258.6,568.3,640.0,274.6,382.3,666.0,830.1,585.1,856.6,719.7,455.8,485.1,444.8,460.0,401.9,217.1,887.4,536.4,454.6,558.8,921.6,220.3,237.3,246.1,221.8,386.1,794.3,469.6,894.1,496.0,507.4
2026-06-03 03:25:00,922.8,964.2,327.5,893.2,497.3,232.3,648.4,682.9,404.1,501.5,310.2,239.1,250.8,585.8,655.6,271.7,360.0,666.4,855.6,634.1,871.3,733.1,436.8,506.8,454.5,477.1,407.6,227.6,869.9,541.1,472.5,551.9,904.6,241.2,245.6,256.8,232.5,393.5,813.2,455.2,820.7,514.0,518.0
2026-06-03 03:30:00,879.0,937.7,336.5,828.4,498.6,248.9,601.5,646.2,427.6,493.0,325.6,226.2,261.7,599.7,695.4,284.6,406.2,686.6,859.6,593.6,893.5,709.8,441.0,529.6,459.4,472.7,380.9,227.1,879.5,568.3,481.5,566.9,934.4,238.4,236.0,263.7,224.7,413.7,853.9,462.4,931.5,505.8,535.3
2026-06-03 03:35:00,968.0,1021.1,347.2,918.7,508.3,251.4,614.5,694.9,431.8,495.0,333.0,254.1,251.4,589.0,713.4,285.9,415.4,709.9,904.2,623.9,895.4,745.1,462.6,518.4,447.6,510.9,429.3,219.8,950.8,556.4,497.6,616.4,888.0,236.7,246.6,259.4,233.6,396.6,829.3,473.7,897.4,513.0,544.6
2026-06-03 03:40:00,977.5,994.3,333.4,862.7,541.5,255.8,646.9,695.6,437.6,513.9,306.0,241.1,240.0,648.1,729.0,284.9,407.9,677.5,901.3,628.6,923.2,720.8,459.7,530.3,468.7,527.2,430.6,236.7,888.5,561.5,494.3,609.0,883.1,239.7,258.2,277.2,243.0,436.6,800.4,507.0,926.0,524.7,539.4
2026-06-03 03:45:00,981.3,1028.8,351.5,903.2,542.2,256.0,665.5,716.7,415.7,561.4,313.9,241.4,259.9,606.8,675.4,297.4,415.9,706.0,931.0,592.4,960.4,738.1,493.5,574.7,471.6,489.2,425.8,228.1,906.8,587.6,500.1,628.9,932.5,240.1,256.0,283.2,250.2,435.2,813.5,507.7,982.5,544.9,564.9
2026-06-03 03:50:00,1011.7,1011.0,352.2,903.1,533.0,266.7,672.3,706.7,438.9,525.8,328.8,258.5,265.0,670.1,733.2,297.9,426.7,734.4,894.1,635.8,941.9,764.7,488.2,569.5,486.6,526.4,428.7,241.1,948.3,561.4,499.1,597.3,972.3,251.3,263.5,287.8,248.4,409.2,784.0,502.6,968.8,561.6,557.1
2026-06-03 03:55:00,958.3,1094.9,336.6,920.2,543.6,273.0,654.2,717.1,462.7,544.9,339.8,258.5,256.5,668.0,741.1,312.4,446.6,783.3,920.5,632.5,954.3,757.7,509.5,578.9,486.3,519.7,448.4,238.6,943.1,587.6,532.3,626.6,968.8,257.6,261.7,308.3,245.9,441.4,825.2,508.3,949.3,593.5,567.1
2026-06-03 04:00:00,1063.3,1027.9,379.8,965.5,536.9,269.5,724.1,754.6,457.9,534.5,311.4,256.2,272.6,666.4,746.5,320.2,438.6,780.7,953.1,663.4,953.5,745.6,516.5,595.9,523.8,542.5,452.9,256.2,913.4,571.4,531.1,646.6,1012.1,243.0,255.8,287.3,254.4,425.5,822.8,501.7,951.5,595.0,566.1
2026-06-03 04:05:00,983.3,1056.7,348.1,998.7,553.9,270.6,757.8,768.3,469.8,511.4,339.0,263.3,259.0,688.3,761.6,322.1,440.4,774.8,968.8,691.2,956.2,803.9,527.0,593.7,516.6,549.6,450.0,256.2,1011.9,579.8,535.8,644.7,1005.9,257.7,271.2,296.6,256.1,434.3,879.8,524.2,966.2,567.8,608.7
2026-06-03 04:10:00,1044.6,1082.5,372.8,1002.9,570.2,283.3,751.5,795.7,450.8,553.7,338.4,251.9,274.1,698.6,802.4,306.9,455.8,798.0,911.7,656.6,984.3,773.7,508.2,605.5,497.2,538.1,484.0,249.8,944.9,631.1,518.6,670.6,969.3,264.5,273.4,301.3,265.1,446.5,898.6,502.6,974.8,565.2,614.9
2026-06-03 04:15:00,978.3,1054.5,376.8,968.8,587.8,272.5,759.5,777.8,506.2,618.4,328.9,264.1,286.1,694.2,809.5,318.6,458.3,799.9,970.5,662.8,991.8,789.8,537.2,624.9,510.2,591.1,440.2,256.7,967.8,607.0,527.6,654.4,1025.8,283.6,282.0,319.6,265.6,450.4,942.0,531.2,1041.6,574.1,613.1
2026-06-03 04:20:00,1010.0,1112.0,379.8,998.5,594.2,278.2,752.5,783.9,475.5,597.8,340.7,279.2,275.7,719.7,818.9,327.2,466.2,842.6,945.6,726.9,1036.7,836.7,519.9,641.6,559.8,577.6,468.6,290.2,994.5,606.1,548.2,652.7,1027.4,274.6,283.1,324.2,267.3,478.8,973.2,496.9,1031.7,569.0,627.0
2026-06-03 04:25:00,1094.6,1165.3,375.1,981.3,569.5,288.1,740.0,740.8,466.0,627.2,354.9,267.5,277.3,739.7,814.8,330.8,448.9,841.1,1003.4,667.2,981.9,832.6,552.8,645.9,546.2,581.7,492.9,258.8,1052.0,639.9,535.3,612.2,1071.7,268.7,294.3,311.8,271.0,480.5,905.5,508.1,1033.1,601.7,643.4
2026-06-03 04:30:00,1046.4,1105.2,394.2,986.4,614.4,277.4,772.6,773.8,498.9,602.0,367.9,269.2,282.4,713.4,878.0,338.6,489.3,876.7,1038.8,659.6,1064.7,831.9,567.1,674.5,551.5,602.0,494.0,267.7,981.5,658.7,533.9,672.7,1013.2,279.1,294.7,342.6,269.5,491.4,890.7,508.2,1030.9,588.5,644.7
2026-06-03 04:35:00,1088.6,1144.8,370.3,992.7,602.9,304.2,832.0,816.7,475.3,575.3,385.0,282.8,301.7,752.3,824.1,359.3,506.7,823.5,913.0,721.3,1024.5,798.6,564.7,656.4,586.0,593.8,513.7,272.8,971.6,637.0,557.9,681.9,1030.7,308.4,310.1,325.0,299.6,493.9,903.3,575.1,1071.5,592.9,652.0
2026-06-03 04:40:00,1076.2,1046.6,391.5,1025.5,593.9,292.2,785.8,812.1,504.6,608.9,384.4,287.9,295.7,695.2,805.1,362.3,512.5,851.4,977.3,696.6,1042.1,813.6,555.3,638.7,572.9,616.2,490.1,273.3,1019.1,655.4,535.1,698.3,1073.4,294.6,313.4,348.5,301.7,494.6,902.0,546.5,999.1,600.6,637.2
2026-06-03 04:45:00,1071.6,1148.2,389.1,1057.8,644.3,300.5,794.6,873.9,571.0,648.5,398.1,297.6,316.0,720.4,851.2,355.5,519.3,893.9,1010.7,708.4,1012.2,860.5,573.2,697.2,563.3,594.7,516.0,278.9,1071.7,628.8,557.0,663.8,1114.8,293.1,304.0,353.8,289.4,503.5,993.0,531.2,1128.8,643.0,623.3
2026-06-03 04:50:00,1125.0,1147.0,391.1,999.6,654.2,306.8,844.0,832.2,532.9,656.5,394.2,284.8,304.4,787.6,871.2,371.8,511.8,913.9,1008.1,754.3,1070.9,873.5,542.5,679.6,572.8,593.9,546.5,291.8,1016.7,643.6,578.9,684.0,1071.3,291.6,329.6,355.5,311.6,537.7,856.5,598.7,1070.1,631.0,644.1
2026-06-03 04:55:00,1078.4,1137.2,407.7,1069.0,638.7,313.0,857.1,866.2,524.3,662.7,392.4,279.2,301.1,774.3,915.7,374.0,522.4,980.4,1041.8,681.2,1029.8,870.5,543.4,678.0,612.7,629.9,512.6,301.8,1007.3,645.5,569.3,656.1,1105.1,311.8,315.5,353.6,311.2,523.9,985.8,548.9,1057.1,612.5,710.5
2026-06-03 05:00:00,1032.7,1211.3,418.7,1129.4,654.1,313.1,817.6,880.0,556.8,663.2,405.6,316.2,306.9,773.3,878.9,375.1,546.5,878.0,1020.1,710.8,1079.1,857.9,586.4,718.2,647.0,647.8,541.0,287.9,1031.0,654.3,551.7,659.5,1094.2,317.3,316.3,359.5,303.7,561.1,919.2,574.8,1134.8,661.5,668.5
2026-06-03 05:05:00,1068.9,1168.6,404.4,1126.3,662.1,319.4,843.1,937.9,549.8,704.3,423.6,303.0,318.5,801.5,917.0,393.5,548.9,941.1,1005.5,691.9,1082.3,862.9,605.7,720.1,633.7,632.6,544.4,302.5,958.0,669.0,580.3,707.6,1098.6,324.7,342.7,373.9,311.0,537.2,939.6,556.1,1142.8,673.2,712.3
2026-06-03 05:10:00,1117.2,1180.3,421.0,1079.3,681.0,323.1,847.4,901.1,588.4,685.6,435.2,312.8,303.7,802.2,874.0,377.7,566.5,953.4,993.9,729.0,1068.7,887.5,565.4,693.4,619.2,667.1,567.5,304.4,1004.7,623.4,564.1,726.9,1144.8,351.5,331.0,380.2,324.9,557.6,881.5,586.4,1111.2,646.3,697.0
2026-06-03 05:15:00,1115.4,1178.9,414.6,1060.7,674.3,322.7,872.5,943.0,566.4,713.6,427.3,303.0,324.5,796.3,955.2,390.7,538.4,975.9,991.7,712.5,1017.4,853.7,591.4,744.4,630.1,675.4,576.2,305.5,969.0,636.3,591.1,730.9,1116.2,317.0,342.7,388.0,338.9,571.2,990.1,575.6,1165.9,644.9,691.2
2026-06-03 05:20:00,1053.1,1128.9,405.3,1130.5,639.3,322.9,910.0,948.2,595.1,722.2,424.2,340.0,330.5,788.3,937.5,382.3,545.2,1033.3,1007.9,701.5,1160.0,894.3,602.7,779.8,643.2,694.2,579.1,330.9,1015.1,645.5,587.0,715.5,1103.2,329.7,333.0,393.8,342.6,595.5,986.4,565.8,1162.4,647.8,678.6
2026-06-03 05:25:00,1083.2,1161.6,415.5,1044.7,712.1,344.7,869.2,980.7,578.0,720.8,448.0,339.1,343.4,787.9,937.7,387.4,557.8,1021.4,1015.4,745.2,1059.1,858.9,587.3,753.8,610.6,717.4,580.2,318.4,1010.9,636.9,573.5,752.1,1106.1,340.5,347.1,395.1,336.2,601.2,935.1,558.0,1148.0,675.1,688.1
2026-06-03 05:30:00,1089.5,1241.4,417.0,1167.6,698.8,315.7,929.7,991.4,654.1,720.0,457.2,344.4,367.2,864.1,1016.6,387.4,554.1,959.5,1046.3,731.3,1106.5,871.8,595.5,748.8,658.0,749.8,594.2,316.9,945.4,661.2,567.7,702.4,1117.0,337.1,354.2,413.4,351.5,598.7,1002.0,571.2,1085.1,692.5,705.2
2026-06-03 05:35:00,1097.8,1133.6,413.8,1129.3,672.0,338.0,912.4,977.4,624.1,740.6,474.8,350.1,353.6,842.2,996.0,396.2,554.0,1067.5,1030.6,705.0,1076.7,908.6,615.7,724.3,676.6,731.1,597.7,343.8,1031.7,661.3,566.8,731.7,1107.8,324.2,355.6,394.7,350.0,603.5,998.8,568.0,1151.2,681.5,710.0
2026-06-03 05:40:00,1064.7,1185.3,429.8,1205.5,666.1,338.2,982.8,939.4,620.0,803.5,455.5,330.8,338.3,885.5,943.8,413.5,591.6,1079.5,1015.8,707.4,1138.2,922.8,609.2,817.4,707.9,708.6,607.5,352.2,1044.2,658.2,627.4,685.7,1126.6,354.8,358.6,407.8,348.8,594.4,958.6,556.3,1152.3,654.2,729.2
2026-06-03 05:45:00,1089.6,1201.1,428.8,1088.9,702.6,350.2,936.4,993.9,624.9,796.8,462.5,347.7,355.1,856.2,979.8,412.8,596.8,1053.1,1004.6,738.9,1093.1,918.9,611.7,765.3,701.3,753.1,642.4,346.2,1017.9,648.8,542.4,647.5,1139.5,346.6,368.9,405.6,372.0,616.3,915.4,601.8,1147.9,707.0,707.0
2026-06-03 05:50:00,1085.8,1281.1,406.7,1185.3,690.7,333.3,933.2,1011.0,627.5,805.2,489.8,359.0,374.1,883.5,1073.0,417.1,600.2,1005.3,1013.7,697.8,1082.3,881.4,593.8,751.3,725.6,777.7,600.2,338.2,975.0,682.6,551.7,705.3,1149.6,345.5,383.7,448.3,368.0,671.2,970.1,609.8,1147.6,687.0,711.6
2026-06-03 05:55:00,1134.7,1246.7,406.9,1154.6,707.5,345.8,960.3,1030.9,630.7,772.7,479.9,361.3,378.4,877.3,1059.1,420.6,608.1,1063.1,1017.0,739.7,1128.2,862.4,613.0,793.9,727.3,728.8,636.1,349.3,1058.2,659.4,601.4,713.4,1107.7,350.8,366.0,432.4,376.7,618.8,1007.5,578.8,1190.2,686.7,748.2
2026-06-03 06:00:00,1134.3,1198.9,434.4,1150.5,720.1,352.4,942.1,1009.5,637.3,766.6,486.0,372.1,402.1,887.8,1035.4,450.8,580.8,1094.3,1009.9,763.8,1066.7,914.8,607.8,821.9,728.0,737.3,618.4,349.4,1074.6,651.0,597.1,721.1,1128.2,380.8,351.7,440.6,363.3,634.7,950.2,554.5,1123.3,702.2,774.1
2026-06-03 06:05:00,1100.5,1267.0,419.1,1117.6,695.8,367.1,907.5,1077.9,693.0,837.5,518.1,383.5,400.7,894.8,958.6,416.8,604.2,1122.4,1052.0,748.3,1095.2,863.7,610.0,833.7,705.3,736.1,680.7,359.8,1025.7,653.7,587.1,711.7,1130.4,381.5,398.6,438.2,374.2,626.7,1008.2,598.2,1211.1,717.1,737.2
2026-06-03 06:10:00,1089.8,1191.6,433.9,1189.3,687.2,361.4,959.2,1052.1,655.6,842.6,485.1,397.8,406.5,885.5,1062.6,418.7,612.9,1041.8,1071.0,718.9,1131.4,942.3,607.2,793.5,717.9,762.7,651.2,372.1,999.2,665.2,545.1,722.8,1117.0,358.3,380.3,436.4,394.1,647.1,950.4,594.5,1169.1,673.2,747.6
2026-06-03 06:15:00,1104.4,1254.4,440.3,1194.5,722.1,347.0,965.3,1031.5,630.3,832.9,544.0,374.2,398.8,869.1,1008.7,427.0,624.3,1084.6,989.8,737.3,1157.5,886.7,617.4,812.9,680.2,791.4,630.7,367.8,995.6,652.7,587.7,751.3,1122.8,354.0,384.8,477.0,385.6,646.2,971.6,573.7,1142.5,670.3,736.8
2026-06-03 06:20:00,1069.5,1166.3,413.8,1235.3,704.8,356.2,932.2,1054.8,655.9,829.1,509.3,396.8,420.8,927.7,1075.4,440.1,600.7,1156.7,1057.1,702.2,1074.0,977.4,602.1,820.5,724.1,824.1,657.0,371.7,1014.6,629.5,559.9,728.5,1172.4,386.5,388.4,462.3,390.5,652.8,950.9,589.9,1162.5,698.4,740.4
2026-06-03 06:25:00,1054.8,1252.7,411.8,1209.1,721.6,372.8,982.6,1140.1,705.0,810.0,538.7,410.8,402.1,954.4,1017.4,450.8,615.2,1179.9,1040.3,730.5,1083.6,888.7,618.4,849.6,738.6,816.4,638.1,369.5,999.5,677.8,573.3,694.7,1186.6,402.5,382.3,446.0,384.6,692.0,974.7,541.3,1179.7,699.4,738.6
2026-06-03 06:30:00,1057.4,1196.0,451.2,1153.3,691.2,351.4,928.7,1107.3,686.6,877.9,529.4,396.1,431.2,960.0,1060.4,454.8,628.8,1152.5,1020.5,718.1,1112.9,926.5,611.1,844.6,724.6,810.2,660.0,386.2,1004.8,649.8,579.9,655.6,1127.1,408.4,396.5,450.7,403.5,707.9,991.3,589.2,1222.8,719.5,736.6
2026-06-03 06:35:00,1062.7,1170.2,433.6,1138.9,716.2,365.0,984.6,1127.4,694.7,894.5,541.5,410.0,421.1,902.4,1029.6,461.7,661.5,1185.6,1056.9,700.1,1032.4,892.0,600.0,840.7,701.2,807.5,690.5,386.2,999.8,615.9,579.3,684.0,1111.0,367.8,400.8,461.4,391.9,707.4,1011.6,585.0,1196.0,727.1,757.6
2026-06-03 06:40:00,1040.6,1195.8,422.8,1125.5,738.2,366.8,1006.7,1065.7,727.6,853.9,538.7,423.2,411.7,900.2,1042.4,449.7,650.0,1169.7,1000.7,733.3,1139.4,905.4,580.4,860.6,774.3,821.1,710.8,363.8,959.2,600.1,557.1,732.7,1129.3,402.1,412.2,454.6,413.1,685.3,967.0,609.4,1210.8,689.6,759.3
2026-06-03 06:45:00,1078.1,1209.3,415.3,1224.4,736.6,363.6,1006.3,1083.6,691.5,859.1,562.7,422.4,443.7,907.3,1077.3,447.8,668.3,1194.9,1012.9,674.2,1058.2,912.5,632.8,806.6,751.9,827.4,709.9,367.3,951.1,644.4,587.3,690.9,1131.4,388.4,402.8,460.8,399.9,677.6,912.4,588.6,1165.0,706.4,740.1
2026-06-03 06:50:00,1090.5,1176.9,419.5,1143.6,706.7,398.4,994.4,1089.8,726.4,919.4,548.3,435.6,459.8,919.6,1018.7,477.2,649.3,1173.2,999.2,687.9,1072.3,928.0,627.6,854.5,784.6,852.9,689.8,387.0,961.0,652.1,576.4,712.7,1147.8,367.8,381.8,447.7,413.0,676.0,971.1,583.7,1157.1,708.2,732.4
2026-06-03 06:55:00,1010.6,1209.2,409.6,1220.7,698.4,364.5,1007.2,1124.2,703.0,876.1,549.7,432.8,441.2,924.4,1139.0,418.4,654.6,1191.4,991.3,687.0,1090.3,929.0,597.4,852.0,765.7,824.3,708.0,405.0,976.5,632.5,543.6,708.6,1106.7,382.0,397.6,438.3,438.6,699.8,940.1,614.0,1226.0,708.9,733.8
2026-06-03 07:00:00,1055.6,1163.1,434.4,1184.4,723.8,374.5,988.5,1117.1,734.1,947.8,595.1,432.0,473.0,899.0,1032.6,458.7,667.0,1137.0,997.6,695.2,1078.4,917.4,622.7,847.2,782.5,835.0,716.8,409.9,911.9,631.6,548.5,690.6,1097.0,384.4,430.1,503.5,426.5,709.8,934.8,563.5,1152.9,661.8,758.0
2026-06-03 07:05:00,1041.4,1199.8,411.7,1174.4,734.9,361.2,1014.7,1110.9,717.0,903.0,569.8,424.9,434.2,886.1,1032.3,464.9,655.9,1211.2,979.3,729.3,1040.4,921.8,589.4,843.8,780.2,821.6,750.8,407.5,943.6,628.0,540.6,686.2,1191.6,400.7,407.5,470.8,420.3,727.9,941.7,548.8,1134.6,704.6,724.2
2026-06-03 07:10:00,1052.3,1187.1,433.5,1148.5,730.5,375.5,1017.6,1119.0,723.8,901.1,562.3,447.9,445.3,928.7,1088.1,485.8,649.0,1145.5,985.3,713.6,1120.7,873.3,600.1,854.9,740.4,837.5,693.6,398.8,942.6,612.3,548.8,670.5,1061.5,380.0,426.6,476.3,438.4,749.3,949.1,587.3,1126.5,674.3,717.8
2026-06-03 07:15:00,1034.4,1162.9,412.7,1177.9,709.4,379.1,989.4,1107.7,750.4,918.3,552.6,450.0,464.6,828.7,1110.0,437.7,633.4,1220.2,945.9,695.7,977.8,902.5,593.4,837.7,745.7,830.7,741.4,420.2,923.3,577.4,556.6,725.6,1128.2,408.4,412.2,484.1,420.6,739.8,916.4,586.5,1154.1,700.9,744.6
2026-06-03 07:20:00,983.0,1142.8,402.6,1149.9,725.2,362.6,1025.5,1131.4,751.8,911.4,615.3,439.1,466.0,923.2,1058.2,455.3,652.4,1182.1,940.4,690.3,1017.9,871.6,595.2,922.5,748.6,809.3,688.4,395.6,969.4,591.2,512.6,656.5,1141.1,403.7,432.7,495.3,419.5,789.1,938.3,583.6,1101.6,662.5,734.5
2026-06-03 07:25:00,982.0,1156.2,408.1,1132.8,749.1,368.0,1025.3,1177.8,734.2,957.9,576.9,464.2,466.3,898.5,1033.8,442.5,682.0,1214.2,932.9,684.3,1026.9,901.5,608.8,887.5,737.1,862.9,739.1,401.8,957.7,613.9,507.0,694.2,1077.5,410.8,424.7,498.5,429.7,810.2,927.5,558.2,1139.1,684.5,730.3
2026-06-03 07:30:00,1014.4,1162.5,378.7,1163.9,718.9,358.1,1011.8,1089.6,729.5,955.5,626.9,477.3,482.0,944.5,1037.6,436.4,691.2,1168.9,935.1,707.9,1010.5,873.4,586.8,880.3,799.7,879.7,702.3,390.0,928.2,605.8,522.0,683.8,1093.4,391.1,405.8,503.9,450.8,759.4,926.2,546.7,1132.4,673.8,748.7
2026-06-03 07:35:00,1037.3,1206.4,407.2,1129.5,677.1,354.5,1089.7,1154.5,777.4,964.9,601.0,454.0,476.6,949.8,1032.7,458.3,650.9,1186.8,967.2,638.4,1071.1,881.2,584.6,838.0,760.5,842.0,702.3,404.3,958.4,587.5,553.1,674.9,1018.3,403.9,410.0,498.7,451.8,721.6,928.0,534.4,1140.3,720.0,726.2
2026-06-03 07:40:00,932.6,1160.2,404.1,1101.3,713.5,377.5,1010.2,1190.5,756.5,942.8,599.6,456.2,483.0,947.8,1073.5,472.2,631.7,1219.5,919.0,686.0,975.3,867.1,600.3,825.9,769.6,851.8,711.9,399.0,927.3,577.1,531.5,655.7,1066.0,386.8,406.4,487.5,433.1,756.6,838.5,536.7,1055.4,655.0,709.7
2026-06-03 07:45:00,1002.0,1153.4,413.5,1142.1,749.4,358.9,1004.1,1136.9,735.7,927.6,603.1,458.5,496.1,905.9,1058.9,476.7,684.5,1234.1,943.2,655.5,1066.9,873.4,584.6,843.3,728.2,865.2,702.0,429.3,900.5,585.5,548.7,624.4,1094.8,407.1,437.2,511.1,437.2,765.9,881.1,522.9,1040.6,649.8,723.9
2026-06-03 07:50:00,1019.6,1215.8,378.2,1113.2,675.6,337.3,997.5,1124.5,730.6,942.5,642.8,448.3,485.7,881.0,1071.8,451.8,666.8,1246.5,925.7,670.8,1003.6,827.5,569.5,849.7,776.0,839.4,728.3,427.5,877.6,572.2,517.7,626.4,1054.4,395.8,409.5,490.5,447.6,790.7,881.2,536.7,1085.5,694.6,702.4
2026-06-03 07:55:00,972.8,1121.9,412.1,1124.7,699.9,381.4,978.2,1173.2,768.5,932.6,565.3,503.2,497.4,886.3,1066.5,467.3,637.6,1164.7,899.6,666.0,963.8,802.5,580.2,807.8,746.7,847.0,745.6,412.2,873.5,572.6,503.3,629.1,1044.4,396.4,420.7,508.9,475.2,745.9,872.2,566.9,1088.1,678.1,731.3
2026-06-03 08:00:00,986.2,1112.7,405.2,1086.4,690.8,351.9,1025.0,1106.3,748.1,987.7,611.1,470.6,492.5,912.4,1077.1,454.1,601.3,1150.9,940.6,665.6,934.7,861.1,589.1,853.9,782.8,835.6,673.3,417.4,887.7,572.1,486.8,646.5,1089.7,396.9,424.0,471.1,440.4,741.0,849.8,527.4,1048.9,661.7,708.6
2026-06-03 08:05:00,942.8,1111.8,407.4,1054.4,693.6,356.3,980.1,1137.1,741.5,975.4,604.1,466.8,486.9,855.9,1034.1,463.0,642.6,1168.2,918.3,677.2,983.9,863.8,586.1,866.0,736.7,825.6,714.4,404.1,861.9,552.5,496.2,651.7,1053.6,375.7,427.2,513.2,462.4,786.6,849.1,534.4,1033.5,642.5,682.1
2026-06-03 08:10:00,952.8,1048.1,389.2,1143.3,691.5,374.7,979.8,1099.8,747.1,944.8,606.6,464.7,519.5,933.2,1019.4,469.5,650.7,1162.8,892.1,615.4,962.4,821.5,541.7,779.4,779.7,850.6,693.7,380.1,826.2,575.2,495.7,636.0,1042.5,409.4,417.7,480.5,447.5,768.8,873.2,537.1,1084.1,625.1,702.5
2026-06-03 08:15:00,903.3,1058.7,398.8,1129.3,706.6,353.7,976.4,1068.6,751.0,921.1,614.4,477.0,536.5,882.2,1042.4,449.3,635.1,1254.8,883.5,656.4,982.8,838.2,538.7,809.4,768.2,848.1,735.2,401.6,850.0,555.0,465.0,630.4,988.7,395.0,402.6,471.8,455.6,769.2,865.3,518.9,1052.6,634.7,678.1
2026-06-03 08:20:00,876.5,1049.0,367.2,1100.0,680.6,351.5,958.6,1123.4,740.8,990.8,607.7,474.0,529.0,899.3,1030.6,464.5,669.0,1243.2,882.0,631.4,955.7,772.6,572.7,858.4,733.8,855.6,744.6,419.7,880.5,562.0,485.4,640.4,932.2,406.7,406.2,473.3,457.5,762.2,848.1,515.0,1080.4,628.2,711.2
2026-06-03 08:25:00,962.8,1078.0,389.6,1051.6,700.3,338.2,931.2,1081.9,767.1,950.0,616.7,506.2,519.8,833.7,1034.6,431.6,636.9,1155.8,833.4,619.4,989.4,791.4,547.3,833.0,772.4,829.5,708.4,415.1,783.2,551.3,481.9,577.9,1009.8,404.2,406.9,494.6,445.9,773.3,815.9,536.9,1004.0,620.5,683.2
2026-06-03 08:30:00,902.6,1044.3,369.8,1046.7,667.5,331.8,964.0,1119.6,766.2,941.1,613.1,468.0,506.5,851.0,999.2,454.4,650.3,1248.0,846.1,661.8,950.8,802.5,511.8,798.1,762.9,796.6,694.9,403.9,878.9,571.9,491.4,571.6,991.6,379.9,385.4,524.1,442.6,787.1,856.8,516.1,1036.2,619.6,693.2
2026-06-03 08:35:00,911.3,1046.7,357.2,1092.1,658.2,345.0,997.5,1152.5,747.7,986.9,589.3,464.5,513.6,820.0,1034.6,457.0,693.0,1227.8,873.9,632.5,936.0,753.4,532.1,832.7,744.5,850.1,673.1,416.7,852.8,552.0,487.2,579.6,1006.8,384.4,422.4,486.3,439.4,725.4,849.0,526.8,1083.7,614.2,663.0
2026-06-03 08:40:00,879.9,1068.9,360.5,1029.9,647.3,348.2,972.0,1171.7,763.6,926.5,620.3,495.5,535.8,890.5,973.1,453.1,646.0,1119.7,815.7,607.6,969.0,752.8,532.9,795.5,708.1,800.8,745.8,400.6,827.7,546.4,489.2,620.5,981.0,367.7,421.5,485.9,445.8,781.0,851.2,542.2,1015.3,638.1,666.7
2026-06-03 08:45:00,873.8,1054.6,370.5,1013.7,620.1,345.3,1005.3,1107.5,730.6,929.3,625.8,486.1,484.7,854.0,989.1,422.6,638.1,1135.6,832.0,628.8,941.4,787.2,531.1,799.2,743.1,796.4,729.3,391.0,836.0,542.5,458.0,563.5,971.8,397.7,399.9,497.0,455.6,795.2,799.0,489.3,999.2,589.9,674.0
2026-06-03 08:50:00,902.1,1016.1,358.7,1083.4,656.5,334.8,975.7,1132.0,742.3,928.8,601.8,484.4,515.4,866.8,1029.4,432.8,634.9,1107.8,836.0,606.5,950.3,763.8,544.5,772.5,722.8,797.5,656.8,412.2,848.2,566.8,462.2,595.5,964.7,385.1,427.2,475.6,455.9,787.8,901.2,496.6,1037.3,618.4,657.8
2026-06-03 08:55:00,881.9,994.0,369.4,1016.9,686.2,337.6,962.8,1105.3,745.7,895.2,644.9,495.7,533.1,847.8,955.4,436.6,645.6,1156.6,914.4,595.7,954.4,764.6,513.8,794.9,718.0,763.7,708.4,394.2,821.1,529.7,488.8,575.7,925.5,381.4,407.6,479.7,452.8,824.2,812.9,493.1,1039.2,611.6,638.5
2026-06-03 09:00:00,906.8,1042.2,343.1,1064.7,650.4,316.5,994.7,1073.3,742.3,937.1,633.7,489.0,504.1,852.0,1013.1,435.5,639.3,1153.7,853.3,589.0,908.7,758.1,539.5,813.3,714.0,795.9,668.0,411.9,839.5,530.2,469.2,591.0,898.4,373.7,417.0,474.6,429.1,762.6,784.4,485.0,976.6,601.2,665.3
2026-06-03 09:05:00,903.9,1024.9,337.3,961.8,650.1,337.1,932.3,1016.8,736.1,903.1,623.0,485.7,528.5,825.7,934.0,428.4,606.2,1146.8,859.3,601.9,912.1,733.1,525.7,772.5,707.1,810.9,676.6,373.8,833.2,526.6,482.2,582.2,919.9,363.5,413.6,505.3,426.0,767.9,854.7,482.9,972.0,610.1,652.1
2026-06-03 09:10:00,895.8,947.7,372.7,1012.4,624.5,331.7,930.2,1124.6,725.8,904.2,620.8,465.0,527.5,823.0,922.2,442.1,613.2,1070.0,807.7,582.2,928.5,752.6,497.7,793.3,684.7,780.8,657.5,388.7,813.2,491.5,465.8,585.7,908.1,386.3,400.1,475.7,420.6,796.3,811.0,506.6,1007.6,601.6,621.2
2026-06-03 09:15:00,889.3,980.6,365.3,1051.5,623.1,347.1,921.5,1031.6,749.7,896.0,604.0,460.1,498.4,819.7,918.2,404.6,604.3,1083.5,832.6,592.7,834.2,752.5,509.4,771.5,666.3,817.4,638.1,400.3,778.7,521.4,468.0,571.2,932.2,391.7,374.9,482.5,431.1,764.9,793.6,484.7,984.4,591.7,630.4
2026-06-03 09:20:00,920.5,989.3,342.3,984.2,641.6,325.4,957.5,1101.9,692.4,894.4,621.7,472.8,521.8,825.9,957.6,415.0,607.2,1133.3,776.6,602.6,892.6,735.2,518.6,791.9,657.3,810.4,673.6,396.7,800.1,533.4,470.4,587.2,882.6,381.4,398.9,459.1,438.8,794.4,792.2,516.3,978.8,605.3,617.4
2026-06-03 09:25:00,847.0,1002.0,351.3,969.2,656.1,313.8,908.6,1067.6,696.0,882.5,626.7,465.8,509.8,820.5,968.0,393.9,641.4,1137.8,808.2,586.0,884.6,732.8,508.5,750.9,694.4,795.8,708.2,386.0,750.6,523.5,453.2,597.2,909.8,362.5,400.1,450.3,417.2,774.8,810.6,471.9,970.2,539.1,619.4
2026-06-03 09:30:00,870.0,1000.7,360.0,936.7,641.9,320.1,884.3,1012.7,690.2,906.6,610.1,483.6,524.7,872.0,976.8,419.6,614.9,1042.0,825.2,615.9,896.0,735.3,510.5,791.2,633.5,725.0,647.1,389.4,807.5,536.8,449.7,590.9,971.1,365.9,383.5,472.5,419.6,755.5,782.6,496.7,956.2,616.4,615.9
2026-06-03 09:35:00,897.5,977.6,351.7,996.0,625.0,315.2,911.0,1045.5,682.4,890.2,582.6,452.1,527.2,838.7,967.5,415.7,597.9,1059.0,775.3,579.1,860.5,754.0,493.0,765.7,693.0,797.0,678.6,385.1,784.3,523.7,447.7,560.5,911.3,370.6,390.3,463.7,427.5,747.7,733.1,497.7,980.7,595.1,615.8
2026-06-03 09:40:00,897.7,981.8,347.0,936.7,606.8,320.2,867.0,1094.1,644.3,890.0,588.8,469.4,521.4,750.4,950.7,446.7,617.2,1127.0,816.3,599.8,906.5,730.1,507.4,750.4,683.5,753.3,676.9,363.9,777.4,517.6,454.2,549.5,910.2,357.5,385.3,471.2,412.6,738.3,769.4,469.3,986.2,601.0,590.1
2026-06-03 09:45:00,825.2,962.5,355.0,950.6,606.0,314.1,896.4,1067.9,708.4,945.2,596.3,471.1,514.5,783.8,897.1,415.4,594.0,1045.7,815.6,591.0,854.5,686.5,490.5,745.7,662.3,791.1,665.7,374.2,805.5,521.9,461.4,565.1,905.1,374.5,371.9,441.9,411.5,738.2,787.3,474.6,912.6,553.2,604.8
2026-06-03 09:50:00,851.2,937.4,334.6,912.9,584.8,299.9,886.8,997.8,654.7,872.8,597.4,470.6,515.7,772.3,890.5,404.0,557.5,1077.2,787.1,598.3,858.2,699.2,531.6,724.0,683.9,734.1,685.6,378.2,758.0,512.4,446.6,592.8,906.4,364.4,378.9,449.5,424.9,715.6,762.5,478.6,961.8,566.2,626.4
2026-06-03 09:55:00,891.7,945.5,340.8,987.0,568.8,294.4,864.8,984.5,674.1,886.6,577.8,474.2,491.1,806.4,928.6,400.2,611.1,1027.5,779.2,603.9,849.5,742.2,472.0,717.4,653.6,739.1,660.6,378.6,789.0,501.3,466.3,556.7,882.8,377.9,371.5,430.2,408.6,744.2,738.4,456.6,931.1,567.3,636.6
2026-06-03 10:00:00,867.5,950.1,338.8,970.6,571.1,310.0,878.3,1001.6,637.4,883.3,565.7,461.4,506.2,764.1,939.4,390.6,575.2,1088.5,780.0,538.4,895.5,704.3,528.8,729.6,662.2,738.8,672.0,369.5,776.8,502.4,472.9,569.7,889.1,348.2,378.7,437.7,396.6,766.1,757.4,485.6,892.2,552.9,581.3
2026-06-03 10:05:00,857.4,945.3,334.8,932.7,588.5,318.3,819.5,986.5,673.2,856.9,598.8,454.0,492.1,777.2,867.2,393.2,534.9,990.5,786.9,571.3,806.9,714.4,473.2,693.1,611.2,711.0,611.1,361.5,779.2,467.2,436.3,567.0,875.8,318.8,365.2,421.9,403.7,680.4,775.5,449.6,898.3,559.4,618.1
2026-06-03 10:10:00,845.0,890.0,332.3,897.1,579.2,304.4,856.2,1019.7,640.6,859.3,549.5,477.6,517.0,708.4,923.6,392.2,542.3,1037.1,785.9,563.4,904.0,754.9,503.6,701.2,601.4,690.9,642.3,350.3,788.9,526.2,463.0,565.2,847.5,342.0,361.2,434.1,404.8,739.7,782.6,452.1,908.8,558.3,635.6
2026-06-03 10:15:00,839.1,929.4,335.8,967.8,555.6,309.2,834.7,999.0,629.1,846.6,547.9,453.1,508.9,722.8,832.5,363.6,584.8,1068.4,804.0,565.8,893.4,724.7,495.2,689.5,635.8,669.2,651.9,370.4,824.0,498.4,445.9,572.0,915.6,335.0,348.4,451.7,426.5,714.4,726.7,450.9,945.7,531.6,589.3
2026-06-03 10:20:00,854.8,939.7,334.3,911.3,577.6,309.2,913.2,921.2,650.3,845.0,537.6,473.8,505.8,800.1,888.2,386.1,535.1,1050.6,777.9,556.0,838.8,663.3,468.3,717.0,644.1,779.4,604.9,366.5,789.7,484.9,450.3,527.9,858.6,338.3,387.9,420.4,411.7,726.2,723.4,459.6,884.9,561.4,599.0
2026-06-03 10:25:00,839.7,928.0,322.4,887.4,570.0,300.8,839.7,977.1,628.4,819.1,540.2,447.0,518.0,749.8,869.9,382.5,580.6,1010.3,827.3,552.4,877.5,737.6,488.4,712.9,649.9,675.5,550.5,367.5,811.5,494.5,442.7,532.6,921.8,352.2,356.4,417.2,428.3,686.7,746.9,459.8,861.0,557.9,605.3
2026-06-03 10:30:00,844.0,926.9,339.9,866.1,552.6,289.6,815.9,952.2,626.4,815.4,572.5,448.0,484.7,722.3,862.3,398.9,555.7,996.2,826.1,542.1,852.7,708.3,471.2,722.8,624.5,671.2,587.3,342.9,811.8,525.7,460.0,548.1,857.3,326.7,346.6,423.1,375.7,690.2,731.3,445.6,900.1,534.0,577.3
2026-06-03 10:35:00,846.1,945.7,321.3,893.7,564.0,297.1,791.8,952.1,636.2,822.1,568.9,443.2,478.3,746.2,863.6,375.2,562.6,1003.6,793.1,561.4,889.7,711.2,480.8,685.3,628.6,713.7,593.1,353.2,796.8,500.1,447.8,566.6,839.9,321.7,362.9,419.9,401.3,715.0,732.6,451.7,891.7,522.1,599.3
2026-06-03 10:40:00,826.3,900.3,328.1,868.9,562.5,304.5,853.5,952.1,643.7,767.5,542.7,445.0,477.9,713.9,836.2,365.9,543.2,965.2,778.7,574.7,870.4,708.3,477.8,671.8,634.9,667.4,612.4,342.2,735.6,502.5,438.1,565.7,924.6,321.6,356.1,429.0,400.3,682.8,738.4,437.2,931.3,543.7,577.3
2026-06-03 10:45:00,856.3,883.6,326.6,889.0,555.3,297.2,808.4,972.9,609.0,846.4,547.9,433.2,456.6,727.6,865.2,375.4,552.7,994.7,773.7,550.2,900.6,719.7,469.5,654.6,614.3,659.4,588.1,347.5,773.0,529.6,436.8,544.1,833.6,347.0,357.6,400.2,380.1,695.7,760.5,467.3,907.0,526.7,595.3
2026-06-03 10:50:00,916.1,918.1,332.4,923.7,579.3,297.8,793.5,960.9,601.8,856.5,535.8,436.8,454.5,698.8,851.1,371.3,546.1,989.0,793.4,552.5,804.3,697.6,467.3,686.8,624.0,629.3,594.5,374.8,753.2,510.8,426.1,560.6,811.8,319.6,356.5,382.6,372.7,662.1,723.8,460.3,917.3,543.3,603.1
2026-06-03 10:55:00,797.4,948.0,307.4,891.1,529.7,286.0,817.0,907.2,616.7,802.9,513.0,452.2,481.7,710.4,869.4,367.1,537.3,973.2,797.3,545.9,847.8,667.2,477.4,706.4,589.3,690.7,580.1,351.7,845.9,493.9,434.3,536.9,832.1,324.8,359.0,411.7,382.8,665.3,716.0,445.6,885.8,524.9,596.9
2026-06-03 11:00:00,850.4,972.9,336.6,908.9,526.6,287.2,820.8,921.3,622.4,809.3,563.4,442.7,449.8,715.7,882.1,352.7,518.0,1009.2,780.9,540.7,798.7,704.1,458.9,673.3,576.7,659.1,585.0,332.5,755.9,472.9,457.9,530.0,865.4,338.3,334.5,429.0,368.4,674.7,725.0,447.2,862.2,560.6,568.2
2026-06-03 11:05:00,823.1,947.1,320.7,878.1,558.4,286.9,816.8,905.7,635.5,813.8,546.1,439.5,451.0,746.4,841.7,363.4,538.1,943.1,776.5,553.2,828.6,667.7,458.8,672.4,594.2,690.4,582.7,335.6,744.8,508.0,456.1,521.5,833.4,325.3,345.1,403.4,356.9,668.0,707.5,440.5,928.7,524.4,582.5
2026-06-03 11:10:00,857.2,884.2,339.0,897.8,558.5,286.5,798.7,867.2,585.8,752.1,526.4,405.9,461.2,729.7,814.7,357.2,500.9,919.6,794.3,562.9,898.1,733.9,483.9,669.0,615.0,672.3,569.6,332.5,715.7,488.6,433.3,540.8,853.0,295.9,325.6,408.1,351.6,671.8,742.1,436.6,876.6,520.2,563.0
2026-06-03 11:15:00,844.2,918.3,322.1,946.2,562.3,296.0,799.0,905.9,596.2,800.0,504.0,405.1,453.6,731.2,803.8,359.6,542.1,949.0,788.0,578.2,852.9,688.0,475.9,671.6,585.7,672.3,591.7,335.4,757.1,509.0,427.4,537.4,814.3,311.3,336.9,400.0,348.6,644.6,743.3,434.4,908.7,534.1,550.4
2026-06-03 11:20:00,862.9,931.8,326.1,884.2,545.4,265.1,797.8,954.7,619.8,763.8,510.3,419.7,468.0,714.8,871.7,368.5,528.1,963.1,773.4,537.5,865.9,694.1,451.1,683.9,607.6,658.4,598.3,317.1,785.3,498.8,454.8,559.4,895.3,308.4,345.2,407.7,365.3,647.1,763.4,436.3,880.8,507.5,565.1
2026-06-03 11:25:00,874.1,929.7,345.1,902.9,538.0,284.7,797.6,854.5,630.9,822.1,499.8,423.6,453.4,731.1,865.7,352.0,530.1,952.0,790.3,557.2,854.1,680.9,455.1,699.9,575.4,659.0,552.0,333.7,809.0,506.2,448.1,552.4,877.9,296.8,327.7,393.1,367.9,661.8,717.7,461.7,907.6,518.6,582.0
2026-06-03 11:30:00,850.1,940.0,323.6,849.9,552.2,283.1,797.2,896.3,575.1,760.6,508.7,404.8,438.6,693.1,846.3,355.7,479.9,946.6,774.2,577.8,852.8,702.0,438.9,669.6,581.2,644.0,572.8,308.0,759.6,514.1,416.6,544.4,834.1,307.5,357.8,393.7,348.2,666.9,744.3,462.8,897.7,505.6,562.7
2026-06-03 11:35:00,875.0,900.1,338.4,931.8,544.2,271.5,810.6,892.0,576.9,781.6,508.7,399.9,459.2,694.6,823.7,362.7,501.4,915.0,771.7,538.8,828.6,704.5,481.6,669.0,593.8,643.4,542.3,310.8,813.8,475.4,481.6,544.9,807.1,285.5,334.1,412.0,361.9,619.6,749.6,430.5,892.8,535.0,591.5
2026-06-03 11:40:00,787.9,928.0,326.7,878.0,576.4,288.3,784.1,898.0,594.1,752.9,495.9,422.7,452.7,717.5,840.3,353.0,509.3,915.5,790.5,580.4,824.5,681.1,478.5,651.4,575.9,635.2,534.6,345.3,786.2,504.1,444.0,537.5,844.2,312.8,314.6,404.3,360.0,654.5,708.3,458.6,900.3,546.2,567.5
2026-06-03 11:45:00,889.4,938.7,330.5,918.6,544.8,276.0,761.8,861.6,574.9,802.9,476.4,411.5,421.4,701.7,850.5,382.7,526.0,926.1,778.2,552.5,829.3,705.1,453.6,652.4,577.2,684.3,579.6,320.8,777.9,502.8,467.2,515.9,885.3,308.9,338.4,381.1,356.9,614.1,748.5,433.1,883.0,524.4,547.7
2026-06-03 11:50:00,860.0,951.0,327.3,887.2,548.8,278.6,775.8,846.7,569.5,738.3,527.0,413.4,440.4,706.2,801.7,356.7,499.5,920.7,775.9,572.6,774.9,697.5,478.2,650.7,538.7,644.8,593.8,336.8,795.4,508.4,447.5,526.3,897.2,301.4,352.3,379.8,358.7,629.3,750.2,460.2,844.2,551.2,560.9
2026-06-03 11:55:00,879.6,906.7,335.1,906.9,590.1,296.9,795.2,845.4,584.9,772.6,496.2,393.0,424.9,702.1,816.2,340.1,551.9,964.5,819.8,557.9,843.0,694.7,497.2,644.7,597.7,606.4,552.7,313.9,827.0,512.8,432.1,559.3,863.9,290.5,307.2,379.2,352.3,627.7,742.7,451.5,897.9,517.8,554.6
2026-06-03 12:00:00,822.7,920.8,320.4,908.8,545.9,289.5,734.7,914.7,605.5,757.4,496.9,389.8,421.8,731.3,787.2,343.7,507.4,938.4,787.2,570.3,852.4,681.7,447.9,653.2,579.6,654.0,587.0,300.3,796.7,508.7,449.5,545.0,858.0,319.2,335.4,371.7,362.5,610.4,718.1,443.9,921.4,524.0,587.7
2026-06-03 12:05:00,834.6,856.4,317.8,879.2,558.1,285.6,733.7,851.6,554.2,749.5,481.6,405.0,452.8,731.8,810.0,342.1,494.8,913.7,842.6,590.9,831.9,746.8,461.3,661.9,564.1,631.8,544.0,309.4,771.2,497.8,428.1,526.7,857.2,300.5,317.7,377.0,353.7,613.5,746.4,457.6,890.4,546.0,574.0
2026-06-03 12:10:00,861.9,916.2,321.6,921.2,559.5,283.8,795.5,862.4,601.0,742.9,462.8,388.6,427.8,690.5,849.9,342.8,506.5,956.8,815.5,562.8,845.9,724.1,448.5,650.1,611.4,645.1,549.4,344.1,810.4,491.8,447.2,571.9,881.8,315.2,326.1,380.8,332.9,581.6,705.6,470.6,884.1,543.5,564.6
2026-06-03 12:15:00,860.0,920.8,329.3,872.4,561.0,279.0,808.6,929.0,563.7,720.7,482.2,382.5,420.9,666.3,837.8,356.7,494.0,936.7,782.9,583.2,864.3,715.8,484.5,642.7,565.0,639.5,579.6,304.1,812.6,486.2,435.4,578.6,898.5,303.5,313.1,372.2,363.8,625.2,758.5,427.7,900.6,539.9,578.6
2026-06-03 12:20:00,870.2,908.8,326.7,914.6,553.9,297.2,743.3,853.1,578.2,676.2,476.7,377.1,422.4,688.2,814.3,339.0,489.7,884.9,833.0,572.3,875.4,725.4,470.4,650.1,569.0,672.3,535.7,333.6,801.0,513.9,448.5,571.8,873.3,317.5,333.6,385.9,333.8,604.6,769.7,469.5,921.2,550.9,553.2
2026-06-03 12:25:00,893.7,944.4,336.5,884.3,552.6,287.1,774.5,880.0,598.3,754.5,489.7,380.0,430.1,684.3,745.2,346.9,522.4,831.4,790.1,555.8,824.0,709.4,466.9,628.5,560.7,635.2,564.8,319.2,833.3,521.9,455.9,560.3,869.1,309.1,321.6,360.1,342.5,606.8,749.9,444.2,888.8,533.0,547.5
2026-06-03 12:30:00,822.4,940.5,343.0,905.5,551.5,274.1,762.5,897.6,575.5,718.3,490.8,394.4,408.2,720.8,794.5,362.1,514.3,882.9,858.1,568.4,836.5,697.2,476.6,662.5,595.9,657.5,543.0,316.4,755.8,510.2,458.0,559.5,901.7,304.4,335.5,364.9,368.0,595.3,786.0,475.6,857.7,539.4,546.0
2026-06-03 12:35:00,896.8,880.6,321.1,885.1,540.8,268.7,765.5,895.4,563.8,752.8,487.1,365.4,408.3,722.9,812.9,344.5,513.9,934.7,818.4,569.0,878.6,650.3,466.4,638.7,601.2,654.8,536.1,307.6,823.5,530.3,435.5,556.0,922.9,295.5,313.8,385.0,346.0,617.1,743.2,469.1,904.0,524.5,537.0
2026-06-03 12:40:00,874.8,953.5,324.3,900.5,556.3,285.4,778.6,833.5,580.3,733.3,488.8,388.4,421.1,682.1,805.3,356.9,525.1,941.9,829.1,550.1,876.9,682.2,469.6,624.3,599.2,614.3,538.9,305.6,837.4,517.6,448.2,560.8,878.1,314.8,321.5,398.4,331.8,605.7,744.8,443.1,911.6,567.4,550.8
2026-06-03 12:45:00,872.5,923.9,318.1,871.9,585.1,280.3,741.7,849.1,564.4,750.3,498.9,371.7,392.5,688.4,811.6,332.2,512.9,870.9,819.7,584.4,899.2,756.1,480.4,655.7,598.9,643.7,511.1,318.9,785.9,520.1,431.5,570.5,890.5,301.0,300.8,379.2,343.0,580.2,757.6,451.8,908.5,530.2,579.5
2026-06-03 12:50:00,842.4,967.3,353.6,909.6,572.4,269.0,746.2,875.1,575.6,740.4,477.6,376.1,421.7,673.7,817.1,346.0,489.2,934.1,828.7,590.0,901.1,736.8,468.9,656.9,565.7,625.3,566.8,325.6,788.6,501.0,469.0,573.8,870.9,295.3,348.2,366.4,344.3,597.5,818.6,467.9,892.7,535.2,583.4
2026-06-03 12:55:00,898.3,919.9,337.4,906.2,558.3,285.0,765.3,917.2,562.7,668.5,486.4,375.7,388.3,708.6,798.7,340.7,516.1,932.6,819.9,594.9,933.2,718.6,472.2,630.6,605.0,616.5,549.5,314.7,854.0,518.8,465.1,571.5,896.1,301.3,341.4,362.9,340.5,579.8,762.8,475.9,917.7,543.3,557.1
2026-06-03 13:00:00,824.4,961.0,340.2,892.6,568.5,279.4,769.4,847.1,580.5,734.3,476.9,373.8,403.4,705.7,812.3,353.3,488.3,953.6,806.1,608.0,865.6,682.7,478.1,659.9,572.9,616.5,543.1,319.5,862.4,542.7,447.8,510.4,872.0,302.3,343.9,370.9,332.9,597.7,821.9,471.0,904.9,552.1,538.7
2026-06-03 13:05:00,910.1,955.6,322.9,908.3,540.9,286.6,747.3,854.2,541.9,712.8,442.2,372.0,385.6,724.4,809.7,339.5,498.3,941.3,841.3,602.2,918.1,732.7,483.1,660.6,549.9,655.4,534.1,308.4,871.3,552.8,485.8,587.9,938.6,310.8,337.6,389.1,324.7,608.7,774.4,471.5,902.0,553.4,567.6
2026-06-03 13:10:00,856.7,976.4,337.6,916.1,552.2,286.3,792.6,878.2,548.2,744.7,466.0,369.4,391.0,719.3,797.1,372.5,505.1,952.5,862.4,577.3,855.8,715.6,492.1,687.4,569.6,690.6,550.5,332.6,823.9,530.1,474.8,574.0,927.7,285.9,317.1,380.5,325.6,599.1,759.7,458.8,909.1,500.1,584.7
2026-06-03 13:15:00,902.6,975.3,344.0,898.3,573.7,277.9,765.6,883.9,541.5,731.8,455.3,367.1,418.3,723.0,860.7,333.8,503.9,929.1,810.6,583.7,947.2,739.6,493.5,645.2,583.1,624.7,559.9,314.4,850.8,549.7,468.9,549.7,954.5,324.9,322.5,360.7,329.3,602.8,827.7,470.1,924.9,574.9,592.1
2026-06-03 13:20:00,902.3,968.3,337.5,914.6,584.2,289.0,766.6,886.1,564.5,731.8,470.1,387.6,414.1,678.5,805.1,363.5,479.4,928.6,883.8,608.2,899.7,703.0,464.9,649.7,566.9,644.8,541.1,331.2,858.7,561.3,465.9,579.0,895.7,307.7,325.9,378.6,350.1,613.4,789.7,470.5,931.2,574.2,583.5
2026-06-03 13:25:00,942.1,935.0,352.5,893.6,547.8,280.0,784.2,847.1,539.7,712.7,455.3,372.4,414.4,699.6,762.9,361.3,492.4,907.5,864.3,603.1,906.0,719.5,509.3,639.9,581.3,647.2,561.7,303.1,811.0,526.0,465.9,583.5,971.7,303.7,326.9,390.7,324.6,579.5,782.0,452.3,912.7,570.3,563.5
2026-06-03 13:30:00,909.9,941.0,366.6,989.8,554.2,281.2,776.0,856.2,554.2,698.9,474.4,370.2,382.3,735.0,863.8,355.9,507.4,940.1,842.2,598.7,922.2,752.9,491.5,662.6,588.9,631.7,550.8,311.9,863.5,549.3,466.0,553.6,925.7,308.2,312.9,388.0,338.5,586.0,813.2,480.5,936.2,554.1,595.7
2026-06-03 13:35:00,900.5,972.0,334.5,957.7,601.1,281.1,800.2,876.8,547.5,709.3,479.3,363.9,386.3,704.9,800.8,353.8,499.2,881.8,846.2,586.3,863.3,779.3,487.7,654.2,587.7,669.8,545.2,322.5,867.8,550.1,496.7,572.6,919.5,290.6,312.8,389.9,351.1,561.6,826.4,472.7,945.2,574.5,591.9
2026-06-03 13:40:00,910.5,994.0,335.3,939.5,567.6,296.1,760.4,905.4,592.0,680.0,482.2,366.2,402.3,683.3,845.8,373.6,526.5,915.8,910.8,595.6,875.1,725.5,481.3,675.1,593.0,686.0,562.3,314.0,888.5,567.7,486.3,567.3,962.6,306.3,311.3,384.2,343.6,586.9,786.7,500.0,954.2,560.3,600.1
2026-06-03 13:45:00,965.2,981.0,338.3,968.6,599.0,284.8,751.2,867.5,550.6,706.5,487.9,363.3,406.2,738.0,808.8,381.0,530.1,935.9,891.7,619.0,912.0,721.3,526.6,648.7,579.6,633.1,539.7,317.8,859.1,539.2,469.7,572.6,903.6,311.6,320.6,361.1,351.6,582.8,826.6,499.5,956.3,562.4,573.6
2026-06-03 13:50:00,949.9,1023.2,365.9,884.0,573.5,300.0,778.8,874.8,546.2,688.1,441.9,378.7,387.6,710.2,842.1,353.3,494.1,961.4,901.9,575.9,923.0,770.2,534.6,668.2,571.3,679.4,528.2,304.1,912.0,561.4,506.6,603.1,937.8,303.6,322.2,366.8,331.5,605.6,803.5,487.7,984.1,572.4,600.8
2026-06-03 13:55:00,929.2,1001.2,361.8,871.5,576.4,304.5,789.6,850.1,573.2,689.3,448.6,361.6,389.8,748.2,829.1,358.1,513.3,910.9,870.4,571.8,975.7,722.6,529.7,655.9,559.6,636.5,548.8,309.8,886.3,555.0,489.0,585.0,937.3,311.8,321.5,396.0,344.1,602.5,789.4,503.6,971.1,572.3,609.6
2026-06-03 14:00:00,938.7,985.7,351.2,936.9,569.1,283.6,761.1,928.1,598.7,723.6,506.4,345.0,382.9,727.2,857.9,351.5,537.9,952.8,896.7,631.3,897.0,728.0,505.9,626.0,585.3,629.6,551.3,305.9,934.8,569.7,479.5,601.1,958.5,315.0,329.0,373.1,349.8,621.4,800.5,499.1,1013.7,583.1,572.5
2026-06-03 14:05:00,906.2,1012.2,354.8,913.4,593.1,265.6,759.9,885.1,568.9,733.6,479.8,370.5,415.8,724.1,830.2,345.9,512.8,922.5,896.3,612.0,971.3,764.9,511.8,677.1,579.0,647.3,548.1,313.8,914.4,586.5,525.3,616.1,939.1,301.7,313.7,356.1,348.1,586.2,793.5,492.4,990.8,531.7,588.3
2026-06-03 14:10:00,967.5,1033.3,347.6,950.7,602.9,301.4,799.9,911.9,571.4,722.3,469.2,366.8,390.3,763.0,822.0,364.5,510.0,957.7,887.5,634.2,926.1,810.7,532.0,631.8,588.1,668.7,572.7,313.4,907.0,594.3,482.3,598.2,941.5,320.9,319.6,385.1,348.0,602.9,829.2,474.3,995.0,569.7,574.6
2026-06-03 14:15:00,911.1,1042.2,367.8,968.2,563.8,290.4,780.1,886.5,595.5,713.4,466.9,363.5,396.2,707.1,848.0,363.4,531.1,910.1,900.2,658.8,930.9,747.6,508.2,665.9,555.2,651.4,562.6,310.8,872.6,593.5,489.2,623.8,951.3,309.6,321.3,391.0,327.4,609.8,834.0,495.8,935.4,553.0,590.2
2026-06-03 14:20:00,989.3,1096.5,356.1,994.0,578.4,286.9,766.2,890.5,589.7,704.9,466.1,380.3,396.8,770.7,835.0,344.5,515.1,955.4,932.5,613.4,939.5,762.8,523.0,668.6,566.9,669.8,553.7,322.5,873.8,558.5,504.5,638.0,959.3,328.9,337.8,378.9,347.0,638.5,865.2,495.9,998.5,593.2,606.0
2026-06-03 14:25:00,976.8,1023.0,359.3,939.2,603.4,290.6,827.5,850.9,583.4,720.0,440.4,340.1,409.0,727.9,799.0,368.2,540.9,935.1,951.3,604.4,940.8,778.3,521.0,673.9,605.1,661.8,557.1,307.1,958.9,570.7,512.3,632.3,975.5,324.4,332.6,387.0,345.8,606.2,863.2,502.1,1006.7,564.2,584.5
2026-06-03 14:30:00,1048.7,1047.7,370.9,989.3,587.9,293.5,792.1,836.2,567.5,710.5,457.3,388.3,384.6,749.0,836.2,367.7,513.5,907.2,906.0,634.7,969.0,769.1,550.3,677.7,568.8,686.3,560.1,297.5,944.3,599.8,498.8,631.3,1016.6,317.0,335.1,372.2,340.0,598.6,835.9,503.2,985.8,578.3,634.6
2026-06-03 14:35:00,951.7,1069.5,364.2,983.4,584.4,310.2,838.7,930.7,587.2,728.9,467.4,382.9,410.0,752.7,928.8,359.5,517.3,939.4,881.9,630.5,949.2,743.0,545.8,680.3,597.0,672.3,569.4,313.4,917.2,596.1,479.2,639.8,920.7,306.7,323.5,377.3,336.2,602.9,846.1,526.5,931.7,602.9,638.3
2026-06-03 14:40:00,986.7,1061.4,365.8,998.7,614.3,301.4,814.9,902.3,557.4,698.7,459.7,364.7,381.2,742.8,812.1,360.3,539.2,984.5,968.8,646.9,925.2,808.1,524.1,689.9,587.7,694.7,563.2,340.5,918.4,584.1,516.7,634.8,1012.9,314.5,334.3,363.0,347.9,610.3,839.3,531.2,928.6,612.8,618.3
2026-06-03 14:45:00,1048.9,1052.2,370.6,978.5,619.2,313.0,825.1,909.2,572.1,749.5,462.5,367.2,410.7,738.8,869.2,373.9,530.4,921.3,974.5,661.6,963.9,798.2,553.5,683.2,589.0,649.5,561.7,325.7,941.1,575.7,502.8,647.0,981.7,326.4,327.4,372.6,334.0,628.2,863.7,508.0,995.6,608.7,611.8
2026-06-03 14:50:00,1036.4,1024.5,381.5,1041.1,594.5,307.4,816.4,873.2,610.1,723.7,508.0,378.4,376.8,751.5,860.8,388.7,532.7,911.5,944.7,661.2,990.6,807.1,532.3,742.7,609.4,665.2,543.6,313.7,901.7,525.4,516.3,612.2,996.2,312.8,328.9,402.9,340.7,597.1,860.1,497.9,993.6,609.8,626.8
2026-06-03 14:55:00,985.0,1064.0,393.3,1002.3,609.8,301.7,759.8,886.3,610.0,746.8,469.3,379.4,396.4,740.6,919.4,377.0,502.7,969.2,988.9,659.3,941.4,799.5,526.7,684.8,611.1,672.1,556.4,327.3,931.0,569.7,512.1,636.7,974.5,323.6,341.5,349.0,356.0,593.6,872.0,506.3,970.2,578.4,658.7
2026-06-03 15:00:00,1018.0,1051.6,383.6,1065.0,587.2,302.5,801.3,944.0,597.1,760.6,478.0,367.1,417.7,813.1,846.6,383.1,530.0,913.3,952.6,683.0,1005.6,844.2,533.9,669.8,623.4,657.7,575.5,322.8,966.2,595.8,510.5,649.2,1014.5,326.2,332.6,384.4,358.2,656.1,913.9,544.0,1033.4,584.8,646.6
2026-06-03 15:05:00,1016.4,1036.0,388.3,992.9,596.2,313.0,830.6,966.9,557.4,750.7,478.8,356.8,407.3,760.9,883.0,366.8,552.1,1011.2,922.3,678.9,1029.0,799.8,544.0,669.3,595.9,657.5,576.3,329.1,974.4,599.0,526.1,643.7,1006.8,321.3,339.5,384.2,353.6,589.5,920.3,542.5,992.5,582.3,603.9
2026-06-03 15:10:00,1030.0,1072.4,379.0,1045.7,618.5,317.1,847.2,906.0,572.6,764.0,485.1,399.7,404.7,803.2,903.1,373.4,528.0,1014.9,915.3,665.3,1043.6,790.3,531.9,716.3,602.9,688.9,549.9,335.3,946.7,614.6,523.0,697.3,1017.5,315.9,339.3,399.0,345.0,627.8,868.4,512.2,981.7,590.9,598.6
2026-06-03 15:15:00,1004.7,1069.8,375.3,1027.0,620.3,320.5,797.2,946.3,584.5,702.5,471.3,387.7,387.8,804.6,884.9,386.9,554.8,1005.0,919.4,685.2,1014.8,862.2,539.3,672.4,643.4,698.0,568.4,329.9,1007.4,620.9,522.2,648.3,1048.0,341.1,331.6,368.4,339.4,621.9,910.3,509.7,1103.6,616.7,628.2
2026-06-03 15:20:00,1028.2,1129.7,393.1,1024.5,605.2,310.5,845.6,937.5,596.2,740.8,497.7,379.6,392.4,793.5,874.0,366.4,550.5,979.0,961.9,644.4,955.2,771.2,527.1,684.2,621.4,690.0,564.6,330.6,995.2,654.1,553.8,620.3,1055.3,331.8,339.3,386.2,344.3,622.4,911.7,526.6,1060.9,635.9,648.6
2026-06-03 15:25:00,985.8,1136.0,389.7,1060.3,613.4,316.4,823.0,933.5,579.5,780.0,487.8,381.0,418.4,786.2,898.9,386.5,545.6,1033.2,952.4,700.6,1034.7,826.3,540.3,684.8,635.9,713.1,607.4,345.6,946.2,600.9,524.6,659.6,1085.3,325.8,341.2,390.0,367.6,596.0,883.7,567.9,1037.5,639.4,619.9
2026-06-03 15:30:00,1044.0,1091.0,373.1,1037.1,610.4,322.1,862.4,994.0,600.5,769.8,464.5,387.2,409.0,798.6,896.2,391.9,574.3,1029.0,953.1,682.5,1049.6,832.6,560.9,727.6,622.9,671.8,590.8,337.8,934.7,581.4,539.0,678.1,1027.7,322.7,344.8,403.7,357.6,671.7,941.1,548.4,1011.8,589.6,652.9
2026-06-03 15:35:00,1057.9,1117.9,387.9,968.2,642.8,314.7,860.7,933.8,640.2,803.9,483.4,389.8,415.1,812.2,901.2,387.9,549.1,978.3,970.6,660.3,1003.4,835.8,577.5,750.7,644.5,690.2,597.0,335.9,992.4,602.5,544.7,647.3,1072.9,341.3,331.6,400.7,356.0,627.1,866.7,540.4,1034.0,627.1,627.5
2026-06-03 15:40:00,1040.5,1068.8,392.8,960.8,600.2,309.3,885.4,987.2,618.3,804.3,484.4,358.7,406.4,805.6,940.5,394.2,553.3,1042.5,1002.5,679.2,1027.3,803.6,578.3,705.4,591.6,677.3,591.2,336.1,964.6,653.2,519.7,666.9,1076.5,333.5,344.7,382.7,360.5,616.8,940.3,544.8,1047.9,626.0,664.6
2026-06-03 15:45:00,1000.3,1120.0,389.6,1104.3,622.0,314.2,899.0,967.9,618.2,775.7,485.7,380.0,403.3,769.8,931.4,393.4,557.3,977.3,964.6,712.0,1049.0,816.7,573.1,739.4,665.2,709.0,584.3,331.6,961.5,624.2,531.1,668.9,1064.0,345.9,364.0,400.7,367.9,604.2,911.5,518.3,1055.7,590.4,672.5
2026-06-03 15:50:00,1085.9,1155.2,415.3,1108.7,609.0,321.5,888.2,961.8,598.5,766.7,498.5,380.3,417.5,768.1,940.9,387.6,565.4,1004.3,962.7,677.1,1094.0,875.2,542.5,676.2,637.8,720.3,590.7,326.4,989.2,644.7,550.7,671.8,1119.7,328.6,360.9,397.4,351.1,594.1,888.8,546.9,1068.1,653.7,706.1
2026-06-03 15:55:00,1069.2,1174.4,405.1,1135.5,656.8,332.2,903.9,1007.5,590.2,754.1,502.6,385.2,412.7,854.1,940.1,383.2,580.3,961.2,972.4,704.0,1034.4,889.9,556.5,722.1,625.9,742.7,610.9,347.7,1005.9,616.8,551.8,663.4,1049.8,342.9,354.0,414.7,358.7,648.6,916.6,574.7,1045.3,656.5,672.7
2026-06-03 16:00:00,1037.4,1125.6,417.7,1079.4,616.9,340.0,876.9,981.7,601.1,769.3,503.2,397.6,408.9,756.8,963.2,398.5,545.3,1026.1,1016.6,716.1,1074.2,847.2,570.5,756.3,633.2,692.7,600.6,355.8,1009.8,619.4,541.6,700.1,1079.3,336.9,347.5,408.2,373.0,622.3,976.9,549.6,1060.1,632.5,671.6
2026-06-03 16:05:00,1054.0,1190.6,406.0,1043.0,656.3,316.0,966.9,976.0,596.0,775.0,502.9,369.4,395.0,831.2,978.5,417.6,588.8,1018.4,989.5,700.2,1059.8,837.3,593.0,740.1,652.6,730.2,618.0,349.0,989.4,597.7,555.7,724.2,1088.3,361.7,363.4,435.2,370.5,636.4,997.7,554.2,1037.2,641.3,709.6
2026-06-03 16:10:00,1017.1,1105.2,405.4,1076.3,691.5,325.3,863.7,1025.2,632.5,774.8,501.6,376.2,426.0,825.1,938.9,416.6,578.3,1019.3,1001.9,683.3,1059.4,818.2,569.1,773.8,659.5,757.6,614.9,352.4,920.8,624.9,562.0,664.8,1043.3,349.6,375.0,407.5,382.1,633.2,908.7,565.7,1032.7,653.1,699.1
2026-06-03 16:15:00,1034.1,1117.8,394.5,1095.2,695.7,329.5,887.3,1027.2,642.0,771.3,470.3,385.8,421.4,839.5,975.8,402.3,590.1,1034.1,1041.7,701.8,1098.4,892.0,559.8,705.1,668.3,708.5,621.2,339.2,1018.0,632.3,568.5,656.9,1126.8,337.3,383.2,411.0,380.3,658.7,931.8,543.0,1051.4,661.2,689.8
2026-06-03 16:20:00,1051.2,1189.1,407.4,1066.2,629.6,342.8,931.2,1031.8,619.9,807.2,517.2,397.6,410.1,811.2,920.4,404.3,625.7,1027.1,1081.8,674.8,1032.6,896.3,608.5,743.2,645.3,707.5,625.7,344.1,966.2,649.3,570.8,676.3,1085.3,359.6,362.8,413.8,365.3,659.4,929.9,569.2,1086.0,643.1,685.8
2026-06-03 16:25:00,1109.1,1225.5,408.7,1158.3,674.8,331.3,932.3,884.8,644.9,842.9,515.5,407.6,434.4,853.2,897.8,405.7,578.1,1052.6,1017.0,695.5,1068.8,799.2,572.3,774.5,690.7,706.3,613.0,338.9,999.5,644.0,580.7,715.7,1105.9,364.8,358.9,420.5,338.4,670.1,936.4,551.0,1099.8,641.4,730.6
2026-06-03 16:30:00,1050.0,1186.7,393.0,1182.2,652.0,334.0,930.1,1020.6,674.2,829.2,495.7,419.3,424.5,853.9,1021.0,407.9,568.8,1098.1,1014.9,683.4,1064.5,811.4,567.2,778.5,666.2,757.1,620.6,351.8,986.5,671.4,562.8,682.6,1146.0,350.2,378.3,436.1,380.5,674.6,984.4,557.9,1129.2,639.3,682.7
2026-06-03 16:35:00,1091.6,1170.0,404.2,1127.5,650.7,325.6,940.2,1019.5,687.6,803.4,517.9,398.3,426.8,923.5,963.3,419.2,597.3,1029.6,963.6,706.6,1017.3,880.7,592.8,784.4,668.9,731.2,647.3,367.0,1056.3,630.8,538.1,696.5,1103.4,347.1,379.1,422.1,368.4,648.4,928.9,561.1,1130.8,692.7,669.7
2026-06-03 16:40:00,1053.9,1095.8,407.8,1114.7,675.3,346.6,868.5,1017.7,668.3,840.7,526.5,413.9,436.8,860.2,985.4,431.1,603.4,1097.2,1010.3,681.2,1106.4,885.9,589.4,781.3,679.7,762.4,668.4,351.1,1049.9,638.2,556.7,670.8,1099.6,334.1,377.3,425.2,388.4,639.5,918.9,562.1,1140.7,689.6,699.3
2026-06-03 16:45:00,1079.0,1103.1,417.7,1074.9,705.4,341.5,975.5,1043.2,653.5,829.2,537.6,414.7,436.3,895.6,946.7,448.6,616.1,1082.5,1001.0,710.3,1094.7,867.8,582.8,753.6,701.7,750.9,654.9,359.8,974.2,633.0,540.4,727.2,1102.0,371.5,372.0,437.4,403.1,667.3,929.2,571.1,1112.1,645.3,699.1
2026-06-03 16:50:00,1066.0,1179.9,419.1,1173.3,695.1,337.9,930.0,1038.1,675.3,824.4,530.3,414.9,433.7,825.7,949.8,411.7,593.8,1093.6,1025.4,732.7,1070.1,880.8,592.9,765.9,690.9,801.0,587.3,370.3,946.6,619.6,576.0,684.4,1067.9,342.6,366.4,422.9,375.0,684.6,936.9,568.7,1146.8,650.9,733.6
2026-06-03 16:55:00,1097.7,1163.3,406.7,1126.5,670.5,343.4,975.3,1056.6,691.4,827.6,530.4,410.2,429.7,894.7,970.8,432.6,591.6,1086.4,986.1,733.9,1061.1,876.1,577.4,842.7,683.8,782.1,629.8,378.0,947.2,639.9,584.6,695.8,1089.4,363.0,391.2,446.0,396.8,680.2,964.1,567.3,1054.2,649.1,713.4
2026-06-03 17:00:00,1051.3,1137.1,420.2,1116.4,701.9,359.2,886.8,1032.6,627.9,829.9,543.3,407.9,460.4,877.5,1015.6,433.2,581.8,1069.7,1002.7,681.7,1069.7,884.1,585.6,761.7,691.8,749.5,650.2,348.7,990.7,626.0,560.9,674.1,1097.5,346.4,395.9,435.2,401.7,643.7,945.8,572.8,1148.7,641.9,731.5
2026-06-03 17:05:00,1016.6,1178.2,412.5,1144.4,642.9,338.2,955.9,1093.3,701.6,856.0,526.5,401.9,427.3,881.9,985.0,424.0,587.7,1113.6,1013.4,693.5,1092.2,859.9,594.8,761.3,727.5,764.9,630.0,363.6,964.5,661.6,579.9,671.7,1105.9,387.0,383.3,430.6,397.8,687.1,960.5,555.3,1128.2,712.4,658.8
2026-06-03 17:10:00,1020.9,1179.4,379.2,1109.9,675.5,341.1,936.4,1076.0,664.3,847.9,541.1,403.4,449.1,885.2,994.3,416.9,608.1,1121.7,1050.2,724.9,1070.7,883.6,559.5,814.6,727.4,794.0,632.3,362.7,945.2,613.9,578.0,689.6,1148.1,383.6,409.5,420.5,399.8,669.1,970.9,533.8,1163.0,659.1,707.9
2026-06-03 17:15:00,1046.0,1207.7,409.0,1136.0,675.6,364.2,972.6,1073.6,668.0,830.5,527.5,424.4,440.7,925.6,985.6,435.5,616.4,1083.3,1038.1,720.7,1046.8,865.9,613.3,776.0,715.9,754.4,649.9,363.0,959.6,621.0,563.7,691.1,1132.7,373.9,394.2,432.6,373.3,694.2,932.0,570.3,1040.0,690.1,748.0
2026-06-03 17:20:00,1020.7,1177.9,428.4,1082.9,695.8,352.9,968.9,1076.9,675.1,833.8,558.6,421.7,450.4,889.9,1047.0,461.2,659.8,1070.5,1026.8,691.6,1050.4,863.3,571.7,847.7,714.3,810.7,668.3,370.5,985.0,602.4,566.3,705.7,1081.7,383.9,391.2,447.0,401.0,717.8,936.6,558.2,1162.1,668.4,694.1
2026-06-03 17:25:00,1070.7,1214.6,393.8,1169.4,691.1,360.1,973.6,1102.9,692.3,866.1,517.4,419.6,463.4,864.6,1041.2,438.7,592.2,1123.2,1008.2,692.9,1065.1,833.2,579.4,873.4,763.4,780.5,676.9,354.7,966.3,630.3,572.0,652.0,1099.1,372.2,381.1,450.8,402.3,649.0,950.8,577.1,1075.8,671.1,712.1
2026-06-03 17:30:00,1039.9,1169.7,415.8,1129.1,693.4,358.1,935.4,1103.1,666.0,873.8,560.2,435.8,445.2,871.1,1003.0,426.4,632.6,1150.7,971.1,703.3,1033.8,877.0,613.8,803.9,726.5,808.8,660.2,374.4,951.0,597.2,531.5,665.8,1144.4,365.9,376.6,450.4,417.2,737.2,917.8,559.1,1168.4,669.8,736.8
2026-06-03 17:35:00,1126.2,1163.0,433.6,1171.8,693.5,354.2,967.3,1070.8,686.2,859.0,550.1,427.2,460.2,911.1,1041.3,436.0,614.9,1164.0,1002.1,661.2,1072.1,901.6,605.6,819.7,722.9,788.1,661.6,380.8,950.9,619.7,557.2,669.6,1039.7,357.6,392.3,436.2,418.3,686.9,934.1,535.2,1100.9,683.0,708.1
2026-06-03 17:40:00,993.1,1201.4,403.9,1125.1,698.2,351.4,966.2,1110.5,706.1,841.8,568.8,420.4,458.3,902.8,1015.3,424.3,635.0,1175.3,954.7,708.7,1033.8,870.3,596.3,769.7,716.9,783.1,656.2,370.1,952.6,595.9,560.5,684.4,1086.7,386.8,404.4,455.6,402.3,734.1,960.0,564.4,1142.3,671.5,736.0
2026-06-03 17:45:00,1050.2,1127.1,412.7,1126.4,709.4,364.5,988.2,1087.8,702.6,908.4,542.7,431.2,448.5,851.2,1014.5,440.7,622.3,1151.2,967.7,718.1,1026.0,867.8,563.5,841.4,731.1,781.9,686.2,378.2,959.4,597.0,525.8,656.9,1048.8,367.6,429.6,439.1,387.1,734.5,931.2,582.9,1123.7,689.8,706.0
2026-06-03 17:50:00,1004.6,1255.6,395.7,1088.6,701.3,368.5,1004.7,1148.0,708.8,906.9,560.2,447.8,477.2,906.9,1025.1,450.6,654.3,1133.4,1021.7,685.0,1154.0,908.0,582.1,762.9,659.0,842.5,687.4,385.6,956.7,598.5,578.9,675.9,1168.6,409.0,403.7,444.8,392.6,713.5,960.2,568.9,1158.9,697.3,717.9
2026-06-03 17:55:00,1020.1,1167.2,430.9,1153.8,692.1,367.9,981.8,1124.6,696.5,830.7,562.5,425.9,472.4,864.8,1048.0,433.2,655.9,1146.0,981.5,661.1,1110.9,899.6,587.8,786.3,749.4,796.1,699.3,388.3,897.6,623.3,563.2,662.4,1110.7,368.4,411.3,479.4,431.7,733.3,896.5,538.0,1127.5,660.5,732.5
2026-06-03 18:00:00,1035.3,1163.4,408.7,1096.6,706.1,343.8,941.3,1071.1,720.4,922.7,571.6,444.6,459.0,906.0,1001.7,399.9,635.6,1106.5,968.3,717.0,1050.7,915.5,587.8,823.3,700.6,879.8,685.6,369.3,944.3,605.4,561.0,670.3,1066.0,393.7,395.3,464.1,414.9,711.4,927.6,549.7,1172.5,675.9,693.8
2026-06-03 18:05:00,954.7,1164.1,409.1,1107.5,714.4,370.5,983.1,1170.7,730.4,885.0,549.1,443.4,483.2,872.8,1045.6,447.5,666.6,1128.8,967.6,689.5,1069.0,926.2,608.9,834.8,714.0,810.9,658.0,397.8,924.7,602.0,547.3,654.8,1077.3,397.5,408.9,473.5,399.4,692.1,930.5,550.0,1092.7,637.6,698.8
2026-06-03 18:10:00,1028.6,1205.8,423.8,1121.3,684.8,352.7,1057.5,1027.2,731.3,898.9,580.4,436.2,458.5,886.7,1107.8,437.6,654.8,1153.3,950.1,696.5,1070.1,866.1,622.2,785.4,700.0,788.2,679.5,399.4,901.7,611.4,522.9,647.3,1048.0,368.1,408.3,488.7,402.4,757.9,919.6,553.2,1079.0,658.4,734.6
2026-06-03 18:15:00,1074.4,1163.8,413.9,1122.4,694.1,348.3,1029.6,1119.3,721.0,927.5,540.4,444.6,472.3,879.2,1036.4,434.7,667.9,1148.2,886.8,652.0,1031.7,831.4,596.0,809.0,715.4,771.7,706.0,383.3,914.7,586.4,515.3,670.4,1134.2,378.9,396.6,469.1,423.4,720.7,899.1,544.3,1088.3,667.5,696.7
2026-06-03 18:20:00,997.5,1077.4,393.8,1058.0,718.4,354.2,893.7,1076.9,733.7,944.3,562.9,429.4,469.1,933.8,1031.7,434.8,641.0,1162.7,907.6,649.0,1038.2,844.6,573.8,781.5,724.7,841.4,653.8,412.8,951.9,560.1,531.5,683.8,992.5,381.8,425.3,484.8,423.4,778.4,863.3,522.7,1127.3,661.2,714.6
2026-06-03 18:25:00,1013.8,1174.2,395.0,1103.9,669.8,364.5,983.0,1163.2,733.7,929.5,549.6,454.2,488.4,902.9,1027.5,450.3,660.6,1113.2,955.8,680.7,1016.8,869.1,602.2,814.5,752.0,807.6,689.1,399.3,937.2,572.5,541.5,674.6,1071.6,425.0,407.8,477.8,444.1,760.7,928.7,547.1,1124.5,660.9,730.8
2026-06-03 18:30:00,1031.4,1109.9,407.1,1134.2,728.6,360.9,1008.1,1110.3,773.8,911.3,593.2,436.1,473.1,924.6,1044.0,439.4,627.8,1122.3,907.7,689.6,1058.4,887.5,568.5,802.2,760.9,833.1,697.8,398.4,912.5,583.7,536.2,677.2,1054.1,382.1,423.5,463.0,423.2,724.6,856.3,570.4,1055.5,671.1,709.9
2026-06-03 18:35:00,990.3,1119.5,391.9,1091.2,661.6,351.8,974.5,1076.2,743.5,869.4,587.7,471.3,493.2,966.6,978.4,457.1,626.0,1190.4,925.4,643.0,1053.6,820.2,531.0,805.7,775.1,870.0,734.3,403.5,880.3,584.7,551.7,676.1,1018.9,371.9,410.4,472.0,430.1,758.7,854.0,533.6,1065.5,672.7,711.5
2026-06-03 18:40:00,972.5,1067.6,372.3,1092.0,680.2,362.7,965.3,1093.8,716.2,853.4,590.6,457.1,493.1,888.8,1079.0,457.0,684.6,1134.8,889.3,659.9,1057.1,849.3,552.4,836.4,734.4,829.8,680.7,383.7,862.8,592.0,517.1,645.5,1038.3,390.6,406.4,464.0,425.5,759.3,900.4,521.4,1098.0,614.0,736.0
2026-06-03 18:45:00,917.0,1121.9,395.1,1100.1,665.6,354.5,969.6,1078.9,699.0,934.2,610.1,452.2,481.1,925.3,1055.0,440.2,621.4,1140.5,898.3,627.0,1012.6,818.7,530.6,826.2,726.7,821.6,691.0,392.2,869.1,576.4,513.5,681.4,990.3,372.7,400.9,484.0,437.3,788.0,870.5,561.9,1124.1,656.7,749.1
2026-06-03 18:50:00,997.4,1077.1,376.3,1085.9,727.6,346.0,991.9,1091.8,713.4,948.3,580.3,477.8,515.4,864.6,1003.0,436.3,633.4,1167.2,912.8,640.9,1064.2,830.8,562.0,831.6,747.8,842.9,728.8,404.1,889.5,593.2,516.3,656.2,1084.3,383.8,406.1,489.9,450.0,739.8,879.3,566.9,1055.8,644.1,700.9
2026-06-03 18:55:00,969.7,1095.9,410.8,1051.5,670.0,343.6,940.2,1090.2,712.0,890.3,598.0,448.8,479.6,913.7,1021.4,444.1,604.6,1130.8,932.8,646.0,991.5,826.1,562.7,813.0,711.0,831.9,681.3,387.5,885.0,578.5,495.4,619.9,1030.8,378.8,428.3,456.3,440.0,746.8,837.1,526.7,1027.3,638.0,686.3
2026-06-03 19:00:00,938.0,1077.3,391.8,1078.8,667.5,354.2,1006.1,1075.1,730.0,905.9,589.6,454.1,471.5,856.5,1000.7,439.6,623.9,1201.0,932.9,656.9,1049.0,835.1,536.0,831.8,707.3,780.7,715.6,392.8,861.8,545.0,533.3,621.8,1052.6,389.5,398.9,463.4,453.5,762.9,873.4,534.1,1100.0,671.2,709.4
2026-06-03 19:05:00,965.5,1142.9,377.1,1106.7,667.3,347.9,967.3,1107.2,703.6,898.5,587.9,440.2,506.7,874.3,1023.9,417.3,620.0,1117.3,877.5,603.0,969.1,871.3,545.6,811.3,718.9,842.7,700.8,404.1,897.0,522.5,503.6,633.8,1004.0,376.4,417.6,470.8,435.4,754.4,882.5,530.9,1006.6,607.3,672.9
2026-06-03 19:10:00,939.6,1138.3,377.5,1035.5,673.8,333.1,939.0,1109.2,743.8,897.9,613.4,485.1,463.6,885.6,1013.4,464.6,624.9,1159.5,900.3,665.3,939.2,828.3,533.2,797.8,724.5,807.8,687.3,400.5,879.1,545.5,508.3,643.9,1053.9,374.1,405.1,464.0,408.1,723.1,815.9,538.4,1073.7,636.8,712.7
2026-06-03 19:15:00,935.8,1069.7,361.7,1051.7,662.3,354.9,995.5,1061.4,687.4,943.2,627.8,494.0,519.3,886.2,1015.0,447.5,642.0,1131.5,849.1,633.0,1030.7,801.6,551.9,821.0,678.5,844.6,700.3,396.7,795.4,561.6,513.8,619.5,1008.4,393.5,415.4,471.9,417.8,777.9,857.5,504.0,982.5,661.9,671.1
2026-06-03 19:20:00,962.6,1064.2,368.7,1014.2,663.0,339.7,915.3,1037.3,681.2,919.3,583.7,445.0,499.9,831.6,973.4,430.6,644.9,1160.5,883.4,657.2,985.2,793.1,536.8,794.2,744.4,817.6,686.7,396.7,862.2,562.3,487.4,602.1,1033.8,383.5,409.9,479.9,438.7,791.3,869.1,518.0,1041.3,632.5,670.3
2026-06-03 19:25:00,902.3,1044.2,390.7,1082.0,592.3,359.6,940.3,1098.9,712.1,906.3,606.5,457.7,478.1,838.4,986.0,410.2,613.7,1135.2,902.0,642.2,975.5,798.3,564.4,793.6,724.2,832.0,734.9,393.4,874.1,551.3,500.0,631.2,1012.8,379.4,390.1,492.4,424.8,758.4,807.6,498.6,1028.2,609.9,654.6
2026-06-03 19:30:00,964.1,1084.8,402.2,1043.6,660.2,327.2,936.2,1102.9,695.5,984.2,597.4,470.7,486.3,872.6,1030.6,431.2,615.8,1148.6,870.3,641.4,944.6,777.4,547.5,823.9,733.7,795.5,644.1,404.9,855.2,551.9,492.9,592.5,989.1,356.0,407.3,466.0,427.4,725.8,840.1,517.8,1009.1,620.2,654.6
2026-06-03 19:35:00,890.6,1033.6,383.0,1014.1,656.0,338.1,1009.6,1105.9,685.0,871.1,597.6,462.9,476.8,843.4,976.1,424.3,649.0,1188.1,901.4,659.6,925.4,797.0,567.7,818.3,680.3,762.0,679.1,418.7,860.4,568.6,504.6,615.1,1013.9,383.6,430.4,464.4,416.4,751.4,833.0,532.7,1071.8,653.8,691.8
2026-06-03 19:40:00,906.1,1024.8,371.6,1037.6,672.5,331.2,925.0,1096.3,696.5,923.6,595.8,469.9,507.9,813.1,909.2,429.3,658.3,1118.9,884.1,603.9,922.8,732.0,531.2,784.5,696.9,809.1,677.7,396.5,834.6,544.2,487.7,606.9,1101.6,369.9,406.6,476.4,444.5,732.6,835.8,511.7,1019.0,639.0,671.2
2026-06-03 19:45:00,972.6,1062.4,365.7,991.6,674.1,326.8,879.4,1125.2,691.8,878.3,585.0,468.8,482.7,842.6,978.4,400.4,647.3,1114.8,864.0,617.5,942.6,779.6,569.8,808.6,692.9,816.0,678.0,407.1,835.4,546.8,443.3,578.4,940.1,376.8,412.7,469.2,444.7,746.2,815.6,490.9,1010.5,604.2,659.7
2026-06-03 19:50:00,945.6,1009.7,357.8,991.2,641.4,330.0,919.3,1102.3,706.0,900.4,526.8,476.1,510.6,837.0,1048.8,420.2,590.6,1123.6,846.9,593.4,929.3,777.0,532.4,754.2,700.8,776.4,700.4,385.8,831.8,564.1,468.8,631.3,964.1,351.6,403.6,446.6,421.3,755.0,782.0,515.9,1002.0,638.3,697.4
2026-06-03 19:55:00,912.6,1019.4,388.9,972.5,657.1,350.8,943.8,1151.5,690.2,906.4,616.6,456.6,498.7,839.9,997.8,419.0,640.6,1179.9,835.3,606.4,874.2,748.7,520.9,773.6,701.2,781.6,666.9,381.7,833.5,506.5,458.1,596.4,924.9,373.6,407.9,455.0,420.3,764.0,803.6,489.0,980.9,618.3,655.5
2026-06-03 20:00:00,879.8,966.9,362.1,978.8,616.7,332.7,948.2,1159.9,689.4,922.5,576.1,472.5,496.2,844.1,951.0,419.8,650.0,1122.2,807.7,618.2,970.1,762.5,564.3,759.0,716.8,730.9,683.2,379.1,810.7,560.3,504.8,571.8,968.8,371.0,388.3,460.6,438.0,779.0,795.4,502.4,1053.0,557.2,649.1
2026-06-03 20:05:00,886.6,1030.9,385.1,1046.3,648.7,321.6,984.5,1000.7,697.9,889.9,583.0,453.5,511.0,837.9,961.4,417.1,581.7,1161.8,807.8,622.3,906.7,792.8,494.6,772.4,697.2,775.7,675.2,376.2,848.3,489.7,495.0,590.6,958.1,364.6,393.6,474.6,433.7,759.6,803.0,481.2,981.4,597.8,624.2
2026-06-03 20:10:00,898.6,1062.7,375.2,977.6,619.7,309.6,955.4,982.1,716.3,884.0,582.0,462.8,512.5,802.8,977.1,418.5,629.6,1109.3,861.4,592.1,947.3,790.2,511.7,785.3,676.2,746.6,684.4,382.0,852.7,514.9,442.0,556.3,1001.7,355.6,403.7,477.3,398.6,719.8,829.5,470.5,1042.0,629.0,626.4
2026-06-03 20:15:00,893.5,1020.7,339.5,1007.8,604.6,308.9,916.8,1046.0,722.6,883.1,570.6,443.4,519.9,807.0,902.2,434.6,610.8,1149.6,870.3,574.5,889.5,746.6,491.6,776.9,733.2,783.9,661.8,394.0,801.4,516.8,456.0,590.1,934.3,376.2,387.3,445.3,426.0,756.2,761.0,476.3,957.3,590.2,620.4
2026-06-03 20:20:00,886.0,1037.6,349.1,963.6,619.8,318.7,882.4,1056.7,692.0,858.3,586.8,461.1,492.6,835.0,922.7,407.0,597.7,1118.0,801.9,594.4,908.3,766.6,486.2,769.5,678.9,775.7,667.8,393.6,782.6,497.7,448.6,595.9,963.4,353.5,402.0,447.4,422.1,732.2,815.4,445.6,976.8,616.5,621.6
2026-06-03 20:25:00,883.8,964.0,347.2,1005.3,645.7,315.9,945.5,1033.2,690.3,900.1,580.0,457.7,500.9,794.6,952.9,399.9,602.3,1117.2,826.9,575.3,925.9,717.1,480.1,758.8,662.1,764.3,655.7,374.5,733.2,518.6,469.0,625.0,873.8,369.5,375.9,467.7,416.5,732.0,830.6,466.8,957.0,561.1,622.2
2026-06-03 20:30:00,875.2,991.4,351.7,947.4,619.5,318.0,886.6,1051.8,678.6,887.0,566.3,477.6,491.0,793.6,981.0,387.6,605.1,1046.1,782.9,577.5,917.8,740.5,518.6,747.8,638.6,790.1,635.5,374.9,728.0,518.2,450.6,577.1,931.6,369.0,386.2,447.5,401.5,732.6,825.3,510.9,942.6,560.2,622.2
2026-06-03 20:35:00,839.4,952.1,350.1,973.4,640.2,296.6,873.7,1016.1,688.7,887.0,579.2,462.3,501.9,762.5,918.6,400.3,614.4,1035.7,794.4,597.0,884.0,748.6,486.3,774.0,674.9,761.3,682.7,376.7,711.7,478.5,458.3,561.5,898.9,346.9,380.5,456.4,400.0,732.8,823.6,437.4,955.4,599.7,637.2
2026-06-03 20:40:00,793.2,968.8,380.4,968.7,595.5,315.6,875.1,997.6,683.3,869.6,573.8,463.4,486.7,793.2,969.0,387.2,610.1,1116.2,746.4,591.2,900.8,773.8,500.1,708.3,683.1,756.0,633.1,377.4,728.7,463.3,441.1,573.9,935.0,361.7,411.6,446.7,370.6,748.8,782.7,453.1,1003.8,591.7,620.2
2026-06-03 20:45:00,759.1,993.7,336.1,1029.3,624.9,324.4,848.0,996.6,698.5,862.1,587.9,459.8,490.7,797.6,899.4,413.4,560.6,1109.7,728.7,594.9,901.3,762.8,514.9,723.8,642.7,754.6,635.2,379.4,743.9,458.2,439.8,592.5,946.1,347.2,374.8,447.3,398.5,734.2,776.6,498.2,988.1,573.5,650.4
2026-06-03 20:50:00,795.7,970.1,348.1,975.4,590.8,328.1,863.8,1001.3,630.2,893.2,546.6,429.1,489.4,738.4,822.0,398.4,572.4,1147.2,719.2,493.5,875.7,737.7,506.0,743.3,674.0,730.2,624.4,366.4,726.6,472.1,414.2,574.2,894.2,356.4,381.9,439.0,380.6,694.4,729.9,457.8,947.5,586.0,625.7
2026-06-03 20:55:00,775.9,922.4,350.6,935.6,603.4,293.5,864.9,1026.9,659.7,884.6,553.2,429.3,498.4,755.4,930.0,408.4,582.1,1016.0,721.4,519.3,846.8,710.0,502.9,763.5,659.5,760.9,645.0,366.6,699.2,451.8,426.5,510.3,921.4,338.0,352.6,456.9,395.9,684.2,723.1,463.7,903.7,558.2,597.9
2026-06-03 21:00:00,726.1,814.0,342.7,967.5,600.0,302.0,885.0,981.3,667.4,889.9,576.5,450.4,492.4,743.1,919.2,412.3,604.3,1072.8,717.5,542.2,761.1,756.5,512.6,718.4,619.2,714.5,624.6,381.7,734.4,457.9,418.1,497.4,893.4,344.5,359.8,419.2,405.1,726.7,655.5,467.3,947.2,546.4,616.0
2026-06-03 21:05:00,719.9,886.2,342.4,1004.2,604.8,299.9,851.1,981.5,656.4,858.5,550.7,456.5,498.0,790.2,919.3,382.5,526.8,1019.0,767.5,509.7,774.6,716.5,516.2,716.1,662.5,739.7,658.7,361.7,701.9,451.6,406.0,500.2,794.1,344.5,374.1,432.0,384.1,720.6,640.9,415.7,919.2,569.5,607.6
2026-06-03 21:10:00,759.4,841.0,329.2,893.5,594.5,307.4,823.8,1001.2,634.8,878.6,543.5,447.5,487.0,723.7,913.2,386.4,560.0,1022.0,677.7,502.6,769.5,621.4,471.9,690.0,641.4,752.8,636.5,356.4,663.6,489.6,386.5,492.2,790.9,341.5,365.7,448.1,411.7,732.0,703.0,408.0,903.2,555.6,627.1
2026-06-03 21:15:00,749.2,886.2,314.3,911.7,574.2,293.3,810.6,972.9,624.1,829.2,545.9,436.9,478.1,761.9,894.7,403.8,541.2,1023.6,684.0,501.4,779.9,673.0,495.4,702.2,621.2,699.9,617.7,359.7,681.4,441.0,409.1,503.7,804.2,343.7,363.8,429.4,416.8,699.4,660.7,398.3,944.1,564.9,613.9
2026-06-03 21:20:00,746.1,842.9,307.6,924.8,599.8,318.2,852.2,1005.8,661.3,829.8,551.1,443.1,487.2,776.2,877.9,388.3,540.9,1045.1,675.7,511.4,751.6,640.3,445.1,724.9,657.7,689.1,602.4,359.4,669.8,451.5,398.4,478.5,778.6,329.7,360.8,428.2,394.2,703.5,672.2,416.3,854.2,559.1,597.6
2026-06-03 21:25:00,741.7,844.9,306.8,916.0,611.9,301.8,844.2,941.0,627.4,859.9,548.2,439.7,469.0,760.2,874.3,390.0,577.4,1006.9,698.0,494.3,776.8,619.5,444.9,739.5,653.6,691.5,613.7,340.0,656.9,432.1,413.6,492.9,804.1,330.4,360.3,439.5,396.3,703.7,645.6,410.3,826.9,547.8,625.0
2026-06-03 21:30:00,740.9,863.6,284.1,829.3,568.9,298.8,824.0,929.4,604.7,846.2,543.3,452.1,488.2,742.3,863.5,393.8,548.8,1022.6,691.2,472.6,771.0,615.8,418.6,696.1,610.5,748.6,621.7,349.7,667.4,437.3,398.0,471.1,833.8,341.3,341.7,430.6,368.2,657.6,680.4,415.7,819.0,521.7,601.2
2026-06-03 21:35:00,750.0,805.7,314.7,843.7,544.8,312.7,821.9,965.6,651.0,813.4,526.9,449.0,473.5,756.4,860.7,390.2,515.9,1041.2,668.6,481.2,789.6,663.2,429.4,682.0,634.4,693.1,607.9,356.8,617.4,424.8,398.2,456.5,811.3,328.2,357.3,433.0,386.9,652.7,665.1,404.2,840.9,486.9,599.6
2026-06-03 21:40:00,698.3,797.2,285.7,810.1,582.7,296.9,839.1,963.2,639.8,790.3,553.2,429.8,478.1,768.3,819.8,382.6,549.1,1044.4,692.0,485.9,736.3,615.8,426.4,696.6,629.4,676.8,602.8,371.5,678.4,433.2,375.8,473.7,751.6,325.6,353.9,434.9,366.4,697.0,650.4,412.4,805.8,482.5,554.5
2026-06-03 21:45:00,690.0,810.2,307.8,793.0,566.1,299.3,859.8,922.0,625.4,806.2,558.9,434.0,475.9,739.4,831.3,391.8,582.3,1025.5,674.5,490.2,748.7,603.7,398.6,658.2,621.1,706.0,583.5,342.9,651.8,417.5,381.6,481.1,763.4,320.5,365.6,399.3,360.7,685.5,623.4,398.2,790.6,490.2,518.7
2026-06-03 21:50:00,684.5,828.0,301.1,808.2,509.8,287.8,802.2,979.5,606.9,790.0,503.8,435.8,492.8,689.0,854.5,373.5,516.4,1012.8,678.8,469.5,748.2,609.5,432.9,714.0,609.6,637.9,639.0,354.4,597.7,420.5,353.4,459.2,735.0,322.6,361.2,409.4,363.8,701.3,638.5,393.2,828.4,483.4,525.6
2026-06-03 21:55:00,706.2,768.7,295.0,835.5,506.6,281.2,819.7,990.8,618.5,843.5,506.6,435.2,473.0,760.8,797.4,378.2,551.9,989.8,676.7,468.9,728.1,613.3,408.1,660.0,613.4,671.3,591.9,346.4,636.4,400.3,377.4,467.6,762.0,315.4,320.8,402.6,374.3,707.3,641.8,393.2,760.3,479.3,513.2
2026-06-03 22:00:00,718.2,753.4,280.2,790.7,490.6,286.7,837.3,914.4,639.8,815.7,544.2,448.5,466.1,741.3,799.9,368.7,566.0,972.0,604.5,468.8,716.7,610.0,425.1,688.6,630.5,716.7,567.9,354.6,625.7,395.2,380.6,456.1,756.4,330.9,341.0,414.5,373.4,660.4,619.1,397.5,807.5,499.8,501.8
2026-06-03 22:05:00,675.5,804.6,286.4,776.6,537.3,264.3,791.5,968.8,584.3,774.8,550.0,424.5,452.9,665.5,839.1,380.3,537.2,999.8,651.5,452.4,669.9,609.8,403.8,685.3,617.9,664.6,570.2,334.5,636.6,377.4,378.3,442.1,747.4,317.9,365.7,421.0,371.0,655.6,613.3,380.6,754.9,509.6,514.0
2026-06-03 22:10:00,625.4,763.0,278.5,795.0,498.4,252.3,806.6,857.0,582.2,764.0,488.9,437.2,470.9,675.1,840.9,359.7,566.4,948.2,606.4,456.7,708.5,600.2,434.7,689.1,572.5,675.6,580.2,350.2,633.2,399.5,355.1,459.0,713.0,310.4,354.6,375.6,356.9,632.1,616.1,391.5,734.9,467.4,509.6
2026-06-03 22:15:00,633.8,759.6,280.1,796.6,507.4,271.8,802.8,948.3,596.4,766.2,532.0,405.4,453.5,648.5,797.0,347.4,522.5,977.8,627.8,459.0,711.6,601.6,402.5,678.8,566.1,683.7,617.4,351.4,628.1,382.7,335.3,437.6,714.3,317.4,348.7,384.8,369.0,665.4,621.3,368.8,785.2,500.7,506.5
2026-06-03 22:20:00,643.2,717.7,275.0,816.5,490.2,255.5,681.2,891.0,604.3,767.3,541.8,409.6,433.8,659.2,761.9,371.6,553.8,938.5,614.0,431.4,690.1,579.2,425.3,620.3,568.9,680.7,577.6,350.1,581.8,410.7,344.7,446.2,741.3,304.6,336.8,376.9,358.2,611.4,609.7,369.6,770.2,459.2,496.7
2026-06-03 22:25:00,640.4,736.0,257.4,779.3,486.3,252.7,720.2,937.2,593.0,772.5,500.3,388.6,449.4,644.7,741.1,319.8,547.7,964.3,607.0,445.9,667.3,613.6,396.0,605.8,575.6,661.1,571.4,348.2,588.5,375.0,345.2,416.9,721.1,308.5,348.0,389.6,365.4,629.3,615.8,348.3,740.8,470.4,503.4
2026-06-03 22:30:00,635.1,742.2,280.4,778.5,481.1,233.0,707.0,880.6,610.7,798.2,534.9,414.7,452.0,623.6,732.1,335.7,525.9,930.9,578.1,422.1,641.2,562.9,393.3,600.4,550.7,679.9,589.9,334.2,563.4,389.5,345.8,432.4,686.1,328.2,323.6,398.4,359.6,650.7,586.0,360.9,721.4,441.3,505.6
2026-06-03 22:35:00,635.4,753.8,267.6,772.5,461.3,257.7,680.2,901.2,615.9,746.3,505.3,418.5,435.9,618.9,714.5,334.5,466.7,945.7,610.3,417.0,676.1,587.6,408.0,608.2,520.6,695.2,588.6,336.6,580.9,383.3,316.7,433.3,669.2,285.3,331.8,415.3,340.9,628.8,597.9,348.2,746.8,439.1,471.9
2026-06-03 22:40:00,620.6,707.5,261.3,722.4,477.3,251.8,706.5,830.5,598.8,817.5,510.1,376.9,442.7,643.2,734.6,317.4,484.5,934.1,561.7,416.9,659.4,547.9,374.8,553.1,550.4,609.9,581.7,325.1,521.0,363.1,331.8,424.4,686.1,259.6,339.7,378.7,351.3,637.3,552.9,361.8,720.8,442.1,493.9
2026-06-03 22:45:00,637.8,750.6,257.6,718.9,469.5,249.9,694.5,819.0,601.3,739.8,491.9,408.3,440.8,613.0,737.7,339.6,459.9,884.2,589.8,437.0,677.5,527.6,381.5,577.2,505.5,579.9,571.5,306.0,529.2,353.1,318.3,425.6,676.5,279.1,281.2,420.7,362.8,631.1,572.4,356.9,739.7,452.6,502.6
2026-06-03 22:50:00,598.0,691.4,261.6,708.2,487.3,244.1,686.3,811.6,593.8,725.9,515.2,411.1,438.5,591.4,684.0,311.0,452.1,906.1,545.0,393.1,614.1,517.1,382.5,596.4,531.2,599.5,507.3,329.0,536.6,355.1,338.4,417.1,644.6,271.3,287.7,396.9,364.3,610.9,564.1,359.7,701.7,439.4,456.9
2026-06-03 22:55:00,587.1,682.5,248.7,694.6,449.4,240.7,646.2,758.7,556.3,792.9,510.2,408.3,453.0,616.7,690.7,325.3,438.5,912.6,561.9,403.3,624.8,542.3,376.3,612.5,535.2,562.5,519.6,323.6,536.5,364.1,297.7,407.5,655.7,271.6,296.9,395.7,340.8,590.1,590.0,359.7,696.3,410.3,472.2
2026-06-03 23:00:00,603.8,719.5,235.2,732.0,453.3,240.1,699.6,790.0,513.0,781.3,521.0,385.3,417.4,599.5,703.2,326.9,455.7,860.0,585.3,403.5,600.7,549.0,367.7,574.2,531.2,589.4,487.8,294.1,534.1,371.8,325.7,408.8,643.8,283.6,289.7,354.4,344.3,639.4,533.0,336.5,719.7,409.5,471.1
2026-06-03 23:05:00,561.0,683.2,252.1,712.4,444.0,243.8,654.8,759.5,542.8,744.4,514.3,406.8,458.5,581.4,684.8,298.2,473.1,825.0,587.5,412.7,636.4,505.6,361.5,528.3,518.6,574.7,507.8,286.2,546.2,331.2,310.7,389.1,633.5,275.5,289.9,345.9,346.2,620.2,517.6,326.4,666.5,399.5,470.2
2026-06-03 23:10:00,588.1,659.1,249.7,699.1,470.7,242.6,675.4,781.1,520.8,676.8,490.7,395.8,429.4,598.4,702.6,313.7,446.3,832.8,516.0,416.8,632.2,503.3,367.0,559.7,508.7,563.5,485.7,297.3,510.9,340.3,289.5,394.7,628.3,266.9,295.4,337.3,323.0,627.2,517.9,334.1,649.3,420.0,466.2
2026-06-03 23:15:00,576.7,658.6,241.2,635.1,434.4,234.0,651.9,722.4,533.0,673.5,534.3,400.7,435.1,604.5,698.9,280.7,430.5,864.5,525.0,384.1,636.6,516.1,355.1,558.9,499.3,582.9,502.9,287.0,496.5,330.5,320.2,384.0,633.5,263.5,284.0,359.4,303.6,617.3,513.7,321.5,651.3,412.6,464.6
2026-06-03 23:20:00,566.5,680.1,231.3,721.7,448.1,239.7,654.0,734.7,525.6,660.8,506.4,390.5,427.1,584.9,685.6,310.4,449.2,797.6,522.5,390.8,603.7,503.6,358.8,573.1,484.8,567.5,527.3,284.5,506.5,329.8,313.8,400.2,622.1,270.3,288.3,332.0,318.0,528.1,523.7,315.3,666.3,407.1,444.6
2026-06-03 23:25:00,590.4,674.1,237.1,653.0,448.0,229.9,677.8,791.3,490.7,644.3,492.5,394.6,401.4,559.6,692.3,290.1,432.9,848.6,561.3,379.3,601.2,488.6,348.2,549.9,488.5,560.3,498.6,272.2,499.7,347.4,309.6,377.9,635.8,263.1,305.2,328.6,313.7,556.3,492.1,317.0,690.3,401.7,424.1
2026-06-03 23:30:00,548.2,622.6,223.2,703.1,428.0,224.3,658.7,765.9,514.7,658.8,424.6,401.4,408.0,579.6,661.9,302.1,457.9,802.5,520.1,375.3,588.1,472.3,346.4,522.6,479.8,571.2,501.7,296.9,514.5,320.4,296.4,356.4,609.0,267.6,281.2,326.4,306.5,555.9,511.1,307.9,647.5,386.1,427.0
2026-06-03 23:35:00,588.6,630.5,223.5,625.4,406.9,226.4,663.1,742.7,517.6,642.7,435.4,384.5,412.8,582.1,665.2,300.6,447.4,805.2,533.8,375.9,584.0,489.8,346.9,553.1,472.6,585.5,493.7,279.1,526.9,310.0,287.1,369.7,612.9,253.2,280.3,327.9,318.4,542.2,501.1,328.9,619.8,392.0,444.5
2026-06-03 23:40:00,546.8,626.4,222.7,629.7,401.9,213.3,640.5,723.3,498.0,649.0,440.3,388.6,430.0,594.7,638.7,300.6,412.7,773.3,518.2,352.0,569.1,489.1,328.3,540.6,510.2,553.1,443.3,291.0,523.8,325.8,291.3,353.0,568.4,254.1,282.7,333.3,300.7,515.2,509.4,304.0,612.9,401.6,409.4
2026-06-03 23:45:00,526.5,600.5,230.9,595.1,424.3,221.1,634.3,712.2,490.4,664.6,415.5,341.7,398.4,574.6,656.2,295.2,422.4,753.8,492.3,366.2,573.3,481.4,338.2,514.4,454.1,513.7,470.4,270.0,517.6,326.1,293.5,368.1,588.4,245.8,270.0,327.5,301.7,515.1,500.6,302.9,628.7,386.6,421.6
2026-06-03 23:50:00,546.1,612.3,220.3,636.2,392.8,206.8,586.3,732.9,466.5,614.5,404.9,349.4,403.3,527.4,644.2,284.7,410.6,770.7,480.0,369.2,593.7,469.9,322.1,530.4,489.5,512.4,474.0,279.5,492.3,317.3,282.5,365.4,573.7,247.5,269.2,332.5,288.4,576.3,499.8,307.6,581.9,362.3,420.2
2026-06-03 23:55:00,525.7,608.7,217.5,601.3,407.7,207.4,606.1,713.3,494.9,674.6,414.9,327.6,414.3,550.7,611.9,277.7,400.9,799.2,497.4,352.8,557.2,450.3,306.6,504.5,450.7,532.8,434.1,265.7,498.8,314.2,278.5,348.5,587.6,265.1,270.4,313.7,275.2,541.5,491.5,317.3,572.9,367.2,412.0
