time,T01,T02,T03,T04,T05,T06,T07,T08,T09,T10,T11,T12,PLANT_IN,B101,B102,B103,B104,B105,B201,B202,B203,B204,B205,B301,B302,B303,B304,B305,B401,B402,B403,B404,B405,B501,B502,B503,B504,B505,B601,B602,B603,B604,B605
2026-06-01 00:00:00,0.653,0.667,0.697,0.673,0.702,0.717,0.714,0.754,0.76,0.77,0.779,0.79,0.787,0.718,0.72,0.722,0.727,0.734,0.688,0.667,0.663,0.682,0.675,0.726,0.72,0.746,0.74,0.791,0.656,0.673,0.674,0.667,0.675,0.723,0.759,0.758,0.791,0.771,0.676,0.653,0.669,0.7,0.718
2026-06-01 00:05:00,0.678,0.665,0.683,0.657,0.708,0.716,0.74,0.738,0.731,0.773,0.758,0.779,0.809,0.68,0.696,0.706,0.737,0.762,0.662,0.659,0.665,0.673,0.669,0.723,0.718,0.738,0.742,0.779,0.664,0.659,0.65,0.676,0.688,0.731,0.739,0.744,0.762,0.784,0.663,0.663,0.687,0.682,0.699
2026-06-01 00:10:00,0.657,0.668,0.679,0.701,0.694,0.726,0.716,0.756,0.736,0.754,0.757,0.78,0.787,0.707,0.734,0.735,0.71,0.711,0.655,0.666,0.665,0.677,0.663,0.725,0.717,0.742,0.717,0.753,0.668,0.671,0.698,0.662,0.649,0.747,0.752,0.737,0.761,0.783,0.637,0.666,0.687,0.672,0.688
2026-06-01 00:15:00,0.658,0.684,0.672,0.669,0.679,0.692,0.725,0.717,0.734,0.756,0.772,0.791,0.792,0.713,0.7,0.726,0.73,0.708,0.669,0.674,0.683,0.659,0.664,0.743,0.734,0.74,0.73,0.766,0.678,0.674,0.694,0.643,0.65,0.73,0.756,0.724,0.758,0.776,0.656,0.644,0.682,0.678,0.7
2026-06-01 00:20:00,0.668,0.684,0.677,0.689,0.676,0.714,0.702,0.746,0.735,0.727,0.773,0.798,0.797,0.698,0.691,0.704,0.707,0.744,0.663,0.652,0.672,0.679,0.667,0.682,0.726,0.739,0.748,0.771,0.664,0.687,0.698,0.646,0.677,0.719,0.71,0.735,0.765,0.75,0.666,0.67,0.668,0.674,0.678
2026-06-01 00:25:00,0.68,0.64,0.656,0.676,0.705,0.704,0.719,0.722,0.74,0.737,0.769,0.787,0.793,0.683,0.697,0.663,0.715,0.737,0.664,0.635,0.667,0.664,0.692,0.7,0.725,0.73,0.69,0.751,0.68,0.67,0.662,0.655,0.657,0.713,0.747,0.731,0.754,0.78,0.638,0.666,0.683,0.665,0.672
2026-06-01 00:30:00,0.68,0.684,0.676,0.671,0.674,0.679,0.716,0.731,0.7,0.757,0.738,0.77,0.772,0.685,0.716,0.699,0.721,0.719,0.661,0.638,0.692,0.652,0.669,0.689,0.722,0.694,0.735,0.723,0.655,0.672,0.684,0.64,0.669,0.713,0.743,0.734,0.732,0.773,0.689,0.658,0.666,0.682,0.678
2026-06-01 00:35:00,0.692,0.674,0.658,0.646,0.638,0.674,0.728,0.694,0.744,0.757,0.76,0.761,0.764,0.686,0.691,0.677,0.712,0.731,0.671,0.674,0.684,0.675,0.645,0.676,0.711,0.709,0.73,0.714,0.682,0.666,0.683,0.649,0.651,0.705,0.717,0.725,0.733,0.763,0.66,0.645,0.665,0.669,0.661
2026-06-01 00:40:00,0.693,0.642,0.657,0.65,0.668,0.697,0.691,0.712,0.716,0.739,0.754,0.751,0.765,0.674,0.674,0.7,0.723,0.725,0.671,0.67,0.673,0.638,0.675,0.683,0.707,0.697,0.717,0.747,0.704,0.647,0.67,0.709,0.67,0.694,0.708,0.755,0.73,0.772,0.669,0.661,0.654,0.667,0.671
2026-06-01 00:45:00,0.647,0.656,0.662,0.658,0.663,0.699,0.663,0.717,0.698,0.725,0.767,0.76,0.791,0.666,0.675,0.702,0.692,0.706,0.682,0.655,0.661,0.67,0.651,0.668,0.679,0.706,0.726,0.699,0.704,0.685,0.679,0.681,0.671,0.687,0.723,0.721,0.72,0.741,0.677,0.685,0.692,0.651,0.677
2026-06-01 00:50:00,0.686,0.694,0.675,0.661,0.663,0.667,0.669,0.719,0.684,0.731,0.725,0.757,0.781,0.673,0.671,0.662,0.702,0.694,0.688,0.666,0.667,0.682,0.649,0.667,0.692,0.696,0.707,0.724,0.677,0.668,0.682,0.685,0.651,0.712,0.711,0.708,0.737,0.745,0.674,0.681,0.659,0.646,0.669
2026-06-01 00:55:00,0.67,0.676,0.648,0.676,0.665,0.662,0.686,0.711,0.711,0.721,0.743,0.777,0.763,0.669,0.669,0.685,0.711,0.71,0.701,0.662,0.684,0.674,0.662,0.683,0.689,0.699,0.702,0.72,0.72,0.688,0.688,0.673,0.669,0.701,0.691,0.733,0.736,0.745,0.673,0.677,0.667,0.655,0.653
2026-06-01 01:00:00,0.685,0.677,0.654,0.66,0.673,0.665,0.69,0.679,0.719,0.717,0.727,0.733,0.772,0.649,0.692,0.671,0.686,0.713,0.684,0.687,0.676,0.666,0.664,0.668,0.695,0.721,0.69,0.703,0.708,0.669,0.695,0.688,0.659,0.705,0.712,0.72,0.713,0.712,0.679,0.673,0.686,0.674,0.657
2026-06-01 01:05:00,0.692,0.679,0.648,0.666,0.681,0.68,0.678,0.688,0.703,0.685,0.722,0.78,0.761,0.67,0.682,0.661,0.688,0.692,0.684,0.678,0.663,0.666,0.672,0.658,0.665,0.688,0.7,0.691,0.714,0.713,0.699,0.679,0.688,0.665,0.692,0.713,0.723,0.735,0.674,0.65,0.67,0.67,0.654
2026-06-01 01:10:00,0.693,0.663,0.673,0.677,0.662,0.654,0.651,0.671,0.715,0.747,0.76,0.753,0.726,0.683,0.666,0.676,0.677,0.692,0.717,0.683,0.69,0.67,0.667,0.653,0.702,0.714,0.692,0.69,0.725,0.694,0.693,0.647,0.68,0.683,0.677,0.713,0.708,0.724,0.699,0.638,0.668,0.669,0.63
2026-06-01 01:15:00,0.732,0.706,0.681,0.669,0.682,0.667,0.663,0.69,0.698,0.724,0.718,0.74,0.748,0.654,0.681,0.687,0.677,0.678,0.692,0.704,0.694,0.687,0.692,0.703,0.673,0.697,0.693,0.677,0.717,0.706,0.688,0.69,0.671,0.706,0.684,0.718,0.687,0.697,0.722,0.677,0.684,0.662,0.678
2026-06-01 01:20:00,0.7,0.69,0.643,0.681,0.657,0.67,0.676,0.686,0.688,0.708,0.696,0.743,0.757,0.68,0.662,0.67,0.65,0.696,0.714,0.687,0.684,0.681,0.681,0.663,0.684,0.69,0.681,0.684,0.72,0.695,0.71,0.683,0.711,0.669,0.676,0.719,0.709,0.693,0.721,0.665,0.68,0.654,0.681
2026-06-01 01:25:00,0.713,0.675,0.657,0.661,0.671,0.669,0.685,0.679,0.703,0.691,0.717,0.734,0.744,0.676,0.623,0.656,0.682,0.687,0.689,0.685,0.715,0.702,0.677,0.669,0.641,0.681,0.679,0.689,0.746,0.714,0.716,0.692,0.685,0.673,0.682,0.704,0.724,0.716,0.702,0.715,0.662,0.686,0.683
2026-06-01 01:30:00,0.712,0.706,0.681,0.662,0.679,0.681,0.687,0.676,0.663,0.707,0.695,0.76,0.754,0.641,0.66,0.654,0.672,0.675,0.708,0.711,0.735,0.687,0.692,0.678,0.669,0.693,0.665,0.706,0.744,0.715,0.709,0.706,0.692,0.703,0.669,0.697,0.675,0.714,0.693,0.691,0.672,0.691,0.674
2026-06-01 01:35:00,0.721,0.704,0.672,0.689,0.64,0.683,0.675,0.68,0.697,0.693,0.698,0.702,0.728,0.65,0.646,0.655,0.695,0.696,0.744,0.721,0.702,0.701,0.676,0.67,0.646,0.667,0.686,0.677,0.708,0.712,0.71,0.734,0.692,0.666,0.677,0.692,0.697,0.657,0.687,0.713,0.665,0.659,0.689
2026-06-01 01:40:00,0.743,0.718,0.685,0.682,0.678,0.667,0.672,0.666,0.707,0.67,0.697,0.73,0.713,0.667,0.676,0.664,0.682,0.662,0.725,0.723,0.707,0.7,0.692,0.682,0.67,0.685,0.676,0.707,0.758,0.729,0.719,0.709,0.68,0.682,0.691,0.689,0.679,0.707,0.734,0.723,0.681,0.707,0.657
2026-06-01 01:45:00,0.749,0.721,0.726,0.686,0.673,0.658,0.683,0.667,0.681,0.685,0.692,0.704,0.725,0.666,0.654,0.67,0.673,0.675,0.749,0.727,0.697,0.695,0.7,0.66,0.66,0.667,0.655,0.686,0.751,0.751,0.721,0.711,0.732,0.663,0.673,0.651,0.676,0.656,0.705,0.723,0.703,0.703,0.7
2026-06-01 01:50:00,0.774,0.731,0.702,0.678,0.69,0.678,0.66,0.678,0.682,0.674,0.719,0.698,0.723,0.655,0.664,0.649,0.669,0.672,0.746,0.731,0.722,0.702,0.696,0.668,0.688,0.668,0.655,0.674,0.772,0.759,0.748,0.728,0.709,0.645,0.651,0.683,0.666,0.694,0.737,0.735,0.706,0.712,0.678
2026-06-01 01:55:00,0.791,0.727,0.71,0.697,0.698,0.667,0.663,0.672,0.687,0.67,0.678,0.703,0.723,0.683,0.652,0.698,0.652,0.676,0.736,0.724,0.731,0.709,0.705,0.668,0.669,0.681,0.676,0.672,0.747,0.737,0.727,0.742,0.712,0.676,0.663,0.652,0.68,0.659,0.705,0.703,0.723,0.699,0.678
2026-06-01 02:00:00,0.75,0.737,0.713,0.706,0.692,0.672,0.683,0.675,0.668,0.675,0.685,0.685,0.729,0.68,0.666,0.666,0.675,0.668,0.763,0.718,0.758,0.712,0.711,0.664,0.673,0.645,0.667,0.686,0.769,0.768,0.762,0.739,0.745,0.677,0.662,0.652,0.679,0.663,0.714,0.713,0.709,0.688,0.671
2026-06-01 02:05:00,0.771,0.745,0.721,0.7,0.691,0.679,0.661,0.667,0.681,0.676,0.677,0.709,0.713,0.672,0.66,0.666,0.669,0.674,0.757,0.762,0.748,0.748,0.722,0.669,0.688,0.68,0.665,0.655,0.779,0.757,0.754,0.722,0.719,0.681,0.672,0.652,0.659,0.672,0.753,0.73,0.714,0.701,0.701
2026-06-01 02:10:00,0.745,0.734,0.715,0.707,0.716,0.637,0.669,0.676,0.677,0.661,0.698,0.688,0.722,0.661,0.71,0.669,0.64,0.643,0.785,0.752,0.759,0.734,0.713,0.696,0.654,0.679,0.671,0.686,0.773,0.768,0.736,0.758,0.737,0.648,0.665,0.662,0.682,0.678,0.738,0.756,0.724,0.711,0.701
2026-06-01 02:15:00,0.768,0.74,0.741,0.724,0.693,0.672,0.663,0.644,0.675,0.674,0.697,0.71,0.689,0.686,0.673,0.682,0.643,0.665,0.791,0.777,0.759,0.708,0.724,0.667,0.647,0.679,0.666,0.664,0.789,0.819,0.786,0.736,0.733,0.674,0.671,0.668,0.676,0.694,0.757,0.778,0.707,0.703,0.724
2026-06-01 02:20:00,0.787,0.741,0.754,0.741,0.684,0.681,0.683,0.674,0.648,0.664,0.67,0.685,0.697,0.695,0.69,0.683,0.674,0.681,0.788,0.764,0.768,0.764,0.715,0.686,0.667,0.678,0.677,0.662,0.799,0.771,0.757,0.736,0.75,0.686,0.662,0.699,0.677,0.657,0.759,0.754,0.696,0.733,0.686
2026-06-01 02:25:00,0.789,0.738,0.733,0.726,0.714,0.687,0.679,0.681,0.696,0.642,0.656,0.695,0.687,0.698,0.69,0.678,0.668,0.672,0.788,0.794,0.742,0.736,0.738,0.676,0.657,0.678,0.665,0.648,0.801,0.775,0.775,0.77,0.768,0.665,0.669,0.664,0.644,0.663,0.739,0.802,0.735,0.75,0.699
2026-06-01 02:30:00,0.788,0.762,0.777,0.75,0.683,0.69,0.698,0.66,0.657,0.663,0.655,0.676,0.716,0.722,0.684,0.691,0.647,0.667,0.81,0.799,0.782,0.768,0.741,0.675,0.658,0.666,0.663,0.664,0.829,0.794,0.782,0.763,0.762,0.677,0.675,0.64,0.662,0.669,0.751,0.749,0.742,0.748,0.72
2026-06-01 02:35:00,0.811,0.78,0.74,0.761,0.709,0.683,0.665,0.682,0.664,0.646,0.682,0.703,0.674,0.74,0.687,0.687,0.676,0.68,0.773,0.799,0.763,0.758,0.737,0.664,0.675,0.693,0.661,0.687,0.826,0.82,0.788,0.809,0.743,0.654,0.671,0.687,0.657,0.668,0.789,0.774,0.766,0.74,0.748
2026-06-01 02:40:00,0.802,0.792,0.791,0.747,0.706,0.714,0.707,0.662,0.633,0.653,0.658,0.673,0.691,0.7,0.693,0.697,0.688,0.677,0.782,0.788,0.779,0.753,0.768,0.677,0.673,0.66,0.664,0.637,0.833,0.787,0.79,0.799,0.777,0.69,0.691,0.677,0.67,0.675,0.795,0.78,0.75,0.738,0.761
2026-06-01 02:45:00,0.837,0.785,0.762,0.756,0.703,0.689,0.671,0.683,0.673,0.676,0.627,0.663,0.687,0.709,0.695,0.701,0.696,0.692,0.832,0.786,0.806,0.785,0.757,0.69,0.702,0.688,0.688,0.649,0.817,0.81,0.826,0.803,0.782,0.661,0.675,0.662,0.652,0.675,0.817,0.772,0.743,0.73,0.752
2026-06-01 02:50:00,0.815,0.805,0.776,0.761,0.731,0.712,0.688,0.682,0.65,0.655,0.667,0.65,0.69,0.706,0.713,0.685,0.703,0.68,0.83,0.802,0.788,0.766,0.779,0.705,0.704,0.691,0.682,0.663,0.824,0.799,0.801,0.787,0.765,0.675,0.692,0.667,0.641,0.664,0.809,0.792,0.748,0.757,0.756
2026-06-01 02:55:00,0.851,0.804,0.774,0.765,0.737,0.73,0.704,0.667,0.667,0.654,0.649,0.667,0.67,0.756,0.696,0.688,0.701,0.678,0.818,0.784,0.785,0.785,0.766,0.703,0.681,0.699,0.683,0.695,0.835,0.829,0.828,0.811,0.806,0.722,0.692,0.692,0.671,0.657,0.813,0.8,0.775,0.791,0.785
2026-06-01 03:00:00,0.832,0.813,0.793,0.789,0.768,0.718,0.72,0.698,0.666,0.677,0.665,0.679,0.666,0.74,0.723,0.709,0.684,0.702,0.816,0.812,0.809,0.828,0.785,0.721,0.701,0.683,0.683,0.643,0.858,0.867,0.822,0.829,0.784,0.69,0.69,0.669,0.666,0.67,0.815,0.804,0.757,0.773,0.746
2026-06-01 03:05:00,0.802,0.837,0.794,0.787,0.761,0.743,0.697,0.678,0.709,0.68,0.66,0.653,0.668,0.766,0.718,0.71,0.714,0.686,0.845,0.82,0.804,0.813,0.804,0.711,0.717,0.698,0.665,0.672,0.85,0.856,0.816,0.834,0.812,0.715,0.716,0.656,0.686,0.677,0.833,0.801,0.805,0.758,0.75
2026-06-01 03:10:00,0.836,0.812,0.8,0.79,0.786,0.724,0.724,0.693,0.695,0.684,0.672,0.673,0.662,0.733,0.734,0.715,0.721,0.71,0.82,0.813,0.793,0.825,0.797,0.715,0.73,0.7,0.668,0.675,0.878,0.825,0.849,0.825,0.821,0.698,0.661,0.687,0.687,0.671,0.84,0.826,0.784,0.782,0.768
2026-06-01 03:15:00,0.82,0.845,0.793,0.792,0.77,0.754,0.719,0.705,0.716,0.67,0.664,0.658,0.642,0.754,0.741,0.736,0.714,0.704,0.852,0.843,0.821,0.821,0.805,0.732,0.711,0.676,0.701,0.694,0.858,0.845,0.843,0.859,0.829,0.682,0.695,0.679,0.686,0.665,0.821,0.832,0.811,0.801,0.789
2026-06-01 03:20:00,0.845,0.835,0.808,0.785,0.74,0.744,0.708,0.696,0.683,0.683,0.683,0.646,0.684,0.749,0.758,0.716,0.717,0.695,0.858,0.847,0.815,0.798,0.8,0.749,0.71,0.7,0.686,0.687,0.847,0.846,0.842,0.841,0.835,0.72,0.686,0.71,0.672,0.676,0.832,0.811,0.792,0.785,0.783
2026-06-01 03:25:00,0.87,0.831,0.804,0.782,0.777,0.751,0.758,0.739,0.71,0.688,0.667,0.667,0.665,0.721,0.741,0.743,0.736,0.707,0.868,0.87,0.851,0.85,0.787,0.733,0.719,0.701,0.695,0.685,0.879,0.897,0.855,0.842,0.823,0.704,0.699,0.715,0.652,0.686,0.843,0.845,0.825,0.779,0.806
2026-06-01 03:30:00,0.859,0.865,0.816,0.793,0.786,0.754,0.739,0.712,0.693,0.685,0.673,0.689,0.63,0.752,0.752,0.728,0.713,0.718,0.853,0.868,0.832,0.815,0.815,0.713,0.726,0.71,0.719,0.695,0.855,0.84,0.878,0.838,0.84,0.712,0.703,0.699,0.697,0.684,0.87,0.85,0.827,0.791,0.791
2026-06-01 03:35:00,0.858,0.872,0.845,0.837,0.809,0.774,0.776,0.719,0.705,0.706,0.689,0.663,0.684,0.755,0.77,0.748,0.759,0.754,0.86,0.864,0.83,0.856,0.841,0.763,0.734,0.734,0.719,0.722,0.877,0.903,0.865,0.856,0.849,0.721,0.731,0.739,0.704,0.689,0.852,0.849,0.828,0.826,0.78
2026-06-01 03:40:00,0.856,0.83,0.852,0.833,0.81,0.77,0.761,0.722,0.716,0.702,0.662,0.684,0.682,0.794,0.753,0.724,0.726,0.73,0.874,0.902,0.831,0.844,0.83,0.768,0.732,0.749,0.732,0.714,0.881,0.869,0.873,0.851,0.829,0.761,0.721,0.7,0.685,0.701,0.865,0.859,0.83,0.834,0.777
2026-06-01 03:45:00,0.914,0.871,0.841,0.828,0.778,0.796,0.711,0.744,0.728,0.709,0.674,0.678,0.656,0.742,0.796,0.777,0.745,0.71,0.871,0.867,0.837,0.855,0.836,0.79,0.753,0.744,0.708,0.703,0.905,0.853,0.884,0.839,0.836,0.755,0.717,0.705,0.694,0.695,0.842,0.876,0.82,0.83,0.814
2026-06-01 03:50:00,0.888,0.887,0.857,0.845,0.802,0.81,0.758,0.753,0.712,0.741,0.685,0.679,0.652,0.777,0.77,0.765,0.762,0.746,0.862,0.888,0.891,0.834,0.833,0.783,0.75,0.718,0.704,0.731,0.914,0.916,0.904,0.887,0.878,0.753,0.747,0.753,0.695,0.71,0.876,0.876,0.854,0.848,0.808
2026-06-01 03:55:00,0.921,0.857,0.852,0.843,0.801,0.777,0.778,0.737,0.715,0.718,0.659,0.676,0.675,0.813,0.762,0.743,0.737,0.738,0.893,0.892,0.898,0.841,0.824,0.77,0.797,0.761,0.744,0.755,0.875,0.884,0.857,0.878,0.898,0.747,0.725,0.723,0.719,0.707,0.881,0.856,0.876,0.841,0.845
2026-06-01 04:00:00,0.871,0.894,0.857,0.869,0.83,0.778,0.773,0.772,0.719,0.724,0.693,0.688,0.683,0.79,0.784,0.787,0.762,0.73,0.904,0.898,0.86,0.867,0.843,0.797,0.753,0.773,0.731,0.712,0.915,0.887,0.879,0.881,0.894,0.744,0.76,0.738,0.724,0.695,0.856,0.886,0.868,0.849,0.822
2026-06-01 04:05:00,0.895,0.858,0.864,0.818,0.833,0.827,0.776,0.772,0.725,0.723,0.696,0.704,0.675,0.822,0.812,0.772,0.751,0.764,0.882,0.866,0.881,0.852,0.885,0.802,0.751,0.768,0.756,0.756,0.892,0.926,0.902,0.878,0.831,0.77,0.731,0.729,0.736,0.693,0.908,0.885,0.868,0.826,0.821
2026-06-01 04:10:00,0.932,0.859,0.858,0.888,0.841,0.785,0.782,0.791,0.747,0.736,0.718,0.713,0.685,0.819,0.81,0.78,0.804,0.786,0.899,0.875,0.887,0.896,0.883,0.823,0.785,0.775,0.743,0.774,0.916,0.902,0.902,0.884,0.907,0.78,0.743,0.758,0.703,0.721,0.892,0.884,0.886,0.865,0.827
2026-06-01 04:15:00,0.921,0.903,0.888,0.871,0.847,0.817,0.808,0.792,0.782,0.744,0.7,0.692,0.687,0.824,0.774,0.802,0.779,0.754,0.892,0.863,0.877,0.875,0.881,0.791,0.771,0.789,0.758,0.72,0.908,0.905,0.906,0.934,0.896,0.742,0.784,0.729,0.766,0.722,0.889,0.889,0.871,0.858,0.842
2026-06-01 04:20:00,0.908,0.874,0.888,0.854,0.842,0.82,0.795,0.782,0.756,0.726,0.73,0.691,0.689,0.817,0.826,0.77,0.769,0.742,0.905,0.893,0.927,0.893,0.881,0.769,0.795,0.78,0.765,0.744,0.891,0.882,0.933,0.899,0.92,0.813,0.778,0.774,0.739,0.745,0.901,0.876,0.872,0.887,0.836
2026-06-01 04:25:00,0.897,0.892,0.904,0.858,0.823,0.847,0.833,0.801,0.796,0.75,0.724,0.706,0.676,0.871,0.798,0.81,0.817,0.749,0.928,0.898,0.885,0.879,0.883,0.809,0.796,0.78,0.777,0.745,0.926,0.926,0.91,0.88,0.881,0.787,0.786,0.766,0.779,0.744,0.889,0.882,0.9,0.859,0.857
2026-06-01 04:30:00,0.921,0.924,0.891,0.862,0.828,0.844,0.811,0.777,0.755,0.748,0.719,0.699,0.721,0.847,0.839,0.815,0.798,0.797,0.929,0.889,0.927,0.902,0.898,0.829,0.821,0.797,0.771,0.775,0.909,0.911,0.877,0.909,0.875,0.805,0.788,0.767,0.756,0.746,0.885,0.902,0.864,0.891,0.853
2026-06-01 04:35:00,0.912,0.88,0.895,0.897,0.844,0.857,0.822,0.803,0.799,0.752,0.736,0.731,0.715,0.82,0.801,0.824,0.824,0.762,0.95,0.891,0.899,0.894,0.91,0.816,0.81,0.82,0.79,0.789,0.943,0.925,0.961,0.928,0.902,0.817,0.792,0.777,0.769,0.759,0.936,0.936,0.889,0.898,0.874
2026-06-01 04:40:00,0.904,0.893,0.92,0.922,0.85,0.867,0.805,0.808,0.79,0.775,0.738,0.714,0.698,0.832,0.825,0.851,0.821,0.804,0.958,0.925,0.921,0.909,0.889,0.824,0.838,0.804,0.824,0.801,0.933,0.901,0.914,0.903,0.897,0.801,0.812,0.775,0.764,0.763,0.909,0.895,0.92,0.872,0.878
2026-06-01 04:45:00,0.916,0.906,0.931,0.876,0.882,0.847,0.845,0.806,0.798,0.772,0.755,0.748,0.705,0.866,0.861,0.845,0.839,0.818,0.92,0.932,0.887,0.904,0.877,0.842,0.794,0.809,0.772,0.797,0.933,0.929,0.921,0.92,0.904,0.815,0.815,0.769,0.758,0.755,0.929,0.868,0.914,0.874,0.891
2026-06-01 04:50:00,0.945,0.909,0.915,0.926,0.868,0.862,0.799,0.85,0.782,0.806,0.751,0.753,0.733,0.836,0.856,0.84,0.809,0.808,0.933,0.953,0.908,0.913,0.901,0.831,0.83,0.821,0.814,0.783,0.954,0.935,0.942,0.914,0.94,0.856,0.825,0.79,0.764,0.752,0.917,0.918,0.919,0.908,0.903
2026-06-01 04:55:00,0.929,0.916,0.908,0.903,0.866,0.866,0.832,0.851,0.812,0.788,0.769,0.749,0.727,0.875,0.869,0.877,0.852,0.808,0.93,0.953,0.919,0.911,0.907,0.866,0.834,0.84,0.835,0.782,0.947,0.94,0.932,0.925,0.943,0.833,0.786,0.804,0.789,0.792,0.894,0.937,0.907,0.89,0.905
2026-06-01 05:00:00,0.911,0.939,0.932,0.935,0.895,0.853,0.846,0.819,0.821,0.789,0.777,0.755,0.743,0.885,0.857,0.856,0.826,0.818,0.934,0.949,0.893,0.93,0.926,0.877,0.859,0.853,0.833,0.817,0.931,0.953,0.949,0.941,0.904,0.825,0.833,0.823,0.79,0.809,0.945,0.904,0.883,0.911,0.853
2026-06-01 05:05:00,0.931,0.923,0.948,0.885,0.895,0.864,0.886,0.839,0.816,0.762,0.79,0.75,0.746,0.879,0.883,0.863,0.83,0.824,0.936,0.956,0.934,0.908,0.92,0.837,0.836,0.844,0.816,0.815,0.921,0.911,0.935,0.912,0.947,0.843,0.812,0.803,0.816,0.77,0.942,0.916,0.897,0.898,0.887
2026-06-01 05:10:00,0.937,0.926,0.949,0.919,0.904,0.872,0.832,0.839,0.843,0.814,0.772,0.756,0.745,0.879,0.851,0.84,0.853,0.835,0.943,0.939,0.933,0.899,0.913,0.878,0.853,0.827,0.817,0.836,0.917,0.924,0.945,0.944,0.909,0.861,0.82,0.801,0.819,0.812,0.926,0.906,0.911,0.91,0.891
2026-06-01 05:15:00,0.946,0.949,0.919,0.899,0.891,0.901,0.849,0.833,0.819,0.823,0.81,0.793,0.725,0.865,0.857,0.883,0.848,0.851,0.91,0.919,0.92,0.92,0.935,0.879,0.857,0.829,0.834,0.838,0.968,0.97,0.932,0.944,0.916,0.861,0.844,0.836,0.784,0.81,0.935,0.91,0.936,0.915,0.906
2026-06-01 05:20:00,0.92,0.942,0.925,0.884,0.889,0.875,0.88,0.886,0.838,0.817,0.796,0.788,0.755,0.884,0.869,0.861,0.899,0.864,0.943,0.926,0.948,0.901,0.952,0.865,0.849,0.851,0.863,0.845,0.978,0.939,0.929,0.953,0.953,0.861,0.842,0.858,0.815,0.789,0.943,0.941,0.955,0.921,0.926
2026-06-01 05:25:00,0.921,0.909,0.903,0.926,0.893,0.884,0.907,0.844,0.827,0.82,0.791,0.78,0.787,0.876,0.903,0.885,0.844,0.875,0.911,0.933,0.959,0.952,0.887,0.862,0.853,0.9,0.814,0.844,0.94,0.934,0.963,0.932,0.947,0.854,0.86,0.855,0.805,0.804,0.938,0.923,0.936,0.91,0.884
2026-06-01 05:30:00,0.957,0.933,0.947,0.903,0.922,0.882,0.881,0.864,0.823,0.847,0.799,0.774,0.746,0.926,0.906,0.897,0.859,0.863,0.938,0.998,0.935,0.909,0.945,0.882,0.856,0.876,0.86,0.797,0.938,0.928,0.947,0.975,0.938,0.878,0.881,0.859,0.84,0.829,0.931,0.932,0.917,0.922,0.938
2026-06-01 05:35:00,0.941,0.921,0.924,0.919,0.925,0.92,0.899,0.879,0.853,0.828,0.795,0.793,0.788,0.88,0.909,0.871,0.848,0.857,0.904,0.96,0.913,0.927,0.915,0.896,0.893,0.871,0.847,0.848,0.946,0.942,0.94,0.925,0.934,0.856,0.839,0.851,0.834,0.82,0.95,0.947,0.942,0.933,0.94
2026-06-01 05:40:00,0.919,0.966,0.901,0.901,0.904,0.899,0.9,0.845,0.877,0.832,0.835,0.799,0.779,0.921,0.9,0.901,0.883,0.871,0.948,0.953,0.947,0.918,0.947,0.906,0.897,0.883,0.878,0.837,0.937,0.942,0.913,0.941,0.942,0.892,0.862,0.844,0.861,0.828,0.931,0.922,0.939,0.935,0.925
2026-06-01 05:45:00,0.944,0.955,0.937,0.935,0.94,0.909,0.876,0.884,0.87,0.878,0.852,0.812,0.775,0.898,0.93,0.894,0.865,0.895,0.917,0.951,0.931,0.915,0.927,0.879,0.879,0.876,0.855,0.859,0.926,0.943,0.944,0.953,0.953,0.889,0.893,0.858,0.839,0.829,0.912,0.94,0.908,0.943,0.914
2026-06-01 05:50:00,0.95,0.957,0.923,0.951,0.906,0.908,0.905,0.884,0.891,0.866,0.82,0.82,0.807,0.908,0.917,0.931,0.872,0.869,0.916,0.959,0.944,0.947,0.929,0.885,0.909,0.902,0.883,0.871,0.942,0.935,0.962,0.971,0.952,0.888,0.882,0.866,0.855,0.835,0.933,0.957,0.932,0.954,0.937
2026-06-01 05:55:00,0.9,0.942,0.948,0.952,0.951,0.939,0.889,0.898,0.892,0.852,0.833,0.834,0.816,0.922,0.914,0.925,0.902,0.879,0.961,0.951,0.956,0.976,0.945,0.867,0.913,0.9,0.882,0.869,0.913,0.937,0.926,0.918,0.915,0.897,0.88,0.874,0.85,0.865,0.908,0.943,0.927,0.943,0.939
2026-06-01 06:00:00,0.949,0.952,0.922,0.907,0.934,0.929,0.911,0.894,0.888,0.882,0.857,0.824,0.811,0.969,0.938,0.888,0.899,0.935,0.912,0.942,0.959,0.925,0.921,0.924,0.909,0.897,0.882,0.898,0.924,0.931,0.956,0.951,0.928,0.914,0.879,0.862,0.86,0.875,0.919,0.926,0.943,0.925,0.942
2026-06-01 06:05:00,0.95,0.886,0.955,0.936,0.943,0.932,0.895,0.873,0.852,0.846,0.866,0.842,0.801,0.909,0.936,0.891,0.909,0.872,0.937,0.934,0.965,0.955,0.894,0.911,0.909,0.893,0.883,0.888,0.884,0.939,0.964,0.957,0.943,0.898,0.892,0.881,0.883,0.833,0.931,0.947,0.942,0.978,0.934
2026-06-01 06:10:00,0.945,0.955,0.938,0.921,0.919,0.947,0.925,0.892,0.893,0.849,0.822,0.85,0.852,0.903,0.935,0.899,0.891,0.892,0.963,0.926,0.934,0.931,0.969,0.909,0.901,0.899,0.875,0.869,0.967,0.954,0.949,0.941,0.925,0.922,0.909,0.877,0.852,0.839,0.949,0.955,0.914,0.939,0.934
2026-06-01 06:15:00,0.956,0.936,0.968,0.954,0.979,0.96,0.91,0.911,0.904,0.912,0.847,0.848,0.823,0.92,0.914,0.959,0.927,0.912,0.959,0.939,0.948,0.968,0.941,0.92,0.933,0.913,0.911,0.879,0.948,0.958,0.924,0.939,0.936,0.914,0.891,0.868,0.873,0.848,0.926,0.941,0.961,0.968,0.907
2026-06-01 06:20:00,0.897,0.948,0.939,0.952,0.924,0.929,0.935,0.907,0.885,0.89,0.847,0.859,0.837,0.913,0.914,0.922,0.911,0.916,0.921,0.945,0.936,0.933,0.959,0.924,0.896,0.901,0.93,0.903,0.977,0.97,0.935,0.947,0.921,0.909,0.9,0.924,0.911,0.865,0.942,0.914,0.938,0.923,0.95
2026-06-01 06:25:00,0.919,0.941,0.916,0.943,0.914,0.906,0.913,0.914,0.9,0.891,0.863,0.831,0.826,0.944,0.901,0.936,0.93,0.885,0.919,0.938,0.899,0.944,0.942,0.936,0.922,0.949,0.887,0.889,0.914,0.931,0.942,0.909,0.933,0.888,0.889,0.902,0.913,0.873,0.933,0.962,0.939,0.941,0.931
2026-06-01 06:30:00,0.931,0.939,0.961,0.939,0.94,0.947,0.896,0.924,0.906,0.896,0.868,0.887,0.842,0.961,0.94,0.946,0.933,0.909,0.962,0.939,0.93,0.919,0.949,0.926,0.929,0.943,0.939,0.949,0.918,0.914,0.953,0.936,0.935,0.93,0.891,0.898,0.877,0.891,0.906,0.939,0.927,0.965,0.934
2026-06-01 06:35:00,0.924,0.924,0.913,0.924,0.927,0.946,0.934,0.931,0.936,0.892,0.867,0.872,0.829,0.958,0.922,0.959,0.9,0.911,0.946,0.947,0.932,0.942,0.961,0.953,0.938,0.919,0.918,0.908,0.923,0.936,0.93,0.94,0.918,0.914,0.937,0.92,0.893,0.908,0.962,0.927,0.932,0.95,0.95
2026-06-01 06:40:00,0.942,0.932,0.935,0.965,0.934,0.958,0.937,0.926,0.924,0.885,0.864,0.906,0.855,0.943,0.917,0.93,0.933,0.931,0.961,0.922,0.939,0.945,0.936,0.941,0.936,0.91,0.906,0.885,0.923,0.932,0.936,0.939,0.914,0.89,0.927,0.88,0.897,0.881,0.896,0.927,0.948,0.989,0.932
2026-06-01 06:45:00,0.942,0.939,0.955,0.953,0.943,0.952,0.937,0.929,0.94,0.9,0.884,0.871,0.872,0.92,0.958,0.948,0.941,0.917,0.974,0.929,0.955,0.933,0.942,0.93,0.906,0.916,0.893,0.874,0.919,0.925,0.938,0.941,0.924,0.916,0.881,0.909,0.888,0.919,0.928,0.938,0.923,0.953,0.924
2026-06-01 06:50:00,0.955,0.931,0.901,0.935,0.945,0.977,0.94,0.918,0.936,0.915,0.864,0.866,0.864,0.934,0.952,0.96,0.934,0.978,0.918,0.922,0.918,0.926,0.948,0.94,0.918,0.914,0.926,0.904,0.887,0.919,0.933,0.919,0.933,0.942,0.898,0.895,0.9,0.889,0.9,0.944,0.93,0.932,0.938
2026-06-01 06:55:00,0.948,0.925,0.942,0.892,0.923,0.952,0.945,0.953,0.913,0.884,0.888,0.89,0.876,0.935,0.939,0.942,0.921,0.922,0.929,0.914,0.916,0.947,0.945,0.941,0.93,0.923,0.901,0.919,0.932,0.91,0.95,0.96,0.933,0.953,0.956,0.937,0.894,0.918,0.921,0.927,0.916,0.98,0.953
2026-06-01 07:00:00,0.921,0.958,0.914,0.93,0.942,0.955,0.923,0.949,0.92,0.924,0.918,0.894,0.883,0.942,0.914,0.949,0.944,0.96,0.911,0.931,0.933,0.931,0.925,0.916,0.907,0.92,0.908,0.921,0.914,0.905,0.917,0.936,0.941,0.926,0.966,0.923,0.927,0.933,0.931,0.9,0.93,0.894,0.927
2026-06-01 07:05:00,0.918,0.92,0.916,0.964,0.932,0.935,0.932,0.928,0.955,0.898,0.901,0.891,0.866,0.919,0.941,0.968,0.963,0.953,0.879,0.93,0.89,0.927,0.956,0.949,0.95,0.939,0.94,0.931,0.89,0.906,0.9,0.936,0.929,0.934,0.949,0.92,0.94,0.906,0.919,0.936,0.927,0.924,0.918
2026-06-01 07:10:00,0.902,0.917,0.917,0.946,0.966,0.951,0.952,0.911,0.929,0.909,0.928,0.893,0.856,0.945,0.948,0.95,0.945,0.936,0.916,0.94,0.957,0.936,0.904,0.964,0.941,0.931,0.939,0.923,0.882,0.9,0.909,0.918,0.91,0.928,0.956,0.895,0.94,0.867,0.922,0.926,0.912,0.923,0.943
2026-06-01 07:15:00,0.919,0.943,0.93,0.914,0.927,0.929,0.934,0.966,0.952,0.959,0.905,0.9,0.898,0.96,0.946,0.964,0.915,0.953,0.886,0.913,0.911,0.939,0.912,0.959,0.918,0.921,0.927,0.944,0.929,0.911,0.897,0.944,0.936,0.956,0.924,0.925,0.912,0.912,0.947,0.923,0.938,0.952,0.94
2026-06-01 07:20:00,0.92,0.886,0.922,0.911,0.917,0.955,0.942,0.94,0.932,0.965,0.906,0.879,0.892,0.935,0.933,0.959,0.999,0.918,0.882,0.903,0.923,0.905,0.928,0.925,0.91,0.944,0.951,0.946,0.89,0.916,0.933,0.895,0.945,0.924,0.93,0.945,0.925,0.944,0.908,0.92,0.939,0.914,0.949
2026-06-01 07:25:00,0.921,0.905,0.963,0.897,0.939,0.946,0.942,0.938,0.911,0.938,0.933,0.922,0.897,0.966,0.963,0.967,0.942,0.95,0.881,0.907,0.922,0.92,0.922,0.963,0.937,0.931,0.918,0.95,0.891,0.897,0.933,0.925,0.931,0.954,0.93,0.937,0.911,0.939,0.932,0.914,0.944,0.933,0.932
2026-06-01 07:30:00,0.89,0.914,0.906,0.948,0.94,0.972,0.942,0.923,0.937,0.95,0.936,0.896,0.913,0.957,0.916,0.947,0.945,0.918,0.914,0.912,0.925,0.933,0.916,0.972,0.963,0.959,0.95,0.913,0.887,0.894,0.911,0.885,0.911,0.936,0.93,0.946,0.926,0.917,0.914,0.915,0.903,0.933,0.942
2026-06-01 07:35:00,0.894,0.886,0.911,0.927,0.977,0.94,0.947,0.973,0.918,0.948,0.928,0.906,0.921,0.934,0.93,0.93,0.942,0.936,0.9,0.893,0.916,0.885,0.888,0.957,0.936,0.935,0.952,0.944,0.892,0.874,0.888,0.896,0.912,0.913,0.922,0.95,0.941,0.911,0.903,0.918,0.929,0.917,0.945
2026-06-01 07:40:00,0.896,0.902,0.902,0.897,0.919,0.957,0.959,0.936,0.916,0.962,0.907,0.921,0.911,0.968,0.956,0.942,0.929,0.931,0.876,0.926,0.884,0.911,0.902,0.891,0.931,0.925,0.95,0.942,0.876,0.882,0.893,0.923,0.886,0.937,0.947,0.93,0.962,0.931,0.913,0.924,0.943,0.92,0.93
2026-06-01 07:45:00,0.914,0.897,0.903,0.914,0.947,0.9,0.965,0.975,0.933,0.947,0.955,0.938,0.897,0.943,0.908,0.928,0.914,0.923,0.886,0.887,0.898,0.947,0.906,0.962,0.938,0.921,0.953,0.954,0.888,0.842,0.884,0.916,0.89,0.919,0.938,0.926,0.925,0.923,0.905,0.915,0.918,0.935,0.918
2026-06-01 07:50:00,0.878,0.922,0.918,0.877,0.947,0.936,0.931,0.925,0.93,0.918,0.925,0.949,0.901,0.913,0.924,0.951,0.942,0.91,0.867,0.885,0.903,0.902,0.86,0.953,0.935,0.914,0.933,0.924,0.875,0.903,0.896,0.877,0.885,0.954,0.944,0.933,0.962,0.932,0.875,0.899,0.923,0.915,0.926
2026-06-01 07:55:00,0.886,0.883,0.918,0.895,0.918,0.946,0.949,0.942,0.949,0.962,0.93,0.946,0.923,0.919,0.953,0.935,0.946,0.94,0.874,0.891,0.886,0.91,0.922,0.896,0.983,0.914,0.969,0.928,0.851,0.877,0.88,0.901,0.915,0.966,0.952,0.966,0.921,0.947,0.895,0.902,0.898,0.912,0.913
2026-06-01 08:00:00,0.897,0.883,0.927,0.913,0.897,0.959,0.921,0.963,0.958,0.926,0.949,0.958,0.934,0.944,0.937,0.969,0.926,0.952,0.881,0.892,0.89,0.894,0.906,0.928,0.971,0.943,0.926,0.943,0.877,0.863,0.887,0.893,0.882,0.955,0.946,0.94,0.926,0.938,0.909,0.871,0.914,0.88,0.89
2026-06-01 08:05:00,0.873,0.864,0.884,0.913,0.917,0.943,0.929,0.935,0.937,0.934,0.929,0.927,0.915,0.957,0.932,0.955,0.967,0.932,0.885,0.909,0.924,0.881,0.9,0.933,0.94,0.974,0.949,0.976,0.864,0.857,0.861,0.894,0.886,0.944,0.937,0.911,0.932,0.953,0.873,0.904,0.904,0.933,0.935
2026-06-01 08:10:00,0.873,0.916,0.903,0.893,0.917,0.96,0.943,0.968,0.937,0.962,0.931,0.957,0.905,0.915,0.925,0.925,0.955,0.961,0.887,0.878,0.901,0.89,0.905,0.926,0.95,0.945,0.944,0.928,0.849,0.888,0.874,0.869,0.88,0.943,0.963,0.942,0.931,0.937,0.902,0.888,0.896,0.89,0.902
2026-06-01 08:15:00,0.88,0.878,0.904,0.902,0.874,0.929,0.924,0.921,0.912,0.92,0.973,0.994,0.952,0.942,0.919,0.929,0.945,0.945,0.856,0.865,0.913,0.917,0.862,0.914,0.955,0.959,0.97,0.945,0.844,0.846,0.883,0.865,0.852,0.941,0.948,0.934,0.942,0.958,0.872,0.874,0.914,0.914,0.871
2026-06-01 08:20:00,0.858,0.867,0.898,0.905,0.91,0.916,0.929,0.944,0.953,0.94,0.945,0.928,0.921,0.937,0.933,0.902,0.946,0.921,0.847,0.853,0.874,0.897,0.865,0.927,0.903,0.943,0.935,0.931,0.83,0.866,0.865,0.852,0.885,0.929,0.953,0.95,0.914,0.965,0.882,0.86,0.913,0.88,0.927
2026-06-01 08:25:00,0.884,0.87,0.883,0.877,0.877,0.922,0.88,0.968,0.939,0.923,0.935,0.941,0.946,0.913,0.933,0.902,0.939,0.979,0.887,0.905,0.852,0.89,0.922,0.918,0.928,0.955,0.947,0.953,0.874,0.872,0.86,0.889,0.893,0.954,0.924,0.92,0.934,0.93,0.877,0.896,0.889,0.886,0.908
2026-06-01 08:30:00,0.858,0.875,0.887,0.897,0.913,0.902,0.912,0.92,0.95,0.951,0.916,0.941,0.954,0.914,0.92,0.902,0.946,0.936,0.884,0.86,0.867,0.912,0.901,0.906,0.889,0.96,0.927,0.944,0.89,0.869,0.883,0.87,0.884,0.929,0.946,0.952,0.945,0.94,0.87,0.869,0.907,0.916,0.882
2026-06-01 08:35:00,0.835,0.884,0.919,0.902,0.877,0.918,0.941,0.913,0.935,0.92,0.961,0.95,0.934,0.94,0.921,0.909,0.888,0.971,0.865,0.838,0.878,0.878,0.901,0.926,0.928,0.931,0.964,0.924,0.837,0.865,0.859,0.87,0.843,0.897,0.954,0.909,0.926,0.939,0.85,0.92,0.91,0.877,0.879
2026-06-01 08:40:00,0.858,0.906,0.87,0.903,0.879,0.897,0.901,0.915,0.931,0.914,0.933,0.926,0.928,0.924,0.879,0.922,0.946,0.921,0.861,0.823,0.866,0.882,0.871,0.939,0.95,0.932,0.97,0.945,0.854,0.861,0.846,0.863,0.898,0.942,0.904,0.915,0.928,0.936,0.856,0.867,0.871,0.878,0.893
2026-06-01 08:45:00,0.832,0.87,0.902,0.888,0.873,0.9,0.915,0.952,0.927,0.909,0.95,0.962,0.946,0.878,0.923,0.93,0.917,0.939,0.84,0.87,0.864,0.865,0.871,0.88,0.945,0.92,0.925,0.931,0.868,0.876,0.864,0.857,0.869,0.9,0.926,0.963,0.973,0.918,0.897,0.878,0.894,0.859,0.891
2026-06-01 08:50:00,0.846,0.855,0.871,0.878,0.898,0.913,0.884,0.909,0.946,0.907,0.942,0.94,0.958,0.926,0.891,0.901,0.96,0.922,0.84,0.841,0.856,0.852,0.863,0.887,0.915,0.918,0.924,0.93,0.84,0.852,0.854,0.869,0.882,0.925,0.901,0.941,0.939,0.942,0.86,0.885,0.884,0.88,0.869
2026-06-01 08:55:00,0.846,0.875,0.868,0.903,0.876,0.903,0.897,0.942,0.945,0.915,0.949,0.942,0.918,0.913,0.917,0.879,0.909,0.9,0.821,0.863,0.858,0.891,0.87,0.913,0.93,0.896,0.913,0.897,0.818,0.827,0.842,0.837,0.82,0.899,0.927,0.96,0.889,0.934,0.861,0.842,0.87,0.855,0.896
2026-06-01 09:00:00,0.851,0.853,0.867,0.869,0.886,0.89,0.872,0.939,0.924,0.916,0.967,0.948,0.907,0.895,0.869,0.953,0.928,0.907,0.833,0.835,0.865,0.859,0.878,0.897,0.921,0.905,0.918,0.895,0.829,0.852,0.843,0.858,0.861,0.918,0.929,0.942,0.9,0.941,0.845,0.872,0.858,0.887,0.883
2026-06-01 09:05:00,0.837,0.838,0.897,0.869,0.88,0.878,0.896,0.94,0.948,0.946,0.946,0.968,0.95,0.916,0.876,0.919,0.894,0.946,0.857,0.846,0.874,0.863,0.888,0.898,0.924,0.941,0.922,0.903,0.84,0.838,0.832,0.852,0.855,0.921,0.895,0.899,0.908,0.925,0.858,0.859,0.864,0.879,0.871
2026-06-01 09:10:00,0.834,0.867,0.841,0.859,0.888,0.887,0.883,0.93,0.941,0.929,0.937,0.93,0.924,0.913,0.923,0.912,0.892,0.926,0.847,0.84,0.845,0.864,0.896,0.881,0.899,0.902,0.932,0.932,0.837,0.872,0.86,0.839,0.853,0.894,0.91,0.94,0.932,0.929,0.838,0.836,0.857,0.896,0.834
2026-06-01 09:15:00,0.824,0.862,0.853,0.868,0.918,0.914,0.882,0.921,0.94,0.921,0.947,0.943,0.932,0.881,0.856,0.881,0.895,0.904,0.823,0.833,0.856,0.837,0.853,0.89,0.914,0.897,0.899,0.933,0.809,0.868,0.832,0.848,0.873,0.893,0.931,0.885,0.933,0.958,0.839,0.849,0.818,0.854,0.878
2026-06-01 09:20:00,0.844,0.853,0.855,0.87,0.87,0.87,0.877,0.912,0.907,0.922,0.903,0.925,0.951,0.887,0.88,0.915,0.922,0.875,0.861,0.825,0.825,0.851,0.858,0.906,0.864,0.909,0.932,0.911,0.833,0.837,0.864,0.858,0.842,0.921,0.92,0.918,0.9,0.935,0.838,0.852,0.867,0.878,0.845
2026-06-01 09:25:00,0.833,0.819,0.886,0.882,0.878,0.874,0.873,0.898,0.883,0.918,0.967,0.911,0.948,0.901,0.899,0.881,0.915,0.935,0.825,0.848,0.845,0.853,0.831,0.883,0.912,0.915,0.902,0.888,0.789,0.823,0.858,0.852,0.839,0.92,0.902,0.906,0.891,0.927,0.837,0.84,0.851,0.851,0.868
2026-06-01 09:30:00,0.805,0.843,0.876,0.847,0.871,0.903,0.865,0.88,0.879,0.961,0.92,0.934,0.93,0.876,0.864,0.886,0.9,0.882,0.82,0.826,0.849,0.845,0.835,0.879,0.883,0.892,0.911,0.909,0.829,0.829,0.847,0.848,0.851,0.957,0.903,0.88,0.908,0.919,0.868,0.834,0.854,0.866,0.845
2026-06-01 09:35:00,0.835,0.851,0.856,0.851,0.843,0.852,0.898,0.879,0.914,0.912,0.935,0.91,0.941,0.864,0.883,0.876,0.913,0.895,0.809,0.823,0.829,0.851,0.873,0.877,0.908,0.896,0.894,0.931,0.833,0.831,0.817,0.845,0.859,0.899,0.912,0.893,0.903,0.92,0.826,0.817,0.856,0.878,0.848
2026-06-01 09:40:00,0.798,0.848,0.852,0.865,0.868,0.882,0.871,0.882,0.912,0.93,0.87,0.941,0.975,0.869,0.883,0.936,0.886,0.86,0.81,0.838,0.831,0.844,0.823,0.867,0.886,0.915,0.885,0.88,0.83,0.816,0.848,0.801,0.858,0.881,0.92,0.886,0.938,0.929,0.874,0.825,0.842,0.838,0.852
2026-06-01 09:45:00,0.833,0.818,0.843,0.826,0.831,0.889,0.838,0.874,0.897,0.91,0.916,0.94,0.929,0.854,0.895,0.862,0.899,0.892,0.824,0.842,0.861,0.837,0.829,0.878,0.855,0.915,0.879,0.906,0.839,0.842,0.821,0.846,0.863,0.864,0.869,0.89,0.905,0.936,0.805,0.852,0.869,0.837,0.839
2026-06-01 09:50:00,0.826,0.82,0.848,0.853,0.87,0.874,0.867,0.89,0.892,0.907,0.897,0.946,0.907,0.871,0.866,0.882,0.888,0.865,0.819,0.842,0.822,0.822,0.848,0.868,0.881,0.876,0.894,0.91,0.816,0.823,0.83,0.842,0.84,0.881,0.906,0.898,0.93,0.93,0.827,0.835,0.834,0.845,0.881
2026-06-01 09:55:00,0.847,0.855,0.855,0.833,0.846,0.87,0.894,0.853,0.894,0.913,0.928,0.905,0.933,0.865,0.859,0.865,0.874,0.871,0.83,0.818,0.848,0.833,0.806,0.849,0.877,0.894,0.894,0.919,0.846,0.849,0.829,0.822,0.828,0.86,0.875,0.89,0.93,0.926,0.834,0.828,0.853,0.84,0.851
2026-06-01 10:00:00,0.846,0.845,0.832,0.852,0.83,0.874,0.86,0.889,0.877,0.914,0.927,0.926,0.932,0.864,0.859,0.861,0.86,0.874,0.827,0.823,0.867,0.84,0.824,0.849,0.861,0.911,0.858,0.907,0.806,0.826,0.812,0.821,0.866,0.908,0.873,0.897,0.878,0.919,0.854,0.831,0.856,0.843,0.842
2026-06-01 10:05:00,0.821,0.814,0.827,0.806,0.871,0.88,0.878,0.897,0.878,0.906,0.899,0.908,0.93,0.868,0.873,0.871,0.864,0.872,0.817,0.849,0.825,0.853,0.827,0.884,0.853,0.863,0.891,0.896,0.842,0.82,0.819,0.82,0.849,0.883,0.896,0.873,0.897,0.886,0.799,0.827,0.849,0.835,0.847
2026-06-01 10:10:00,0.817,0.839,0.838,0.856,0.834,0.821,0.85,0.885,0.87,0.903,0.893,0.91,0.905,0.894,0.872,0.874,0.862,0.883,0.841,0.834,0.84,0.81,0.84,0.861,0.868,0.898,0.918,0.877,0.829,0.827,0.841,0.841,0.842,0.83,0.889,0.869,0.888,0.897,0.796,0.828,0.827,0.832,0.817
2026-06-01 10:15:00,0.841,0.852,0.836,0.838,0.823,0.844,0.845,0.884,0.891,0.874,0.936,0.906,0.924,0.867,0.853,0.875,0.844,0.889,0.84,0.84,0.826,0.816,0.843,0.879,0.861,0.894,0.875,0.9,0.829,0.796,0.814,0.826,0.811,0.863,0.86,0.881,0.885,0.886,0.834,0.827,0.823,0.836,0.832
2026-06-01 10:20:00,0.821,0.825,0.833,0.825,0.848,0.881,0.869,0.876,0.863,0.878,0.879,0.932,0.929,0.859,0.853,0.862,0.855,0.892,0.803,0.829,0.8,0.814,0.85,0.843,0.869,0.847,0.894,0.825,0.814,0.818,0.817,0.831,0.826,0.87,0.868,0.863,0.852,0.899,0.833,0.822,0.839,0.83,0.863
2026-06-01 10:25:00,0.809,0.838,0.841,0.845,0.84,0.824,0.856,0.853,0.925,0.908,0.902,0.919,0.933,0.867,0.842,0.865,0.862,0.869,0.831,0.804,0.82,0.849,0.817,0.867,0.858,0.902,0.832,0.896,0.828,0.821,0.821,0.811,0.799,0.851,0.887,0.907,0.893,0.879,0.838,0.826,0.847,0.832,0.828
2026-06-01 10:30:00,0.841,0.808,0.828,0.819,0.849,0.865,0.825,0.835,0.847,0.852,0.907,0.913,0.941,0.855,0.856,0.874,0.872,0.861,0.804,0.827,0.835,0.821,0.82,0.84,0.847,0.867,0.877,0.878,0.816,0.801,0.799,0.83,0.852,0.847,0.868,0.873,0.891,0.894,0.799,0.796,0.834,0.84,0.792
2026-06-01 10:35:00,0.804,0.798,0.861,0.846,0.812,0.839,0.83,0.859,0.878,0.861,0.895,0.879,0.909,0.832,0.836,0.843,0.831,0.879,0.801,0.825,0.811,0.852,0.831,0.841,0.832,0.861,0.873,0.865,0.817,0.824,0.82,0.797,0.817,0.846,0.848,0.838,0.886,0.883,0.814,0.851,0.82,0.84,0.843
2026-06-01 10:40:00,0.845,0.816,0.794,0.846,0.811,0.835,0.857,0.84,0.88,0.912,0.884,0.892,0.901,0.86,0.86,0.821,0.86,0.843,0.828,0.821,0.808,0.8,0.814,0.841,0.884,0.875,0.869,0.855,0.788,0.828,0.825,0.822,0.825,0.872,0.857,0.888,0.893,0.844,0.837,0.802,0.812,0.859,0.8
2026-06-01 10:45:00,0.84,0.846,0.833,0.837,0.82,0.832,0.844,0.862,0.869,0.85,0.91,0.923,0.867,0.813,0.811,0.829,0.857,0.878,0.821,0.843,0.805,0.839,0.836,0.818,0.845,0.849,0.858,0.875,0.833,0.844,0.818,0.843,0.801,0.828,0.864,0.878,0.88,0.866,0.815,0.831,0.83,0.834,0.825
2026-06-01 10:50:00,0.813,0.833,0.828,0.838,0.845,0.837,0.866,0.876,0.832,0.873,0.875,0.873,0.879,0.85,0.828,0.835,0.846,0.854,0.807,0.83,0.8,0.822,0.822,0.803,0.859,0.839,0.853,0.872,0.825,0.822,0.852,0.829,0.819,0.862,0.837,0.864,0.908,0.868,0.81,0.816,0.832,0.783,0.827
2026-06-01 10:55:00,0.834,0.817,0.83,0.832,0.828,0.835,0.826,0.834,0.856,0.848,0.884,0.89,0.875,0.823,0.828,0.811,0.844,0.814,0.79,0.777,0.831,0.833,0.81,0.848,0.872,0.839,0.854,0.855,0.816,0.834,0.814,0.824,0.828,0.847,0.844,0.858,0.884,0.855,0.817,0.77,0.817,0.812,0.838
2026-06-01 11:00:00,0.827,0.795,0.806,0.829,0.83,0.838,0.835,0.871,0.833,0.841,0.867,0.908,0.895,0.837,0.836,0.832,0.874,0.844,0.818,0.815,0.806,0.829,0.833,0.839,0.818,0.836,0.869,0.846,0.806,0.803,0.807,0.843,0.821,0.855,0.875,0.881,0.871,0.861,0.828,0.843,0.821,0.824,0.814
2026-06-01 11:05:00,0.829,0.866,0.805,0.833,0.835,0.833,0.815,0.866,0.854,0.856,0.865,0.895,0.888,0.799,0.841,0.828,0.836,0.871,0.804,0.808,0.804,0.814,0.826,0.816,0.874,0.845,0.875,0.871,0.829,0.838,0.841,0.819,0.834,0.853,0.848,0.837,0.865,0.884,0.822,0.821,0.822,0.824,0.836
2026-06-01 11:10:00,0.808,0.826,0.811,0.839,0.835,0.854,0.836,0.858,0.842,0.844,0.89,0.897,0.922,0.842,0.882,0.835,0.83,0.877,0.839,0.845,0.835,0.835,0.821,0.831,0.847,0.823,0.845,0.837,0.816,0.815,0.791,0.832,0.842,0.842,0.864,0.818,0.83,0.859,0.823,0.807,0.793,0.839,0.803
2026-06-01 11:15:00,0.813,0.824,0.842,0.833,0.832,0.845,0.824,0.81,0.846,0.851,0.857,0.855,0.877,0.797,0.811,0.821,0.857,0.829,0.85,0.82,0.81,0.809,0.855,0.841,0.838,0.841,0.843,0.837,0.787,0.816,0.828,0.815,0.812,0.875,0.84,0.859,0.855,0.883,0.816,0.799,0.815,0.834,0.835
2026-06-01 11:20:00,0.824,0.814,0.825,0.848,0.824,0.836,0.836,0.817,0.874,0.855,0.856,0.86,0.864,0.816,0.823,0.82,0.851,0.841,0.827,0.796,0.826,0.835,0.787,0.859,0.822,0.828,0.834,0.847,0.819,0.843,0.828,0.838,0.831,0.836,0.841,0.834,0.822,0.844,0.807,0.838,0.824,0.829,0.838
2026-06-01 11:25:00,0.823,0.841,0.807,0.799,0.779,0.818,0.837,0.814,0.832,0.836,0.842,0.88,0.875,0.836,0.836,0.846,0.837,0.805,0.832,0.828,0.793,0.838,0.799,0.838,0.844,0.812,0.847,0.885,0.822,0.831,0.816,0.808,0.82,0.836,0.848,0.845,0.863,0.885,0.821,0.829,0.824,0.824,0.842
2026-06-01 11:30:00,0.805,0.827,0.8,0.847,0.827,0.81,0.829,0.834,0.838,0.888,0.855,0.865,0.875,0.842,0.821,0.84,0.829,0.843,0.823,0.792,0.827,0.827,0.829,0.824,0.828,0.846,0.828,0.824,0.836,0.849,0.851,0.825,0.824,0.796,0.825,0.835,0.818,0.817,0.808,0.784,0.799,0.813,0.82
2026-06-01 11:35:00,0.816,0.843,0.83,0.824,0.827,0.817,0.836,0.812,0.831,0.846,0.854,0.885,0.879,0.827,0.833,0.835,0.859,0.839,0.812,0.819,0.833,0.823,0.795,0.83,0.825,0.828,0.834,0.844,0.857,0.836,0.836,0.824,0.84,0.825,0.83,0.849,0.847,0.849,0.844,0.811,0.849,0.815,0.815
2026-06-01 11:40:00,0.798,0.802,0.819,0.836,0.833,0.843,0.816,0.787,0.835,0.86,0.832,0.866,0.874,0.832,0.842,0.841,0.82,0.809,0.821,0.836,0.809,0.828,0.813,0.831,0.804,0.801,0.825,0.8,0.818,0.821,0.811,0.827,0.838,0.862,0.837,0.811,0.863,0.86,0.815,0.815,0.818,0.834,0.821
2026-06-01 11:45:00,0.803,0.867,0.807,0.817,0.854,0.818,0.82,0.842,0.834,0.84,0.828,0.899,0.858,0.833,0.813,0.833,0.838,0.837,0.84,0.827,0.828,0.828,0.826,0.824,0.836,0.813,0.83,0.811,0.827,0.851,0.805,0.816,0.794,0.834,0.831,0.83,0.851,0.848,0.833,0.833,0.842,0.791,0.821
2026-06-01 11:50:00,0.834,0.829,0.838,0.831,0.79,0.817,0.81,0.842,0.833,0.847,0.842,0.856,0.865,0.819,0.833,0.836,0.819,0.818,0.848,0.829,0.808,0.825,0.823,0.848,0.825,0.844,0.829,0.818,0.827,0.837,0.811,0.812,0.839,0.803,0.828,0.834,0.839,0.858,0.822,0.833,0.83,0.864,0.832
2026-06-01 11:55:00,0.873,0.825,0.823,0.824,0.837,0.83,0.85,0.825,0.817,0.842,0.84,0.867,0.862,0.843,0.834,0.827,0.822,0.828,0.822,0.819,0.817,0.799,0.824,0.819,0.847,0.813,0.818,0.841,0.831,0.787,0.859,0.806,0.844,0.832,0.824,0.817,0.826,0.832,0.853,0.8,0.826,0.818,0.847
2026-06-01 12:00:00,0.824,0.812,0.843,0.819,0.805,0.819,0.818,0.832,0.836,0.835,0.848,0.833,0.873,0.829,0.826,0.812,0.811,0.833,0.854,0.829,0.818,0.817,0.835,0.817,0.838,0.834,0.839,0.811,0.837,0.833,0.824,0.811,0.814,0.812,0.822,0.843,0.838,0.834,0.865,0.812,0.831,0.806,0.805
2026-06-01 12:05:00,0.829,0.826,0.804,0.817,0.839,0.815,0.829,0.801,0.838,0.826,0.86,0.86,0.855,0.835,0.827,0.822,0.832,0.826,0.826,0.852,0.806,0.82,0.823,0.812,0.844,0.846,0.812,0.834,0.841,0.83,0.832,0.812,0.81,0.83,0.822,0.87,0.845,0.838,0.851,0.819,0.849,0.83,0.808
2026-06-01 12:10:00,0.838,0.85,0.85,0.837,0.826,0.839,0.822,0.814,0.829,0.814,0.815,0.833,0.87,0.8,0.816,0.823,0.825,0.82,0.822,0.881,0.824,0.8,0.827,0.814,0.809,0.845,0.806,0.818,0.827,0.841,0.863,0.83,0.838,0.826,0.798,0.843,0.825,0.83,0.838,0.835,0.822,0.844,0.831
2026-06-01 12:15:00,0.849,0.817,0.842,0.836,0.804,0.832,0.814,0.836,0.833,0.867,0.839,0.837,0.844,0.818,0.843,0.832,0.834,0.782,0.834,0.817,0.812,0.785,0.822,0.819,0.806,0.839,0.819,0.85,0.859,0.838,0.829,0.805,0.863,0.844,0.815,0.806,0.849,0.805,0.834,0.82,0.863,0.801,0.842
2026-06-01 12:20:00,0.828,0.838,0.815,0.83,0.821,0.823,0.808,0.822,0.829,0.811,0.86,0.849,0.835,0.825,0.819,0.813,0.831,0.84,0.852,0.846,0.815,0.816,0.81,0.803,0.826,0.842,0.823,0.826,0.839,0.827,0.825,0.847,0.826,0.833,0.814,0.81,0.834,0.816,0.829,0.83,0.812,0.811,0.86
2026-06-01 12:25:00,0.839,0.832,0.825,0.822,0.839,0.81,0.8,0.812,0.819,0.836,0.829,0.853,0.859,0.819,0.819,0.837,0.802,0.827,0.805,0.837,0.842,0.847,0.826,0.82,0.848,0.835,0.803,0.835,0.822,0.817,0.824,0.851,0.84,0.812,0.817,0.832,0.816,0.817,0.848,0.813,0.798,0.808,0.805
2026-06-01 12:30:00,0.812,0.827,0.835,0.82,0.841,0.839,0.842,0.826,0.848,0.811,0.833,0.854,0.81,0.817,0.811,0.797,0.809,0.828,0.829,0.838,0.843,0.833,0.818,0.8,0.815,0.822,0.835,0.844,0.838,0.876,0.844,0.88,0.827,0.824,0.844,0.835,0.828,0.838,0.827,0.814,0.827,0.831,0.814
2026-06-01 12:35:00,0.855,0.825,0.826,0.825,0.831,0.819,0.826,0.835,0.81,0.832,0.843,0.816,0.833,0.853,0.836,0.799,0.834,0.808,0.79,0.818,0.833,0.821,0.834,0.864,0.841,0.825,0.83,0.828,0.836,0.801,0.845,0.809,0.814,0.813,0.847,0.835,0.839,0.855,0.814,0.837,0.849,0.843,0.793
2026-06-01 12:40:00,0.82,0.812,0.827,0.824,0.8,0.795,0.792,0.837,0.814,0.837,0.827,0.824,0.852,0.831,0.828,0.835,0.817,0.831,0.813,0.85,0.83,0.807,0.846,0.837,0.826,0.811,0.81,0.832,0.874,0.808,0.845,0.822,0.813,0.793,0.804,0.807,0.83,0.834,0.836,0.838,0.833,0.867,0.852
2026-06-01 12:45:00,0.854,0.839,0.824,0.819,0.8,0.811,0.825,0.802,0.832,0.807,0.85,0.857,0.852,0.835,0.783,0.82,0.835,0.799,0.847,0.849,0.845,0.822,0.829,0.815,0.801,0.813,0.817,0.816,0.854,0.825,0.849,0.827,0.833,0.813,0.813,0.834,0.812,0.828,0.841,0.832,0.801,0.838,0.808
2026-06-01 12:50:00,0.816,0.838,0.82,0.81,0.855,0.798,0.809,0.826,0.839,0.81,0.837,0.821,0.845,0.803,0.809,0.833,0.83,0.845,0.849,0.813,0.835,0.803,0.842,0.853,0.827,0.813,0.834,0.823,0.85,0.84,0.834,0.82,0.846,0.811,0.835,0.801,0.842,0.834,0.841,0.813,0.831,0.842,0.823
2026-06-01 12:55:00,0.846,0.822,0.826,0.821,0.818,0.809,0.814,0.813,0.844,0.808,0.811,0.83,0.82,0.816,0.814,0.807,0.809,0.822,0.828,0.833,0.816,0.838,0.835,0.8,0.811,0.812,0.832,0.816,0.846,0.855,0.848,0.827,0.842,0.815,0.817,0.846,0.8,0.84,0.845,0.841,0.812,0.84,0.832
2026-06-01 13:00:00,0.84,0.857,0.832,0.853,0.84,0.848,0.827,0.819,0.821,0.826,0.84,0.832,0.835,0.823,0.821,0.799,0.856,0.821,0.836,0.847,0.836,0.837,0.804,0.854,0.835,0.795,0.791,0.866,0.857,0.841,0.825,0.82,0.845,0.794,0.83,0.816,0.858,0.784,0.827,0.818,0.829,0.815,0.819
2026-06-01 13:05:00,0.843,0.833,0.858,0.806,0.81,0.826,0.831,0.816,0.819,0.82,0.809,0.817,0.846,0.816,0.802,0.828,0.806,0.817,0.847,0.845,0.839,0.839,0.828,0.812,0.816,0.814,0.814,0.811,0.866,0.833,0.837,0.815,0.848,0.809,0.816,0.808,0.824,0.841,0.848,0.82,0.834,0.812,0.84
2026-06-01 13:10:00,0.853,0.832,0.838,0.83,0.835,0.854,0.804,0.795,0.838,0.796,0.822,0.817,0.838,0.835,0.81,0.807,0.805,0.804,0.867,0.84,0.855,0.835,0.849,0.832,0.821,0.83,0.828,0.826,0.836,0.863,0.846,0.865,0.827,0.835,0.841,0.826,0.82,0.836,0.836,0.822,0.824,0.822,0.813
2026-06-01 13:15:00,0.826,0.828,0.833,0.843,0.851,0.811,0.813,0.838,0.843,0.815,0.801,0.817,0.826,0.808,0.839,0.813,0.807,0.804,0.822,0.835,0.844,0.805,0.813,0.826,0.841,0.807,0.8,0.806,0.837,0.825,0.859,0.815,0.857,0.809,0.823,0.814,0.832,0.809,0.849,0.824,0.829,0.839,0.808
2026-06-01 13:20:00,0.846,0.847,0.811,0.843,0.81,0.856,0.825,0.836,0.845,0.812,0.803,0.84,0.836,0.798,0.831,0.793,0.838,0.835,0.86,0.849,0.842,0.836,0.815,0.841,0.815,0.816,0.817,0.815,0.834,0.855,0.858,0.837,0.822,0.826,0.814,0.827,0.82,0.831,0.852,0.806,0.816,0.853,0.826
2026-06-01 13:25:00,0.833,0.863,0.83,0.853,0.846,0.834,0.842,0.831,0.823,0.838,0.814,0.834,0.849,0.843,0.812,0.823,0.82,0.833,0.864,0.848,0.851,0.833,0.836,0.847,0.817,0.792,0.818,0.84,0.868,0.89,0.865,0.846,0.838,0.84,0.858,0.822,0.82,0.796,0.83,0.865,0.86,0.817,0.821
2026-06-01 13:30:00,0.837,0.852,0.855,0.837,0.835,0.823,0.823,0.806,0.834,0.83,0.809,0.844,0.831,0.8,0.803,0.841,0.828,0.806,0.837,0.841,0.85,0.832,0.813,0.835,0.793,0.809,0.831,0.797,0.874,0.841,0.891,0.84,0.843,0.788,0.807,0.812,0.805,0.798,0.819,0.866,0.813,0.844,0.825
2026-06-01 13:35:00,0.841,0.865,0.833,0.841,0.842,0.821,0.819,0.825,0.803,0.82,0.809,0.817,0.815,0.836,0.839,0.862,0.811,0.803,0.862,0.869,0.861,0.845,0.821,0.806,0.832,0.839,0.807,0.833,0.873,0.867,0.855,0.866,0.835,0.825,0.802,0.795,0.848,0.84,0.827,0.854,0.828,0.848,0.837
2026-06-01 13:40:00,0.844,0.858,0.846,0.86,0.824,0.837,0.842,0.814,0.822,0.819,0.817,0.842,0.819,0.818,0.808,0.832,0.822,0.852,0.822,0.82,0.881,0.845,0.832,0.824,0.838,0.814,0.827,0.817,0.865,0.878,0.862,0.862,0.861,0.846,0.825,0.821,0.808,0.838,0.85,0.842,0.86,0.847,0.841
2026-06-01 13:45:00,0.854,0.835,0.869,0.852,0.861,0.823,0.802,0.856,0.801,0.836,0.821,0.813,0.834,0.817,0.833,0.814,0.82,0.811,0.84,0.886,0.863,0.855,0.836,0.816,0.815,0.813,0.785,0.817,0.866,0.855,0.865,0.847,0.828,0.817,0.787,0.832,0.813,0.814,0.879,0.844,0.852,0.818,0.84
2026-06-01 13:50:00,0.876,0.863,0.815,0.848,0.859,0.855,0.842,0.819,0.805,0.809,0.826,0.837,0.8,0.822,0.839,0.83,0.794,0.808,0.869,0.868,0.858,0.848,0.82,0.832,0.834,0.834,0.834,0.844,0.856,0.887,0.869,0.835,0.861,0.818,0.811,0.82,0.841,0.826,0.854,0.874,0.808,0.844,0.849
2026-06-01 13:55:00,0.913,0.875,0.848,0.852,0.841,0.814,0.837,0.848,0.815,0.793,0.811,0.843,0.831,0.842,0.834,0.83,0.85,0.856,0.859,0.884,0.849,0.847,0.852,0.826,0.844,0.849,0.819,0.831,0.864,0.873,0.869,0.839,0.871,0.833,0.837,0.833,0.839,0.824,0.875,0.839,0.856,0.852,0.859
2026-06-01 14:00:00,0.868,0.877,0.851,0.852,0.878,0.851,0.818,0.822,0.8,0.821,0.809,0.853,0.816,0.831,0.838,0.866,0.826,0.825,0.903,0.876,0.852,0.846,0.864,0.837,0.849,0.828,0.833,0.792,0.891,0.868,0.864,0.898,0.858,0.827,0.815,0.833,0.83,0.802,0.858,0.839,0.822,0.838,0.857
2026-06-01 14:05:00,0.889,0.861,0.845,0.835,0.828,0.849,0.854,0.847,0.811,0.817,0.82,0.836,0.821,0.844,0.83,0.843,0.836,0.834,0.892,0.875,0.871,0.854,0.859,0.831,0.822,0.819,0.822,0.835,0.867,0.885,0.875,0.899,0.829,0.818,0.833,0.842,0.821,0.833,0.872,0.86,0.868,0.846,0.841
2026-06-01 14:10:00,0.884,0.846,0.871,0.861,0.851,0.835,0.809,0.817,0.817,0.815,0.816,0.82,0.814,0.835,0.815,0.849,0.816,0.838,0.866,0.871,0.861,0.866,0.836,0.845,0.839,0.825,0.814,0.828,0.893,0.882,0.853,0.886,0.873,0.836,0.797,0.802,0.789,0.801,0.874,0.853,0.862,0.869,0.829
2026-06-01 14:15:00,0.863,0.866,0.873,0.863,0.838,0.836,0.856,0.84,0.836,0.812,0.806,0.85,0.831,0.842,0.849,0.866,0.822,0.831,0.863,0.871,0.881,0.782,0.839,0.809,0.808,0.833,0.854,0.839,0.89,0.869,0.876,0.902,0.842,0.823,0.827,0.801,0.841,0.834,0.868,0.881,0.844,0.849,0.845
2026-06-01 14:20:00,0.885,0.889,0.885,0.829,0.831,0.855,0.805,0.862,0.821,0.811,0.84,0.855,0.807,0.815,0.836,0.816,0.844,0.852,0.896,0.894,0.881,0.886,0.865,0.847,0.835,0.807,0.816,0.829,0.887,0.849,0.882,0.891,0.817,0.818,0.873,0.826,0.833,0.821,0.894,0.884,0.858,0.889,0.868
2026-06-01 14:25:00,0.884,0.833,0.884,0.84,0.836,0.855,0.844,0.841,0.829,0.834,0.83,0.804,0.833,0.856,0.839,0.861,0.842,0.825,0.854,0.849,0.872,0.893,0.865,0.82,0.848,0.827,0.788,0.802,0.9,0.883,0.886,0.885,0.87,0.845,0.809,0.853,0.827,0.833,0.86,0.86,0.876,0.845,0.84
2026-06-01 14:30:00,0.881,0.874,0.85,0.853,0.858,0.832,0.829,0.846,0.822,0.827,0.828,0.803,0.808,0.856,0.82,0.809,0.843,0.851,0.922,0.853,0.893,0.866,0.861,0.828,0.855,0.865,0.814,0.86,0.91,0.893,0.877,0.888,0.9,0.838,0.814,0.809,0.826,0.795,0.839,0.881,0.857,0.875,0.842
2026-06-01 14:35:00,0.886,0.871,0.889,0.843,0.846,0.825,0.846,0.831,0.831,0.842,0.812,0.823,0.845,0.851,0.842,0.839,0.831,0.856,0.928,0.895,0.839,0.9,0.856,0.844,0.846,0.833,0.838,0.839,0.911,0.871,0.885,0.878,0.861,0.821,0.831,0.838,0.839,0.836,0.846,0.858,0.881,0.85,0.848
2026-06-01 14:40:00,0.863,0.872,0.871,0.86,0.856,0.835,0.856,0.83,0.851,0.838,0.855,0.814,0.828,0.856,0.855,0.83,0.832,0.83,0.898,0.885,0.872,0.853,0.869,0.858,0.833,0.836,0.87,0.792,0.878,0.872,0.919,0.894,0.873,0.835,0.817,0.805,0.842,0.84,0.879,0.88,0.873,0.876,0.885
2026-06-01 14:45:00,0.876,0.863,0.881,0.885,0.858,0.835,0.879,0.86,0.809,0.833,0.85,0.788,0.841,0.842,0.878,0.848,0.821,0.87,0.925,0.891,0.859,0.856,0.863,0.84,0.828,0.825,0.847,0.842,0.921,0.871,0.91,0.898,0.899,0.831,0.829,0.849,0.84,0.823,0.905,0.892,0.857,0.851,0.865
2026-06-01 14:50:00,0.908,0.862,0.881,0.851,0.866,0.866,0.851,0.834,0.843,0.829,0.808,0.804,0.815,0.844,0.861,0.839,0.859,0.804,0.897,0.879,0.881,0.906,0.901,0.844,0.855,0.842,0.851,0.826,0.896,0.922,0.904,0.898,0.903,0.868,0.857,0.832,0.849,0.807,0.874,0.868,0.902,0.863,0.86
2026-06-01 14:55:00,0.864,0.896,0.883,0.862,0.849,0.847,0.851,0.843,0.826,0.802,0.835,0.815,0.837,0.831,0.83,0.824,0.83,0.845,0.897,0.892,0.861,0.881,0.878,0.853,0.851,0.819,0.817,0.845,0.909,0.887,0.882,0.898,0.87,0.855,0.832,0.819,0.806,0.819,0.913,0.902,0.863,0.903,0.871
2026-06-01 15:00:00,0.903,0.888,0.899,0.872,0.865,0.851,0.861,0.849,0.833,0.844,0.849,0.795,0.837,0.847,0.859,0.87,0.839,0.863,0.896,0.908,0.891,0.875,0.88,0.876,0.804,0.833,0.847,0.844,0.93,0.898,0.891,0.863,0.919,0.849,0.855,0.806,0.851,0.857,0.88,0.883,0.878,0.878,0.882
2026-06-01 15:05:00,0.871,0.877,0.901,0.865,0.868,0.858,0.88,0.847,0.822,0.805,0.826,0.831,0.802,0.875,0.835,0.848,0.862,0.832,0.891,0.883,0.885,0.882,0.868,0.835,0.858,0.831,0.845,0.867,0.875,0.901,0.88,0.868,0.899,0.851,0.855,0.827,0.835,0.836,0.882,0.896,0.888,0.871,0.87
2026-06-01 15:10:00,0.908,0.871,0.89,0.896,0.853,0.882,0.84,0.837,0.84,0.828,0.797,0.819,0.798,0.84,0.878,0.824,0.85,0.826,0.924,0.91,0.905,0.889,0.863,0.847,0.871,0.821,0.808,0.849,0.924,0.932,0.884,0.887,0.902,0.866,0.845,0.849,0.849,0.824,0.889,0.899,0.875,0.884,0.869
2026-06-01 15:15:00,0.918,0.891,0.858,0.882,0.869,0.836,0.832,0.842,0.871,0.835,0.842,0.805,0.851,0.849,0.866,0.889,0.838,0.871,0.866,0.9,0.912,0.887,0.883,0.86,0.825,0.799,0.837,0.842,0.906,0.894,0.904,0.896,0.875,0.832,0.854,0.846,0.849,0.829,0.877,0.897,0.88,0.895,0.87
2026-06-01 15:20:00,0.895,0.922,0.88,0.888,0.891,0.867,0.84,0.849,0.853,0.824,0.821,0.853,0.836,0.864,0.862,0.872,0.803,0.807,0.902,0.928,0.872,0.879,0.906,0.882,0.848,0.878,0.842,0.82,0.899,0.896,0.906,0.917,0.867,0.854,0.853,0.851,0.859,0.848,0.91,0.87,0.9,0.871,0.887
2026-06-01 15:25:00,0.912,0.908,0.911,0.894,0.856,0.859,0.856,0.864,0.845,0.84,0.803,0.836,0.842,0.851,0.886,0.876,0.863,0.847,0.94,0.908,0.907,0.906,0.894,0.834,0.871,0.864,0.845,0.842,0.911,0.918,0.905,0.87,0.908,0.836,0.843,0.869,0.826,0.815,0.9,0.878,0.877,0.896,0.882
2026-06-01 15:30:00,0.922,0.895,0.897,0.892,0.859,0.866,0.845,0.861,0.861,0.864,0.817,0.826,0.852,0.868,0.871,0.863,0.865,0.872,0.901,0.895,0.92,0.906,0.891,0.845,0.861,0.87,0.858,0.832,0.882,0.902,0.905,0.918,0.897,0.856,0.851,0.864,0.852,0.848,0.909,0.922,0.891,0.896,0.9
2026-06-01 15:35:00,0.93,0.909,0.859,0.862,0.889,0.901,0.897,0.875,0.844,0.849,0.845,0.808,0.815,0.869,0.874,0.835,0.845,0.869,0.922,0.926,0.895,0.918,0.878,0.865,0.859,0.852,0.832,0.834,0.924,0.915,0.888,0.902,0.921,0.864,0.845,0.843,0.836,0.847,0.931,0.879,0.905,0.905,0.899
2026-06-01 15:40:00,0.909,0.93,0.916,0.905,0.899,0.859,0.872,0.867,0.89,0.84,0.813,0.815,0.797,0.898,0.875,0.86,0.868,0.867,0.925,0.916,0.915,0.911,0.876,0.887,0.876,0.841,0.865,0.831,0.887,0.93,0.915,0.928,0.882,0.853,0.861,0.84,0.839,0.867,0.9,0.903,0.894,0.907,0.903
2026-06-01 15:45:00,0.945,0.897,0.915,0.94,0.852,0.86,0.87,0.865,0.864,0.843,0.841,0.838,0.81,0.902,0.877,0.852,0.855,0.858,0.901,0.916,0.901,0.903,0.914,0.869,0.88,0.827,0.844,0.86,0.933,0.914,0.869,0.891,0.925,0.823,0.85,0.852,0.841,0.826,0.899,0.901,0.898,0.909,0.886
2026-06-01 15:50:00,0.933,0.919,0.907,0.902,0.896,0.869,0.86,0.857,0.849,0.849,0.862,0.857,0.846,0.875,0.877,0.867,0.87,0.871,0.916,0.9,0.9,0.931,0.887,0.861,0.873,0.872,0.859,0.839,0.934,0.92,0.912,0.931,0.919,0.843,0.858,0.871,0.84,0.858,0.915,0.899,0.897,0.884,0.887
2026-06-01 15:55:00,0.916,0.918,0.915,0.904,0.89,0.871,0.869,0.86,0.841,0.874,0.858,0.838,0.816,0.891,0.887,0.883,0.874,0.864,0.922,0.934,0.916,0.927,0.899,0.877,0.878,0.861,0.838,0.86,0.922,0.923,0.948,0.901,0.923,0.834,0.87,0.835,0.846,0.84,0.917,0.901,0.918,0.912,0.903
2026-06-01 16:00:00,0.923,0.945,0.894,0.903,0.883,0.861,0.908,0.897,0.87,0.838,0.859,0.864,0.826,0.887,0.861,0.881,0.878,0.844,0.929,0.891,0.912,0.899,0.903,0.856,0.892,0.865,0.889,0.875,0.901,0.917,0.919,0.92,0.894,0.859,0.862,0.837,0.834,0.873,0.891,0.914,0.892,0.872,0.902
2026-06-01 16:05:00,0.919,0.945,0.906,0.937,0.918,0.904,0.853,0.857,0.869,0.858,0.856,0.824,0.789,0.887,0.86,0.881,0.903,0.864,0.925,0.918,0.908,0.901,0.895,0.857,0.869,0.884,0.865,0.853,0.909,0.915,0.936,0.922,0.889,0.85,0.874,0.847,0.857,0.859,0.904,0.893,0.913,0.927,0.913
2026-06-01 16:10:00,0.916,0.892,0.934,0.932,0.894,0.896,0.867,0.885,0.837,0.823,0.858,0.822,0.836,0.87,0.9,0.896,0.907,0.85,0.946,0.883,0.894,0.904,0.893,0.882,0.889,0.888,0.885,0.859,0.902,0.949,0.937,0.935,0.906,0.899,0.862,0.874,0.857,0.843,0.932,0.883,0.912,0.905,0.903
2026-06-01 16:15:00,0.94,0.972,0.951,0.881,0.884,0.884,0.883,0.874,0.898,0.849,0.844,0.846,0.835,0.917,0.888,0.855,0.889,0.883,0.929,0.906,0.922,0.903,0.901,0.9,0.88,0.864,0.885,0.866,0.936,0.932,0.922,0.896,0.893,0.897,0.884,0.855,0.867,0.861,0.93,0.964,0.873,0.899,0.888
2026-06-01 16:20:00,0.888,0.898,0.926,0.903,0.9,0.938,0.906,0.899,0.858,0.856,0.833,0.844,0.841,0.912,0.885,0.899,0.892,0.822,0.912,0.927,0.918,0.9,0.916,0.888,0.883,0.885,0.902,0.9,0.94,0.921,0.909,0.9,0.899,0.877,0.889,0.865,0.857,0.851,0.916,0.905,0.96,0.89,0.895
2026-06-01 16:25:00,0.909,0.934,0.921,0.946,0.887,0.88,0.892,0.875,0.866,0.86,0.846,0.833,0.848,0.9,0.859,0.882,0.88,0.87,0.941,0.923,0.921,0.921,0.892,0.907,0.907,0.886,0.87,0.886,0.878,0.948,0.903,0.896,0.923,0.89,0.891,0.879,0.873,0.859,0.93,0.945,0.889,0.907,0.898
2026-06-01 16:30:00,0.934,0.935,0.917,0.925,0.921,0.898,0.887,0.862,0.861,0.876,0.851,0.841,0.839,0.929,0.9,0.861,0.886,0.887,0.911,0.914,0.911,0.916,0.928,0.869,0.872,0.866,0.846,0.868,0.91,0.886,0.948,0.904,0.925,0.895,0.912,0.871,0.838,0.851,0.924,0.913,0.916,0.93,0.904
2026-06-01 16:35:00,0.95,0.913,0.929,0.888,0.909,0.888,0.937,0.881,0.913,0.844,0.881,0.852,0.835,0.921,0.886,0.894,0.86,0.883,0.942,0.958,0.907,0.911,0.904,0.879,0.896,0.903,0.875,0.891,0.915,0.918,0.907,0.913,0.914,0.886,0.884,0.91,0.884,0.875,0.953,0.912,0.922,0.915,0.87
2026-06-01 16:40:00,0.932,0.926,0.92,0.917,0.907,0.891,0.903,0.887,0.875,0.854,0.888,0.846,0.867,0.913,0.888,0.938,0.874,0.865,0.909,0.969,0.913,0.916,0.884,0.874,0.92,0.89,0.867,0.906,0.922,0.925,0.938,0.905,0.92,0.848,0.872,0.879,0.854,0.846,0.926,0.93,0.927,0.897,0.894
2026-06-01 16:45:00,0.937,0.925,0.918,0.887,0.865,0.901,0.905,0.905,0.879,0.862,0.86,0.861,0.863,0.897,0.899,0.907,0.887,0.876,0.945,0.922,0.923,0.922,0.926,0.904,0.872,0.887,0.916,0.849,0.924,0.922,0.912,0.913,0.91,0.855,0.885,0.906,0.876,0.883,0.928,0.903,0.905,0.885,0.914
2026-06-01 16:50:00,0.908,0.93,0.897,0.943,0.924,0.902,0.888,0.878,0.911,0.865,0.858,0.884,0.82,0.913,0.906,0.903,0.89,0.904,0.918,0.915,0.899,0.934,0.933,0.894,0.92,0.905,0.879,0.902,0.894,0.937,0.901,0.926,0.932,0.897,0.882,0.855,0.87,0.889,0.932,0.939,0.906,0.896,0.942
2026-06-01 16:55:00,0.91,0.912,0.92,0.909,0.907,0.955,0.938,0.878,0.892,0.888,0.838,0.847,0.885,0.931,0.889,0.911,0.877,0.894,0.916,0.927,0.914,0.908,0.891,0.876,0.914,0.9,0.887,0.848,0.928,0.939,0.935,0.935,0.905,0.915,0.886,0.889,0.883,0.884,0.944,0.925,0.927,0.884,0.915
2026-06-01 17:00:00,0.919,0.941,0.924,0.906,0.932,0.905,0.896,0.905,0.903,0.895,0.862,0.887,0.839,0.905,0.934,0.914,0.887,0.889,0.981,0.89,0.943,0.935,0.926,0.91,0.919,0.897,0.867,0.875,0.916,0.9,0.924,0.916,0.915,0.895,0.896,0.904,0.874,0.874,0.931,0.95,0.903,0.895,0.908
2026-06-01 17:05:00,0.916,0.914,0.938,0.914,0.906,0.909,0.89,0.892,0.914,0.865,0.853,0.884,0.84,0.903,0.896,0.904,0.872,0.897,0.913,0.893,0.937,0.939,0.926,0.912,0.922,0.878,0.905,0.877,0.947,0.918,0.922,0.928,0.94,0.952,0.892,0.883,0.886,0.868,0.924,0.921,0.903,0.933,0.919
2026-06-01 17:10:00,0.926,0.904,0.931,0.915,0.896,0.935,0.883,0.883,0.901,0.857,0.883,0.883,0.848,0.937,0.924,0.888,0.886,0.892,0.933,0.942,0.96,0.909,0.902,0.909,0.903,0.916,0.883,0.869,0.95,0.925,0.931,0.932,0.917,0.914,0.936,0.893,0.909,0.871,0.92,0.93,0.93,0.946,0.937
2026-06-01 17:15:00,0.918,0.94,0.893,0.949,0.932,0.95,0.899,0.922,0.904,0.879,0.884,0.891,0.831,0.914,0.897,0.922,0.93,0.919,0.943,0.9,0.931,0.907,0.918,0.911,0.925,0.875,0.898,0.901,0.944,0.909,0.906,0.929,0.928,0.902,0.918,0.894,0.883,0.928,0.924,0.906,0.938,0.91,0.934
2026-06-01 17:20:00,0.913,0.936,0.91,0.922,0.949,0.929,0.91,0.887,0.891,0.893,0.887,0.871,0.874,0.935,0.909,0.935,0.88,0.903,0.922,0.894,0.912,0.969,0.919,0.912,0.888,0.9,0.902,0.886,0.936,0.905,0.934,0.94,0.88,0.921,0.923,0.909,0.889,0.883,0.926,0.934,0.938,0.894,0.944
2026-06-01 17:25:00,0.884,0.938,0.946,0.908,0.924,0.919,0.892,0.918,0.894,0.889,0.913,0.864,0.864,0.914,0.933,0.95,0.94,0.899,0.894,0.906,0.91,0.918,0.907,0.923,0.955,0.906,0.892,0.892,0.917,0.925,0.925,0.918,0.943,0.897,0.909,0.893,0.882,0.895,0.937,0.914,0.937,0.94,0.939
2026-06-01 17:30:00,0.92,0.918,0.928,0.901,0.933,0.937,0.915,0.906,0.892,0.904,0.885,0.895,0.859,0.967,0.923,0.937,0.871,0.925,0.938,0.916,0.923,0.903,0.906,0.948,0.905,0.913,0.903,0.907,0.917,0.919,0.942,0.901,0.917,0.902,0.92,0.948,0.933,0.903,0.904,0.92,0.912,0.901,0.919
2026-06-01 17:35:00,0.899,0.887,0.93,0.893,0.922,0.903,0.9,0.897,0.893,0.905,0.917,0.92,0.876,0.931,0.914,0.902,0.922,0.914,0.913,0.931,0.929,0.945,0.936,0.926,0.915,0.896,0.9,0.925,0.939,0.924,0.906,0.902,0.911,0.908,0.931,0.902,0.908,0.898,0.919,0.937,0.913,0.917,0.901
2026-06-01 17:40:00,0.897,0.898,0.933,0.907,0.941,0.927,0.906,0.909,0.913,0.91,0.914,0.868,0.9,0.923,0.953,0.963,0.904,0.924,0.896,0.907,0.917,0.912,0.912,0.909,0.907,0.899,0.918,0.876,0.903,0.906,0.926,0.907,0.921,0.935,0.935,0.901,0.89,0.895,0.92,0.964,0.912,0.908,0.954
2026-06-01 17:45:00,0.901,0.93,0.927,0.927,0.892,0.891,0.945,0.891,0.909,0.919,0.925,0.901,0.885,0.914,0.901,0.932,0.931,0.927,0.925,0.912,0.933,0.941,0.927,0.925,0.937,0.917,0.881,0.865,0.933,0.873,0.918,0.895,0.899,0.91,0.895,0.868,0.93,0.879,0.926,0.918,0.939,0.919,0.883
2026-06-01 17:50:00,0.9,0.917,0.93,0.935,0.95,0.91,0.919,0.888,0.906,0.879,0.882,0.851,0.889,0.913,0.92,0.913,0.95,0.926,0.904,0.93,0.922,0.911,0.945,0.942,0.902,0.917,0.896,0.919,0.902,0.923,0.935,0.901,0.939,0.915,0.911,0.876,0.922,0.892,0.9,0.891,0.918,0.943,0.945
2026-06-01 17:55:00,0.926,0.935,0.947,0.91,0.922,0.925,0.919,0.911,0.912,0.941,0.871,0.89,0.873,0.912,0.904,0.913,0.901,0.917,0.899,0.919,0.902,0.918,0.923,0.893,0.911,0.916,0.906,0.889,0.902,0.923,0.932,0.917,0.89,0.909,0.927,0.918,0.915,0.908,0.94,0.933,0.934,0.953,0.924
2026-06-01 18:00:00,0.932,0.905,0.909,0.94,0.907,0.913,0.922,0.925,0.924,0.929,0.897,0.893,0.896,0.905,0.955,0.911,0.917,0.897,0.873,0.907,0.915,0.922,0.912,0.948,0.919,0.886,0.933,0.927,0.891,0.913,0.928,0.917,0.923,0.895,0.967,0.898,0.935,0.884,0.903,0.939,0.943,0.885,0.928
2026-06-01 18:05:00,0.907,0.933,0.906,0.936,0.921,0.926,0.933,0.9,0.913,0.903,0.916,0.908,0.895,0.928,0.909,0.923,0.946,0.923,0.926,0.922,0.907,0.889,0.926,0.921,0.918,0.904,0.917,0.921,0.918,0.915,0.887,0.935,0.93,0.93,0.915,0.916,0.887,0.901,0.918,0.921,0.925,0.929,0.925
2026-06-01 18:10:00,0.882,0.923,0.872,0.909,0.957,0.959,0.927,0.88,0.932,0.898,0.902,0.936,0.9,0.933,0.949,0.882,0.901,0.913,0.891,0.899,0.925,0.921,0.937,0.933,0.932,0.92,0.93,0.922,0.899,0.878,0.927,0.91,0.899,0.907,0.946,0.914,0.944,0.898,0.93,0.924,0.919,0.95,0.905
2026-06-01 18:15:00,0.866,0.918,0.914,0.898,0.935,0.94,0.943,0.913,0.894,0.93,0.902,0.887,0.902,0.915,0.924,0.912,0.933,0.907,0.906,0.903,0.904,0.901,0.924,0.907,0.915,0.923,0.906,0.915,0.889,0.895,0.908,0.901,0.921,0.953,0.927,0.92,0.948,0.895,0.885,0.93,0.906,0.93,0.91
2026-06-01 18:20:00,0.889,0.897,0.932,0.964,0.939,0.926,0.927,0.919,0.91,0.935,0.903,0.924,0.882,0.921,0.915,0.934,0.92,0.922,0.898,0.917,0.905,0.929,0.902,0.891,0.903,0.92,0.94,0.898,0.881,0.907,0.914,0.915,0.907,0.913,0.953,0.913,0.908,0.905,0.935,0.898,0.941,0.908,0.907
2026-06-01 18:25:00,0.883,0.921,0.92,0.948,0.932,0.899,0.97,0.914,0.933,0.921,0.893,0.92,0.895,0.932,0.908,0.871,0.911,0.946,0.908,0.918,0.901,0.899,0.89,0.909,0.936,0.92,0.942,0.934,0.899,0.876,0.867,0.895,0.898,0.907,0.923,0.953,0.91,0.922,0.891,0.907,0.894,0.922,0.897
2026-06-01 18:30:00,0.894,0.891,0.915,0.876,0.922,0.95,0.943,0.912,0.93,0.923,0.871,0.896,0.916,0.921,0.916,0.947,0.89,0.9,0.873,0.906,0.908,0.885,0.892,0.933,0.926,0.914,0.927,0.904,0.887,0.912,0.897,0.911,0.911,0.965,0.94,0.937,0.943,0.896,0.909,0.911,0.929,0.885,0.92
2026-06-01 18:35:00,0.898,0.905,0.919,0.916,0.918,0.91,0.901,0.939,0.953,0.911,0.899,0.885,0.928,0.951,0.9,0.937,0.933,0.909,0.88,0.904,0.896,0.91,0.901,0.9,0.927,0.905,0.917,0.904,0.878,0.869,0.886,0.911,0.889,0.893,0.921,0.896,0.904,0.936,0.913,0.893,0.925,0.894,0.919
2026-06-01 18:40:00,0.884,0.881,0.937,0.919,0.939,0.95,0.933,0.946,0.957,0.93,0.892,0.945,0.905,0.917,0.93,0.912,0.916,0.92,0.895,0.882,0.882,0.916,0.928,0.896,0.908,0.907,0.93,0.908,0.914,0.873,0.856,0.892,0.869,0.916,0.947,0.919,0.934,0.949,0.889,0.896,0.899,0.903,0.909
2026-06-01 18:45:00,0.898,0.888,0.883,0.898,0.933,0.954,0.932,0.953,0.924,0.929,0.918,0.927,0.929,0.936,0.921,0.895,0.926,0.942,0.878,0.904,0.892,0.929,0.907,0.947,0.89,0.896,0.928,0.892,0.882,0.857,0.9,0.88,0.89,0.866,0.902,0.948,0.912,0.891,0.885,0.89,0.893,0.934,0.936
2026-06-01 18:50:00,0.887,0.9,0.914,0.912,0.907,0.937,0.931,0.918,0.912,0.923,0.932,0.906,0.914,0.913,0.907,0.902,0.926,0.947,0.906,0.867,0.871,0.902,0.903,0.935,0.9,0.938,0.888,0.927,0.902,0.911,0.881,0.911,0.89,0.921,0.918,0.935,0.962,0.935,0.886,0.904,0.894,0.897,0.894
2026-06-01 18:55:00,0.876,0.913,0.916,0.917,0.895,0.921,0.912,0.919,0.919,0.934,0.931,0.916,0.919,0.925,0.897,0.861,0.921,0.917,0.894,0.866,0.929,0.916,0.919,0.908,0.908,0.965,0.917,0.911,0.86,0.877,0.86,0.892,0.9,0.944,0.942,0.957,0.919,0.892,0.866,0.866,0.913,0.891,0.926
2026-06-01 19:00:00,0.875,0.885,0.914,0.92,0.908,0.875,0.912,0.932,0.932,0.93,0.915,0.925,0.891,0.902,0.933,0.932,0.925,0.934,0.877,0.876,0.886,0.897,0.906,0.907,0.922,0.933,0.899,0.916,0.893,0.878,0.882,0.899,0.895,0.922,0.942,0.945,0.92,0.918,0.877,0.919,0.9,0.919,0.913
2026-06-01 19:05:00,0.874,0.925,0.859,0.913,0.879,0.908,0.927,0.924,0.917,0.928,0.917,0.913,0.887,0.907,0.883,0.908,0.919,0.936,0.886,0.891,0.884,0.909,0.92,0.942,0.892,0.905,0.934,0.885,0.884,0.877,0.912,0.901,0.914,0.912,0.915,0.936,0.903,0.947,0.89,0.903,0.917,0.89,0.889
2026-06-01 19:10:00,0.889,0.85,0.895,0.931,0.913,0.927,0.934,0.934,0.929,0.906,0.924,0.926,0.884,0.943,0.94,0.888,0.921,0.97,0.874,0.891,0.88,0.925,0.882,0.895,0.941,0.924,0.944,0.906,0.894,0.88,0.865,0.915,0.87,0.897,0.925,0.93,0.938,0.947,0.89,0.874,0.864,0.907,0.889
2026-06-01 19:15:00,0.846,0.851,0.889,0.926,0.913,0.932,0.929,0.924,0.916,0.951,0.92,0.953,0.918,0.893,0.929,0.944,0.918,0.93,0.873,0.895,0.876,0.895,0.904,0.92,0.962,0.904,0.884,0.895,0.871,0.872,0.863,0.864,0.896,0.917,0.906,0.94,0.94,0.922,0.899,0.909,0.878,0.877,0.903
2026-06-01 19:20:00,0.845,0.898,0.906,0.888,0.892,0.902,0.934,0.954,0.871,0.928,0.945,0.917,0.939,0.872,0.9,0.921,0.908,0.929,0.884,0.861,0.908,0.859,0.894,0.913,0.912,0.943,0.939,0.916,0.859,0.865,0.845,0.888,0.873,0.933,0.914,0.905,0.91,0.946,0.881,0.905,0.91,0.9,0.921
2026-06-01 19:25:00,0.859,0.888,0.887,0.89,0.894,0.917,0.905,0.924,0.889,0.924,0.932,0.94,0.945,0.899,0.898,0.919,0.925,0.916,0.866,0.857,0.843,0.886,0.891,0.92,0.909,0.928,0.924,0.922,0.865,0.871,0.907,0.894,0.871,0.928,0.905,0.936,0.904,0.936,0.888,0.866,0.907,0.854,0.902
2026-06-01 19:30:00,0.86,0.867,0.885,0.888,0.903,0.874,0.916,0.932,0.9,0.924,0.921,0.916,0.942,0.867,0.92,0.91,0.891,0.898,0.865,0.872,0.866,0.866,0.888,0.922,0.923,0.907,0.938,0.935,0.848,0.839,0.842,0.84,0.866,0.93,0.888,0.908,0.918,0.937,0.856,0.882,0.884,0.867,0.879
2026-06-01 19:35:00,0.879,0.877,0.883,0.9,0.867,0.908,0.901,0.922,0.915,0.924,0.94,0.924,0.914,0.883,0.895,0.93,0.906,0.917,0.855,0.873,0.885,0.869,0.89,0.927,0.921,0.91,0.922,0.908,0.863,0.839,0.881,0.86,0.861,0.899,0.9,0.896,0.912,0.912,0.878,0.869,0.862,0.905,0.867
2026-06-01 19:40:00,0.863,0.834,0.881,0.883,0.876,0.873,0.915,0.916,0.924,0.911,0.929,0.944,0.902,0.894,0.891,0.927,0.904,0.92,0.844,0.846,0.871,0.853,0.868,0.909,0.881,0.889,0.924,0.923,0.824,0.833,0.832,0.886,0.888,0.924,0.923,0.925,0.902,0.937,0.884,0.878,0.884,0.863,0.879
2026-06-01 19:45:00,0.849,0.845,0.871,0.886,0.912,0.896,0.933,0.904,0.913,0.93,0.94,0.897,0.937,0.898,0.934,0.885,0.912,0.918,0.832,0.844,0.893,0.878,0.886,0.898,0.931,0.887,0.943,0.925,0.86,0.861,0.876,0.86,0.862,0.92,0.91,0.905,0.925,0.911,0.841,0.87,0.873,0.884,0.898
2026-06-01 19:50:00,0.869,0.849,0.886,0.882,0.854,0.925,0.895,0.873,0.89,0.906,0.945,0.886,0.902,0.863,0.9,0.922,0.898,0.896,0.864,0.843,0.824,0.877,0.852,0.901,0.932,0.89,0.91,0.907,0.867,0.883,0.876,0.845,0.841,0.903,0.89,0.904,0.903,0.9,0.867,0.861,0.879,0.873,0.876
2026-06-01 19:55:00,0.883,0.828,0.908,0.872,0.891,0.884,0.886,0.906,0.892,0.918,0.928,0.934,0.955,0.9,0.885,0.917,0.917,0.896,0.845,0.832,0.855,0.904,0.848,0.906,0.882,0.906,0.915,0.922,0.851,0.865,0.836,0.853,0.87,0.902,0.894,0.925,0.895,0.949,0.836,0.842,0.874,0.856,0.878
2026-06-01 20:00:00,0.84,0.853,0.876,0.878,0.896,0.903,0.928,0.938,0.903,0.899,0.931,0.936,0.939,0.855,0.897,0.917,0.91,0.941,0.839,0.853,0.884,0.85,0.872,0.894,0.943,0.929,0.898,0.919,0.873,0.822,0.865,0.877,0.898,0.897,0.913,0.874,0.909,0.932,0.843,0.851,0.898,0.872,0.872
2026-06-01 20:05:00,0.869,0.82,0.877,0.891,0.889,0.893,0.882,0.903,0.895,0.86,0.915,0.886,0.945,0.885,0.875,0.908,0.901,0.897,0.836,0.851,0.843,0.867,0.876,0.902,0.891,0.902,0.903,0.904,0.849,0.864,0.846,0.853,0.838,0.899,0.91,0.926,0.905,0.911,0.872,0.855,0.876,0.888,0.892
2026-06-01 20:10:00,0.831,0.843,0.852,0.866,0.901,0.877,0.876,0.914,0.895,0.908,0.906,0.915,0.938,0.902,0.912,0.878,0.898,0.936,0.833,0.832,0.843,0.868,0.872,0.889,0.9,0.906,0.907,0.885,0.807,0.871,0.821,0.827,0.858,0.892,0.916,0.89,0.924,0.926,0.862,0.873,0.854,0.887,0.871
2026-06-01 20:15:00,0.84,0.843,0.869,0.863,0.882,0.86,0.907,0.895,0.898,0.899,0.894,0.96,0.911,0.9,0.887,0.891,0.884,0.91,0.85,0.848,0.835,0.851,0.877,0.865,0.899,0.86,0.902,0.907,0.855,0.836,0.851,0.837,0.881,0.894,0.897,0.906,0.901,0.908,0.824,0.877,0.852,0.883,0.87
2026-06-01 20:20:00,0.867,0.838,0.855,0.872,0.875,0.905,0.89,0.863,0.894,0.902,0.904,0.929,0.941,0.872,0.881,0.871,0.916,0.883,0.833,0.856,0.866,0.855,0.872,0.885,0.917,0.921,0.9,0.897,0.82,0.792,0.857,0.845,0.864,0.893,0.931,0.91,0.906,0.907,0.824,0.868,0.862,0.871,0.882
2026-06-01 20:25:00,0.847,0.859,0.847,0.868,0.885,0.86,0.881,0.906,0.913,0.91,0.895,0.918,0.913,0.901,0.858,0.874,0.892,0.884,0.855,0.849,0.837,0.848,0.844,0.882,0.901,0.877,0.894,0.891,0.792,0.844,0.821,0.848,0.865,0.877,0.895,0.897,0.914,0.896,0.84,0.832,0.885,0.868,0.878
2026-06-01 20:30:00,0.841,0.848,0.85,0.877,0.852,0.846,0.885,0.867,0.883,0.939,0.927,0.952,0.92,0.863,0.89,0.884,0.894,0.871,0.857,0.845,0.861,0.839,0.869,0.893,0.903,0.895,0.891,0.902,0.788,0.847,0.837,0.841,0.845,0.925,0.904,0.895,0.932,0.928,0.833,0.839,0.862,0.849,0.862
2026-06-01 20:35:00,0.85,0.852,0.837,0.866,0.875,0.871,0.868,0.874,0.919,0.92,0.933,0.925,0.909,0.867,0.872,0.883,0.869,0.876,0.846,0.843,0.827,0.858,0.854,0.894,0.89,0.923,0.893,0.884,0.795,0.795,0.828,0.852,0.833,0.901,0.903,0.912,0.921,0.931,0.851,0.82,0.859,0.85,0.867
2026-06-01 20:40:00,0.766,0.856,0.868,0.858,0.861,0.88,0.891,0.87,0.893,0.92,0.906,0.938,0.929,0.87,0.886,0.901,0.878,0.885,0.82,0.855,0.865,0.843,0.857,0.882,0.899,0.894,0.88,0.904,0.768,0.748,0.852,0.845,0.869,0.888,0.903,0.894,0.923,0.891,0.848,0.857,0.852,0.87,0.875
2026-06-01 20:45:00,0.773,0.861,0.837,0.831,0.89,0.882,0.884,0.875,0.89,0.893,0.911,0.883,0.892,0.902,0.892,0.907,0.889,0.919,0.789,0.826,0.841,0.846,0.85,0.882,0.89,0.883,0.856,0.92,0.79,0.793,0.776,0.847,0.813,0.89,0.872,0.908,0.88,0.897,0.867,0.832,0.829,0.846,0.862
2026-06-01 20:50:00,0.769,0.837,0.84,0.816,0.887,0.843,0.854,0.905,0.867,0.897,0.935,0.878,0.909,0.865,0.863,0.875,0.858,0.884,0.786,0.766,0.807,0.853,0.841,0.892,0.876,0.897,0.903,0.854,0.788,0.787,0.771,0.851,0.838,0.895,0.881,0.904,0.874,0.874,0.82,0.842,0.851,0.829,0.857
2026-06-01 20:55:00,0.781,0.841,0.831,0.843,0.887,0.904,0.884,0.879,0.879,0.898,0.913,0.942,0.921,0.871,0.883,0.855,0.881,0.889,0.772,0.791,0.815,0.842,0.85,0.92,0.859,0.894,0.891,0.872,0.797,0.814,0.777,0.799,0.823,0.849,0.898,0.876,0.92,0.886,0.754,0.845,0.853,0.824,0.875
2026-06-01 21:00:00,0.785,0.791,0.873,0.849,0.848,0.873,0.869,0.891,0.875,0.897,0.902,0.915,0.91,0.857,0.861,0.896,0.836,0.875,0.797,0.79,0.782,0.857,0.838,0.879,0.86,0.871,0.885,0.864,0.773,0.786,0.776,0.811,0.832,0.864,0.899,0.893,0.913,0.912,0.801,0.842,0.864,0.834,0.869
2026-06-01 21:05:00,0.758,0.785,0.834,0.826,0.832,0.861,0.886,0.875,0.872,0.897,0.891,0.926,0.922,0.866,0.879,0.888,0.864,0.911,0.77,0.812,0.802,0.848,0.859,0.849,0.89,0.9,0.866,0.895,0.805,0.788,0.786,0.808,0.789,0.883,0.895,0.874,0.885,0.904,0.794,0.78,0.859,0.815,0.864
2026-06-01 21:10:00,0.761,0.793,0.841,0.854,0.887,0.848,0.859,0.877,0.899,0.849,0.926,0.882,0.915,0.864,0.88,0.861,0.881,0.875,0.795,0.781,0.762,0.801,0.815,0.869,0.882,0.887,0.869,0.903,0.78,0.752,0.794,0.769,0.787,0.871,0.908,0.874,0.896,0.901,0.797,0.82,0.82,0.852,0.831
2026-06-01 21:15:00,0.755,0.788,0.781,0.836,0.84,0.878,0.868,0.848,0.887,0.909,0.894,0.904,0.924,0.892,0.845,0.872,0.848,0.877,0.766,0.8,0.808,0.773,0.817,0.893,0.869,0.88,0.869,0.904,0.778,0.785,0.769,0.786,0.771,0.838,0.847,0.864,0.86,0.908,0.771,0.804,0.853,0.853,0.84
2026-06-01 21:20:00,0.806,0.78,0.795,0.851,0.836,0.865,0.864,0.89,0.86,0.908,0.884,0.911,0.915,0.856,0.878,0.839,0.862,0.852,0.805,0.78,0.79,0.789,0.781,0.878,0.864,0.867,0.862,0.896,0.773,0.78,0.752,0.776,0.769,0.875,0.858,0.891,0.884,0.898,0.789,0.792,0.808,0.87,0.844
2026-06-01 21:25:00,0.798,0.79,0.757,0.84,0.842,0.842,0.855,0.844,0.863,0.87,0.896,0.912,0.898,0.838,0.861,0.845,0.853,0.865,0.736,0.789,0.783,0.775,0.81,0.872,0.87,0.869,0.88,0.87,0.767,0.783,0.782,0.788,0.815,0.84,0.883,0.902,0.864,0.872,0.779,0.783,0.797,0.815,0.825
2026-06-01 21:30:00,0.767,0.779,0.79,0.805,0.864,0.855,0.846,0.871,0.841,0.882,0.885,0.888,0.897,0.871,0.847,0.877,0.863,0.869,0.801,0.768,0.766,0.792,0.799,0.873,0.858,0.87,0.876,0.889,0.779,0.771,0.758,0.792,0.767,0.873,0.884,0.872,0.907,0.89,0.783,0.786,0.771,0.818,0.861
2026-06-01 21:35:00,0.771,0.777,0.818,0.781,0.829,0.855,0.863,0.863,0.851,0.891,0.876,0.893,0.92,0.856,0.865,0.836,0.864,0.869,0.768,0.78,0.772,0.791,0.789,0.85,0.865,0.872,0.895,0.875,0.755,0.745,0.775,0.783,0.794,0.831,0.862,0.883,0.883,0.907,0.782,0.792,0.794,0.794,0.847
2026-06-01 21:40:00,0.75,0.776,0.788,0.784,0.857,0.822,0.832,0.864,0.856,0.874,0.902,0.885,0.867,0.811,0.857,0.855,0.843,0.885,0.75,0.766,0.761,0.759,0.778,0.851,0.847,0.862,0.854,0.864,0.731,0.766,0.772,0.769,0.765,0.862,0.851,0.854,0.863,0.866,0.766,0.759,0.757,0.806,0.82
2026-06-01 21:45:00,0.741,0.767,0.76,0.802,0.834,0.834,0.871,0.835,0.84,0.871,0.864,0.886,0.905,0.842,0.856,0.873,0.86,0.861,0.774,0.765,0.8,0.777,0.779,0.842,0.867,0.831,0.853,0.857,0.748,0.761,0.761,0.773,0.767,0.856,0.846,0.893,0.825,0.87,0.787,0.771,0.802,0.795,0.804
2026-06-01 21:50:00,0.756,0.778,0.795,0.787,0.807,0.828,0.848,0.843,0.856,0.857,0.892,0.876,0.869,0.857,0.845,0.845,0.842,0.867,0.761,0.78,0.77,0.766,0.782,0.847,0.872,0.861,0.855,0.854,0.742,0.766,0.749,0.775,0.808,0.825,0.845,0.877,0.855,0.873,0.765,0.795,0.772,0.799,0.799
2026-06-01 21:55:00,0.739,0.78,0.766,0.783,0.781,0.864,0.845,0.867,0.844,0.894,0.891,0.881,0.895,0.838,0.846,0.858,0.855,0.859,0.73,0.72,0.749,0.78,0.783,0.823,0.837,0.874,0.863,0.859,0.758,0.774,0.723,0.744,0.798,0.865,0.855,0.857,0.851,0.886,0.755,0.749,0.769,0.793,0.799
2026-06-01 22:00:00,0.74,0.754,0.774,0.783,0.781,0.846,0.84,0.857,0.836,0.853,0.88,0.876,0.904,0.844,0.871,0.845,0.809,0.809,0.761,0.759,0.757,0.784,0.771,0.828,0.823,0.865,0.859,0.848,0.716,0.767,0.738,0.721,0.761,0.856,0.859,0.869,0.84,0.903,0.749,0.775,0.803,0.788,0.792
2026-06-01 22:05:00,0.747,0.773,0.795,0.78,0.774,0.815,0.828,0.825,0.859,0.859,0.866,0.87,0.889,0.827,0.851,0.844,0.853,0.834,0.743,0.756,0.754,0.76,0.736,0.854,0.848,0.856,0.86,0.862,0.74,0.753,0.739,0.747,0.74,0.832,0.837,0.857,0.859,0.884,0.746,0.732,0.767,0.788,0.772
2026-06-01 22:10:00,0.726,0.751,0.751,0.781,0.797,0.78,0.842,0.827,0.863,0.846,0.889,0.881,0.876,0.804,0.853,0.86,0.834,0.822,0.757,0.751,0.762,0.732,0.764,0.86,0.854,0.836,0.803,0.873,0.752,0.731,0.742,0.77,0.751,0.831,0.849,0.856,0.881,0.852,0.72,0.769,0.772,0.763,0.772
2026-06-01 22:15:00,0.729,0.737,0.769,0.768,0.778,0.802,0.859,0.872,0.835,0.84,0.867,0.847,0.873,0.755,0.791,0.806,0.861,0.845,0.735,0.725,0.725,0.765,0.749,0.858,0.835,0.852,0.853,0.866,0.727,0.734,0.749,0.776,0.772,0.853,0.835,0.851,0.874,0.864,0.753,0.772,0.751,0.777,0.757
2026-06-01 22:20:00,0.738,0.749,0.773,0.785,0.79,0.764,0.795,0.848,0.839,0.858,0.822,0.877,0.886,0.792,0.79,0.82,0.86,0.829,0.687,0.747,0.762,0.759,0.735,0.791,0.865,0.839,0.88,0.844,0.715,0.739,0.738,0.761,0.743,0.823,0.849,0.819,0.861,0.866,0.752,0.741,0.753,0.784,0.788
2026-06-01 22:25:00,0.732,0.743,0.756,0.765,0.792,0.792,0.787,0.811,0.851,0.867,0.871,0.868,0.875,0.802,0.783,0.782,0.853,0.861,0.718,0.746,0.74,0.743,0.744,0.799,0.837,0.848,0.843,0.846,0.709,0.71,0.726,0.753,0.738,0.839,0.873,0.882,0.861,0.882,0.705,0.759,0.759,0.765,0.784
2026-06-01 22:30:00,0.693,0.762,0.745,0.769,0.787,0.764,0.79,0.819,0.84,0.834,0.86,0.864,0.863,0.781,0.781,0.776,0.847,0.836,0.715,0.729,0.744,0.744,0.742,0.787,0.783,0.854,0.831,0.845,0.714,0.713,0.719,0.746,0.747,0.835,0.857,0.831,0.849,0.857,0.728,0.741,0.765,0.737,0.781
2026-06-01 22:35:00,0.736,0.73,0.726,0.75,0.804,0.798,0.783,0.847,0.851,0.881,0.838,0.83,0.848,0.781,0.767,0.784,0.811,0.821,0.702,0.711,0.73,0.729,0.746,0.779,0.808,0.835,0.861,0.849,0.701,0.708,0.713,0.714,0.751,0.769,0.836,0.839,0.854,0.827,0.732,0.751,0.723,0.744,0.746
2026-06-01 22:40:00,0.703,0.741,0.715,0.757,0.758,0.764,0.781,0.789,0.821,0.851,0.864,0.887,0.858,0.774,0.766,0.788,0.787,0.857,0.732,0.72,0.751,0.725,0.749,0.779,0.799,0.79,0.854,0.823,0.688,0.725,0.71,0.743,0.733,0.832,0.841,0.848,0.855,0.87,0.732,0.757,0.744,0.75,0.758
2026-06-01 22:45:00,0.703,0.72,0.727,0.747,0.743,0.764,0.786,0.782,0.852,0.819,0.847,0.86,0.839,0.784,0.795,0.798,0.765,0.758,0.702,0.703,0.733,0.717,0.749,0.789,0.792,0.799,0.823,0.828,0.668,0.715,0.713,0.719,0.699,0.789,0.799,0.838,0.856,0.838,0.715,0.727,0.735,0.749,0.744
2026-06-01 22:50:00,0.715,0.703,0.712,0.768,0.78,0.782,0.805,0.788,0.829,0.84,0.865,0.838,0.876,0.757,0.785,0.752,0.767,0.79,0.687,0.711,0.712,0.716,0.723,0.803,0.793,0.781,0.789,0.847,0.685,0.726,0.716,0.712,0.708,0.777,0.773,0.839,0.822,0.838,0.708,0.75,0.75,0.757,0.742
2026-06-01 22:55:00,0.692,0.737,0.738,0.723,0.751,0.754,0.792,0.76,0.787,0.853,0.852,0.868,0.841,0.744,0.795,0.774,0.799,0.79,0.705,0.714,0.718,0.739,0.732,0.779,0.767,0.788,0.804,0.842,0.701,0.699,0.726,0.683,0.711,0.81,0.779,0.872,0.825,0.848,0.73,0.742,0.726,0.737,0.752
2026-06-01 23:00:00,0.679,0.7,0.721,0.742,0.761,0.724,0.774,0.814,0.812,0.847,0.859,0.847,0.884,0.782,0.778,0.787,0.79,0.787,0.683,0.705,0.73,0.75,0.724,0.754,0.791,0.744,0.807,0.803,0.673,0.698,0.687,0.708,0.687,0.806,0.794,0.789,0.814,0.853,0.726,0.696,0.758,0.748,0.745
2026-06-01 23:05:00,0.712,0.721,0.703,0.765,0.752,0.763,0.791,0.793,0.794,0.86,0.843,0.811,0.824,0.777,0.776,0.77,0.786,0.794,0.683,0.695,0.712,0.726,0.725,0.762,0.78,0.789,0.793,0.798,0.686,0.683,0.686,0.731,0.72,0.779,0.782,0.806,0.849,0.832,0.706,0.731,0.723,0.74,0.759
2026-06-01 23:10:00,0.7,0.687,0.709,0.721,0.745,0.738,0.768,0.764,0.781,0.809,0.786,0.819,0.873,0.742,0.78,0.773,0.784,0.786,0.705,0.677,0.705,0.705,0.695,0.776,0.77,0.798,0.792,0.764,0.676,0.666,0.697,0.688,0.718,0.803,0.789,0.797,0.797,0.864,0.699,0.7,0.721,0.728,0.722
2026-06-01 23:15:00,0.682,0.668,0.716,0.723,0.755,0.733,0.747,0.766,0.816,0.801,0.855,0.847,0.832,0.736,0.768,0.785,0.776,0.797,0.704,0.669,0.683,0.699,0.713,0.764,0.759,0.775,0.796,0.811,0.668,0.685,0.694,0.685,0.734,0.784,0.761,0.778,0.806,0.819,0.695,0.698,0.737,0.728,0.727
2026-06-01 23:20:00,0.711,0.681,0.699,0.705,0.742,0.76,0.755,0.783,0.809,0.801,0.84,0.836,0.849,0.751,0.767,0.771,0.776,0.765,0.668,0.667,0.685,0.695,0.737,0.751,0.76,0.79,0.777,0.803,0.685,0.685,0.656,0.697,0.718,0.78,0.783,0.776,0.758,0.782,0.672,0.715,0.723,0.733,0.717
2026-06-01 23:25:00,0.688,0.715,0.714,0.72,0.724,0.766,0.769,0.779,0.77,0.8,0.856,0.881,0.839,0.742,0.727,0.782,0.755,0.76,0.662,0.677,0.697,0.697,0.72,0.773,0.771,0.777,0.785,0.762,0.663,0.685,0.692,0.677,0.68,0.787,0.769,0.788,0.811,0.786,0.679,0.698,0.692,0.724,0.735
2026-06-01 23:30:00,0.672,0.73,0.698,0.737,0.739,0.752,0.77,0.777,0.764,0.799,0.791,0.836,0.871,0.756,0.749,0.735,0.776,0.795,0.666,0.69,0.677,0.696,0.698,0.748,0.743,0.778,0.755,0.794,0.662,0.666,0.646,0.683,0.7,0.765,0.776,0.778,0.772,0.797,0.695,0.694,0.706,0.682,0.706
2026-06-01 23:35:00,0.673,0.697,0.7,0.704,0.758,0.764,0.768,0.746,0.801,0.757,0.81,0.864,0.851,0.728,0.764,0.757,0.738,0.756,0.684,0.684,0.658,0.681,0.707,0.745,0.751,0.765,0.784,0.798,0.659,0.682,0.67,0.665,0.698,0.777,0.769,0.784,0.794,0.778,0.666,0.682,0.68,0.705,0.706
2026-06-01 23:40:00,0.694,0.653,0.694,0.699,0.736,0.739,0.773,0.746,0.778,0.797,0.779,0.855,0.854,0.735,0.75,0.748,0.755,0.757,0.669,0.651,0.663,0.655,0.698,0.75,0.754,0.786,0.754,0.759,0.654,0.667,0.66,0.701,0.679,0.766,0.753,0.781,0.791,0.779,0.669,0.677,0.698,0.707,0.728
2026-06-01 23:45:00,0.691,0.694,0.676,0.715,0.703,0.73,0.759,0.768,0.793,0.776,0.778,0.785,0.843,0.733,0.739,0.749,0.736,0.761,0.673,0.661,0.669,0.704,0.691,0.734,0.731,0.785,0.757,0.767,0.66,0.682,0.67,0.692,0.682,0.711,0.769,0.777,0.76,0.796,0.672,0.691,0.668,0.706,0.703
2026-06-01 23:50:00,0.655,0.66,0.667,0.695,0.688,0.716,0.762,0.751,0.795,0.786,0.784,0.786,0.831,0.739,0.742,0.751,0.731,0.767,0.675,0.647,0.692,0.665,0.69,0.727,0.741,0.746,0.787,0.771,0.667,0.677,0.66,0.671,0.694,0.764,0.757,0.775,0.791,0.787,0.688,0.692,0.676,0.683,0.726
2026-06-01 23:55:00,0.649,0.687,0.686,0.703,0.697,0.703,0.73,0.75,0.742,0.776,0.783,0.772,0.837,0.718,0.738,0.732,0.761,0.765,0.673,0.668,0.664,0.673,0.673,0.718,0.742,0.732,0.778,0.765,0.676,0.662,0.657,0.676,0.704,0.74,0.745,0.774,0.788,0.794,0.69,0.681,0.679,0.669,0.695
2026-06-02 00:00:00,0.68,0.655,0.679,0.695,0.717,0.712,0.717,0.743,0.75,0.772,0.784,0.778,0.782,0.723,0.738,0.753,0.706,0.765,0.679,0.68,0.682,0.656,0.664,0.716,0.751,0.748,0.758,0.754,0.673,0.67,0.666,0.672,0.668,0.741,0.768,0.775,0.763,0.791,0.66,0.657,0.682,0.692,0.69
2026-06-02 00:05:00,0.654,0.655,0.666,0.692,0.704,0.679,0.74,0.739,0.725,0.767,0.781,0.793,0.779,0.743,0.719,0.732,0.718,0.753,0.671,0.686,0.668,0.663,0.663,0.724,0.714,0.751,0.732,0.764,0.658,0.671,0.642,0.688,0.659,0.695,0.747,0.738,0.784,0.779,0.67,0.661,0.683,0.677,0.69
2026-06-02 00:10:00,0.64,0.658,0.677,0.667,0.678,0.702,0.705,0.726,0.746,0.739,0.753,0.782,0.783,0.704,0.707,0.738,0.755,0.756,0.669,0.681,0.684,0.668,0.675,0.747,0.731,0.729,0.746,0.752,0.653,0.672,0.642,0.672,0.653,0.734,0.742,0.763,0.743,0.784,0.686,0.664,0.687,0.678,0.67
2026-06-02 00:15:00,0.647,0.681,0.656,0.679,0.721,0.702,0.721,0.765,0.742,0.764,0.755,0.81,0.786,0.688,0.707,0.717,0.745,0.749,0.655,0.654,0.681,0.665,0.665,0.744,0.709,0.729,0.743,0.722,0.666,0.659,0.661,0.671,0.683,0.717,0.743,0.732,0.741,0.77,0.657,0.662,0.682,0.655,0.673
2026-06-02 00:20:00,0.676,0.67,0.678,0.654,0.712,0.721,0.709,0.744,0.736,0.734,0.788,0.813,0.805,0.725,0.707,0.73,0.719,0.743,0.67,0.672,0.659,0.668,0.663,0.698,0.732,0.733,0.734,0.733,0.67,0.666,0.662,0.674,0.655,0.719,0.738,0.757,0.725,0.757,0.665,0.651,0.675,0.675,0.687
2026-06-02 00:25:00,0.641,0.662,0.685,0.667,0.67,0.677,0.697,0.719,0.735,0.785,0.753,0.78,0.779,0.681,0.712,0.721,0.739,0.724,0.684,0.681,0.666,0.642,0.692,0.712,0.728,0.746,0.71,0.752,0.659,0.664,0.651,0.679,0.684,0.702,0.726,0.747,0.776,0.755,0.664,0.65,0.662,0.681,0.697
2026-06-02 00:30:00,0.666,0.65,0.67,0.674,0.643,0.708,0.685,0.719,0.743,0.753,0.768,0.764,0.765,0.674,0.708,0.705,0.743,0.731,0.661,0.65,0.674,0.648,0.669,0.708,0.715,0.725,0.724,0.749,0.682,0.677,0.67,0.691,0.669,0.674,0.734,0.738,0.724,0.741,0.668,0.664,0.638,0.646,0.671
2026-06-02 00:35:00,0.661,0.65,0.675,0.663,0.689,0.684,0.699,0.682,0.739,0.744,0.77,0.748,0.799,0.683,0.698,0.705,0.702,0.708,0.648,0.658,0.696,0.652,0.657,0.671,0.701,0.747,0.718,0.751,0.693,0.676,0.685,0.665,0.677,0.711,0.703,0.74,0.723,0.767,0.669,0.678,0.639,0.674,0.675
2026-06-02 00:40:00,0.682,0.663,0.683,0.653,0.685,0.673,0.685,0.715,0.737,0.746,0.727,0.774,0.768,0.706,0.686,0.672,0.716,0.719,0.678,0.682,0.653,0.645,0.674,0.703,0.697,0.709,0.731,0.722,0.695,0.659,0.673,0.677,0.672,0.727,0.702,0.713,0.749,0.729,0.665,0.68,0.683,0.68,0.675
2026-06-02 00:45:00,0.665,0.658,0.65,0.642,0.671,0.672,0.679,0.72,0.727,0.758,0.739,0.763,0.757,0.683,0.689,0.675,0.726,0.684,0.698,0.641,0.684,0.665,0.672,0.68,0.709,0.771,0.706,0.753,0.672,0.675,0.703,0.679,0.657,0.703,0.713,0.727,0.765,0.768,0.664,0.667,0.659,0.676,0.668
2026-06-02 00:50:00,0.71,0.676,0.657,0.656,0.667,0.672,0.711,0.703,0.725,0.744,0.74,0.776,0.766,0.675,0.676,0.679,0.676,0.682,0.681,0.665,0.662,0.653,0.653,0.693,0.69,0.693,0.687,0.74,0.688,0.681,0.693,0.659,0.661,0.708,0.699,0.728,0.722,0.75,0.67,0.658,0.672,0.653,0.666
2026-06-02 00:55:00,0.685,0.69,0.654,0.65,0.695,0.677,0.686,0.679,0.714,0.717,0.748,0.748,0.779,0.679,0.692,0.678,0.698,0.693,0.676,0.662,0.677,0.667,0.677,0.697,0.707,0.685,0.724,0.71,0.695,0.695,0.68,0.69,0.669,0.686,0.689,0.731,0.713,0.71,0.671,0.638,0.683,0.662,0.661
2026-06-02 01:00:00,0.7,0.671,0.657,0.669,0.621,0.668,0.664,0.677,0.724,0.698,0.745,0.753,0.782,0.662,0.668,0.666,0.689,0.706,0.7,0.669,0.656,0.669,0.661,0.685,0.694,0.686,0.68,0.709,0.696,0.686,0.67,0.685,0.682,0.696,0.696,0.712,0.744,0.724,0.713,0.681,0.671,0.67,0.679
2026-06-02 01:05:00,0.697,0.657,0.632,0.676,0.654,0.646,0.678,0.693,0.695,0.744,0.732,0.746,0.754,0.667,0.719,0.686,0.71,0.696,0.696,0.706,0.65,0.669,0.685,0.69,0.688,0.689,0.696,0.701,0.704,0.687,0.695,0.672,0.667,0.704,0.732,0.706,0.698,0.697,0.704,0.666,0.65,0.657,0.682
2026-06-02 01:10:00,0.693,0.664,0.667,0.687,0.659,0.656,0.688,0.68,0.679,0.699,0.741,0.743,0.744,0.659,0.66,0.67,0.671,0.714,0.687,0.694,0.688,0.652,0.669,0.694,0.658,0.678,0.691,0.694,0.706,0.697,0.684,0.681,0.663,0.702,0.686,0.716,0.704,0.716,0.678,0.677,0.644,0.678,0.678
2026-06-02 01:15:00,0.707,0.71,0.675,0.653,0.683,0.665,0.679,0.705,0.698,0.72,0.732,0.748,0.758,0.684,0.691,0.708,0.69,0.678,0.698,0.691,0.694,0.688,0.644,0.696,0.694,0.692,0.713,0.702,0.721,0.712,0.702,0.669,0.681,0.65,0.7,0.695,0.724,0.734,0.692,0.7,0.674,0.655,0.68
2026-06-02 01:20:00,0.672,0.695,0.68,0.67,0.673,0.672,0.668,0.684,0.714,0.711,0.728,0.719,0.747,0.657,0.654,0.668,0.679,0.695,0.716,0.667,0.689,0.689,0.696,0.655,0.669,0.662,0.68,0.692,0.747,0.729,0.682,0.72,0.69,0.701,0.674,0.702,0.7,0.728,0.693,0.686,0.672,0.662,0.656
2026-06-02 01:25:00,0.704,0.691,0.709,0.674,0.667,0.665,0.659,0.686,0.707,0.714,0.716,0.729,0.725,0.658,0.669,0.664,0.7,0.682,0.691,0.71,0.696,0.663,0.67,0.687,0.72,0.685,0.717,0.708,0.742,0.732,0.731,0.681,0.703,0.697,0.685,0.671,0.71,0.713,0.703,0.699,0.697,0.67,0.661
2026-06-02 01:30:00,0.711,0.724,0.688,0.666,0.66,0.666,0.657,0.668,0.665,0.711,0.682,0.729,0.741,0.694,0.666,0.645,0.646,0.679,0.713,0.696,0.681,0.7,0.69,0.677,0.671,0.676,0.668,0.699,0.757,0.721,0.736,0.702,0.706,0.694,0.661,0.69,0.689,0.71,0.707,0.688,0.7,0.67,0.679
2026-06-02 01:35:00,0.709,0.723,0.708,0.666,0.672,0.683,0.669,0.687,0.711,0.68,0.712,0.724,0.726,0.635,0.662,0.68,0.666,0.684,0.727,0.71,0.723,0.69,0.688,0.654,0.692,0.672,0.708,0.665,0.785,0.717,0.728,0.705,0.69,0.659,0.643,0.701,0.683,0.704,0.701,0.703,0.674,0.688,0.652
2026-06-02 01:40:00,0.739,0.705,0.709,0.672,0.68,0.663,0.679,0.643,0.661,0.701,0.725,0.725,0.71,0.646,0.663,0.692,0.68,0.688,0.73,0.725,0.722,0.7,0.665,0.644,0.653,0.673,0.654,0.69,0.741,0.787,0.744,0.723,0.706,0.665,0.676,0.693,0.672,0.662,0.696,0.697,0.696,0.681,0.675
2026-06-02 01:45:00,0.745,0.698,0.71,0.69,0.645,0.658,0.659,0.649,0.696,0.706,0.715,0.715,0.716,0.629,0.646,0.668,0.676,0.644,0.714,0.725,0.696,0.713,0.669,0.662,0.657,0.656,0.691,0.663,0.765,0.758,0.742,0.706,0.692,0.668,0.662,0.682,0.692,0.73,0.737,0.712,0.685,0.705,0.662
2026-06-02 01:50:00,0.73,0.723,0.691,0.698,0.641,0.668,0.657,0.671,0.672,0.685,0.691,0.701,0.711,0.672,0.634,0.641,0.661,0.645,0.737,0.721,0.733,0.719,0.74,0.664,0.692,0.644,0.684,0.664,0.742,0.774,0.748,0.713,0.721,0.652,0.687,0.694,0.681,0.675,0.741,0.713,0.697,0.687,0.69
2026-06-02 01:55:00,0.755,0.733,0.661,0.7,0.695,0.67,0.672,0.679,0.694,0.685,0.706,0.707,0.726,0.67,0.673,0.674,0.667,0.66,0.726,0.738,0.723,0.703,0.665,0.665,0.646,0.671,0.668,0.665,0.744,0.761,0.768,0.734,0.706,0.654,0.671,0.644,0.688,0.696,0.748,0.715,0.706,0.702,0.667
2026-06-02 02:00:00,0.768,0.759,0.7,0.707,0.682,0.665,0.655,0.657,0.671,0.663,0.667,0.684,0.702,0.688,0.661,0.653,0.667,0.65,0.757,0.741,0.734,0.713,0.727,0.679,0.668,0.653,0.65,0.665,0.778,0.777,0.744,0.725,0.714,0.685,0.663,0.662,0.676,0.669,0.759,0.721,0.714,0.671,0.676
2026-06-02 02:05:00,0.777,0.733,0.719,0.701,0.681,0.683,0.655,0.661,0.641,0.692,0.662,0.708,0.692,0.673,0.66,0.67,0.666,0.645,0.762,0.755,0.738,0.722,0.709,0.686,0.688,0.658,0.672,0.645,0.762,0.778,0.758,0.748,0.743,0.675,0.658,0.658,0.685,0.683,0.732,0.723,0.734,0.692,0.691
2026-06-02 02:10:00,0.761,0.743,0.729,0.687,0.682,0.664,0.658,0.66,0.66,0.678,0.681,0.666,0.716,0.685,0.672,0.688,0.647,0.661,0.77,0.763,0.759,0.714,0.736,0.672,0.667,0.653,0.683,0.655,0.806,0.768,0.747,0.746,0.737,0.684,0.661,0.648,0.676,0.66,0.766,0.733,0.732,0.726,0.702
2026-06-02 02:15:00,0.771,0.767,0.726,0.715,0.69,0.666,0.711,0.643,0.68,0.685,0.679,0.684,0.68,0.668,0.664,0.668,0.678,0.662,0.791,0.777,0.741,0.743,0.73,0.667,0.652,0.677,0.64,0.671,0.808,0.811,0.777,0.75,0.743,0.673,0.647,0.642,0.637,0.638,0.76,0.731,0.743,0.699,0.699
2026-06-02 02:20:00,0.799,0.743,0.747,0.735,0.711,0.698,0.672,0.676,0.661,0.665,0.702,0.693,0.698,0.682,0.67,0.681,0.663,0.689,0.774,0.765,0.738,0.756,0.757,0.7,0.671,0.687,0.682,0.656,0.794,0.788,0.761,0.805,0.736,0.657,0.673,0.685,0.661,0.687,0.762,0.754,0.733,0.744,0.693
2026-06-02 02:25:00,0.77,0.752,0.737,0.727,0.673,0.687,0.682,0.645,0.665,0.684,0.674,0.69,0.721,0.677,0.693,0.673,0.667,0.654,0.813,0.779,0.777,0.763,0.741,0.65,0.675,0.666,0.684,0.678,0.827,0.785,0.772,0.761,0.811,0.641,0.667,0.659,0.652,0.658,0.756,0.788,0.729,0.72,0.705
2026-06-02 02:30:00,0.814,0.77,0.761,0.749,0.74,0.698,0.666,0.669,0.659,0.643,0.667,0.68,0.665,0.704,0.706,0.677,0.656,0.685,0.803,0.789,0.753,0.773,0.74,0.716,0.66,0.657,0.64,0.685,0.791,0.791,0.776,0.787,0.761,0.678,0.672,0.652,0.645,0.658,0.778,0.749,0.722,0.698,0.713
2026-06-02 02:35:00,0.837,0.729,0.751,0.723,0.738,0.708,0.686,0.655,0.667,0.644,0.675,0.689,0.703,0.723,0.715,0.708,0.676,0.688,0.794,0.798,0.779,0.785,0.757,0.69,0.655,0.685,0.668,0.671,0.823,0.795,0.816,0.766,0.761,0.664,0.69,0.647,0.643,0.612,0.798,0.77,0.749,0.741,0.718
2026-06-02 02:40:00,0.806,0.748,0.756,0.76,0.725,0.709,0.691,0.697,0.675,0.659,0.699,0.685,0.685,0.687,0.707,0.689,0.678,0.674,0.784,0.789,0.782,0.759,0.744,0.669,0.685,0.676,0.665,0.655,0.858,0.818,0.8,0.76,0.791,0.671,0.67,0.655,0.658,0.651,0.804,0.791,0.746,0.744,0.724
2026-06-02 02:45:00,0.807,0.79,0.788,0.756,0.716,0.724,0.688,0.653,0.645,0.651,0.66,0.683,0.682,0.712,0.694,0.722,0.683,0.683,0.816,0.804,0.786,0.755,0.749,0.718,0.678,0.693,0.675,0.674,0.815,0.809,0.798,0.802,0.776,0.689,0.672,0.69,0.691,0.653,0.841,0.78,0.762,0.762,0.771
2026-06-02 02:50:00,0.801,0.819,0.762,0.763,0.727,0.716,0.692,0.663,0.702,0.682,0.646,0.676,0.685,0.725,0.705,0.666,0.676,0.645,0.822,0.809,0.79,0.786,0.764,0.699,0.704,0.686,0.667,0.661,0.848,0.839,0.806,0.788,0.796,0.67,0.706,0.665,0.645,0.661,0.84,0.782,0.774,0.747,0.763
2026-06-02 02:55:00,0.81,0.791,0.77,0.751,0.724,0.704,0.71,0.668,0.658,0.666,0.694,0.666,0.644,0.721,0.721,0.693,0.691,0.691,0.832,0.814,0.843,0.822,0.783,0.708,0.691,0.697,0.679,0.688,0.863,0.839,0.819,0.82,0.795,0.691,0.663,0.686,0.664,0.669,0.789,0.815,0.777,0.74,0.752
2026-06-02 03:00:00,0.831,0.807,0.778,0.761,0.733,0.738,0.682,0.694,0.676,0.685,0.642,0.676,0.676,0.736,0.712,0.712,0.7,0.668,0.832,0.809,0.84,0.82,0.78,0.696,0.687,0.678,0.696,0.674,0.842,0.822,0.82,0.814,0.785,0.699,0.69,0.677,0.655,0.653,0.848,0.823,0.792,0.755,0.766
2026-06-02 03:05:00,0.818,0.837,0.784,0.745,0.727,0.742,0.736,0.711,0.658,0.688,0.673,0.657,0.658,0.715,0.727,0.706,0.702,0.687,0.817,0.835,0.834,0.795,0.822,0.729,0.692,0.684,0.7,0.689,0.882,0.865,0.825,0.817,0.823,0.713,0.672,0.68,0.679,0.626,0.831,0.812,0.77,0.782,0.748
2026-06-02 03:10:00,0.83,0.822,0.795,0.791,0.763,0.734,0.741,0.704,0.679,0.706,0.662,0.68,0.67,0.749,0.728,0.699,0.71,0.704,0.834,0.869,0.819,0.827,0.8,0.726,0.719,0.687,0.698,0.675,0.834,0.866,0.845,0.807,0.84,0.707,0.697,0.687,0.697,0.655,0.821,0.829,0.791,0.806,0.754
2026-06-02 03:15:00,0.875,0.821,0.808,0.794,0.758,0.736,0.731,0.71,0.703,0.668,0.663,0.659,0.686,0.738,0.736,0.707,0.715,0.679,0.838,0.818,0.802,0.824,0.807,0.739,0.73,0.691,0.701,0.696,0.842,0.831,0.815,0.819,0.796,0.717,0.724,0.683,0.677,0.641,0.819,0.834,0.797,0.777,0.758
2026-06-02 03:20:00,0.866,0.831,0.805,0.77,0.747,0.72,0.705,0.723,0.672,0.675,0.661,0.684,0.668,0.781,0.73,0.722,0.739,0.702,0.844,0.858,0.823,0.806,0.812,0.726,0.728,0.731,0.709,0.684,0.878,0.873,0.859,0.838,0.834,0.739,0.687,0.674,0.661,0.677,0.845,0.822,0.787,0.795,0.762
2026-06-02 03:25:00,0.885,0.844,0.809,0.802,0.8,0.768,0.728,0.714,0.698,0.658,0.674,0.661,0.661,0.746,0.755,0.718,0.731,0.718,0.865,0.863,0.857,0.835,0.803,0.742,0.71,0.729,0.715,0.696,0.857,0.866,0.866,0.876,0.82,0.726,0.714,0.706,0.705,0.687,0.856,0.823,0.8,0.818,0.777
2026-06-02 03:30:00,0.88,0.84,0.827,0.798,0.788,0.78,0.768,0.705,0.743,0.703,0.684,0.65,0.68,0.776,0.742,0.742,0.732,0.709,0.857,0.854,0.84,0.844,0.808,0.736,0.734,0.749,0.687,0.722,0.868,0.853,0.847,0.873,0.809,0.712,0.733,0.707,0.684,0.674,0.837,0.803,0.843,0.809,0.785
2026-06-02 03:35:00,0.857,0.836,0.853,0.797,0.808,0.772,0.783,0.734,0.708,0.716,0.652,0.645,0.687,0.781,0.778,0.741,0.741,0.719,0.878,0.841,0.873,0.857,0.816,0.747,0.764,0.736,0.724,0.699,0.918,0.867,0.878,0.883,0.831,0.742,0.725,0.716,0.716,0.684,0.882,0.852,0.839,0.82,0.8
2026-06-02 03:40:00,0.908,0.858,0.834,0.827,0.782,0.756,0.776,0.738,0.72,0.708,0.697,0.668,0.656,0.796,0.734,0.754,0.72,0.714,0.874,0.885,0.829,0.843,0.823,0.755,0.736,0.738,0.709,0.697,0.909,0.861,0.873,0.86,0.858,0.728,0.712,0.689,0.676,0.671,0.88,0.823,0.849,0.804,0.807
2026-06-02 03:45:00,0.874,0.85,0.856,0.82,0.808,0.753,0.768,0.72,0.725,0.693,0.679,0.664,0.669,0.795,0.767,0.775,0.734,0.745,0.885,0.886,0.846,0.872,0.806,0.766,0.729,0.729,0.719,0.699,0.887,0.895,0.878,0.875,0.839,0.735,0.733,0.72,0.704,0.668,0.864,0.844,0.821,0.813,0.803
2026-06-02 03:50:00,0.905,0.875,0.839,0.845,0.818,0.809,0.778,0.744,0.702,0.697,0.689,0.686,0.675,0.77,0.784,0.771,0.755,0.724,0.86,0.867,0.861,0.836,0.866,0.753,0.776,0.756,0.706,0.728,0.9,0.9,0.867,0.847,0.844,0.756,0.741,0.717,0.716,0.675,0.818,0.889,0.888,0.854,0.841
2026-06-02 03:55:00,0.89,0.86,0.84,0.836,0.828,0.8,0.761,0.746,0.735,0.71,0.704,0.682,0.674,0.784,0.754,0.769,0.777,0.726,0.879,0.89,0.9,0.856,0.852,0.778,0.769,0.757,0.727,0.739,0.906,0.907,0.883,0.875,0.847,0.775,0.748,0.711,0.709,0.675,0.869,0.881,0.839,0.825,0.831
2026-06-02 04:00:00,0.886,0.898,0.87,0.844,0.783,0.789,0.789,0.751,0.729,0.725,0.693,0.673,0.687,0.817,0.762,0.777,0.765,0.761,0.944,0.874,0.892,0.856,0.841,0.789,0.778,0.765,0.748,0.751,0.909,0.903,0.902,0.919,0.858,0.771,0.728,0.734,0.72,0.728,0.874,0.869,0.867,0.816,0.822
2026-06-02 04:05:00,0.861,0.879,0.878,0.854,0.827,0.794,0.792,0.756,0.737,0.716,0.702,0.681,0.68,0.807,0.784,0.79,0.781,0.762,0.905,0.933,0.858,0.886,0.851,0.767,0.751,0.783,0.716,0.751,0.928,0.887,0.888,0.885,0.893,0.799,0.758,0.732,0.713,0.726,0.896,0.863,0.82,0.812,0.83
2026-06-02 04:10:00,0.881,0.882,0.868,0.837,0.835,0.827,0.768,0.778,0.76,0.742,0.721,0.7,0.671,0.792,0.811,0.763,0.77,0.775,0.875,0.878,0.913,0.889,0.869,0.809,0.789,0.756,0.756,0.752,0.906,0.913,0.883,0.885,0.892,0.781,0.767,0.732,0.72,0.73,0.901,0.876,0.866,0.868,0.859
2026-06-02 04:15:00,0.883,0.875,0.89,0.856,0.848,0.832,0.792,0.787,0.743,0.704,0.725,0.711,0.677,0.804,0.824,0.783,0.763,0.77,0.907,0.904,0.865,0.894,0.866,0.795,0.804,0.773,0.746,0.747,0.917,0.902,0.892,0.922,0.891,0.784,0.767,0.755,0.72,0.738,0.915,0.883,0.879,0.857,0.821
2026-06-02 04:20:00,0.925,0.894,0.875,0.879,0.843,0.826,0.837,0.799,0.765,0.759,0.715,0.691,0.706,0.834,0.816,0.806,0.809,0.777,0.878,0.92,0.876,0.855,0.87,0.78,0.773,0.782,0.766,0.772,0.895,0.928,0.907,0.906,0.868,0.781,0.752,0.739,0.742,0.747,0.902,0.898,0.871,0.872,0.85
2026-06-02 04:25:00,0.923,0.906,0.903,0.879,0.835,0.844,0.821,0.805,0.773,0.733,0.731,0.718,0.692,0.836,0.795,0.793,0.822,0.778,0.912,0.933,0.908,0.871,0.847,0.788,0.802,0.789,0.768,0.757,0.926,0.954,0.932,0.932,0.901,0.764,0.773,0.742,0.765,0.734,0.919,0.864,0.85,0.847,0.864
2026-06-02 04:30:00,0.907,0.902,0.884,0.889,0.85,0.821,0.809,0.784,0.777,0.759,0.734,0.74,0.723,0.824,0.837,0.835,0.818,0.795,0.915,0.919,0.936,0.884,0.91,0.827,0.792,0.781,0.788,0.772,0.937,0.914,0.894,0.919,0.868,0.819,0.79,0.788,0.771,0.739,0.895,0.861,0.885,0.884,0.858
2026-06-02 04:35:00,0.926,0.879,0.872,0.877,0.847,0.836,0.814,0.784,0.78,0.766,0.722,0.731,0.699,0.853,0.854,0.825,0.832,0.791,0.925,0.939,0.91,0.925,0.898,0.832,0.795,0.796,0.804,0.792,0.935,0.931,0.92,0.905,0.882,0.823,0.785,0.77,0.755,0.767,0.889,0.895,0.885,0.859,0.868
2026-06-02 04:40:00,0.892,0.894,0.907,0.913,0.864,0.814,0.811,0.809,0.772,0.76,0.742,0.729,0.702,0.846,0.84,0.821,0.815,0.803,0.919,0.902,0.918,0.939,0.889,0.836,0.832,0.796,0.819,0.788,0.934,0.926,0.929,0.933,0.93,0.835,0.781,0.795,0.775,0.786,0.897,0.883,0.874,0.865,0.895
2026-06-02 04:45:00,0.909,0.947,0.902,0.882,0.858,0.848,0.832,0.806,0.805,0.798,0.756,0.727,0.72,0.866,0.855,0.799,0.825,0.803,0.929,0.892,0.916,0.921,0.901,0.835,0.846,0.794,0.793,0.779,0.911,0.921,0.927,0.893,0.895,0.818,0.798,0.814,0.8,0.759,0.916,0.913,0.905,0.882,0.888
2026-06-02 04:50:00,0.944,0.915,0.907,0.888,0.876,0.888,0.839,0.811,0.803,0.788,0.756,0.71,0.731,0.885,0.833,0.833,0.821,0.797,0.934,0.925,0.944,0.928,0.918,0.815,0.836,0.82,0.796,0.795,0.966,0.903,0.924,0.9,0.916,0.819,0.806,0.798,0.791,0.77,0.908,0.915,0.9,0.891,0.884
2026-06-02 04:55:00,0.935,0.946,0.895,0.905,0.881,0.904,0.82,0.812,0.798,0.792,0.779,0.753,0.712,0.876,0.864,0.824,0.837,0.834,0.902,0.932,0.904,0.872,0.912,0.841,0.797,0.811,0.823,0.792,0.912,0.931,0.904,0.886,0.904,0.849,0.778,0.804,0.777,0.776,0.937,0.893,0.907,0.897,0.879
2026-06-02 05:00:00,0.947,0.923,0.916,0.895,0.883,0.878,0.841,0.842,0.837,0.813,0.761,0.743,0.76,0.9,0.866,0.839,0.821,0.826,0.913,0.934,0.949,0.935,0.933,0.857,0.838,0.803,0.807,0.808,0.934,0.925,0.937,0.882,0.902,0.819,0.814,0.813,0.825,0.77,0.911,0.939,0.879,0.888,0.904
2026-06-02 05:05:00,0.93,0.927,0.895,0.934,0.876,0.858,0.839,0.856,0.831,0.81,0.77,0.755,0.767,0.867,0.855,0.854,0.833,0.813,0.914,0.959,0.92,0.932,0.917,0.869,0.864,0.841,0.83,0.805,0.916,0.932,0.908,0.942,0.935,0.852,0.821,0.834,0.788,0.783,0.909,0.895,0.899,0.915,0.911
2026-06-02 05:10:00,0.962,0.905,0.93,0.934,0.878,0.87,0.872,0.844,0.845,0.82,0.773,0.779,0.755,0.867,0.894,0.885,0.851,0.853,0.929,0.938,0.925,0.927,0.944,0.866,0.844,0.832,0.855,0.819,0.918,0.924,0.913,0.904,0.92,0.849,0.841,0.824,0.837,0.779,0.956,0.915,0.915,0.882,0.902
2026-06-02 05:15:00,0.948,0.922,0.934,0.921,0.88,0.888,0.9,0.858,0.832,0.812,0.78,0.764,0.763,0.885,0.867,0.851,0.892,0.836,0.938,0.969,0.931,0.918,0.918,0.857,0.854,0.85,0.842,0.786,0.958,0.912,0.934,0.923,0.917,0.869,0.826,0.873,0.854,0.798,0.907,0.929,0.924,0.896,0.909
2026-06-02 05:20:00,0.95,0.947,0.925,0.935,0.909,0.871,0.85,0.879,0.852,0.824,0.788,0.767,0.77,0.881,0.898,0.863,0.85,0.861,0.923,0.93,0.93,0.962,0.896,0.858,0.871,0.829,0.858,0.85,0.933,0.982,0.957,0.948,0.903,0.883,0.858,0.828,0.801,0.811,0.95,0.952,0.908,0.923,0.897
2026-06-02 05:25:00,0.93,0.95,0.933,0.942,0.929,0.886,0.868,0.837,0.839,0.827,0.798,0.775,0.789,0.898,0.88,0.893,0.852,0.835,0.959,0.955,0.942,0.947,0.961,0.911,0.856,0.876,0.873,0.847,0.954,0.94,0.941,0.922,0.944,0.866,0.858,0.836,0.827,0.824,0.964,0.918,0.952,0.929,0.908
2026-06-02 05:30:00,0.935,0.939,0.919,0.92,0.895,0.907,0.899,0.843,0.851,0.808,0.806,0.786,0.759,0.911,0.902,0.905,0.883,0.86,0.925,0.933,0.935,0.936,0.907,0.897,0.898,0.859,0.85,0.847,0.995,0.914,0.939,0.938,0.938,0.865,0.877,0.837,0.811,0.823,0.943,0.937,0.931,0.922,0.899
2026-06-02 05:35:00,0.945,0.959,0.942,0.95,0.912,0.878,0.884,0.863,0.843,0.843,0.822,0.791,0.787,0.91,0.89,0.897,0.873,0.887,0.931,0.948,0.934,0.946,0.925,0.885,0.9,0.869,0.861,0.814,0.942,0.94,0.95,0.918,0.93,0.88,0.873,0.859,0.854,0.813,0.925,0.942,0.955,0.924,0.927
2026-06-02 05:40:00,0.932,0.964,0.976,0.927,0.948,0.876,0.901,0.892,0.874,0.833,0.82,0.811,0.767,0.933,0.901,0.91,0.891,0.87,0.949,0.938,0.944,0.93,0.927,0.871,0.878,0.862,0.851,0.881,0.934,0.932,0.927,0.947,0.916,0.891,0.85,0.89,0.846,0.83,0.957,0.93,0.927,0.909,0.929
2026-06-02 05:45:00,0.958,0.96,0.96,0.927,0.924,0.88,0.892,0.865,0.854,0.848,0.845,0.78,0.781,0.926,0.921,0.912,0.865,0.884,0.93,0.954,0.961,0.949,0.961,0.91,0.891,0.873,0.88,0.869,0.939,0.954,0.907,0.961,0.934,0.859,0.9,0.861,0.817,0.822,0.954,0.969,0.93,0.904,0.939
2026-06-02 05:50:00,0.953,0.949,0.937,0.972,0.935,0.917,0.915,0.872,0.893,0.834,0.825,0.812,0.782,0.876,0.888,0.892,0.88,0.885,0.956,0.913,0.959,0.908,0.941,0.933,0.897,0.897,0.869,0.892,0.933,0.94,0.934,0.938,0.936,0.858,0.888,0.893,0.835,0.844,0.961,0.937,0.952,0.952,0.934
2026-06-02 05:55:00,0.958,0.987,0.934,0.931,0.937,0.932,0.904,0.885,0.892,0.853,0.819,0.82,0.797,0.901,0.92,0.884,0.888,0.885,0.967,0.949,0.968,0.912,0.94,0.906,0.89,0.896,0.904,0.885,0.97,0.965,0.953,0.963,0.966,0.897,0.891,0.886,0.886,0.844,0.95,0.968,0.972,0.936,0.918
2026-06-02 06:00:00,0.964,0.934,0.95,0.929,0.914,0.94,0.908,0.896,0.886,0.866,0.829,0.842,0.816,0.944,0.898,0.926,0.87,0.903,0.929,0.937,0.935,0.937,0.913,0.915,0.893,0.894,0.895,0.878,0.964,0.963,0.939,0.971,0.927,0.862,0.883,0.863,0.852,0.882,0.928,0.954,0.953,0.91,0.943
2026-06-02 06:05:00,0.968,0.928,0.9,0.973,0.919,0.922,0.943,0.891,0.879,0.863,0.867,0.849,0.781,0.945,0.922,0.922,0.92,0.901,0.959,0.954,0.922,0.931,0.933,0.923,0.927,0.903,0.897,0.878,0.94,0.935,0.916,0.939,0.959,0.919,0.871,0.892,0.863,0.848,0.917,0.946,0.962,0.928,0.933
2026-06-02 06:10:00,0.942,0.92,0.935,0.952,0.898,0.955,0.925,0.895,0.92,0.857,0.848,0.822,0.799,0.922,0.881,0.904,0.906,0.891,0.938,0.945,0.931,0.942,0.951,0.925,0.906,0.927,0.891,0.875,0.964,0.942,0.932,0.928,0.932,0.901,0.91,0.898,0.89,0.849,0.938,0.937,0.959,0.961,0.92
2026-06-02 06:15:00,0.935,0.971,0.935,0.935,0.908,0.913,0.919,0.907,0.879,0.862,0.892,0.859,0.841,0.944,0.929,0.907,0.929,0.9,0.909,0.947,0.951,0.95,0.942,0.932,0.889,0.909,0.876,0.894,0.957,0.939,0.962,0.914,0.908,0.909,0.906,0.888,0.859,0.866,0.953,0.946,0.94,0.943,0.904
2026-06-02 06:20:00,0.909,0.96,0.936,0.947,0.947,0.918,0.899,0.933,0.869,0.89,0.877,0.863,0.818,0.963,0.943,0.934,0.918,0.906,0.935,0.949,0.95,0.928,0.923,0.968,0.906,0.905,0.882,0.889,0.941,0.918,0.919,0.944,0.955,0.931,0.914,0.889,0.872,0.853,0.965,0.981,0.953,0.959,0.909
2026-06-02 06:25:00,0.95,0.937,0.947,0.962,0.926,0.943,0.931,0.922,0.892,0.89,0.867,0.868,0.85,0.944,0.934,0.933,0.901,0.899,0.94,0.935,0.903,0.961,0.909,0.918,0.884,0.911,0.915,0.897,0.907,0.946,0.931,0.93,0.95,0.926,0.928,0.882,0.895,0.897,0.923,0.933,0.911,0.938,0.958
2026-06-02 06:30:00,0.927,0.958,0.96,0.937,0.942,0.925,0.952,0.907,0.908,0.884,0.881,0.851,0.813,0.931,0.941,0.919,0.886,0.915,0.936,0.936,0.953,0.899,0.942,0.93,0.927,0.924,0.881,0.886,0.944,0.93,0.956,0.931,0.948,0.932,0.894,0.899,0.905,0.897,0.923,0.94,0.945,0.989,0.973
2026-06-02 06:35:00,0.936,0.935,0.941,0.951,0.929,0.916,0.924,0.894,0.923,0.9,0.881,0.874,0.852,0.939,0.951,0.904,0.944,0.934,0.921,0.924,0.947,0.922,0.961,0.938,0.928,0.919,0.926,0.929,0.913,0.914,0.914,0.934,0.95,0.921,0.9,0.902,0.896,0.879,0.969,0.922,0.951,0.953,0.914
2026-06-02 06:40:00,0.926,0.953,0.919,0.933,0.946,0.944,0.925,0.942,0.908,0.91,0.89,0.869,0.86,0.925,0.942,0.941,0.926,0.931,0.926,0.939,0.922,0.932,0.947,0.941,0.927,0.933,0.918,0.909,0.929,0.922,0.919,0.916,0.908,0.9,0.879,0.936,0.885,0.879,0.939,0.978,0.952,0.937,0.917
2026-06-02 06:45:00,0.931,0.933,0.93,0.961,0.937,0.961,0.945,0.92,0.921,0.885,0.921,0.862,0.853,0.931,0.934,0.93,0.956,0.939,0.897,0.917,0.939,0.945,0.94,0.93,0.915,0.936,0.915,0.913,0.899,0.932,0.943,0.967,0.952,0.951,0.934,0.937,0.89,0.893,0.933,0.935,0.949,0.946,0.969
2026-06-02 06:50:00,0.937,0.926,0.949,0.934,0.935,0.942,0.921,0.904,0.937,0.911,0.894,0.87,0.845,0.944,0.929,0.942,0.938,0.921,0.921,0.939,0.905,0.938,0.928,0.92,0.958,0.911,0.915,0.909,0.896,0.895,0.912,0.919,0.917,0.877,0.897,0.926,0.888,0.894,0.916,0.94,0.946,0.956,0.939
2026-06-02 06:55:00,0.885,0.915,0.959,0.94,0.968,0.94,0.92,0.9,0.888,0.941,0.884,0.889,0.833,0.925,0.944,0.905,0.919,0.923,0.938,0.932,0.917,0.967,0.921,0.925,0.947,0.927,0.959,0.927,0.92,0.894,0.925,0.931,0.925,0.921,0.92,0.931,0.931,0.894,0.956,0.939,0.952,0.939,0.936
2026-06-02 07:00:00,0.904,0.914,0.935,0.958,0.938,0.91,0.933,0.909,0.944,0.901,0.901,0.875,0.884,0.934,0.958,0.931,0.93,0.926,0.889,0.917,0.904,0.956,0.927,0.962,0.904,0.92,0.92,0.947,0.897,0.902,0.939,0.919,0.971,0.93,0.942,0.929,0.948,0.912,0.947,0.929,0.955,0.935,0.914
2026-06-02 07:05:00,0.916,0.943,0.951,0.932,0.912,0.928,0.934,0.914,0.916,0.95,0.926,0.893,0.89,0.964,0.949,0.933,0.953,0.959,0.897,0.918,0.93,0.922,0.922,0.922,0.957,0.92,0.94,0.929,0.895,0.922,0.919,0.904,0.917,0.933,0.953,0.904,0.926,0.922,0.92,0.912,0.94,0.959,0.929
2026-06-02 07:10:00,0.905,0.925,0.891,0.928,0.95,0.944,0.911,0.918,0.889,0.956,0.909,0.879,0.899,0.927,0.938,0.941,0.953,0.919,0.927,0.943,0.926,0.936,0.959,0.942,0.938,0.959,0.952,0.928,0.916,0.932,0.898,0.926,0.916,0.946,0.917,0.942,0.921,0.935,0.934,0.928,0.957,0.92,0.963
2026-06-02 07:15:00,0.915,0.929,0.928,0.95,0.949,0.93,0.943,0.927,0.939,0.937,0.944,0.903,0.885,0.937,0.946,0.955,0.965,0.942,0.929,0.93,0.947,0.942,0.918,0.959,0.915,0.944,0.949,0.941,0.901,0.893,0.942,0.913,0.921,0.924,0.951,0.934,0.938,0.928,0.925,0.91,0.932,0.898,0.955
2026-06-02 07:20:00,0.892,0.946,0.94,0.941,0.958,0.934,0.967,0.945,0.925,0.936,0.864,0.917,0.909,0.95,0.96,0.943,0.946,0.985,0.919,0.889,0.924,0.924,0.927,0.928,0.953,0.947,0.928,0.939,0.913,0.865,0.921,0.888,0.92,0.945,0.933,0.944,0.912,0.923,0.909,0.953,0.97,0.909,0.921
2026-06-02 07:25:00,0.908,0.908,0.901,0.946,0.924,0.916,0.949,0.923,0.948,0.96,0.916,0.913,0.909,0.923,0.935,0.942,0.927,0.894,0.897,0.907,0.925,0.931,0.917,0.95,0.97,0.956,0.93,0.933,0.893,0.887,0.897,0.9,0.905,0.95,0.953,0.932,0.909,0.947,0.936,0.928,0.951,0.961,0.926
2026-06-02 07:30:00,0.936,0.892,0.932,0.921,0.971,0.929,0.945,0.969,0.957,0.918,0.913,0.919,0.916,0.95,0.921,0.939,0.923,0.945,0.9,0.896,0.903,0.94,0.928,0.915,0.943,0.965,0.944,0.956,0.89,0.936,0.906,0.905,0.911,0.943,0.91,0.924,0.942,0.951,0.888,0.941,0.931,0.933,0.981
2026-06-02 07:35:00,0.91,0.909,0.931,0.933,0.908,0.93,0.904,0.915,0.947,0.907,0.939,0.932,0.9,0.94,0.913,0.926,0.926,0.955,0.896,0.879,0.909,0.914,0.904,0.906,0.935,0.962,0.945,0.911,0.873,0.886,0.91,0.896,0.9,0.938,0.933,0.921,0.917,0.906,0.88,0.925,0.943,0.938,0.943
2026-06-02 07:40:00,0.901,0.922,0.923,0.924,0.946,0.96,0.959,0.945,0.952,0.946,0.948,0.907,0.886,0.926,0.923,0.923,0.947,0.949,0.936,0.88,0.884,0.921,0.918,0.932,0.932,0.973,0.932,0.934,0.915,0.847,0.885,0.881,0.913,0.907,0.949,0.938,0.943,0.93,0.895,0.924,0.921,0.905,0.921
2026-06-02 07:45:00,0.882,0.913,0.905,0.903,0.925,0.936,0.945,0.933,0.926,0.957,0.898,0.9,0.912,0.926,0.932,0.959,0.971,0.927,0.898,0.902,0.901,0.899,0.922,0.949,0.933,0.926,0.968,0.939,0.864,0.904,0.897,0.849,0.911,0.931,0.92,0.925,0.971,0.907,0.911,0.894,0.922,0.951,0.912
2026-06-02 07:50:00,0.882,0.891,0.892,0.928,0.94,0.927,0.933,0.913,0.947,0.941,0.934,0.935,0.94,0.932,0.918,0.918,0.973,0.939,0.886,0.892,0.906,0.893,0.924,0.917,0.944,0.936,0.949,0.962,0.881,0.862,0.898,0.902,0.915,0.918,0.938,0.981,0.941,0.92,0.923,0.917,0.895,0.912,0.918
2026-06-02 07:55:00,0.856,0.887,0.911,0.91,0.956,0.92,0.963,0.947,0.965,0.933,0.934,0.891,0.924,0.953,0.985,0.961,0.945,0.929,0.883,0.913,0.862,0.884,0.912,0.949,0.959,0.933,0.955,0.966,0.846,0.886,0.845,0.901,0.9,0.972,0.979,0.934,0.916,0.958,0.879,0.891,0.907,0.937,0.934
2026-06-02 08:00:00,0.886,0.897,0.913,0.941,0.931,0.924,0.934,0.935,0.953,0.937,0.925,0.929,0.905,0.938,0.917,0.942,0.96,0.912,0.886,0.858,0.894,0.923,0.879,0.944,0.953,0.939,0.948,0.956,0.864,0.871,0.877,0.855,0.907,0.925,0.959,0.903,0.957,0.933,0.919,0.934,0.922,0.923,0.906
2026-06-02 08:05:00,0.896,0.889,0.897,0.927,0.936,0.922,0.881,0.938,0.945,0.972,0.935,0.919,0.927,0.899,0.911,0.938,0.91,0.963,0.895,0.876,0.873,0.91,0.921,0.949,0.959,0.959,0.954,0.958,0.894,0.907,0.857,0.9,0.92,0.94,0.933,0.914,0.954,0.952,0.875,0.882,0.921,0.93,0.934
2026-06-02 08:10:00,0.859,0.878,0.904,0.915,0.947,0.957,0.907,0.954,0.921,0.926,0.954,0.922,0.955,0.917,0.907,0.926,0.93,0.963,0.866,0.875,0.886,0.878,0.884,0.935,0.944,0.94,0.93,0.955,0.863,0.864,0.894,0.895,0.902,0.972,0.924,0.959,0.929,0.955,0.891,0.88,0.897,0.896,0.915
2026-06-02 08:15:00,0.863,0.894,0.899,0.901,0.918,0.95,0.937,0.904,0.943,0.911,0.939,0.981,0.922,0.906,0.958,0.913,0.916,0.943,0.885,0.858,0.903,0.919,0.902,0.909,0.93,0.937,0.955,0.933,0.841,0.861,0.849,0.877,0.899,0.925,0.95,0.925,0.96,0.933,0.862,0.873,0.905,0.903,0.888
2026-06-02 08:20:00,0.845,0.891,0.865,0.905,0.921,0.951,0.95,0.926,0.907,0.939,0.932,0.978,0.943,0.937,0.939,0.922,0.9,0.92,0.835,0.892,0.885,0.891,0.886,0.915,0.933,0.967,0.968,0.942,0.848,0.869,0.878,0.876,0.882,0.978,0.932,0.925,0.958,0.946,0.905,0.873,0.902,0.906,0.924
2026-06-02 08:25:00,0.853,0.859,0.883,0.864,0.908,0.891,0.902,0.97,0.935,0.938,0.934,0.962,0.961,0.919,0.907,0.951,0.903,0.92,0.866,0.898,0.883,0.891,0.851,0.923,0.919,0.941,0.919,0.928,0.861,0.872,0.864,0.879,0.895,0.954,0.959,0.928,0.931,0.968,0.885,0.88,0.909,0.887,0.901
2026-06-02 08:30:00,0.863,0.858,0.864,0.862,0.877,0.928,0.909,0.928,0.945,0.977,0.927,0.938,0.947,0.904,0.914,0.888,0.923,0.902,0.849,0.85,0.893,0.847,0.915,0.902,0.943,0.946,0.949,0.938,0.847,0.862,0.844,0.876,0.848,0.935,0.915,0.944,0.922,0.946,0.855,0.903,0.877,0.884,0.889
2026-06-02 08:35:00,0.834,0.867,0.897,0.875,0.917,0.919,0.919,0.946,0.938,0.918,0.921,0.949,0.959,0.89,0.934,0.917,0.928,0.932,0.861,0.834,0.871,0.885,0.877,0.91,0.909,0.914,0.923,0.951,0.866,0.851,0.855,0.89,0.918,0.916,0.945,0.935,0.933,0.968,0.876,0.882,0.893,0.894,0.919
2026-06-02 08:40:00,0.887,0.878,0.896,0.877,0.894,0.923,0.895,0.919,0.937,0.936,0.947,0.94,0.942,0.93,0.917,0.916,0.946,0.931,0.869,0.843,0.856,0.862,0.88,0.905,0.955,0.923,0.92,0.958,0.832,0.858,0.864,0.867,0.882,0.922,0.935,0.93,0.915,0.894,0.85,0.882,0.856,0.901,0.874
2026-06-02 08:45:00,0.858,0.828,0.87,0.871,0.867,0.91,0.924,0.912,0.957,0.948,0.946,0.925,0.935,0.909,0.89,0.905,0.922,0.917,0.847,0.847,0.853,0.881,0.874,0.928,0.91,0.934,0.894,0.949,0.85,0.821,0.859,0.845,0.902,0.973,0.935,0.961,0.951,0.936,0.883,0.839,0.861,0.892,0.877
2026-06-02 08:50:00,0.853,0.839,0.847,0.873,0.905,0.927,0.902,0.913,0.953,0.932,0.959,0.966,0.954,0.903,0.886,0.921,0.924,0.933,0.842,0.844,0.838,0.882,0.889,0.9,0.929,0.944,0.914,0.927,0.857,0.838,0.859,0.867,0.902,0.902,0.932,0.966,0.943,0.93,0.909,0.867,0.832,0.884,0.884
2026-06-02 08:55:00,0.828,0.862,0.893,0.875,0.891,0.903,0.897,0.959,0.931,0.919,0.934,0.952,0.942,0.893,0.893,0.906,0.892,0.917,0.814,0.823,0.85,0.851,0.878,0.912,0.908,0.937,0.917,0.926,0.835,0.837,0.829,0.872,0.861,0.91,0.948,0.912,0.933,0.952,0.872,0.825,0.847,0.884,0.875
2026-06-02 09:00:00,0.835,0.851,0.852,0.866,0.891,0.905,0.879,0.904,0.943,0.901,0.971,0.94,0.944,0.919,0.915,0.887,0.893,0.934,0.831,0.868,0.869,0.858,0.865,0.9,0.933,0.922,0.931,0.923,0.825,0.857,0.843,0.88,0.852,0.912,0.914,0.943,0.947,0.943,0.864,0.881,0.855,0.855,0.891
2026-06-02 09:05:00,0.883,0.864,0.872,0.862,0.873,0.879,0.907,0.963,0.9,0.941,0.938,0.946,0.941,0.877,0.902,0.919,0.887,0.912,0.819,0.872,0.853,0.841,0.841,0.868,0.915,0.933,0.939,0.898,0.827,0.861,0.875,0.852,0.863,0.907,0.915,0.908,0.947,0.921,0.828,0.809,0.842,0.871,0.86
2026-06-02 09:10:00,0.803,0.823,0.869,0.851,0.866,0.913,0.91,0.925,0.904,0.929,0.918,0.947,0.932,0.876,0.928,0.916,0.911,0.924,0.854,0.847,0.837,0.842,0.863,0.906,0.905,0.942,0.938,0.917,0.819,0.839,0.847,0.835,0.869,0.933,0.928,0.923,0.934,0.917,0.858,0.869,0.895,0.862,0.87
2026-06-02 09:15:00,0.839,0.86,0.834,0.885,0.876,0.883,0.9,0.874,0.92,0.948,0.914,0.922,0.934,0.869,0.88,0.858,0.91,0.907,0.821,0.858,0.823,0.861,0.867,0.908,0.907,0.907,0.898,0.891,0.828,0.843,0.838,0.826,0.851,0.883,0.905,0.9,0.893,0.914,0.826,0.86,0.847,0.859,0.878
2026-06-02 09:20:00,0.816,0.848,0.848,0.86,0.87,0.891,0.907,0.907,0.933,0.944,0.968,0.921,0.927,0.884,0.89,0.867,0.911,0.904,0.835,0.817,0.832,0.853,0.825,0.884,0.893,0.917,0.921,0.923,0.84,0.824,0.839,0.867,0.862,0.892,0.97,0.919,0.924,0.931,0.816,0.84,0.846,0.827,0.894
2026-06-02 09:25:00,0.843,0.866,0.856,0.849,0.921,0.893,0.895,0.884,0.917,0.94,0.939,0.894,0.953,0.889,0.887,0.886,0.884,0.885,0.855,0.815,0.848,0.858,0.826,0.896,0.865,0.896,0.903,0.908,0.833,0.83,0.844,0.852,0.833,0.897,0.932,0.914,0.946,0.901,0.814,0.855,0.83,0.877,0.875
2026-06-02 09:30:00,0.829,0.826,0.894,0.829,0.872,0.875,0.873,0.922,0.925,0.915,0.923,0.959,0.894,0.854,0.929,0.924,0.89,0.886,0.843,0.837,0.835,0.838,0.875,0.911,0.895,0.916,0.936,0.957,0.813,0.833,0.843,0.838,0.838,0.904,0.914,0.917,0.915,0.919,0.857,0.865,0.867,0.879,0.849
2026-06-02 09:35:00,0.847,0.827,0.855,0.842,0.855,0.86,0.868,0.899,0.849,0.924,0.94,0.913,0.94,0.876,0.906,0.881,0.903,0.901,0.828,0.841,0.847,0.837,0.866,0.887,0.898,0.884,0.9,0.897,0.844,0.843,0.846,0.858,0.858,0.892,0.913,0.891,0.928,0.928,0.854,0.846,0.872,0.843,0.871
2026-06-02 09:40:00,0.842,0.831,0.869,0.856,0.856,0.886,0.871,0.876,0.923,0.937,0.961,0.915,0.933,0.878,0.914,0.885,0.848,0.909,0.83,0.836,0.885,0.813,0.839,0.898,0.89,0.918,0.902,0.902,0.823,0.831,0.851,0.829,0.825,0.883,0.902,0.934,0.938,0.935,0.846,0.821,0.858,0.855,0.848
2026-06-02 09:45:00,0.865,0.852,0.861,0.847,0.843,0.863,0.889,0.914,0.905,0.903,0.882,0.912,0.907,0.852,0.883,0.883,0.901,0.884,0.81,0.832,0.832,0.852,0.847,0.869,0.9,0.903,0.88,0.89,0.796,0.813,0.814,0.825,0.82,0.871,0.889,0.919,0.911,0.952,0.855,0.85,0.852,0.852,0.849
2026-06-02 09:50:00,0.826,0.853,0.843,0.872,0.83,0.834,0.854,0.889,0.864,0.924,0.913,0.913,0.915,0.872,0.878,0.85,0.875,0.872,0.852,0.825,0.811,0.814,0.845,0.86,0.882,0.883,0.911,0.92,0.825,0.827,0.832,0.846,0.838,0.886,0.887,0.892,0.9,0.896,0.846,0.861,0.814,0.813,0.83
2026-06-02 09:55:00,0.829,0.837,0.819,0.852,0.863,0.874,0.867,0.869,0.902,0.88,0.916,0.914,0.915,0.905,0.835,0.871,0.88,0.888,0.828,0.832,0.815,0.85,0.84,0.87,0.834,0.879,0.897,0.879,0.814,0.856,0.819,0.812,0.828,0.9,0.92,0.897,0.907,0.915,0.816,0.852,0.852,0.837,0.84
2026-06-02 10:00:00,0.836,0.82,0.853,0.835,0.841,0.863,0.887,0.879,0.889,0.864,0.903,0.927,0.951,0.878,0.868,0.85,0.905,0.881,0.807,0.856,0.841,0.834,0.845,0.866,0.887,0.883,0.863,0.921,0.831,0.817,0.805,0.845,0.813,0.861,0.886,0.905,0.896,0.906,0.84,0.811,0.838,0.812,0.841
2026-06-02 10:05:00,0.844,0.813,0.813,0.835,0.83,0.823,0.867,0.877,0.909,0.912,0.9,0.911,0.91,0.888,0.861,0.873,0.867,0.884,0.836,0.808,0.822,0.831,0.867,0.869,0.884,0.863,0.848,0.888,0.851,0.822,0.82,0.843,0.844,0.908,0.874,0.904,0.916,0.923,0.832,0.82,0.846,0.846,0.855
2026-06-02 10:10:00,0.809,0.826,0.87,0.829,0.876,0.851,0.867,0.864,0.886,0.891,0.927,0.911,0.912,0.828,0.88,0.859,0.831,0.874,0.825,0.823,0.829,0.816,0.827,0.87,0.884,0.88,0.87,0.885,0.808,0.822,0.831,0.814,0.857,0.858,0.878,0.879,0.871,0.88,0.829,0.817,0.832,0.855,0.842
2026-06-02 10:15:00,0.811,0.811,0.848,0.823,0.843,0.829,0.841,0.881,0.889,0.908,0.882,0.884,0.944,0.877,0.866,0.865,0.869,0.863,0.805,0.808,0.826,0.831,0.832,0.842,0.867,0.873,0.891,0.884,0.81,0.839,0.8,0.835,0.822,0.879,0.887,0.888,0.885,0.89,0.819,0.836,0.857,0.813,0.834
2026-06-02 10:20:00,0.814,0.819,0.804,0.834,0.825,0.844,0.852,0.866,0.846,0.907,0.891,0.914,0.9,0.856,0.858,0.849,0.891,0.867,0.793,0.826,0.83,0.851,0.855,0.824,0.842,0.875,0.872,0.883,0.83,0.803,0.868,0.831,0.805,0.886,0.833,0.878,0.9,0.889,0.835,0.84,0.815,0.858,0.821
2026-06-02 10:25:00,0.813,0.836,0.829,0.868,0.838,0.838,0.873,0.847,0.866,0.896,0.9,0.874,0.921,0.845,0.852,0.836,0.849,0.837,0.834,0.824,0.835,0.833,0.812,0.839,0.842,0.892,0.858,0.886,0.816,0.819,0.808,0.837,0.826,0.886,0.868,0.887,0.891,0.879,0.842,0.807,0.815,0.839,0.837
2026-06-02 10:30:00,0.822,0.824,0.835,0.833,0.835,0.836,0.872,0.831,0.852,0.88,0.899,0.911,0.934,0.84,0.823,0.844,0.876,0.876,0.845,0.802,0.843,0.812,0.832,0.892,0.863,0.842,0.852,0.886,0.847,0.82,0.827,0.851,0.843,0.857,0.813,0.864,0.882,0.898,0.814,0.822,0.822,0.827,0.818
2026-06-02 10:35:00,0.835,0.844,0.812,0.876,0.87,0.857,0.872,0.866,0.874,0.884,0.872,0.905,0.91,0.843,0.859,0.836,0.837,0.884,0.836,0.811,0.829,0.817,0.829,0.847,0.847,0.857,0.886,0.86,0.805,0.831,0.818,0.828,0.838,0.836,0.871,0.879,0.886,0.888,0.842,0.81,0.834,0.837,0.834
2026-06-02 10:40:00,0.825,0.822,0.833,0.842,0.85,0.842,0.843,0.82,0.882,0.841,0.895,0.904,0.912,0.845,0.863,0.847,0.854,0.842,0.806,0.807,0.838,0.832,0.828,0.82,0.865,0.855,0.843,0.888,0.818,0.827,0.809,0.794,0.818,0.818,0.842,0.86,0.894,0.886,0.812,0.807,0.828,0.827,0.819
2026-06-02 10:45:00,0.809,0.814,0.816,0.858,0.838,0.819,0.851,0.845,0.849,0.876,0.904,0.89,0.886,0.855,0.84,0.826,0.833,0.862,0.807,0.815,0.802,0.809,0.844,0.821,0.863,0.874,0.869,0.875,0.849,0.828,0.816,0.811,0.81,0.911,0.839,0.856,0.873,0.845,0.849,0.836,0.804,0.826,0.837
2026-06-02 10:50:00,0.811,0.806,0.811,0.877,0.832,0.85,0.827,0.831,0.845,0.849,0.882,0.923,0.901,0.817,0.862,0.84,0.862,0.857,0.801,0.815,0.813,0.825,0.822,0.837,0.851,0.872,0.858,0.862,0.833,0.796,0.831,0.803,0.829,0.865,0.832,0.866,0.869,0.886,0.815,0.827,0.818,0.821,0.821
2026-06-02 10:55:00,0.819,0.834,0.828,0.824,0.822,0.845,0.858,0.809,0.854,0.886,0.897,0.842,0.893,0.833,0.835,0.849,0.833,0.864,0.841,0.827,0.817,0.804,0.828,0.834,0.83,0.878,0.863,0.857,0.834,0.802,0.795,0.851,0.822,0.864,0.873,0.869,0.85,0.859,0.834,0.837,0.852,0.805,0.842
2026-06-02 11:00:00,0.8,0.819,0.833,0.821,0.829,0.864,0.817,0.869,0.845,0.876,0.87,0.894,0.857,0.841,0.82,0.849,0.834,0.86,0.831,0.822,0.83,0.84,0.836,0.864,0.832,0.835,0.858,0.817,0.827,0.818,0.832,0.828,0.821,0.834,0.85,0.869,0.858,0.86,0.831,0.836,0.844,0.826,0.834
2026-06-02 11:05:00,0.814,0.819,0.811,0.825,0.844,0.785,0.856,0.855,0.855,0.877,0.876,0.884,0.892,0.837,0.853,0.836,0.846,0.81,0.809,0.822,0.822,0.847,0.819,0.816,0.858,0.845,0.847,0.828,0.829,0.798,0.81,0.821,0.826,0.837,0.879,0.849,0.819,0.886,0.809,0.841,0.83,0.826,0.816
2026-06-02 11:10:00,0.835,0.808,0.83,0.804,0.815,0.847,0.835,0.83,0.847,0.853,0.833,0.887,0.868,0.843,0.818,0.795,0.849,0.863,0.823,0.831,0.83,0.831,0.842,0.828,0.83,0.836,0.823,0.838,0.787,0.83,0.806,0.837,0.813,0.814,0.881,0.839,0.844,0.863,0.811,0.792,0.827,0.807,0.825
2026-06-02 11:15:00,0.817,0.815,0.826,0.83,0.815,0.827,0.832,0.812,0.857,0.852,0.854,0.852,0.871,0.824,0.84,0.831,0.835,0.841,0.842,0.813,0.842,0.824,0.846,0.844,0.808,0.832,0.841,0.817,0.855,0.808,0.83,0.837,0.813,0.833,0.858,0.844,0.873,0.855,0.842,0.809,0.793,0.82,0.84
2026-06-02 11:20:00,0.833,0.802,0.833,0.812,0.836,0.847,0.814,0.832,0.864,0.863,0.863,0.829,0.863,0.826,0.852,0.846,0.859,0.833,0.814,0.811,0.809,0.791,0.81,0.844,0.855,0.846,0.872,0.839,0.832,0.831,0.813,0.822,0.848,0.838,0.812,0.843,0.867,0.858,0.831,0.821,0.841,0.853,0.847
2026-06-02 11:25:00,0.837,0.812,0.818,0.827,0.798,0.828,0.834,0.826,0.859,0.875,0.856,0.876,0.884,0.837,0.823,0.822,0.846,0.833,0.818,0.811,0.824,0.815,0.821,0.841,0.81,0.85,0.83,0.834,0.84,0.822,0.798,0.826,0.794,0.817,0.844,0.859,0.846,0.837,0.836,0.82,0.827,0.827,0.821
2026-06-02 11:30:00,0.823,0.832,0.801,0.819,0.826,0.804,0.81,0.847,0.831,0.87,0.848,0.843,0.87,0.829,0.832,0.787,0.822,0.845,0.82,0.846,0.831,0.839,0.832,0.852,0.832,0.827,0.85,0.838,0.856,0.791,0.832,0.804,0.818,0.833,0.86,0.868,0.868,0.846,0.803,0.838,0.821,0.802,0.843
2026-06-02 11:35:00,0.822,0.816,0.804,0.794,0.829,0.819,0.832,0.838,0.852,0.839,0.837,0.88,0.859,0.82,0.844,0.833,0.847,0.847,0.828,0.811,0.841,0.828,0.815,0.82,0.846,0.831,0.85,0.839,0.808,0.844,0.805,0.829,0.831,0.858,0.817,0.84,0.828,0.827,0.816,0.829,0.828,0.826,0.828
2026-06-02 11:40:00,0.869,0.838,0.822,0.838,0.811,0.815,0.834,0.859,0.843,0.845,0.845,0.892,0.867,0.835,0.817,0.834,0.826,0.813,0.814,0.816,0.827,0.819,0.809,0.811,0.851,0.826,0.823,0.849,0.826,0.834,0.82,0.838,0.823,0.835,0.822,0.814,0.845,0.861,0.825,0.817,0.816,0.855,0.821
2026-06-02 11:45:00,0.828,0.809,0.85,0.815,0.82,0.826,0.833,0.818,0.839,0.863,0.868,0.863,0.897,0.832,0.84,0.815,0.822,0.823,0.807,0.858,0.838,0.848,0.835,0.803,0.812,0.835,0.825,0.83,0.836,0.852,0.834,0.826,0.825,0.85,0.836,0.859,0.853,0.841,0.819,0.836,0.85,0.827,0.814
2026-06-02 11:50:00,0.821,0.795,0.854,0.802,0.815,0.831,0.865,0.804,0.814,0.813,0.817,0.846,0.888,0.807,0.84,0.841,0.833,0.802,0.825,0.835,0.817,0.809,0.812,0.823,0.852,0.844,0.845,0.847,0.828,0.81,0.823,0.824,0.834,0.829,0.831,0.811,0.873,0.853,0.841,0.813,0.791,0.84,0.836
2026-06-02 11:55:00,0.843,0.812,0.803,0.809,0.818,0.808,0.832,0.831,0.84,0.835,0.818,0.862,0.831,0.848,0.835,0.815,0.814,0.859,0.831,0.809,0.828,0.807,0.821,0.821,0.832,0.821,0.798,0.85,0.831,0.829,0.824,0.828,0.838,0.827,0.812,0.83,0.835,0.847,0.824,0.86,0.786,0.819,0.855
2026-06-02 12:00:00,0.86,0.832,0.791,0.82,0.801,0.816,0.852,0.822,0.796,0.843,0.868,0.825,0.839,0.843,0.841,0.828,0.79,0.828,0.819,0.818,0.805,0.835,0.842,0.814,0.82,0.827,0.834,0.814,0.817,0.823,0.86,0.825,0.842,0.837,0.815,0.828,0.822,0.848,0.824,0.822,0.845,0.791,0.807
2026-06-02 12:05:00,0.804,0.813,0.815,0.809,0.801,0.824,0.835,0.818,0.827,0.838,0.845,0.846,0.876,0.837,0.804,0.828,0.835,0.85,0.85,0.803,0.801,0.835,0.822,0.833,0.801,0.838,0.855,0.832,0.814,0.819,0.811,0.821,0.833,0.829,0.844,0.846,0.841,0.84,0.813,0.796,0.822,0.815,0.821
2026-06-02 12:10:00,0.809,0.835,0.817,0.805,0.818,0.81,0.831,0.822,0.819,0.831,0.847,0.843,0.857,0.825,0.816,0.829,0.817,0.83,0.849,0.823,0.851,0.827,0.801,0.828,0.822,0.849,0.818,0.848,0.847,0.887,0.803,0.817,0.844,0.808,0.837,0.813,0.836,0.848,0.813,0.829,0.802,0.804,0.826
2026-06-02 12:15:00,0.851,0.833,0.85,0.825,0.835,0.818,0.846,0.819,0.849,0.821,0.849,0.817,0.841,0.81,0.866,0.824,0.838,0.832,0.861,0.834,0.823,0.829,0.823,0.825,0.824,0.823,0.809,0.824,0.827,0.808,0.828,0.837,0.829,0.843,0.81,0.818,0.828,0.832,0.837,0.806,0.821,0.829,0.838
2026-06-02 12:20:00,0.826,0.83,0.818,0.837,0.82,0.836,0.818,0.839,0.819,0.815,0.821,0.849,0.832,0.812,0.827,0.79,0.83,0.803,0.818,0.823,0.817,0.824,0.836,0.841,0.809,0.831,0.832,0.828,0.815,0.832,0.822,0.835,0.818,0.844,0.827,0.828,0.842,0.86,0.816,0.825,0.816,0.824,0.811
2026-06-02 12:25:00,0.812,0.833,0.786,0.821,0.835,0.83,0.811,0.802,0.816,0.834,0.844,0.796,0.835,0.821,0.812,0.842,0.823,0.832,0.832,0.833,0.856,0.814,0.823,0.797,0.802,0.819,0.823,0.807,0.831,0.836,0.849,0.832,0.818,0.779,0.829,0.819,0.813,0.836,0.818,0.818,0.787,0.818,0.835
2026-06-02 12:30:00,0.842,0.815,0.843,0.837,0.82,0.832,0.833,0.827,0.838,0.812,0.847,0.838,0.857,0.801,0.832,0.822,0.811,0.829,0.84,0.853,0.792,0.853,0.798,0.829,0.804,0.81,0.805,0.828,0.808,0.845,0.83,0.806,0.817,0.808,0.813,0.836,0.845,0.822,0.843,0.81,0.84,0.789,0.807
2026-06-02 12:35:00,0.821,0.845,0.841,0.827,0.811,0.841,0.83,0.809,0.829,0.844,0.852,0.84,0.838,0.815,0.828,0.799,0.852,0.822,0.837,0.814,0.825,0.796,0.847,0.817,0.809,0.842,0.83,0.831,0.837,0.841,0.844,0.813,0.844,0.837,0.803,0.822,0.851,0.828,0.847,0.861,0.833,0.843,0.827
2026-06-02 12:40:00,0.837,0.83,0.803,0.813,0.832,0.816,0.824,0.846,0.811,0.804,0.819,0.839,0.848,0.82,0.845,0.838,0.823,0.809,0.843,0.864,0.806,0.853,0.821,0.794,0.816,0.816,0.814,0.802,0.851,0.827,0.84,0.85,0.815,0.789,0.841,0.866,0.831,0.833,0.824,0.805,0.828,0.843,0.803
2026-06-02 12:45:00,0.845,0.819,0.844,0.845,0.819,0.809,0.789,0.828,0.811,0.827,0.817,0.838,0.825,0.812,0.845,0.847,0.792,0.818,0.831,0.825,0.841,0.865,0.829,0.85,0.816,0.82,0.825,0.814,0.846,0.843,0.829,0.847,0.84,0.828,0.84,0.793,0.815,0.845,0.823,0.824,0.822,0.83,0.844
2026-06-02 12:50:00,0.828,0.816,0.809,0.831,0.798,0.803,0.831,0.816,0.813,0.825,0.821,0.802,0.832,0.838,0.846,0.809,0.835,0.825,0.859,0.861,0.853,0.803,0.851,0.797,0.845,0.818,0.854,0.817,0.854,0.859,0.833,0.816,0.847,0.828,0.803,0.842,0.814,0.837,0.836,0.812,0.807,0.836,0.824
2026-06-02 12:55:00,0.851,0.837,0.84,0.827,0.806,0.81,0.838,0.813,0.837,0.821,0.834,0.844,0.829,0.804,0.817,0.82,0.817,0.812,0.83,0.82,0.822,0.847,0.836,0.825,0.823,0.838,0.809,0.821,0.853,0.82,0.86,0.821,0.817,0.849,0.831,0.827,0.79,0.861,0.841,0.83,0.815,0.822,0.806
2026-06-02 13:00:00,0.873,0.804,0.844,0.839,0.806,0.825,0.8,0.844,0.822,0.809,0.853,0.818,0.803,0.833,0.839,0.84,0.812,0.829,0.857,0.837,0.805,0.85,0.83,0.825,0.792,0.821,0.818,0.814,0.837,0.84,0.846,0.857,0.842,0.81,0.811,0.826,0.849,0.849,0.834,0.83,0.851,0.835,0.82
2026-06-02 13:05:00,0.847,0.84,0.805,0.812,0.843,0.819,0.819,0.822,0.827,0.83,0.85,0.847,0.833,0.798,0.836,0.806,0.835,0.819,0.844,0.88,0.847,0.851,0.823,0.795,0.826,0.843,0.788,0.822,0.831,0.835,0.819,0.836,0.833,0.801,0.802,0.781,0.802,0.839,0.867,0.853,0.828,0.828,0.821
2026-06-02 13:10:00,0.863,0.823,0.823,0.826,0.834,0.814,0.826,0.842,0.831,0.824,0.813,0.849,0.828,0.802,0.822,0.839,0.842,0.82,0.853,0.852,0.845,0.854,0.822,0.829,0.829,0.837,0.813,0.822,0.841,0.849,0.839,0.852,0.835,0.815,0.822,0.824,0.81,0.831,0.847,0.816,0.836,0.774,0.841
2026-06-02 13:15:00,0.845,0.812,0.872,0.828,0.811,0.829,0.798,0.831,0.797,0.822,0.839,0.804,0.843,0.836,0.794,0.831,0.824,0.802,0.832,0.844,0.822,0.853,0.802,0.815,0.831,0.832,0.824,0.824,0.832,0.861,0.86,0.837,0.843,0.831,0.82,0.806,0.831,0.817,0.854,0.869,0.806,0.826,0.827
2026-06-02 13:20:00,0.827,0.859,0.834,0.842,0.829,0.84,0.806,0.779,0.835,0.828,0.821,0.771,0.839,0.831,0.824,0.821,0.815,0.819,0.858,0.824,0.862,0.815,0.835,0.838,0.811,0.819,0.809,0.807,0.854,0.914,0.88,0.842,0.835,0.835,0.819,0.819,0.818,0.813,0.849,0.852,0.824,0.848,0.82
2026-06-02 13:25:00,0.84,0.862,0.839,0.858,0.806,0.822,0.809,0.819,0.82,0.822,0.824,0.845,0.816,0.815,0.833,0.803,0.807,0.791,0.816,0.846,0.821,0.856,0.852,0.814,0.816,0.838,0.832,0.811,0.855,0.893,0.829,0.868,0.854,0.815,0.827,0.785,0.827,0.817,0.83,0.839,0.826,0.829,0.814
2026-06-02 13:30:00,0.833,0.835,0.837,0.831,0.83,0.833,0.837,0.832,0.819,0.819,0.83,0.827,0.821,0.815,0.815,0.834,0.8,0.809,0.857,0.845,0.826,0.863,0.847,0.805,0.844,0.817,0.831,0.831,0.852,0.845,0.849,0.873,0.864,0.809,0.86,0.827,0.852,0.808,0.827,0.834,0.848,0.813,0.852
2026-06-02 13:35:00,0.869,0.844,0.826,0.861,0.846,0.834,0.842,0.84,0.818,0.817,0.813,0.828,0.802,0.846,0.809,0.833,0.843,0.831,0.885,0.831,0.818,0.846,0.825,0.818,0.822,0.837,0.829,0.819,0.842,0.892,0.881,0.837,0.866,0.83,0.84,0.816,0.823,0.816,0.864,0.815,0.827,0.849,0.84
2026-06-02 13:40:00,0.836,0.813,0.847,0.831,0.809,0.851,0.834,0.82,0.81,0.82,0.819,0.834,0.805,0.872,0.826,0.814,0.808,0.806,0.841,0.863,0.87,0.824,0.855,0.794,0.841,0.824,0.803,0.811,0.874,0.811,0.848,0.848,0.847,0.828,0.816,0.815,0.845,0.816,0.869,0.83,0.82,0.837,0.816
2026-06-02 13:45:00,0.868,0.838,0.864,0.832,0.837,0.832,0.821,0.79,0.831,0.833,0.807,0.832,0.833,0.847,0.838,0.832,0.804,0.846,0.873,0.863,0.874,0.827,0.86,0.83,0.826,0.801,0.835,0.82,0.879,0.854,0.852,0.836,0.862,0.831,0.832,0.809,0.825,0.827,0.864,0.842,0.849,0.827,0.803
2026-06-02 13:50:00,0.88,0.853,0.86,0.826,0.85,0.849,0.853,0.822,0.816,0.841,0.806,0.823,0.833,0.846,0.826,0.82,0.821,0.853,0.86,0.841,0.852,0.855,0.831,0.828,0.839,0.819,0.811,0.834,0.887,0.863,0.862,0.826,0.833,0.831,0.853,0.812,0.835,0.822,0.854,0.855,0.836,0.829,0.863
2026-06-02 13:55:00,0.877,0.862,0.833,0.831,0.843,0.836,0.832,0.824,0.843,0.825,0.808,0.819,0.828,0.861,0.815,0.823,0.836,0.811,0.863,0.84,0.853,0.873,0.859,0.84,0.819,0.834,0.821,0.82,0.86,0.858,0.881,0.857,0.858,0.819,0.818,0.824,0.814,0.816,0.86,0.848,0.856,0.846,0.843
2026-06-02 14:00:00,0.862,0.877,0.808,0.824,0.832,0.847,0.841,0.851,0.824,0.832,0.814,0.836,0.829,0.856,0.858,0.842,0.825,0.838,0.852,0.889,0.853,0.875,0.853,0.822,0.859,0.815,0.845,0.834,0.89,0.881,0.867,0.885,0.881,0.829,0.84,0.857,0.804,0.825,0.859,0.823,0.832,0.843,0.863
2026-06-02 14:05:00,0.88,0.857,0.871,0.849,0.845,0.83,0.819,0.832,0.827,0.797,0.811,0.816,0.832,0.837,0.855,0.8,0.812,0.836,0.904,0.866,0.872,0.841,0.853,0.805,0.847,0.838,0.798,0.825,0.902,0.867,0.859,0.835,0.887,0.832,0.806,0.83,0.797,0.832,0.859,0.844,0.84,0.865,0.848
2026-06-02 14:10:00,0.88,0.879,0.84,0.848,0.851,0.805,0.821,0.834,0.817,0.855,0.841,0.819,0.812,0.83,0.833,0.848,0.846,0.809,0.879,0.876,0.86,0.854,0.844,0.821,0.85,0.831,0.805,0.84,0.887,0.874,0.855,0.844,0.891,0.81,0.795,0.836,0.814,0.84,0.878,0.87,0.844,0.834,0.85
2026-06-02 14:15:00,0.89,0.853,0.868,0.847,0.834,0.828,0.867,0.833,0.814,0.805,0.838,0.831,0.804,0.864,0.84,0.828,0.813,0.828,0.895,0.86,0.864,0.901,0.872,0.828,0.846,0.823,0.828,0.846,0.879,0.881,0.866,0.858,0.88,0.847,0.831,0.84,0.821,0.826,0.877,0.862,0.833,0.828,0.825
2026-06-02 14:20:00,0.861,0.881,0.848,0.835,0.847,0.825,0.823,0.833,0.801,0.812,0.823,0.806,0.813,0.825,0.842,0.838,0.852,0.843,0.891,0.891,0.862,0.855,0.876,0.875,0.839,0.831,0.845,0.811,0.878,0.892,0.893,0.891,0.868,0.838,0.793,0.829,0.829,0.86,0.894,0.884,0.827,0.836,0.857
2026-06-02 14:25:00,0.874,0.863,0.844,0.854,0.843,0.833,0.842,0.833,0.846,0.841,0.848,0.822,0.807,0.818,0.846,0.855,0.819,0.85,0.876,0.848,0.886,0.886,0.87,0.812,0.822,0.837,0.849,0.836,0.926,0.91,0.879,0.89,0.874,0.842,0.829,0.842,0.841,0.804,0.904,0.855,0.869,0.84,0.863
2026-06-02 14:30:00,0.888,0.891,0.866,0.858,0.858,0.86,0.813,0.864,0.856,0.83,0.81,0.822,0.828,0.845,0.83,0.856,0.844,0.816,0.876,0.87,0.897,0.869,0.87,0.843,0.825,0.833,0.788,0.838,0.905,0.897,0.907,0.872,0.866,0.831,0.833,0.833,0.826,0.817,0.868,0.858,0.858,0.844,0.887
2026-06-02 14:35:00,0.865,0.876,0.894,0.875,0.857,0.854,0.833,0.857,0.805,0.833,0.792,0.803,0.829,0.863,0.86,0.825,0.863,0.836,0.874,0.869,0.909,0.878,0.825,0.837,0.849,0.836,0.849,0.819,0.893,0.877,0.894,0.875,0.841,0.843,0.819,0.828,0.846,0.821,0.891,0.868,0.838,0.869,0.847
2026-06-02 14:40:00,0.887,0.912,0.859,0.827,0.894,0.854,0.821,0.84,0.805,0.825,0.81,0.826,0.826,0.814,0.861,0.845,0.821,0.818,0.893,0.875,0.824,0.839,0.894,0.838,0.839,0.837,0.828,0.84,0.909,0.889,0.896,0.904,0.898,0.847,0.864,0.845,0.818,0.825,0.883,0.88,0.878,0.853,0.864
2026-06-02 14:45:00,0.888,0.875,0.883,0.849,0.873,0.858,0.833,0.835,0.853,0.839,0.851,0.802,0.828,0.838,0.851,0.838,0.82,0.832,0.918,0.897,0.883,0.863,0.851,0.846,0.859,0.83,0.841,0.824,0.86,0.929,0.893,0.881,0.869,0.87,0.806,0.844,0.821,0.815,0.857,0.867,0.878,0.846,0.857
2026-06-02 14:50:00,0.896,0.856,0.849,0.879,0.878,0.846,0.85,0.837,0.826,0.814,0.836,0.832,0.803,0.84,0.848,0.85,0.84,0.866,0.914,0.895,0.882,0.88,0.89,0.845,0.871,0.855,0.856,0.821,0.926,0.87,0.865,0.906,0.914,0.848,0.85,0.864,0.825,0.829,0.874,0.903,0.879,0.855,0.865
2026-06-02 14:55:00,0.897,0.871,0.87,0.855,0.854,0.855,0.813,0.824,0.847,0.85,0.82,0.817,0.827,0.853,0.831,0.835,0.832,0.828,0.888,0.919,0.888,0.872,0.883,0.83,0.841,0.832,0.847,0.826,0.893,0.904,0.894,0.896,0.886,0.824,0.827,0.837,0.837,0.846,0.869,0.873,0.886,0.879,0.879
2026-06-02 15:00:00,0.904,0.888,0.879,0.877,0.86,0.883,0.849,0.868,0.86,0.852,0.81,0.848,0.821,0.87,0.853,0.861,0.878,0.858,0.909,0.884,0.858,0.883,0.891,0.85,0.802,0.849,0.842,0.845,0.899,0.902,0.877,0.898,0.914,0.85,0.844,0.837,0.82,0.851,0.898,0.873,0.893,0.873,0.88
2026-06-02 15:05:00,0.927,0.912,0.903,0.876,0.853,0.832,0.856,0.838,0.84,0.829,0.842,0.84,0.817,0.9,0.856,0.874,0.834,0.847,0.904,0.873,0.848,0.891,0.864,0.855,0.821,0.867,0.857,0.821,0.898,0.909,0.861,0.908,0.9,0.812,0.856,0.815,0.845,0.821,0.903,0.879,0.887,0.866,0.875
2026-06-02 15:10:00,0.931,0.896,0.865,0.856,0.865,0.851,0.84,0.851,0.854,0.865,0.829,0.817,0.833,0.863,0.867,0.839,0.859,0.829,0.909,0.899,0.89,0.916,0.881,0.826,0.847,0.836,0.846,0.828,0.934,0.945,0.906,0.911,0.883,0.829,0.847,0.86,0.819,0.851,0.88,0.882,0.873,0.89,0.857
2026-06-02 15:15:00,0.863,0.907,0.874,0.881,0.844,0.863,0.865,0.866,0.807,0.832,0.856,0.82,0.804,0.888,0.888,0.841,0.827,0.834,0.919,0.89,0.9,0.898,0.9,0.846,0.854,0.85,0.841,0.849,0.933,0.909,0.869,0.911,0.893,0.85,0.847,0.827,0.84,0.833,0.945,0.93,0.858,0.89,0.924
2026-06-02 15:20:00,0.899,0.912,0.863,0.879,0.878,0.853,0.85,0.839,0.841,0.81,0.871,0.831,0.811,0.885,0.846,0.855,0.829,0.856,0.917,0.884,0.869,0.889,0.881,0.868,0.86,0.851,0.841,0.844,0.92,0.892,0.896,0.898,0.881,0.841,0.811,0.842,0.831,0.825,0.9,0.91,0.862,0.876,0.873
2026-06-02 15:25:00,0.912,0.904,0.883,0.882,0.865,0.891,0.863,0.832,0.858,0.807,0.859,0.835,0.803,0.885,0.857,0.847,0.855,0.865,0.882,0.921,0.904,0.884,0.912,0.813,0.876,0.851,0.878,0.853,0.962,0.883,0.888,0.883,0.903,0.852,0.871,0.879,0.87,0.85,0.924,0.901,0.884,0.89,0.873
2026-06-02 15:30:00,0.893,0.897,0.896,0.875,0.878,0.853,0.873,0.83,0.867,0.827,0.84,0.846,0.819,0.876,0.861,0.853,0.831,0.83,0.936,0.889,0.916,0.871,0.876,0.904,0.837,0.839,0.871,0.845,0.917,0.895,0.929,0.9,0.886,0.865,0.854,0.839,0.839,0.814,0.891,0.881,0.898,0.875,0.863
2026-06-02 15:35:00,0.91,0.898,0.876,0.893,0.859,0.865,0.863,0.854,0.888,0.844,0.828,0.843,0.864,0.871,0.846,0.867,0.853,0.858,0.862,0.9,0.885,0.883,0.906,0.838,0.894,0.84,0.871,0.857,0.875,0.904,0.918,0.906,0.904,0.878,0.846,0.823,0.838,0.824,0.892,0.908,0.87,0.872,0.868
2026-06-02 15:40:00,0.94,0.911,0.895,0.88,0.887,0.897,0.892,0.876,0.855,0.845,0.841,0.844,0.823,0.859,0.891,0.865,0.874,0.858,0.922,0.89,0.918,0.929,0.902,0.862,0.867,0.862,0.867,0.88,0.931,0.878,0.894,0.91,0.887,0.868,0.866,0.843,0.829,0.827,0.905,0.912,0.896,0.886,0.881
2026-06-02 15:45:00,0.911,0.94,0.874,0.872,0.902,0.914,0.912,0.857,0.826,0.852,0.83,0.844,0.851,0.898,0.861,0.87,0.856,0.841,0.912,0.89,0.898,0.89,0.897,0.876,0.903,0.863,0.847,0.849,0.916,0.898,0.909,0.904,0.934,0.874,0.844,0.839,0.86,0.84,0.905,0.904,0.904,0.886,0.883
2026-06-02 15:50:00,0.936,0.934,0.885,0.91,0.865,0.878,0.882,0.899,0.84,0.847,0.865,0.843,0.829,0.857,0.874,0.866,0.86,0.842,0.931,0.918,0.893,0.908,0.901,0.87,0.891,0.848,0.865,0.826,0.929,0.906,0.932,0.91,0.883,0.869,0.872,0.873,0.866,0.859,0.922,0.884,0.908,0.894,0.894
2026-06-02 15:55:00,0.924,0.92,0.929,0.903,0.905,0.887,0.903,0.88,0.885,0.859,0.81,0.845,0.853,0.885,0.915,0.865,0.903,0.843,0.926,0.926,0.908,0.906,0.907,0.87,0.869,0.876,0.852,0.838,0.939,0.927,0.971,0.904,0.902,0.858,0.863,0.878,0.868,0.862,0.925,0.921,0.906,0.874,0.904
2026-06-02 16:00:00,0.903,0.91,0.91,0.912,0.879,0.883,0.914,0.887,0.877,0.837,0.845,0.816,0.825,0.883,0.903,0.847,0.862,0.877,0.934,0.945,0.894,0.901,0.923,0.885,0.86,0.884,0.886,0.87,0.957,0.963,0.939,0.926,0.902,0.869,0.871,0.865,0.842,0.876,0.898,0.914,0.911,0.918,0.882
2026-06-02 16:05:00,0.942,0.933,0.918,0.913,0.902,0.885,0.899,0.861,0.892,0.857,0.838,0.849,0.858,0.851,0.875,0.867,0.875,0.906,0.908,0.905,0.908,0.919,0.927,0.9,0.864,0.873,0.88,0.855,0.918,0.9,0.905,0.939,0.919,0.889,0.879,0.84,0.866,0.852,0.929,0.939,0.919,0.874,0.901
2026-06-02 16:10:00,0.915,0.92,0.9,0.924,0.902,0.883,0.91,0.876,0.847,0.856,0.85,0.844,0.849,0.905,0.896,0.882,0.871,0.863,0.93,0.893,0.895,0.906,0.91,0.901,0.886,0.876,0.873,0.855,0.932,0.943,0.902,0.933,0.893,0.898,0.873,0.87,0.85,0.864,0.936,0.911,0.904,0.897,0.93
2026-06-02 16:15:00,0.929,0.916,0.891,0.91,0.931,0.903,0.921,0.883,0.857,0.879,0.841,0.866,0.853,0.909,0.88,0.884,0.882,0.86,0.929,0.957,0.936,0.912,0.929,0.89,0.893,0.877,0.836,0.868,0.963,0.928,0.888,0.886,0.926,0.888,0.859,0.873,0.85,0.865,0.889,0.907,0.923,0.917,0.901
2026-06-02 16:20:00,0.891,0.921,0.898,0.891,0.898,0.897,0.885,0.868,0.864,0.861,0.821,0.839,0.849,0.889,0.883,0.887,0.855,0.886,0.934,0.922,0.92,0.913,0.939,0.901,0.866,0.896,0.869,0.876,0.934,0.946,0.925,0.909,0.926,0.915,0.842,0.88,0.842,0.877,0.923,0.883,0.924,0.9,0.877
2026-06-02 16:25:00,0.935,0.884,0.913,0.886,0.899,0.886,0.918,0.899,0.881,0.859,0.858,0.85,0.837,0.913,0.869,0.903,0.902,0.89,0.929,0.9,0.928,0.897,0.909,0.884,0.924,0.867,0.877,0.892,0.913,0.919,0.954,0.922,0.916,0.874,0.871,0.864,0.853,0.881,0.926,0.931,0.915,0.928,0.922
2026-06-02 16:30:00,0.934,0.926,0.915,0.932,0.911,0.9,0.877,0.88,0.896,0.859,0.842,0.86,0.851,0.872,0.903,0.906,0.894,0.909,0.909,0.926,0.953,0.892,0.95,0.917,0.902,0.904,0.865,0.877,0.921,0.946,0.918,0.909,0.895,0.893,0.895,0.891,0.837,0.854,0.906,0.913,0.919,0.914,0.906
2026-06-02 16:35:00,0.915,0.925,0.937,0.93,0.903,0.901,0.914,0.88,0.876,0.881,0.869,0.854,0.87,0.909,0.918,0.89,0.879,0.873,0.933,0.928,0.918,0.917,0.933,0.916,0.9,0.875,0.873,0.888,0.924,0.933,0.93,0.932,0.926,0.864,0.887,0.868,0.885,0.875,0.921,0.923,0.933,0.936,0.893
2026-06-02 16:40:00,0.934,0.925,0.933,0.919,0.9,0.904,0.875,0.874,0.878,0.875,0.861,0.858,0.863,0.896,0.916,0.923,0.901,0.912,0.922,0.951,0.929,0.929,0.927,0.929,0.899,0.906,0.922,0.847,0.919,0.938,0.898,0.924,0.948,0.869,0.875,0.866,0.881,0.879,0.923,0.913,0.955,0.929,0.903
2026-06-02 16:45:00,0.897,0.955,0.921,0.897,0.907,0.919,0.888,0.912,0.876,0.856,0.881,0.845,0.874,0.897,0.932,0.885,0.898,0.878,0.95,0.893,0.915,0.908,0.958,0.857,0.89,0.859,0.906,0.88,0.899,0.911,0.926,0.912,0.962,0.888,0.882,0.856,0.87,0.85,0.898,0.924,0.912,0.914,0.955
2026-06-02 16:50:00,0.93,0.927,0.919,0.886,0.903,0.922,0.92,0.886,0.9,0.88,0.844,0.846,0.831,0.916,0.907,0.897,0.877,0.905,0.903,0.93,0.922,0.906,0.95,0.871,0.898,0.904,0.878,0.868,0.899,0.902,0.912,0.963,0.894,0.887,0.888,0.882,0.891,0.863,0.924,0.933,0.918,0.903,0.92
2026-06-02 16:55:00,0.922,0.928,0.939,0.922,0.909,0.917,0.88,0.908,0.887,0.901,0.879,0.842,0.866,0.919,0.917,0.889,0.904,0.9,0.942,0.936,0.935,0.926,0.905,0.91,0.898,0.905,0.887,0.879,0.899,0.93,0.941,0.924,0.933,0.914,0.916,0.892,0.872,0.87,0.899,0.906,0.933,0.938,0.939
2026-06-02 17:00:00,0.923,0.924,0.918,0.938,0.922,0.913,0.906,0.924,0.879,0.861,0.836,0.841,0.862,0.913,0.921,0.902,0.916,0.911,0.913,0.925,0.913,0.925,0.929,0.898,0.92,0.915,0.877,0.913,0.907,0.953,0.925,0.93,0.895,0.886,0.917,0.889,0.892,0.89,0.947,0.94,0.937,0.937,0.904
2026-06-02 17:05:00,0.922,0.91,0.944,0.889,0.892,0.882,0.89,0.884,0.883,0.91,0.901,0.888,0.869,0.91,0.882,0.917,0.86,0.904,0.934,0.94,0.942,0.916,0.926,0.904,0.917,0.882,0.893,0.876,0.919,0.929,0.928,0.923,0.938,0.9,0.911,0.896,0.867,0.883,0.948,0.93,0.911,0.905,0.925
2026-06-02 17:10:00,0.936,0.906,0.891,0.896,0.933,0.901,0.912,0.906,0.93,0.883,0.878,0.856,0.86,0.915,0.902,0.902,0.922,0.877,0.905,0.881,0.904,0.914,0.918,0.933,0.921,0.881,0.91,0.86,0.912,0.918,0.926,0.934,0.916,0.9,0.909,0.896,0.915,0.876,0.943,0.908,0.876,0.91,0.95
2026-06-02 17:15:00,0.934,0.939,0.905,0.94,0.935,0.889,0.893,0.903,0.876,0.886,0.849,0.878,0.886,0.924,0.91,0.901,0.897,0.903,0.933,0.914,0.914,0.902,0.953,0.936,0.925,0.926,0.924,0.878,0.91,0.915,0.938,0.905,0.927,0.911,0.907,0.88,0.882,0.897,0.911,0.93,0.935,0.922,0.912
2026-06-02 17:20:00,0.929,0.926,0.958,0.879,0.884,0.921,0.925,0.888,0.92,0.877,0.877,0.873,0.869,0.929,0.918,0.914,0.896,0.9,0.918,0.946,0.934,0.945,0.944,0.923,0.93,0.906,0.884,0.896,0.888,0.905,0.908,0.91,0.922,0.918,0.902,0.897,0.861,0.895,0.9,0.963,0.908,0.913,0.92
2026-06-02 17:25:00,0.918,0.905,0.918,0.905,0.934,0.912,0.945,0.894,0.879,0.907,0.877,0.881,0.838,0.916,0.904,0.931,0.903,0.887,0.908,0.916,0.923,0.92,0.922,0.894,0.903,0.943,0.895,0.891,0.944,0.909,0.916,0.914,0.935,0.94,0.908,0.919,0.902,0.886,0.929,0.914,0.882,0.938,0.921
2026-06-02 17:30:00,0.905,0.936,0.922,0.924,0.914,0.927,0.941,0.908,0.876,0.907,0.869,0.902,0.918,0.945,0.917,0.916,0.897,0.93,0.914,0.922,0.888,0.903,0.914,0.903,0.913,0.916,0.918,0.891,0.901,0.94,0.924,0.913,0.888,0.913,0.946,0.901,0.913,0.888,0.95,0.918,0.929,0.936,0.94
2026-06-02 17:35:00,0.939,0.925,0.908,0.923,0.938,0.938,0.888,0.919,0.908,0.904,0.89,0.901,0.882,0.931,0.922,0.935,0.943,0.937,0.931,0.927,0.905,0.892,0.926,0.929,0.921,0.951,0.897,0.928,0.883,0.923,0.911,0.942,0.937,0.916,0.92,0.883,0.917,0.883,0.923,0.918,0.912,0.943,0.938
2026-06-02 17:40:00,0.9,0.918,0.939,0.919,0.913,0.933,0.924,0.932,0.905,0.88,0.89,0.878,0.885,0.921,0.947,0.952,0.922,0.901,0.91,0.913,0.908,0.946,0.903,0.915,0.9,0.909,0.919,0.933,0.921,0.893,0.926,0.906,0.944,0.924,0.93,0.917,0.893,0.891,0.924,0.923,0.903,0.938,0.901
2026-06-02 17:45:00,0.933,0.898,0.897,0.906,0.915,0.91,0.945,0.908,0.886,0.911,0.892,0.879,0.88,0.946,0.937,0.94,0.926,0.942,0.917,0.928,0.927,0.924,0.938,0.904,0.899,0.922,0.911,0.907,0.902,0.919,0.924,0.933,0.897,0.917,0.933,0.918,0.898,0.9,0.925,0.939,0.948,0.932,0.917
2026-06-02 17:50:00,0.889,0.932,0.927,0.937,0.907,0.896,0.933,0.934,0.903,0.909,0.875,0.88,0.864,0.933,0.887,0.91,0.929,0.949,0.917,0.917,0.93,0.941,0.877,0.902,0.931,0.921,0.908,0.926,0.894,0.914,0.925,0.926,0.914,0.925,0.929,0.964,0.904,0.9,0.934,0.883,0.924,0.929,0.908
2026-06-02 17:55:00,0.926,0.922,0.944,0.925,0.929,0.926,0.914,0.937,0.924,0.902,0.921,0.911,0.891,0.944,0.926,0.902,0.908,0.926,0.944,0.909,0.879,0.945,0.959,0.905,0.945,0.938,0.91,0.906,0.912,0.913,0.898,0.908,0.904,0.928,0.891,0.962,0.947,0.891,0.919,0.905,0.914,0.957,0.902
2026-06-02 18:00:00,0.917,0.912,0.933,0.918,0.938,0.919,0.919,0.887,0.916,0.915,0.906,0.926,0.877,0.935,0.954,0.939,0.899,0.92,0.898,0.894,0.918,0.921,0.917,0.878,0.914,0.899,0.909,0.901,0.878,0.909,0.942,0.908,0.929,0.935,0.891,0.891,0.935,0.891,0.925,0.926,0.926,0.911,0.898
2026-06-02 18:05:00,0.891,0.929,0.928,0.923,0.911,0.9,0.897,0.931,0.91,0.942,0.897,0.888,0.862,0.9,0.932,0.91,0.919,0.928,0.905,0.871,0.915,0.898,0.89,0.904,0.91,0.916,0.928,0.925,0.901,0.918,0.898,0.915,0.908,0.901,0.92,0.937,0.932,0.911,0.924,0.91,0.94,0.923,0.919
2026-06-02 18:10:00,0.946,0.902,0.92,0.927,0.904,0.921,0.906,0.929,0.911,0.912,0.904,0.876,0.919,0.913,0.933,0.935,0.916,0.9,0.909,0.928,0.889,0.873,0.914,0.942,0.921,0.918,0.91,0.905,0.918,0.885,0.909,0.914,0.927,0.904,0.908,0.933,0.905,0.942,0.903,0.898,0.89,0.893,0.94
2026-06-02 18:15:00,0.907,0.939,0.899,0.928,0.933,0.958,0.907,0.931,0.913,0.934,0.881,0.907,0.862,0.949,0.965,0.917,0.924,0.922,0.864,0.894,0.927,0.959,0.917,0.952,0.906,0.935,0.924,0.935,0.898,0.907,0.908,0.91,0.909,0.932,0.931,0.943,0.903,0.925,0.919,0.914,0.854,0.902,0.936
2026-06-02 18:20:00,0.898,0.888,0.903,0.933,0.933,0.953,0.924,0.93,0.96,0.897,0.909,0.914,0.903,0.929,0.908,0.926,0.887,0.962,0.915,0.876,0.893,0.904,0.924,0.926,0.906,0.892,0.934,0.919,0.898,0.877,0.914,0.92,0.907,0.892,0.945,0.935,0.92,0.925,0.881,0.924,0.931,0.901,0.933
2026-06-02 18:25:00,0.906,0.91,0.922,0.929,0.889,0.922,0.927,0.938,0.916,0.924,0.918,0.954,0.902,0.932,0.909,0.924,0.938,0.947,0.879,0.895,0.941,0.912,0.923,0.888,0.937,0.914,0.922,0.94,0.879,0.889,0.912,0.932,0.912,0.923,0.922,0.936,0.955,0.922,0.902,0.924,0.913,0.925,0.905
2026-06-02 18:30:00,0.896,0.9,0.908,0.904,0.948,0.95,0.906,0.94,0.922,0.907,0.893,0.913,0.874,0.931,0.95,0.923,0.931,0.921,0.892,0.874,0.895,0.898,0.913,0.926,0.914,0.927,0.912,0.916,0.889,0.899,0.93,0.894,0.899,0.867,0.912,0.924,0.93,0.901,0.89,0.897,0.918,0.918,0.898
2026-06-02 18:35:00,0.883,0.922,0.903,0.916,0.943,0.915,0.923,0.922,0.908,0.934,0.917,0.917,0.897,0.926,0.922,0.904,0.902,0.931,0.904,0.901,0.873,0.903,0.92,0.92,0.929,0.937,0.96,0.922,0.875,0.894,0.895,0.88,0.909,0.888,0.957,0.922,0.938,0.922,0.903,0.886,0.918,0.882,0.933
2026-06-02 18:40:00,0.879,0.903,0.914,0.9,0.921,0.893,0.93,0.918,0.95,0.904,0.904,0.919,0.913,0.946,0.913,0.928,0.933,0.908,0.894,0.873,0.924,0.908,0.92,0.935,0.911,0.931,0.905,0.919,0.859,0.876,0.903,0.911,0.879,0.935,0.958,0.931,0.93,0.909,0.912,0.875,0.905,0.895,0.908
2026-06-02 18:45:00,0.898,0.897,0.885,0.92,0.927,0.918,0.937,0.9,0.913,0.934,0.924,0.931,0.896,0.937,0.915,0.934,0.929,0.929,0.894,0.886,0.88,0.91,0.921,0.941,0.936,0.935,0.943,0.946,0.889,0.891,0.878,0.871,0.907,0.927,0.926,0.927,0.926,0.934,0.865,0.887,0.928,0.879,0.928
2026-06-02 18:50:00,0.886,0.92,0.875,0.907,0.881,0.887,0.93,0.927,0.942,0.923,0.938,0.937,0.923,0.909,0.921,0.934,0.914,0.903,0.888,0.903,0.892,0.892,0.902,0.933,0.932,0.94,0.932,0.93,0.86,0.858,0.896,0.904,0.903,0.939,0.938,0.944,0.896,0.927,0.879,0.887,0.918,0.889,0.907
2026-06-02 18:55:00,0.881,0.892,0.887,0.929,0.933,0.921,0.907,0.934,0.935,0.931,0.919,0.894,0.919,0.899,0.924,0.919,0.918,0.932,0.894,0.884,0.896,0.887,0.905,0.918,0.888,0.937,0.911,0.9,0.888,0.882,0.911,0.88,0.898,0.918,0.908,0.894,0.942,0.922,0.88,0.96,0.906,0.916,0.87
2026-06-02 19:00:00,0.88,0.899,0.901,0.905,0.915,0.92,0.911,0.923,0.907,0.928,0.947,0.933,0.9,0.938,0.912,0.871,0.906,0.904,0.87,0.868,0.872,0.892,0.903,0.923,0.939,0.922,0.909,0.932,0.891,0.861,0.903,0.87,0.875,0.921,0.937,0.913,0.927,0.922,0.874,0.881,0.922,0.891,0.899
2026-06-02 19:05:00,0.888,0.882,0.911,0.874,0.913,0.912,0.9,0.932,0.913,0.906,0.934,0.924,0.903,0.901,0.905,0.896,0.879,0.927,0.887,0.881,0.908,0.882,0.927,0.952,0.898,0.923,0.905,0.924,0.836,0.887,0.856,0.878,0.863,0.917,0.937,0.932,0.933,0.926,0.893,0.896,0.864,0.914,0.89
2026-06-02 19:10:00,0.889,0.892,0.901,0.917,0.92,0.912,0.931,0.924,0.924,0.909,0.96,0.931,0.949,0.941,0.885,0.93,0.908,0.944,0.874,0.893,0.883,0.891,0.902,0.91,0.937,0.913,0.956,0.903,0.891,0.862,0.863,0.863,0.865,0.93,0.918,0.924,0.913,0.928,0.857,0.85,0.906,0.929,0.891
2026-06-02 19:15:00,0.858,0.877,0.888,0.9,0.913,0.917,0.907,0.932,0.893,0.939,0.924,0.914,0.912,0.923,0.951,0.89,0.942,0.922,0.846,0.852,0.884,0.878,0.908,0.935,0.945,0.91,0.924,0.923,0.85,0.846,0.86,0.879,0.885,0.933,0.941,0.93,0.913,0.922,0.887,0.867,0.881,0.853,0.88
2026-06-02 19:20:00,0.876,0.867,0.881,0.895,0.883,0.909,0.935,0.917,0.913,0.924,0.94,0.937,0.92,0.921,0.907,0.892,0.913,0.922,0.85,0.856,0.881,0.903,0.887,0.891,0.916,0.909,0.924,0.889,0.857,0.87,0.864,0.849,0.873,0.914,0.891,0.915,0.889,0.957,0.882,0.874,0.88,0.868,0.943
2026-06-02 19:25:00,0.843,0.852,0.846,0.885,0.908,0.932,0.914,0.92,0.944,0.884,0.927,0.914,0.931,0.881,0.916,0.899,0.931,0.94,0.868,0.844,0.866,0.867,0.929,0.883,0.906,0.953,0.905,0.94,0.857,0.856,0.853,0.87,0.845,0.928,0.914,0.916,0.937,0.914,0.877,0.866,0.893,0.915,0.913
2026-06-02 19:30:00,0.856,0.9,0.889,0.878,0.893,0.9,0.947,0.923,0.922,0.932,0.914,0.94,0.9,0.892,0.933,0.911,0.914,0.934,0.87,0.853,0.885,0.903,0.861,0.881,0.911,0.915,0.958,0.931,0.84,0.861,0.875,0.867,0.91,0.933,0.891,0.926,0.9,0.911,0.871,0.894,0.9,0.888,0.901
2026-06-02 19:35:00,0.843,0.861,0.897,0.881,0.935,0.889,0.888,0.934,0.914,0.92,0.931,0.927,0.938,0.924,0.898,0.908,0.922,0.909,0.839,0.894,0.861,0.86,0.886,0.905,0.919,0.917,0.922,0.92,0.849,0.856,0.859,0.877,0.839,0.903,0.917,0.931,0.926,0.943,0.905,0.886,0.875,0.911,0.894
2026-06-02 19:40:00,0.874,0.838,0.858,0.897,0.912,0.884,0.922,0.894,0.92,0.939,0.895,0.915,0.907,0.893,0.91,0.929,0.902,0.91,0.862,0.839,0.848,0.866,0.874,0.89,0.887,0.901,0.904,0.889,0.882,0.845,0.855,0.876,0.876,0.888,0.929,0.922,0.917,0.912,0.885,0.86,0.876,0.897,0.891
2026-06-02 19:45:00,0.862,0.861,0.878,0.862,0.911,0.88,0.922,0.919,0.907,0.933,0.903,0.915,0.928,0.897,0.918,0.935,0.886,0.926,0.834,0.884,0.88,0.865,0.836,0.871,0.923,0.913,0.922,0.903,0.814,0.855,0.876,0.868,0.835,0.914,0.933,0.875,0.957,0.884,0.836,0.874,0.845,0.889,0.895
2026-06-02 19:50:00,0.826,0.875,0.867,0.844,0.907,0.9,0.906,0.898,0.919,0.929,0.94,0.886,0.917,0.915,0.897,0.907,0.891,0.923,0.84,0.85,0.864,0.869,0.86,0.879,0.905,0.889,0.944,0.918,0.843,0.852,0.853,0.866,0.854,0.909,0.898,0.943,0.904,0.972,0.874,0.86,0.861,0.889,0.861
2026-06-02 19:55:00,0.807,0.859,0.868,0.873,0.88,0.907,0.898,0.929,0.912,0.957,0.935,0.927,0.906,0.904,0.909,0.9,0.927,0.889,0.866,0.847,0.874,0.89,0.889,0.883,0.908,0.886,0.912,0.927,0.829,0.85,0.81,0.884,0.873,0.889,0.903,0.93,0.947,0.92,0.822,0.849,0.859,0.859,0.883
2026-06-02 20:00:00,0.836,0.869,0.898,0.875,0.922,0.873,0.882,0.906,0.924,0.894,0.941,0.918,0.927,0.898,0.897,0.911,0.903,0.891,0.85,0.869,0.86,0.868,0.868,0.911,0.931,0.893,0.914,0.942,0.836,0.834,0.857,0.842,0.857,0.904,0.927,0.884,0.935,0.911,0.854,0.846,0.872,0.851,0.881
2026-06-02 20:05:00,0.861,0.855,0.867,0.884,0.882,0.859,0.935,0.92,0.942,0.913,0.906,0.907,0.93,0.859,0.877,0.881,0.908,0.923,0.857,0.873,0.847,0.858,0.864,0.898,0.905,0.906,0.859,0.889,0.845,0.878,0.871,0.831,0.863,0.906,0.896,0.928,0.914,0.899,0.835,0.842,0.875,0.862,0.851
2026-06-02 20:10:00,0.843,0.843,0.879,0.901,0.857,0.899,0.892,0.907,0.921,0.942,0.953,0.9,0.933,0.875,0.902,0.86,0.892,0.9,0.859,0.862,0.876,0.871,0.889,0.887,0.902,0.877,0.926,0.925,0.876,0.872,0.853,0.866,0.882,0.897,0.908,0.923,0.905,0.904,0.861,0.822,0.84,0.815,0.887
2026-06-02 20:15:00,0.857,0.85,0.875,0.874,0.907,0.864,0.901,0.894,0.886,0.903,0.935,0.923,0.925,0.895,0.874,0.875,0.895,0.908,0.856,0.856,0.872,0.84,0.855,0.91,0.892,0.908,0.903,0.91,0.838,0.863,0.851,0.836,0.855,0.925,0.906,0.875,0.916,0.918,0.84,0.871,0.856,0.834,0.886
2026-06-02 20:20:00,0.832,0.845,0.839,0.841,0.884,0.901,0.885,0.886,0.931,0.893,0.93,0.898,0.895,0.891,0.871,0.906,0.887,0.927,0.845,0.85,0.858,0.873,0.855,0.909,0.894,0.911,0.911,0.907,0.829,0.857,0.83,0.834,0.853,0.913,0.857,0.931,0.915,0.902,0.852,0.864,0.84,0.86,0.866
2026-06-02 20:25:00,0.857,0.833,0.873,0.85,0.881,0.87,0.86,0.86,0.901,0.909,0.951,0.907,0.949,0.873,0.866,0.886,0.879,0.902,0.854,0.842,0.814,0.849,0.856,0.919,0.918,0.921,0.897,0.897,0.799,0.844,0.865,0.844,0.857,0.938,0.878,0.899,0.927,0.892,0.838,0.846,0.88,0.876,0.858
2026-06-02 20:30:00,0.819,0.845,0.844,0.881,0.836,0.862,0.871,0.895,0.917,0.906,0.902,0.894,0.923,0.857,0.878,0.867,0.891,0.863,0.843,0.855,0.863,0.868,0.87,0.883,0.86,0.901,0.904,0.902,0.81,0.849,0.848,0.83,0.86,0.931,0.934,0.89,0.864,0.908,0.826,0.843,0.869,0.85,0.877
2026-06-02 20:35:00,0.837,0.827,0.842,0.834,0.854,0.856,0.873,0.848,0.895,0.876,0.895,0.919,0.922,0.89,0.896,0.885,0.877,0.908,0.844,0.855,0.852,0.866,0.856,0.859,0.901,0.893,0.883,0.89,0.763,0.764,0.847,0.855,0.843,0.879,0.917,0.897,0.887,0.916,0.864,0.84,0.842,0.866,0.874
2026-06-02 20:40:00,0.825,0.849,0.831,0.849,0.851,0.898,0.842,0.897,0.904,0.9,0.931,0.93,0.915,0.839,0.885,0.854,0.911,0.879,0.775,0.838,0.843,0.864,0.87,0.872,0.886,0.907,0.891,0.904,0.823,0.776,0.838,0.846,0.833,0.892,0.883,0.884,0.919,0.869,0.807,0.855,0.85,0.82,0.859
2026-06-02 20:45:00,0.799,0.836,0.849,0.842,0.889,0.882,0.883,0.912,0.87,0.883,0.897,0.888,0.923,0.879,0.854,0.867,0.879,0.892,0.786,0.828,0.848,0.843,0.843,0.875,0.859,0.909,0.883,0.916,0.789,0.761,0.799,0.863,0.84,0.906,0.876,0.918,0.926,0.913,0.813,0.831,0.845,0.855,0.845
2026-06-02 20:50:00,0.793,0.853,0.872,0.882,0.831,0.886,0.888,0.881,0.86,0.916,0.913,0.888,0.935,0.857,0.879,0.905,0.904,0.873,0.781,0.805,0.846,0.824,0.848,0.885,0.881,0.907,0.863,0.931,0.776,0.791,0.813,0.833,0.811,0.867,0.899,0.908,0.9,0.875,0.853,0.856,0.849,0.828,0.896
2026-06-02 20:55:00,0.79,0.846,0.834,0.847,0.851,0.874,0.861,0.887,0.91,0.917,0.908,0.913,0.913,0.852,0.874,0.883,0.851,0.901,0.769,0.781,0.814,0.826,0.853,0.855,0.874,0.867,0.881,0.855,0.781,0.795,0.802,0.775,0.855,0.865,0.897,0.883,0.869,0.894,0.768,0.829,0.818,0.88,0.839
2026-06-02 21:00:00,0.783,0.805,0.814,0.831,0.849,0.85,0.873,0.863,0.894,0.915,0.877,0.909,0.931,0.86,0.866,0.915,0.878,0.896,0.781,0.785,0.805,0.843,0.832,0.88,0.886,0.872,0.887,0.908,0.784,0.771,0.787,0.774,0.809,0.83,0.88,0.882,0.902,0.91,0.781,0.851,0.851,0.855,0.845
2026-06-02 21:05:00,0.759,0.793,0.814,0.842,0.828,0.833,0.87,0.918,0.91,0.896,0.884,0.915,0.921,0.848,0.849,0.85,0.851,0.892,0.775,0.813,0.791,0.835,0.823,0.852,0.869,0.864,0.862,0.907,0.757,0.796,0.781,0.789,0.806,0.887,0.874,0.876,0.935,0.91,0.783,0.812,0.841,0.837,0.873
2026-06-02 21:10:00,0.767,0.814,0.852,0.852,0.85,0.823,0.858,0.871,0.872,0.898,0.904,0.916,0.931,0.837,0.847,0.863,0.89,0.903,0.787,0.803,0.77,0.794,0.865,0.837,0.877,0.886,0.884,0.895,0.763,0.778,0.775,0.778,0.783,0.844,0.851,0.864,0.855,0.903,0.773,0.776,0.837,0.845,0.839
2026-06-02 21:15:00,0.792,0.786,0.795,0.836,0.853,0.889,0.845,0.831,0.892,0.884,0.882,0.897,0.905,0.867,0.862,0.874,0.871,0.873,0.812,0.787,0.776,0.781,0.863,0.839,0.885,0.842,0.875,0.889,0.78,0.783,0.783,0.788,0.782,0.873,0.863,0.876,0.898,0.875,0.777,0.772,0.822,0.863,0.853
2026-06-02 21:20:00,0.786,0.789,0.791,0.842,0.851,0.863,0.855,0.872,0.881,0.887,0.884,0.881,0.941,0.838,0.859,0.881,0.84,0.924,0.761,0.804,0.797,0.793,0.798,0.874,0.865,0.864,0.847,0.875,0.752,0.726,0.776,0.798,0.797,0.866,0.87,0.91,0.897,0.889,0.798,0.792,0.794,0.851,0.842
2026-06-02 21:25:00,0.751,0.792,0.796,0.821,0.808,0.865,0.854,0.91,0.866,0.864,0.902,0.863,0.931,0.859,0.873,0.854,0.865,0.878,0.786,0.81,0.776,0.786,0.781,0.868,0.878,0.836,0.828,0.863,0.755,0.773,0.796,0.752,0.791,0.846,0.871,0.856,0.886,0.893,0.77,0.797,0.764,0.854,0.848
2026-06-02 21:30:00,0.807,0.76,0.807,0.799,0.82,0.858,0.851,0.877,0.873,0.885,0.885,0.881,0.915,0.857,0.844,0.874,0.876,0.878,0.754,0.782,0.776,0.792,0.756,0.887,0.854,0.87,0.864,0.861,0.744,0.78,0.774,0.78,0.812,0.877,0.85,0.884,0.881,0.877,0.775,0.81,0.791,0.774,0.831
2026-06-02 21:35:00,0.767,0.772,0.802,0.792,0.81,0.83,0.854,0.827,0.885,0.852,0.873,0.929,0.91,0.846,0.843,0.888,0.828,0.864,0.77,0.749,0.788,0.778,0.822,0.839,0.869,0.86,0.864,0.892,0.752,0.786,0.762,0.802,0.787,0.876,0.87,0.859,0.896,0.86,0.764,0.775,0.786,0.812,0.838
2026-06-02 21:40:00,0.793,0.77,0.755,0.78,0.793,0.839,0.853,0.89,0.874,0.899,0.905,0.915,0.911,0.842,0.871,0.839,0.859,0.834,0.761,0.752,0.776,0.778,0.792,0.852,0.847,0.856,0.85,0.883,0.745,0.756,0.779,0.776,0.776,0.858,0.869,0.885,0.875,0.874,0.766,0.768,0.797,0.776,0.801
2026-06-02 21:45:00,0.765,0.78,0.786,0.78,0.856,0.855,0.818,0.85,0.872,0.881,0.882,0.888,0.918,0.859,0.852,0.868,0.863,0.858,0.786,0.743,0.763,0.766,0.789,0.88,0.86,0.851,0.881,0.843,0.748,0.77,0.741,0.78,0.768,0.883,0.85,0.845,0.886,0.905,0.765,0.788,0.808,0.784,0.812
2026-06-02 21:50:00,0.77,0.783,0.785,0.787,0.803,0.86,0.852,0.851,0.9,0.881,0.858,0.879,0.888,0.87,0.849,0.862,0.86,0.86,0.727,0.765,0.757,0.776,0.771,0.844,0.846,0.83,0.824,0.875,0.75,0.754,0.734,0.771,0.784,0.856,0.856,0.861,0.859,0.872,0.773,0.775,0.792,0.796,0.797
2026-06-02 21:55:00,0.746,0.767,0.778,0.789,0.809,0.838,0.851,0.873,0.861,0.872,0.874,0.896,0.897,0.854,0.862,0.861,0.848,0.848,0.767,0.759,0.752,0.767,0.78,0.839,0.865,0.826,0.841,0.852,0.731,0.758,0.761,0.767,0.778,0.852,0.845,0.881,0.856,0.887,0.747,0.759,0.764,0.771,0.767
2026-06-02 22:00:00,0.744,0.752,0.784,0.778,0.802,0.819,0.88,0.836,0.863,0.841,0.892,0.87,0.9,0.862,0.839,0.855,0.866,0.83,0.737,0.76,0.769,0.771,0.762,0.881,0.837,0.848,0.863,0.863,0.704,0.733,0.761,0.753,0.768,0.819,0.862,0.855,0.861,0.856,0.764,0.756,0.77,0.811,0.812
2026-06-02 22:05:00,0.77,0.749,0.78,0.783,0.773,0.806,0.834,0.863,0.852,0.865,0.878,0.879,0.874,0.792,0.835,0.866,0.834,0.871,0.735,0.708,0.745,0.728,0.782,0.862,0.857,0.864,0.858,0.861,0.727,0.759,0.769,0.75,0.794,0.853,0.87,0.873,0.85,0.863,0.768,0.775,0.765,0.793,0.781
2026-06-02 22:10:00,0.758,0.765,0.759,0.776,0.798,0.792,0.85,0.835,0.853,0.847,0.872,0.873,0.883,0.776,0.857,0.826,0.869,0.867,0.727,0.73,0.749,0.771,0.777,0.839,0.831,0.855,0.848,0.863,0.709,0.722,0.723,0.737,0.735,0.85,0.851,0.865,0.867,0.838,0.741,0.751,0.767,0.771,0.769
2026-06-02 22:15:00,0.719,0.745,0.784,0.773,0.767,0.771,0.862,0.834,0.837,0.853,0.868,0.907,0.864,0.803,0.77,0.834,0.843,0.828,0.733,0.722,0.768,0.757,0.792,0.847,0.843,0.859,0.824,0.839,0.707,0.743,0.76,0.745,0.75,0.83,0.845,0.852,0.85,0.849,0.747,0.76,0.771,0.782,0.792
2026-06-02 22:20:00,0.721,0.727,0.741,0.787,0.78,0.781,0.787,0.848,0.827,0.815,0.884,0.894,0.852,0.793,0.795,0.815,0.831,0.842,0.732,0.75,0.731,0.738,0.771,0.786,0.846,0.811,0.855,0.85,0.724,0.728,0.727,0.738,0.749,0.831,0.86,0.845,0.83,0.885,0.764,0.754,0.766,0.764,0.772
2026-06-02 22:25:00,0.722,0.733,0.721,0.769,0.795,0.778,0.789,0.844,0.856,0.83,0.867,0.881,0.875,0.789,0.787,0.753,0.827,0.839,0.728,0.737,0.742,0.717,0.755,0.799,0.835,0.81,0.827,0.875,0.743,0.713,0.732,0.755,0.746,0.837,0.845,0.83,0.893,0.864,0.714,0.758,0.759,0.779,0.77
2026-06-02 22:30:00,0.718,0.74,0.743,0.745,0.763,0.774,0.794,0.826,0.841,0.855,0.86,0.878,0.886,0.78,0.806,0.772,0.844,0.853,0.741,0.717,0.754,0.762,0.745,0.808,0.769,0.823,0.841,0.835,0.718,0.713,0.727,0.709,0.747,0.829,0.841,0.826,0.86,0.854,0.728,0.728,0.756,0.778,0.802
2026-06-02 22:35:00,0.694,0.724,0.748,0.748,0.763,0.768,0.807,0.84,0.837,0.882,0.833,0.87,0.868,0.802,0.793,0.803,0.808,0.848,0.725,0.711,0.74,0.768,0.731,0.76,0.783,0.799,0.848,0.836,0.692,0.723,0.699,0.696,0.747,0.795,0.825,0.874,0.863,0.864,0.715,0.74,0.747,0.775,0.754
2026-06-02 22:40:00,0.725,0.714,0.757,0.724,0.762,0.773,0.77,0.771,0.844,0.853,0.872,0.818,0.875,0.763,0.79,0.785,0.814,0.863,0.713,0.72,0.726,0.72,0.752,0.776,0.775,0.782,0.845,0.861,0.703,0.708,0.718,0.723,0.71,0.822,0.854,0.842,0.85,0.84,0.746,0.725,0.753,0.759,0.757
2026-06-02 22:45:00,0.728,0.72,0.738,0.744,0.765,0.766,0.804,0.793,0.841,0.843,0.859,0.853,0.875,0.776,0.76,0.791,0.788,0.786,0.753,0.752,0.727,0.715,0.759,0.774,0.79,0.792,0.833,0.851,0.675,0.711,0.719,0.718,0.74,0.777,0.825,0.826,0.848,0.835,0.722,0.756,0.742,0.735,0.756
2026-06-02 22:50:00,0.729,0.698,0.754,0.747,0.734,0.77,0.773,0.781,0.814,0.846,0.848,0.845,0.879,0.746,0.768,0.796,0.782,0.818,0.685,0.708,0.717,0.746,0.732,0.789,0.791,0.791,0.784,0.851,0.695,0.682,0.682,0.71,0.721,0.771,0.796,0.832,0.846,0.847,0.695,0.72,0.716,0.719,0.704
2026-06-02 22:55:00,0.669,0.704,0.743,0.742,0.748,0.775,0.798,0.792,0.792,0.844,0.833,0.866,0.852,0.783,0.784,0.766,0.811,0.776,0.652,0.678,0.718,0.721,0.746,0.787,0.791,0.797,0.804,0.833,0.671,0.688,0.699,0.699,0.722,0.802,0.79,0.816,0.86,0.849,0.688,0.752,0.716,0.75,0.758
2026-06-02 23:00:00,0.688,0.715,0.703,0.728,0.755,0.766,0.754,0.795,0.795,0.858,0.855,0.846,0.892,0.764,0.749,0.776,0.782,0.733,0.719,0.717,0.692,0.73,0.71,0.763,0.757,0.794,0.793,0.81,0.66,0.677,0.681,0.731,0.73,0.78,0.77,0.789,0.834,0.837,0.707,0.703,0.72,0.733,0.758
2026-06-02 23:05:00,0.686,0.709,0.709,0.685,0.758,0.815,0.777,0.767,0.787,0.869,0.84,0.847,0.84,0.759,0.776,0.781,0.772,0.761,0.691,0.691,0.723,0.754,0.743,0.773,0.78,0.778,0.792,0.791,0.676,0.673,0.689,0.688,0.702,0.788,0.804,0.794,0.818,0.827,0.704,0.707,0.736,0.745,0.737
2026-06-02 23:10:00,0.702,0.695,0.719,0.733,0.753,0.732,0.764,0.764,0.768,0.789,0.854,0.85,0.842,0.785,0.75,0.761,0.791,0.776,0.686,0.707,0.686,0.717,0.723,0.758,0.796,0.778,0.776,0.82,0.664,0.7,0.689,0.711,0.721,0.78,0.797,0.791,0.751,0.804,0.687,0.712,0.728,0.72,0.761
2026-06-02 23:15:00,0.661,0.712,0.722,0.723,0.764,0.767,0.75,0.776,0.802,0.773,0.839,0.863,0.852,0.784,0.747,0.775,0.781,0.782,0.67,0.673,0.696,0.708,0.744,0.761,0.793,0.785,0.781,0.756,0.69,0.704,0.704,0.691,0.677,0.815,0.754,0.778,0.813,0.853,0.706,0.689,0.731,0.741,0.732
2026-06-02 23:20:00,0.649,0.679,0.714,0.716,0.704,0.737,0.768,0.76,0.793,0.794,0.859,0.825,0.889,0.737,0.772,0.766,0.746,0.781,0.677,0.675,0.687,0.721,0.713,0.759,0.76,0.755,0.773,0.78,0.679,0.649,0.685,0.676,0.718,0.781,0.788,0.799,0.769,0.823,0.704,0.693,0.74,0.721,0.72
2026-06-02 23:25:00,0.689,0.696,0.684,0.714,0.749,0.748,0.779,0.797,0.766,0.809,0.853,0.854,0.847,0.714,0.762,0.762,0.791,0.778,0.658,0.684,0.679,0.72,0.694,0.763,0.775,0.742,0.777,0.788,0.652,0.691,0.663,0.688,0.706,0.807,0.765,0.785,0.785,0.802,0.687,0.691,0.699,0.702,0.745
2026-06-02 23:30:00,0.683,0.697,0.734,0.713,0.715,0.71,0.761,0.793,0.793,0.782,0.793,0.825,0.877,0.728,0.728,0.764,0.782,0.758,0.673,0.679,0.693,0.704,0.702,0.746,0.764,0.745,0.749,0.786,0.667,0.676,0.661,0.669,0.703,0.788,0.789,0.782,0.771,0.762,0.687,0.668,0.685,0.705,0.735
2026-06-02 23:35:00,0.672,0.686,0.707,0.719,0.757,0.751,0.764,0.753,0.768,0.775,0.785,0.822,0.835,0.721,0.728,0.74,0.777,0.752,0.687,0.667,0.687,0.686,0.701,0.741,0.77,0.764,0.772,0.765,0.692,0.635,0.673,0.651,0.667,0.743,0.791,0.749,0.769,0.805,0.701,0.685,0.688,0.709,0.725
2026-06-02 23:40:00,0.69,0.677,0.676,0.685,0.701,0.714,0.747,0.771,0.767,0.773,0.787,0.837,0.869,0.732,0.715,0.772,0.775,0.733,0.704,0.689,0.678,0.71,0.716,0.743,0.755,0.773,0.778,0.763,0.683,0.67,0.666,0.684,0.663,0.753,0.76,0.777,0.776,0.755,0.683,0.69,0.678,0.718,0.708
2026-06-02 23:45:00,0.671,0.681,0.723,0.694,0.71,0.73,0.713,0.757,0.757,0.775,0.816,0.805,0.853,0.751,0.724,0.735,0.746,0.757,0.667,0.684,0.686,0.701,0.677,0.751,0.758,0.766,0.787,0.779,0.679,0.671,0.678,0.674,0.675,0.74,0.748,0.757,0.788,0.801,0.681,0.687,0.7,0.695,0.703
2026-06-02 23:50:00,0.687,0.706,0.686,0.692,0.722,0.691,0.756,0.752,0.745,0.76,0.801,0.79,0.847,0.7,0.74,0.746,0.727,0.764,0.679,0.688,0.698,0.672,0.698,0.728,0.763,0.751,0.744,0.767,0.658,0.689,0.659,0.657,0.673,0.768,0.76,0.768,0.786,0.792,0.657,0.674,0.699,0.658,0.716
2026-06-02 23:55:00,0.661,0.666,0.678,0.654,0.699,0.717,0.716,0.758,0.743,0.776,0.787,0.791,0.812,0.712,0.726,0.736,0.738,0.779,0.66,0.685,0.673,0.708,0.678,0.737,0.753,0.752,0.766,0.761,0.689,0.655,0.668,0.673,0.677,0.752,0.746,0.784,0.753,0.775,0.674,0.668,0.68,0.688,0.728
2026-06-03 00:00:00,0.682,0.663,0.666,0.695,0.703,0.731,0.715,0.729,0.747,0.79,0.785,0.812,0.783,0.703,0.684,0.751,0.766,0.754,0.642,0.665,0.665,0.676,0.663,0.738,0.718,0.744,0.775,0.788,0.68,0.693,0.691,0.674,0.665,0.746,0.766,0.779,0.795,0.785,0.681,0.693,0.671,0.676,0.68
2026-06-03 00:05:00,0.655,0.665,0.694,0.721,0.693,0.732,0.722,0.746,0.742,0.787,0.802,0.797,0.789,0.747,0.729,0.721,0.75,0.735,0.652,0.664,0.664,0.702,0.651,0.721,0.713,0.725,0.763,0.741,0.664,0.681,0.667,0.67,0.661,0.742,0.742,0.762,0.754,0.76,0.692,0.668,0.687,0.705,0.662
2026-06-03 00:10:00,0.682,0.674,0.655,0.651,0.694,0.708,0.718,0.732,0.749,0.744,0.734,0.797,0.782,0.699,0.699,0.72,0.727,0.728,0.634,0.659,0.647,0.658,0.668,0.729,0.736,0.75,0.757,0.724,0.671,0.646,0.664,0.667,0.65,0.733,0.751,0.735,0.738,0.771,0.674,0.68,0.674,0.672,0.679
2026-06-03 00:15:00,0.668,0.654,0.678,0.678,0.698,0.713,0.715,0.735,0.769,0.77,0.785,0.79,0.774,0.719,0.699,0.744,0.747,0.738,0.662,0.663,0.663,0.655,0.674,0.729,0.726,0.725,0.761,0.752,0.668,0.675,0.647,0.675,0.64,0.731,0.753,0.735,0.74,0.746,0.659,0.679,0.666,0.694,0.665
2026-06-03 00:20:00,0.666,0.674,0.671,0.662,0.679,0.685,0.702,0.753,0.734,0.774,0.795,0.805,0.792,0.681,0.72,0.699,0.718,0.74,0.664,0.645,0.658,0.678,0.661,0.718,0.721,0.743,0.738,0.752,0.678,0.675,0.674,0.647,0.663,0.731,0.723,0.76,0.768,0.761,0.647,0.663,0.678,0.659,0.693
2026-06-03 00:25:00,0.672,0.654,0.676,0.651,0.688,0.702,0.705,0.736,0.727,0.763,0.751,0.778,0.791,0.688,0.709,0.716,0.749,0.734,0.657,0.699,0.669,0.652,0.657,0.718,0.715,0.721,0.711,0.721,0.654,0.666,0.658,0.687,0.677,0.726,0.724,0.73,0.752,0.787,0.651,0.671,0.659,0.66,0.673
2026-06-03 00:30:00,0.662,0.643,0.661,0.675,0.665,0.684,0.718,0.727,0.743,0.743,0.753,0.795,0.785,0.682,0.712,0.719,0.726,0.754,0.684,0.674,0.666,0.622,0.66,0.706,0.705,0.703,0.728,0.735,0.682,0.68,0.683,0.693,0.661,0.705,0.709,0.724,0.752,0.76,0.662,0.667,0.679,0.67,0.66
2026-06-03 00:35:00,0.667,0.675,0.674,0.653,0.666,0.695,0.694,0.728,0.733,0.714,0.755,0.779,0.774,0.705,0.683,0.699,0.725,0.7,0.68,0.684,0.662,0.662,0.652,0.681,0.725,0.71,0.704,0.734,0.706,0.68,0.666,0.675,0.663,0.71,0.705,0.718,0.749,0.743,0.673,0.664,0.629,0.661,0.673
2026-06-03 00:40:00,0.694,0.685,0.683,0.66,0.676,0.68,0.694,0.704,0.719,0.711,0.757,0.733,0.745,0.671,0.699,0.706,0.727,0.744,0.677,0.662,0.677,0.68,0.662,0.698,0.694,0.721,0.721,0.707,0.686,0.672,0.661,0.665,0.658,0.705,0.731,0.745,0.755,0.76,0.644,0.64,0.664,0.682,0.66
2026-06-03 00:45:00,0.665,0.671,0.667,0.656,0.662,0.702,0.703,0.719,0.715,0.747,0.749,0.753,0.768,0.658,0.674,0.69,0.726,0.695,0.687,0.663,0.628,0.652,0.667,0.67,0.673,0.697,0.731,0.718,0.693,0.68,0.691,0.659,0.654,0.712,0.713,0.742,0.761,0.747,0.668,0.654,0.66,0.669,0.685
2026-06-03 00:50:00,0.689,0.681,0.685,0.665,0.694,0.655,0.706,0.705,0.737,0.727,0.761,0.767,0.784,0.67,0.69,0.69,0.713,0.708,0.696,0.677,0.666,0.663,0.655,0.642,0.71,0.693,0.715,0.718,0.683,0.696,0.689,0.682,0.649,0.673,0.694,0.719,0.736,0.719,0.68,0.67,0.655,0.661,0.664
2026-06-03 00:55:00,0.687,0.673,0.682,0.662,0.642,0.663,0.671,0.71,0.683,0.736,0.749,0.751,0.767,0.677,0.681,0.706,0.689,0.719,0.684,0.674,0.674,0.669,0.659,0.679,0.695,0.705,0.716,0.726,0.714,0.68,0.684,0.663,0.662,0.698,0.717,0.724,0.699,0.769,0.665,0.679,0.664,0.666,0.672
2026-06-03 01:00:00,0.708,0.668,0.685,0.635,0.665,0.655,0.67,0.694,0.693,0.722,0.738,0.737,0.801,0.692,0.679,0.689,0.707,0.685,0.697,0.684,0.657,0.653,0.67,0.683,0.689,0.699,0.677,0.727,0.707,0.692,0.696,0.663,0.684,0.688,0.661,0.713,0.709,0.726,0.671,0.697,0.647,0.672,0.674
2026-06-03 01:05:00,0.683,0.659,0.664,0.642,0.67,0.679,0.663,0.676,0.697,0.715,0.741,0.739,0.757,0.673,0.672,0.679,0.7,0.707,0.668,0.692,0.682,0.675,0.662,0.69,0.673,0.692,0.701,0.721,0.689,0.687,0.697,0.674,0.667,0.682,0.687,0.7,0.731,0.734,0.699,0.678,0.668,0.666,0.655
2026-06-03 01:10:00,0.67,0.688,0.678,0.677,0.662,0.691,0.667,0.679,0.693,0.722,0.726,0.764,0.726,0.673,0.67,0.682,0.675,0.695,0.716,0.699,0.694,0.685,0.668,0.666,0.664,0.663,0.731,0.71,0.751,0.709,0.666,0.714,0.698,0.662,0.707,0.697,0.703,0.722,0.684,0.689,0.687,0.678,0.694
2026-06-03 01:15:00,0.703,0.674,0.671,0.654,0.679,0.66,0.652,0.676,0.658,0.721,0.716,0.727,0.744,0.658,0.661,0.654,0.687,0.708,0.701,0.695,0.686,0.672,0.654,0.667,0.671,0.679,0.698,0.681,0.693,0.697,0.658,0.692,0.685,0.685,0.712,0.714,0.691,0.702,0.685,0.688,0.666,0.67,0.674
2026-06-03 01:20:00,0.7,0.686,0.659,0.678,0.659,0.651,0.675,0.677,0.691,0.696,0.744,0.76,0.738,0.679,0.683,0.665,0.659,0.671,0.696,0.698,0.71,0.676,0.676,0.669,0.693,0.696,0.698,0.709,0.728,0.7,0.688,0.7,0.691,0.679,0.691,0.71,0.667,0.695,0.699,0.678,0.666,0.676,0.653
2026-06-03 01:25:00,0.733,0.697,0.676,0.656,0.678,0.649,0.663,0.675,0.676,0.694,0.706,0.74,0.746,0.657,0.658,0.669,0.649,0.661,0.729,0.713,0.695,0.661,0.691,0.686,0.674,0.683,0.7,0.652,0.752,0.727,0.718,0.718,0.673,0.667,0.679,0.701,0.68,0.715,0.667,0.703,0.67,0.687,0.64
2026-06-03 01:30:00,0.72,0.713,0.668,0.683,0.655,0.665,0.651,0.662,0.699,0.685,0.711,0.722,0.753,0.666,0.633,0.652,0.678,0.685,0.708,0.695,0.705,0.696,0.71,0.678,0.671,0.682,0.675,0.701,0.742,0.738,0.721,0.72,0.673,0.651,0.659,0.695,0.7,0.712,0.707,0.691,0.667,0.667,0.653
2026-06-03 01:35:00,0.741,0.696,0.719,0.696,0.68,0.696,0.665,0.653,0.697,0.685,0.722,0.758,0.734,0.661,0.685,0.636,0.656,0.692,0.719,0.701,0.699,0.694,0.671,0.661,0.699,0.676,0.691,0.666,0.735,0.731,0.733,0.696,0.698,0.669,0.677,0.713,0.665,0.678,0.735,0.698,0.676,0.673,0.696
2026-06-03 01:40:00,0.701,0.71,0.72,0.696,0.653,0.671,0.64,0.65,0.699,0.692,0.707,0.723,0.745,0.663,0.673,0.657,0.682,0.661,0.737,0.717,0.72,0.689,0.703,0.687,0.662,0.662,0.689,0.705,0.744,0.712,0.722,0.736,0.734,0.666,0.688,0.667,0.662,0.687,0.725,0.705,0.724,0.67,0.688
2026-06-03 01:45:00,0.722,0.728,0.691,0.669,0.687,0.648,0.661,0.652,0.658,0.709,0.698,0.717,0.716,0.695,0.679,0.665,0.682,0.666,0.721,0.731,0.727,0.718,0.714,0.672,0.662,0.65,0.692,0.692,0.76,0.779,0.725,0.709,0.72,0.667,0.653,0.698,0.677,0.692,0.702,0.721,0.698,0.683,0.688
2026-06-03 01:50:00,0.768,0.711,0.675,0.684,0.676,0.678,0.685,0.663,0.662,0.666,0.68,0.716,0.721,0.653,0.672,0.669,0.664,0.657,0.743,0.721,0.71,0.706,0.688,0.67,0.658,0.671,0.666,0.674,0.782,0.75,0.719,0.714,0.713,0.669,0.653,0.683,0.703,0.677,0.714,0.716,0.691,0.656,0.703
2026-06-03 01:55:00,0.752,0.745,0.729,0.688,0.657,0.693,0.674,0.681,0.646,0.674,0.675,0.697,0.707,0.671,0.69,0.67,0.654,0.662,0.742,0.742,0.723,0.692,0.697,0.65,0.665,0.671,0.666,0.683,0.757,0.717,0.738,0.723,0.711,0.653,0.681,0.676,0.685,0.7,0.75,0.733,0.711,0.687,0.7
2026-06-03 02:00:00,0.753,0.72,0.717,0.7,0.689,0.678,0.667,0.662,0.67,0.68,0.688,0.686,0.705,0.674,0.683,0.696,0.677,0.665,0.736,0.777,0.73,0.722,0.694,0.66,0.657,0.665,0.69,0.666,0.769,0.769,0.767,0.731,0.713,0.666,0.662,0.682,0.697,0.678,0.752,0.743,0.698,0.681,0.705
2026-06-03 02:05:00,0.771,0.737,0.714,0.671,0.683,0.668,0.673,0.665,0.67,0.675,0.702,0.708,0.715,0.696,0.69,0.679,0.673,0.656,0.77,0.752,0.734,0.762,0.722,0.67,0.647,0.677,0.657,0.647,0.786,0.761,0.758,0.755,0.752,0.685,0.663,0.65,0.643,0.675,0.746,0.709,0.726,0.739,0.716
2026-06-03 02:10:00,0.808,0.757,0.729,0.691,0.71,0.694,0.646,0.661,0.66,0.674,0.658,0.68,0.703,0.67,0.671,0.667,0.672,0.642,0.784,0.76,0.758,0.724,0.717,0.68,0.654,0.66,0.672,0.659,0.811,0.761,0.742,0.743,0.747,0.654,0.667,0.682,0.697,0.695,0.739,0.748,0.725,0.706,0.712
2026-06-03 02:15:00,0.762,0.762,0.746,0.707,0.733,0.673,0.693,0.644,0.68,0.665,0.683,0.695,0.703,0.714,0.668,0.657,0.701,0.659,0.778,0.754,0.742,0.744,0.71,0.644,0.683,0.645,0.662,0.67,0.807,0.822,0.772,0.741,0.743,0.653,0.667,0.679,0.66,0.65,0.739,0.761,0.738,0.702,0.716
2026-06-03 02:20:00,0.774,0.758,0.723,0.739,0.703,0.664,0.698,0.659,0.668,0.671,0.664,0.704,0.716,0.674,0.685,0.668,0.662,0.649,0.783,0.778,0.754,0.782,0.719,0.678,0.666,0.645,0.656,0.674,0.811,0.79,0.786,0.767,0.776,0.665,0.638,0.653,0.659,0.684,0.755,0.755,0.743,0.715,0.732
2026-06-03 02:25:00,0.8,0.749,0.742,0.749,0.689,0.691,0.689,0.678,0.647,0.666,0.671,0.69,0.694,0.696,0.69,0.694,0.684,0.689,0.766,0.76,0.763,0.734,0.754,0.661,0.684,0.656,0.68,0.635,0.798,0.785,0.795,0.781,0.744,0.678,0.669,0.667,0.657,0.666,0.765,0.758,0.73,0.733,0.71
2026-06-03 02:30:00,0.802,0.781,0.775,0.724,0.722,0.703,0.714,0.673,0.668,0.65,0.663,0.654,0.672,0.693,0.667,0.678,0.673,0.684,0.776,0.782,0.765,0.756,0.727,0.719,0.664,0.66,0.682,0.685,0.819,0.815,0.749,0.76,0.774,0.665,0.675,0.665,0.653,0.677,0.76,0.765,0.746,0.727,0.721
2026-06-03 02:35:00,0.815,0.744,0.755,0.757,0.718,0.707,0.677,0.665,0.666,0.634,0.667,0.684,0.694,0.712,0.7,0.676,0.693,0.646,0.824,0.799,0.784,0.756,0.734,0.671,0.688,0.685,0.671,0.671,0.816,0.81,0.82,0.796,0.766,0.702,0.645,0.675,0.679,0.677,0.776,0.789,0.751,0.731,0.712
2026-06-03 02:40:00,0.784,0.783,0.744,0.726,0.72,0.71,0.687,0.676,0.655,0.671,0.669,0.679,0.66,0.724,0.687,0.702,0.679,0.655,0.832,0.811,0.783,0.748,0.761,0.671,0.682,0.672,0.673,0.647,0.807,0.798,0.799,0.781,0.73,0.678,0.704,0.683,0.641,0.666,0.824,0.798,0.745,0.708,0.72
2026-06-03 02:45:00,0.789,0.79,0.771,0.761,0.711,0.701,0.684,0.662,0.678,0.66,0.688,0.685,0.689,0.707,0.695,0.698,0.677,0.676,0.821,0.803,0.814,0.765,0.762,0.681,0.717,0.67,0.677,0.655,0.827,0.829,0.819,0.795,0.799,0.685,0.671,0.655,0.688,0.644,0.798,0.777,0.759,0.74,0.746
2026-06-03 02:50:00,0.813,0.799,0.776,0.757,0.742,0.7,0.699,0.665,0.669,0.664,0.671,0.669,0.674,0.687,0.699,0.717,0.709,0.67,0.823,0.802,0.785,0.777,0.746,0.683,0.689,0.671,0.672,0.65,0.826,0.824,0.8,0.771,0.8,0.694,0.667,0.671,0.661,0.684,0.806,0.768,0.775,0.734,0.745
2026-06-03 02:55:00,0.783,0.819,0.767,0.768,0.75,0.74,0.724,0.715,0.664,0.663,0.661,0.66,0.667,0.741,0.724,0.696,0.7,0.688,0.843,0.793,0.805,0.799,0.763,0.734,0.687,0.676,0.667,0.673,0.835,0.856,0.836,0.812,0.789,0.724,0.684,0.677,0.67,0.654,0.827,0.819,0.745,0.777,0.747
2026-06-03 03:00:00,0.828,0.785,0.78,0.763,0.731,0.739,0.711,0.666,0.656,0.687,0.673,0.622,0.657,0.708,0.697,0.687,0.671,0.707,0.839,0.809,0.814,0.8,0.827,0.678,0.706,0.66,0.679,0.676,0.847,0.819,0.793,0.827,0.802,0.712,0.675,0.679,0.669,0.69,0.836,0.794,0.771,0.796,0.754
2026-06-03 03:05:00,0.829,0.789,0.819,0.764,0.739,0.73,0.702,0.708,0.687,0.671,0.647,0.673,0.666,0.716,0.723,0.702,0.697,0.696,0.836,0.84,0.798,0.801,0.788,0.712,0.704,0.7,0.694,0.694,0.874,0.865,0.801,0.812,0.779,0.696,0.711,0.676,0.686,0.656,0.836,0.79,0.798,0.77,0.761
2026-06-03 03:10:00,0.854,0.804,0.766,0.764,0.765,0.768,0.728,0.699,0.693,0.667,0.669,0.678,0.68,0.719,0.712,0.718,0.713,0.688,0.827,0.838,0.816,0.785,0.797,0.729,0.714,0.686,0.699,0.674,0.857,0.827,0.835,0.852,0.82,0.711,0.676,0.675,0.692,0.676,0.817,0.808,0.793,0.773,0.785
2026-06-03 03:15:00,0.871,0.824,0.799,0.815,0.777,0.737,0.758,0.7,0.677,0.702,0.659,0.664,0.675,0.738,0.752,0.708,0.735,0.694,0.856,0.839,0.859,0.811,0.815,0.744,0.703,0.698,0.695,0.691,0.86,0.873,0.821,0.82,0.819,0.708,0.688,0.692,0.674,0.678,0.815,0.824,0.818,0.79,0.775
2026-06-03 03:20:00,0.877,0.842,0.798,0.79,0.783,0.762,0.751,0.713,0.709,0.674,0.659,0.675,0.686,0.746,0.747,0.723,0.721,0.712,0.844,0.822,0.805,0.845,0.82,0.722,0.721,0.699,0.713,0.674,0.869,0.868,0.82,0.833,0.862,0.718,0.698,0.686,0.669,0.671,0.855,0.835,0.803,0.805,0.778
2026-06-03 03:25:00,0.865,0.832,0.821,0.826,0.768,0.767,0.75,0.75,0.702,0.699,0.66,0.662,0.663,0.773,0.741,0.714,0.69,0.697,0.857,0.876,0.835,0.827,0.797,0.745,0.756,0.717,0.706,0.689,0.876,0.85,0.856,0.819,0.854,0.746,0.718,0.677,0.68,0.679,0.881,0.832,0.793,0.82,0.783
2026-06-03 03:30:00,0.838,0.837,0.828,0.823,0.806,0.759,0.709,0.726,0.722,0.685,0.679,0.66,0.691,0.739,0.784,0.745,0.729,0.705,0.868,0.838,0.83,0.853,0.816,0.741,0.719,0.711,0.686,0.703,0.864,0.874,0.852,0.839,0.849,0.734,0.689,0.713,0.665,0.694,0.895,0.834,0.833,0.789,0.802
2026-06-03 03:35:00,0.882,0.87,0.837,0.836,0.775,0.783,0.724,0.736,0.731,0.689,0.701,0.695,0.672,0.745,0.782,0.747,0.746,0.723,0.88,0.871,0.827,0.849,0.818,0.723,0.715,0.735,0.729,0.68,0.919,0.863,0.862,0.877,0.825,0.726,0.71,0.694,0.701,0.675,0.873,0.837,0.82,0.809,0.816
2026-06-03 03:40:00,0.872,0.851,0.849,0.795,0.795,0.79,0.771,0.739,0.719,0.68,0.68,0.652,0.646,0.789,0.8,0.725,0.727,0.698,0.881,0.863,0.848,0.822,0.827,0.741,0.755,0.761,0.733,0.71,0.889,0.886,0.883,0.877,0.82,0.757,0.752,0.719,0.685,0.704,0.854,0.879,0.84,0.824,0.785
2026-06-03 03:45:00,0.864,0.861,0.857,0.824,0.815,0.79,0.771,0.741,0.714,0.705,0.679,0.655,0.655,0.779,0.75,0.751,0.74,0.723,0.906,0.84,0.874,0.847,0.853,0.773,0.756,0.741,0.726,0.706,0.885,0.892,0.891,0.877,0.857,0.716,0.746,0.726,0.707,0.713,0.867,0.875,0.863,0.84,0.819
2026-06-03 03:50:00,0.901,0.867,0.859,0.816,0.797,0.817,0.769,0.744,0.709,0.69,0.722,0.711,0.678,0.793,0.764,0.777,0.754,0.738,0.877,0.886,0.86,0.852,0.853,0.771,0.747,0.746,0.742,0.737,0.899,0.876,0.872,0.859,0.879,0.748,0.754,0.709,0.717,0.68,0.849,0.881,0.854,0.851,0.815
2026-06-03 03:55:00,0.878,0.892,0.843,0.83,0.816,0.831,0.777,0.741,0.743,0.735,0.696,0.7,0.683,0.806,0.778,0.782,0.769,0.76,0.892,0.882,0.884,0.852,0.856,0.775,0.739,0.741,0.737,0.721,0.896,0.889,0.913,0.893,0.868,0.745,0.756,0.756,0.688,0.713,0.881,0.876,0.854,0.867,0.839
2026-06-03 04:00:00,0.934,0.856,0.893,0.85,0.811,0.803,0.816,0.766,0.738,0.699,0.681,0.675,0.679,0.796,0.782,0.79,0.774,0.756,0.888,0.91,0.873,0.835,0.865,0.794,0.796,0.756,0.733,0.732,0.877,0.883,0.914,0.883,0.886,0.739,0.715,0.727,0.718,0.683,0.853,0.866,0.85,0.875,0.833
2026-06-03 04:05:00,0.902,0.859,0.844,0.862,0.822,0.814,0.814,0.791,0.765,0.703,0.717,0.681,0.671,0.838,0.786,0.781,0.761,0.773,0.947,0.911,0.869,0.88,0.866,0.78,0.768,0.756,0.767,0.728,0.926,0.89,0.903,0.869,0.904,0.762,0.754,0.728,0.71,0.709,0.894,0.884,0.848,0.834,0.837
2026-06-03 04:10:00,0.929,0.882,0.88,0.856,0.827,0.826,0.81,0.786,0.734,0.716,0.714,0.684,0.69,0.819,0.794,0.772,0.756,0.777,0.867,0.875,0.873,0.844,0.856,0.785,0.759,0.758,0.766,0.738,0.902,0.917,0.883,0.905,0.874,0.762,0.76,0.755,0.731,0.717,0.911,0.87,0.87,0.832,0.868
2026-06-03 04:15:00,0.874,0.883,0.879,0.871,0.853,0.803,0.809,0.768,0.784,0.759,0.701,0.686,0.712,0.819,0.83,0.783,0.766,0.767,0.905,0.903,0.892,0.868,0.881,0.795,0.775,0.802,0.751,0.74,0.909,0.923,0.897,0.907,0.871,0.789,0.765,0.741,0.729,0.718,0.939,0.896,0.898,0.868,0.852
2026-06-03 04:20:00,0.895,0.922,0.89,0.871,0.85,0.82,0.808,0.767,0.737,0.749,0.717,0.713,0.686,0.83,0.806,0.786,0.789,0.789,0.893,0.946,0.93,0.892,0.843,0.819,0.799,0.756,0.769,0.793,0.911,0.902,0.899,0.9,0.892,0.769,0.752,0.759,0.711,0.757,0.959,0.863,0.884,0.86,0.847
2026-06-03 04:25:00,0.94,0.921,0.883,0.858,0.846,0.839,0.79,0.761,0.744,0.783,0.72,0.701,0.683,0.837,0.832,0.793,0.769,0.801,0.947,0.903,0.878,0.893,0.89,0.821,0.809,0.781,0.774,0.747,0.949,0.939,0.908,0.862,0.914,0.779,0.794,0.765,0.744,0.756,0.892,0.868,0.878,0.889,0.861
2026-06-03 04:30:00,0.94,0.888,0.898,0.87,0.865,0.819,0.807,0.768,0.764,0.758,0.749,0.703,0.704,0.835,0.875,0.802,0.796,0.797,0.936,0.885,0.916,0.89,0.911,0.849,0.804,0.811,0.781,0.761,0.922,0.93,0.898,0.914,0.884,0.784,0.792,0.796,0.726,0.758,0.892,0.879,0.875,0.862,0.889
2026-06-03 04:35:00,0.948,0.9,0.861,0.87,0.85,0.846,0.835,0.799,0.779,0.74,0.761,0.732,0.713,0.836,0.819,0.816,0.842,0.769,0.888,0.922,0.894,0.88,0.887,0.842,0.819,0.795,0.794,0.781,0.913,0.934,0.922,0.916,0.907,0.832,0.799,0.76,0.769,0.76,0.905,0.933,0.917,0.857,0.885
2026-06-03 04:40:00,0.939,0.878,0.9,0.882,0.836,0.833,0.839,0.778,0.77,0.769,0.739,0.745,0.695,0.795,0.821,0.821,0.835,0.794,0.908,0.922,0.924,0.896,0.883,0.803,0.811,0.81,0.783,0.78,0.929,0.951,0.903,0.915,0.909,0.805,0.818,0.785,0.778,0.753,0.892,0.905,0.868,0.87,0.86
2026-06-03 04:45:00,0.922,0.896,0.894,0.9,0.886,0.845,0.818,0.83,0.825,0.773,0.764,0.734,0.755,0.828,0.836,0.825,0.832,0.815,0.919,0.916,0.908,0.916,0.919,0.852,0.825,0.776,0.791,0.781,0.939,0.924,0.912,0.904,0.92,0.81,0.799,0.796,0.765,0.761,0.966,0.899,0.926,0.922,0.877
2026-06-03 04:50:00,0.94,0.918,0.879,0.87,0.882,0.85,0.878,0.793,0.798,0.795,0.741,0.712,0.732,0.875,0.858,0.836,0.829,0.824,0.934,0.951,0.92,0.933,0.896,0.839,0.816,0.798,0.82,0.785,0.949,0.943,0.938,0.928,0.904,0.813,0.836,0.804,0.794,0.787,0.883,0.947,0.904,0.885,0.882
2026-06-03 04:55:00,0.936,0.917,0.922,0.905,0.871,0.87,0.858,0.82,0.775,0.797,0.77,0.72,0.738,0.854,0.859,0.844,0.832,0.857,0.937,0.936,0.901,0.913,0.877,0.824,0.852,0.824,0.796,0.802,0.933,0.926,0.917,0.899,0.933,0.837,0.803,0.794,0.797,0.779,0.958,0.907,0.867,0.879,0.916
2026-06-03 05:00:00,0.897,0.943,0.939,0.931,0.9,0.871,0.862,0.823,0.809,0.797,0.77,0.776,0.735,0.861,0.852,0.833,0.841,0.796,0.936,0.947,0.919,0.914,0.919,0.859,0.869,0.827,0.829,0.797,0.947,0.944,0.912,0.889,0.908,0.842,0.815,0.804,0.755,0.8,0.911,0.935,0.917,0.927,0.894
2026-06-03 05:05:00,0.922,0.919,0.939,0.923,0.882,0.885,0.854,0.87,0.813,0.81,0.797,0.741,0.746,0.863,0.883,0.877,0.866,0.817,0.933,0.922,0.927,0.918,0.932,0.881,0.843,0.809,0.816,0.822,0.912,0.935,0.929,0.954,0.918,0.849,0.848,0.822,0.794,0.788,0.927,0.921,0.952,0.924,0.911
2026-06-03 05:10:00,0.944,0.932,0.928,0.9,0.927,0.872,0.844,0.838,0.838,0.797,0.793,0.765,0.726,0.886,0.851,0.872,0.877,0.831,0.941,0.931,0.934,0.938,0.913,0.843,0.858,0.842,0.827,0.798,0.937,0.919,0.918,0.94,0.951,0.888,0.829,0.824,0.806,0.797,0.881,0.944,0.889,0.901,0.93
2026-06-03 05:15:00,0.96,0.927,0.92,0.91,0.91,0.874,0.885,0.874,0.798,0.808,0.768,0.736,0.744,0.878,0.873,0.876,0.827,0.852,0.908,0.92,0.901,0.902,0.916,0.872,0.869,0.832,0.838,0.828,0.917,0.919,0.926,0.956,0.917,0.833,0.819,0.832,0.817,0.81,0.937,0.921,0.924,0.911,0.894
2026-06-03 05:20:00,0.914,0.898,0.903,0.919,0.884,0.896,0.905,0.863,0.836,0.813,0.811,0.788,0.757,0.868,0.894,0.868,0.855,0.861,0.927,0.927,0.975,0.938,0.927,0.9,0.885,0.842,0.849,0.837,0.938,0.933,0.941,0.95,0.915,0.854,0.835,0.83,0.829,0.832,0.936,0.925,0.933,0.901,0.885
2026-06-03 05:25:00,0.906,0.937,0.928,0.892,0.923,0.908,0.862,0.886,0.84,0.812,0.807,0.775,0.761,0.869,0.868,0.868,0.865,0.846,0.931,0.963,0.912,0.903,0.932,0.894,0.826,0.876,0.829,0.836,0.942,0.941,0.939,0.97,0.909,0.873,0.853,0.843,0.828,0.82,0.904,0.915,0.922,0.929,0.906
2026-06-03 05:30:00,0.938,0.946,0.93,0.943,0.933,0.871,0.897,0.874,0.888,0.824,0.803,0.792,0.781,0.894,0.919,0.865,0.856,0.841,0.946,0.934,0.917,0.913,0.915,0.879,0.845,0.898,0.868,0.855,0.914,0.962,0.931,0.931,0.922,0.881,0.85,0.862,0.829,0.826,0.964,0.929,0.898,0.912,0.944
2026-06-03 05:35:00,0.93,0.915,0.916,0.917,0.907,0.899,0.883,0.874,0.874,0.829,0.84,0.797,0.774,0.883,0.914,0.873,0.88,0.879,0.964,0.918,0.953,0.934,0.935,0.869,0.895,0.869,0.859,0.845,0.958,0.932,0.94,0.934,0.922,0.843,0.867,0.834,0.85,0.829,0.952,0.941,0.922,0.911,0.905
2026-06-03 05:40:00,0.923,0.904,0.94,0.946,0.896,0.912,0.925,0.865,0.849,0.87,0.832,0.783,0.774,0.918,0.886,0.882,0.907,0.873,0.93,0.925,0.956,0.95,0.937,0.899,0.903,0.851,0.87,0.876,0.942,0.955,0.968,0.934,0.932,0.879,0.867,0.86,0.846,0.811,0.943,0.911,0.932,0.908,0.939
2026-06-03 05:45:00,0.932,0.947,0.921,0.903,0.929,0.928,0.905,0.887,0.875,0.867,0.816,0.814,0.766,0.909,0.926,0.897,0.888,0.88,0.902,0.93,0.942,0.932,0.953,0.897,0.891,0.881,0.892,0.861,0.94,0.95,0.904,0.884,0.931,0.88,0.881,0.866,0.865,0.85,0.91,0.95,0.935,0.96,0.917
2026-06-03 05:50:00,0.929,0.98,0.925,0.941,0.903,0.905,0.899,0.89,0.863,0.856,0.84,0.805,0.786,0.924,0.95,0.901,0.892,0.855,0.929,0.904,0.922,0.914,0.911,0.886,0.922,0.906,0.854,0.859,0.902,0.963,0.926,0.945,0.941,0.888,0.891,0.899,0.844,0.864,0.95,0.951,0.936,0.931,0.924
2026-06-03 05:55:00,0.96,0.952,0.909,0.919,0.914,0.911,0.897,0.89,0.882,0.838,0.835,0.791,0.809,0.912,0.935,0.894,0.897,0.9,0.931,0.933,0.935,0.907,0.931,0.917,0.917,0.863,0.875,0.862,0.952,0.957,0.956,0.952,0.937,0.891,0.857,0.886,0.888,0.852,0.966,0.93,0.941,0.932,0.955
2026-06-03 06:00:00,0.937,0.939,0.947,0.925,0.928,0.911,0.901,0.883,0.871,0.844,0.827,0.821,0.823,0.928,0.932,0.935,0.873,0.897,0.927,0.966,0.924,0.942,0.94,0.905,0.909,0.893,0.866,0.843,0.962,0.933,0.955,0.933,0.939,0.92,0.84,0.9,0.854,0.835,0.927,0.905,0.932,0.946,0.953
2026-06-03 06:05:00,0.933,0.965,0.916,0.921,0.926,0.958,0.897,0.925,0.887,0.876,0.858,0.838,0.831,0.939,0.893,0.887,0.888,0.913,0.941,0.953,0.915,0.905,0.944,0.928,0.907,0.875,0.901,0.873,0.949,0.934,0.967,0.927,0.958,0.933,0.919,0.888,0.865,0.828,0.959,0.936,0.959,0.949,0.934
2026-06-03 06:10:00,0.94,0.924,0.941,0.96,0.917,0.94,0.913,0.916,0.891,0.878,0.855,0.852,0.842,0.919,0.939,0.89,0.908,0.874,0.944,0.943,0.948,0.958,0.936,0.918,0.921,0.899,0.9,0.899,0.928,0.942,0.908,0.943,0.924,0.874,0.88,0.895,0.887,0.853,0.932,0.925,0.951,0.907,0.936
2026-06-03 06:15:00,0.933,0.96,0.951,0.955,0.951,0.908,0.914,0.888,0.861,0.898,0.885,0.823,0.829,0.914,0.917,0.913,0.931,0.886,0.941,0.926,0.972,0.923,0.941,0.914,0.893,0.904,0.88,0.904,0.934,0.946,0.941,0.975,0.929,0.897,0.888,0.903,0.882,0.86,0.95,0.921,0.933,0.928,0.95
2026-06-03 06:20:00,0.908,0.912,0.924,0.94,0.92,0.939,0.893,0.897,0.879,0.864,0.849,0.864,0.84,0.939,0.94,0.923,0.91,0.916,0.954,0.905,0.93,0.98,0.931,0.924,0.921,0.936,0.885,0.899,0.933,0.921,0.913,0.945,0.955,0.923,0.908,0.905,0.891,0.864,0.929,0.934,0.935,0.943,0.951
2026-06-03 06:25:00,0.925,0.948,0.927,0.962,0.946,0.941,0.92,0.931,0.901,0.89,0.877,0.865,0.84,0.954,0.92,0.928,0.913,0.941,0.941,0.944,0.933,0.928,0.927,0.936,0.933,0.933,0.881,0.907,0.924,0.949,0.931,0.929,0.954,0.952,0.871,0.885,0.875,0.899,0.944,0.9,0.942,0.945,0.926
2026-06-03 06:30:00,0.93,0.944,0.98,0.927,0.919,0.932,0.914,0.935,0.92,0.908,0.885,0.847,0.864,0.959,0.932,0.931,0.891,0.927,0.955,0.922,0.96,0.965,0.938,0.933,0.903,0.906,0.909,0.907,0.924,0.93,0.95,0.896,0.935,0.963,0.893,0.915,0.884,0.888,0.934,0.935,0.966,0.943,0.94
2026-06-03 06:35:00,0.921,0.932,0.953,0.931,0.927,0.951,0.916,0.925,0.904,0.923,0.864,0.855,0.847,0.945,0.905,0.943,0.92,0.918,0.942,0.911,0.911,0.93,0.943,0.946,0.904,0.914,0.936,0.907,0.936,0.911,0.945,0.929,0.909,0.906,0.922,0.917,0.894,0.905,0.95,0.947,0.964,0.975,0.96
2026-06-03 06:40:00,0.892,0.925,0.944,0.921,0.955,0.929,0.945,0.917,0.946,0.901,0.884,0.859,0.837,0.936,0.941,0.911,0.941,0.914,0.931,0.951,0.935,0.924,0.9,0.932,0.954,0.927,0.924,0.889,0.907,0.891,0.935,0.947,0.932,0.946,0.928,0.892,0.899,0.865,0.929,0.958,0.959,0.93,0.934
2026-06-03 06:45:00,0.935,0.93,0.94,0.96,0.949,0.94,0.938,0.922,0.902,0.901,0.926,0.879,0.872,0.939,0.939,0.919,0.96,0.924,0.918,0.896,0.917,0.938,0.946,0.915,0.933,0.927,0.958,0.886,0.882,0.939,0.949,0.918,0.946,0.925,0.896,0.901,0.883,0.867,0.915,0.947,0.941,0.96,0.952
2026-06-03 06:50:00,0.917,0.918,0.936,0.928,0.924,0.986,0.934,0.913,0.92,0.943,0.91,0.892,0.881,0.933,0.92,0.945,0.936,0.938,0.932,0.907,0.944,0.948,0.946,0.945,0.949,0.955,0.913,0.925,0.918,0.95,0.914,0.93,0.963,0.921,0.888,0.884,0.906,0.873,0.932,0.945,0.941,0.926,0.932
2026-06-03 06:55:00,0.902,0.945,0.919,0.96,0.925,0.961,0.93,0.949,0.927,0.893,0.897,0.876,0.85,0.931,0.964,0.896,0.931,0.918,0.909,0.908,0.93,0.939,0.923,0.95,0.938,0.924,0.918,0.92,0.909,0.933,0.916,0.927,0.941,0.925,0.912,0.891,0.93,0.88,0.925,0.974,0.946,0.943,0.929
2026-06-03 07:00:00,0.91,0.909,0.957,0.959,0.94,0.941,0.925,0.916,0.934,0.939,0.94,0.885,0.904,0.93,0.918,0.949,0.956,0.921,0.928,0.914,0.946,0.958,0.964,0.937,0.953,0.944,0.958,0.949,0.89,0.952,0.915,0.936,0.924,0.926,0.936,0.954,0.926,0.903,0.919,0.929,0.92,0.931,0.963
2026-06-03 07:05:00,0.901,0.937,0.932,0.941,0.947,0.945,0.941,0.944,0.923,0.909,0.92,0.877,0.866,0.932,0.914,0.949,0.942,0.947,0.934,0.945,0.921,0.942,0.911,0.946,0.964,0.934,0.952,0.949,0.892,0.925,0.907,0.919,0.966,0.959,0.907,0.916,0.921,0.902,0.924,0.898,0.929,0.943,0.939
2026-06-03 07:10:00,0.913,0.936,0.952,0.942,0.942,0.95,0.937,0.934,0.915,0.9,0.9,0.896,0.847,0.959,0.959,0.961,0.941,0.918,0.919,0.916,0.942,0.913,0.917,0.942,0.945,0.937,0.94,0.931,0.903,0.926,0.926,0.902,0.911,0.914,0.926,0.917,0.93,0.932,0.937,0.947,0.914,0.899,0.91
2026-06-03 07:15:00,0.907,0.918,0.908,0.952,0.919,0.942,0.933,0.906,0.94,0.919,0.902,0.896,0.894,0.865,0.971,0.909,0.9,0.942,0.877,0.914,0.873,0.937,0.931,0.934,0.947,0.942,0.95,0.961,0.864,0.884,0.918,0.932,0.93,0.95,0.936,0.933,0.917,0.925,0.913,0.941,0.932,0.933,0.948
2026-06-03 07:20:00,0.88,0.921,0.903,0.938,0.943,0.932,0.951,0.952,0.95,0.941,0.961,0.897,0.908,0.963,0.937,0.927,0.936,0.943,0.897,0.924,0.905,0.909,0.918,0.98,0.92,0.906,0.919,0.917,0.915,0.89,0.889,0.899,0.931,0.956,0.961,0.97,0.909,0.939,0.92,0.949,0.913,0.919,0.941
2026-06-03 07:25:00,0.892,0.913,0.915,0.907,0.95,0.94,0.968,0.965,0.921,0.944,0.9,0.916,0.879,0.93,0.92,0.941,0.971,0.945,0.898,0.93,0.918,0.944,0.943,0.967,0.918,0.952,0.942,0.922,0.901,0.911,0.868,0.919,0.917,0.973,0.949,0.943,0.933,0.955,0.921,0.915,0.952,0.945,0.91
2026-06-03 07:30:00,0.896,0.917,0.892,0.948,0.928,0.916,0.943,0.915,0.926,0.964,0.957,0.925,0.904,0.959,0.91,0.916,0.965,0.912,0.903,0.911,0.882,0.927,0.916,0.962,0.973,0.954,0.944,0.92,0.883,0.906,0.876,0.911,0.92,0.933,0.932,0.964,0.953,0.927,0.933,0.917,0.924,0.921,0.949
2026-06-03 07:35:00,0.92,0.927,0.916,0.918,0.908,0.925,0.957,0.936,0.958,0.97,0.935,0.899,0.898,0.935,0.933,0.94,0.941,0.921,0.924,0.881,0.926,0.925,0.921,0.922,0.956,0.939,0.942,0.926,0.918,0.889,0.912,0.907,0.897,0.951,0.937,0.944,0.956,0.918,0.918,0.896,0.908,0.966,0.925
2026-06-03 07:40:00,0.866,0.928,0.925,0.919,0.942,0.961,0.951,0.945,0.949,0.968,0.932,0.909,0.923,0.949,0.936,0.931,0.918,0.93,0.902,0.908,0.862,0.922,0.913,0.929,0.939,0.941,0.931,0.93,0.894,0.871,0.896,0.903,0.885,0.911,0.905,0.946,0.926,0.917,0.859,0.898,0.895,0.915,0.93
2026-06-03 07:45:00,0.888,0.908,0.937,0.919,0.96,0.93,0.934,0.963,0.95,0.949,0.933,0.922,0.93,0.938,0.926,0.945,0.956,0.964,0.897,0.888,0.919,0.914,0.921,0.942,0.924,0.954,0.93,0.965,0.88,0.879,0.919,0.868,0.92,0.964,0.965,0.965,0.936,0.908,0.88,0.892,0.897,0.903,0.919
2026-06-03 07:50:00,0.894,0.943,0.895,0.905,0.904,0.894,0.953,0.924,0.929,0.961,0.966,0.904,0.9,0.905,0.943,0.931,0.957,0.971,0.883,0.892,0.878,0.88,0.907,0.954,0.941,0.939,0.955,0.96,0.864,0.89,0.877,0.878,0.916,0.927,0.925,0.939,0.95,0.943,0.891,0.894,0.911,0.946,0.915
2026-06-03 07:55:00,0.865,0.902,0.934,0.941,0.92,0.955,0.939,0.941,0.949,0.936,0.907,0.954,0.923,0.891,0.937,0.942,0.915,0.935,0.866,0.904,0.883,0.878,0.91,0.906,0.937,0.945,0.955,0.946,0.878,0.887,0.89,0.892,0.906,0.933,0.956,0.963,0.981,0.91,0.878,0.927,0.912,0.936,0.927
2026-06-03 08:00:00,0.891,0.889,0.904,0.896,0.926,0.919,0.941,0.929,0.971,0.963,0.951,0.928,0.938,0.937,0.93,0.935,0.887,0.917,0.891,0.903,0.857,0.908,0.907,0.947,0.95,0.939,0.925,0.955,0.871,0.896,0.851,0.89,0.909,0.941,0.974,0.933,0.943,0.901,0.854,0.874,0.883,0.912,0.911
2026-06-03 08:05:00,0.865,0.893,0.922,0.903,0.897,0.927,0.932,0.922,0.935,0.957,0.939,0.934,0.903,0.903,0.912,0.944,0.92,0.912,0.891,0.929,0.898,0.894,0.92,0.945,0.929,0.937,0.938,0.932,0.878,0.86,0.868,0.888,0.891,0.907,0.942,0.962,0.959,0.944,0.874,0.9,0.88,0.895,0.878
2026-06-03 08:10:00,0.849,0.886,0.89,0.93,0.928,0.959,0.919,0.913,0.941,0.939,0.934,0.924,0.94,0.959,0.922,0.955,0.931,0.913,0.86,0.849,0.871,0.881,0.889,0.902,0.942,0.933,0.92,0.9,0.857,0.876,0.869,0.898,0.899,0.934,0.93,0.928,0.933,0.922,0.893,0.885,0.897,0.873,0.924
2026-06-03 08:15:00,0.845,0.879,0.891,0.919,0.911,0.924,0.923,0.92,0.942,0.929,0.934,0.934,0.96,0.916,0.923,0.91,0.904,0.95,0.86,0.872,0.879,0.888,0.874,0.906,0.931,0.949,0.937,0.939,0.871,0.854,0.845,0.883,0.884,0.924,0.912,0.928,0.958,0.937,0.899,0.888,0.885,0.9,0.909
2026-06-03 08:20:00,0.828,0.863,0.868,0.91,0.899,0.904,0.921,0.938,0.936,0.969,0.932,0.934,0.942,0.926,0.929,0.933,0.951,0.955,0.874,0.893,0.857,0.854,0.902,0.944,0.957,0.933,0.946,0.954,0.882,0.881,0.864,0.889,0.856,0.952,0.921,0.939,0.96,0.918,0.876,0.847,0.902,0.886,0.92
2026-06-03 08:25:00,0.893,0.888,0.91,0.878,0.921,0.895,0.912,0.912,0.956,0.937,0.946,0.958,0.958,0.899,0.927,0.909,0.919,0.935,0.838,0.864,0.892,0.889,0.894,0.934,0.951,0.905,0.941,0.951,0.817,0.854,0.879,0.852,0.886,0.963,0.923,0.929,0.932,0.966,0.863,0.879,0.881,0.892,0.905
2026-06-03 08:30:00,0.833,0.87,0.878,0.888,0.926,0.894,0.926,0.932,0.964,0.923,0.934,0.924,0.923,0.912,0.92,0.927,0.939,0.971,0.854,0.889,0.876,0.886,0.875,0.901,0.965,0.934,0.928,0.939,0.872,0.878,0.859,0.841,0.883,0.933,0.923,0.959,0.948,0.955,0.886,0.88,0.914,0.889,0.9
2026-06-03 08:35:00,0.839,0.907,0.879,0.897,0.914,0.921,0.934,0.941,0.947,0.964,0.932,0.914,0.921,0.878,0.918,0.933,0.94,0.944,0.856,0.875,0.874,0.864,0.884,0.945,0.948,0.936,0.919,0.949,0.856,0.866,0.864,0.849,0.886,0.928,0.94,0.949,0.937,0.9,0.878,0.889,0.907,0.885,0.898
2026-06-03 08:40:00,0.85,0.884,0.864,0.877,0.897,0.927,0.946,0.952,0.964,0.923,0.951,0.933,0.949,0.932,0.9,0.934,0.936,0.884,0.838,0.842,0.886,0.859,0.877,0.894,0.893,0.913,0.954,0.926,0.854,0.843,0.862,0.861,0.878,0.905,0.933,0.93,0.941,0.933,0.872,0.899,0.882,0.897,0.893
2026-06-03 08:45:00,0.85,0.872,0.899,0.884,0.875,0.928,0.933,0.919,0.943,0.925,0.962,0.943,0.914,0.898,0.912,0.893,0.935,0.901,0.836,0.875,0.871,0.884,0.871,0.917,0.935,0.896,0.932,0.912,0.85,0.863,0.845,0.828,0.878,0.948,0.913,0.958,0.955,0.948,0.873,0.864,0.845,0.852,0.896
2026-06-03 08:50:00,0.842,0.874,0.862,0.907,0.878,0.898,0.907,0.931,0.942,0.93,0.926,0.942,0.928,0.91,0.917,0.913,0.924,0.913,0.827,0.855,0.877,0.86,0.884,0.872,0.906,0.911,0.895,0.942,0.854,0.885,0.844,0.878,0.861,0.938,0.936,0.918,0.963,0.953,0.894,0.872,0.881,0.89,0.899
2026-06-03 08:55:00,0.834,0.832,0.873,0.861,0.918,0.908,0.902,0.919,0.946,0.91,0.957,0.946,0.955,0.906,0.901,0.921,0.928,0.923,0.894,0.859,0.88,0.876,0.846,0.906,0.913,0.898,0.955,0.927,0.859,0.848,0.865,0.835,0.839,0.922,0.905,0.924,0.966,0.963,0.863,0.885,0.902,0.888,0.858
2026-06-03 09:00:00,0.858,0.871,0.829,0.905,0.887,0.857,0.946,0.905,0.951,0.946,0.968,0.953,0.931,0.91,0.9,0.915,0.931,0.916,0.847,0.852,0.861,0.844,0.879,0.924,0.894,0.917,0.898,0.948,0.849,0.845,0.83,0.857,0.842,0.913,0.931,0.934,0.924,0.918,0.836,0.853,0.861,0.896,0.87
2026-06-03 09:05:00,0.827,0.883,0.846,0.852,0.884,0.904,0.901,0.898,0.924,0.916,0.95,0.932,0.936,0.891,0.871,0.914,0.911,0.913,0.855,0.862,0.838,0.842,0.88,0.903,0.893,0.911,0.913,0.899,0.842,0.843,0.852,0.867,0.84,0.901,0.952,0.961,0.919,0.919,0.881,0.861,0.857,0.873,0.885
2026-06-03 09:10:00,0.828,0.829,0.872,0.869,0.876,0.881,0.902,0.941,0.954,0.93,0.945,0.901,0.942,0.876,0.857,0.899,0.909,0.878,0.825,0.84,0.856,0.843,0.846,0.907,0.886,0.901,0.876,0.919,0.835,0.829,0.833,0.859,0.82,0.936,0.922,0.914,0.922,0.95,0.861,0.863,0.902,0.862,0.857
2026-06-03 09:15:00,0.841,0.827,0.862,0.898,0.869,0.912,0.891,0.885,0.939,0.916,0.941,0.907,0.924,0.866,0.865,0.875,0.903,0.879,0.849,0.862,0.8,0.866,0.849,0.893,0.877,0.93,0.882,0.918,0.832,0.84,0.84,0.845,0.865,0.919,0.879,0.938,0.913,0.924,0.846,0.847,0.875,0.854,0.854
2026-06-03 09:20:00,0.873,0.844,0.854,0.86,0.895,0.914,0.91,0.912,0.904,0.913,0.954,0.911,0.949,0.886,0.889,0.901,0.916,0.932,0.819,0.859,0.848,0.848,0.856,0.913,0.877,0.925,0.907,0.92,0.834,0.848,0.838,0.845,0.83,0.921,0.915,0.902,0.944,0.952,0.835,0.872,0.868,0.875,0.858
2026-06-03 09:25:00,0.819,0.868,0.863,0.844,0.877,0.871,0.882,0.908,0.898,0.909,0.939,0.923,0.926,0.895,0.904,0.861,0.932,0.931,0.837,0.836,0.857,0.854,0.854,0.893,0.89,0.915,0.938,0.919,0.811,0.834,0.826,0.854,0.842,0.901,0.938,0.904,0.898,0.916,0.854,0.84,0.856,0.835,0.862
2026-06-03 09:30:00,0.835,0.857,0.873,0.859,0.887,0.868,0.883,0.907,0.894,0.907,0.953,0.93,0.946,0.917,0.898,0.887,0.897,0.866,0.835,0.854,0.855,0.83,0.844,0.92,0.862,0.88,0.89,0.908,0.838,0.823,0.824,0.853,0.866,0.883,0.896,0.923,0.901,0.93,0.854,0.865,0.853,0.892,0.865
2026-06-03 09:35:00,0.859,0.835,0.849,0.867,0.866,0.874,0.891,0.89,0.91,0.915,0.913,0.916,0.944,0.897,0.889,0.892,0.905,0.864,0.814,0.829,0.823,0.848,0.833,0.879,0.911,0.914,0.9,0.913,0.802,0.852,0.822,0.837,0.849,0.916,0.893,0.912,0.938,0.918,0.801,0.874,0.883,0.884,0.845
2026-06-03 09:40:00,0.868,0.838,0.846,0.84,0.858,0.871,0.874,0.919,0.898,0.92,0.939,0.933,0.949,0.847,0.872,0.926,0.905,0.911,0.84,0.857,0.856,0.823,0.869,0.881,0.896,0.903,0.907,0.886,0.81,0.836,0.829,0.839,0.828,0.902,0.897,0.915,0.886,0.897,0.852,0.843,0.886,0.876,0.834
2026-06-03 09:45:00,0.807,0.831,0.856,0.843,0.864,0.859,0.888,0.91,0.912,0.949,0.915,0.916,0.94,0.868,0.85,0.887,0.89,0.874,0.851,0.831,0.83,0.82,0.829,0.858,0.879,0.908,0.904,0.897,0.832,0.831,0.829,0.839,0.838,0.893,0.887,0.875,0.919,0.918,0.846,0.857,0.826,0.825,0.851
2026-06-03 09:50:00,0.825,0.829,0.839,0.842,0.835,0.87,0.875,0.878,0.886,0.889,0.932,0.916,0.933,0.849,0.862,0.899,0.863,0.895,0.824,0.851,0.83,0.819,0.866,0.854,0.897,0.885,0.91,0.91,0.813,0.853,0.825,0.852,0.842,0.896,0.893,0.893,0.936,0.906,0.839,0.861,0.837,0.849,0.874
2026-06-03 09:55:00,0.863,0.843,0.855,0.858,0.837,0.851,0.854,0.869,0.897,0.894,0.912,0.934,0.918,0.885,0.886,0.879,0.912,0.877,0.807,0.846,0.811,0.855,0.827,0.856,0.859,0.888,0.894,0.906,0.816,0.827,0.834,0.83,0.834,0.912,0.895,0.887,0.906,0.911,0.808,0.828,0.84,0.827,0.879
2026-06-03 10:00:00,0.818,0.842,0.84,0.84,0.834,0.866,0.86,0.892,0.881,0.902,0.884,0.925,0.924,0.863,0.878,0.857,0.893,0.882,0.82,0.794,0.859,0.827,0.867,0.879,0.889,0.864,0.92,0.88,0.81,0.822,0.843,0.846,0.814,0.871,0.89,0.892,0.895,0.939,0.828,0.852,0.83,0.834,0.827
2026-06-03 10:05:00,0.839,0.834,0.852,0.832,0.842,0.87,0.876,0.879,0.917,0.908,0.936,0.888,0.919,0.858,0.86,0.854,0.845,0.865,0.819,0.82,0.792,0.811,0.826,0.844,0.833,0.869,0.862,0.888,0.818,0.805,0.815,0.842,0.831,0.834,0.849,0.863,0.881,0.865,0.832,0.806,0.843,0.838,0.862
2026-06-03 10:10:00,0.812,0.792,0.838,0.837,0.838,0.852,0.879,0.897,0.888,0.898,0.871,0.934,0.942,0.827,0.865,0.872,0.867,0.869,0.8,0.825,0.846,0.838,0.859,0.851,0.854,0.846,0.894,0.864,0.839,0.847,0.814,0.835,0.807,0.866,0.873,0.895,0.893,0.893,0.845,0.818,0.829,0.846,0.864
2026-06-03 10:15:00,0.821,0.809,0.831,0.863,0.824,0.877,0.867,0.886,0.863,0.881,0.887,0.885,0.954,0.814,0.827,0.826,0.884,0.891,0.811,0.834,0.854,0.839,0.828,0.85,0.87,0.829,0.895,0.88,0.823,0.824,0.849,0.831,0.836,0.869,0.857,0.905,0.925,0.898,0.801,0.815,0.843,0.825,0.833
2026-06-03 10:20:00,0.825,0.832,0.839,0.827,0.834,0.865,0.886,0.854,0.885,0.873,0.892,0.922,0.924,0.876,0.855,0.882,0.859,0.875,0.816,0.813,0.815,0.807,0.828,0.857,0.873,0.9,0.852,0.896,0.8,0.804,0.834,0.821,0.801,0.879,0.903,0.876,0.909,0.899,0.804,0.823,0.83,0.836,0.841
2026-06-03 10:25:00,0.81,0.808,0.834,0.833,0.836,0.819,0.856,0.886,0.871,0.867,0.878,0.912,0.937,0.845,0.865,0.861,0.881,0.87,0.841,0.796,0.838,0.823,0.832,0.841,0.877,0.844,0.821,0.878,0.855,0.824,0.825,0.811,0.868,0.89,0.854,0.856,0.928,0.87,0.844,0.827,0.799,0.834,0.842
2026-06-03 10:30:00,0.812,0.819,0.858,0.817,0.82,0.858,0.836,0.872,0.863,0.865,0.9,0.932,0.901,0.844,0.847,0.881,0.856,0.831,0.838,0.841,0.827,0.828,0.82,0.859,0.854,0.824,0.854,0.856,0.823,0.852,0.832,0.827,0.815,0.843,0.87,0.891,0.869,0.89,0.821,0.823,0.823,0.824,0.836
2026-06-03 10:35:00,0.826,0.832,0.827,0.819,0.825,0.846,0.819,0.882,0.859,0.885,0.914,0.895,0.891,0.842,0.828,0.851,0.885,0.866,0.833,0.835,0.844,0.82,0.851,0.843,0.849,0.866,0.873,0.876,0.826,0.816,0.827,0.832,0.81,0.854,0.859,0.874,0.894,0.903,0.819,0.826,0.822,0.819,0.854
2026-06-03 10:40:00,0.823,0.798,0.824,0.809,0.846,0.858,0.857,0.871,0.867,0.857,0.883,0.887,0.897,0.835,0.842,0.85,0.845,0.834,0.807,0.843,0.835,0.817,0.815,0.841,0.852,0.835,0.861,0.858,0.783,0.805,0.805,0.831,0.837,0.851,0.852,0.894,0.881,0.896,0.822,0.82,0.839,0.838,0.825
2026-06-03 10:45:00,0.827,0.792,0.819,0.823,0.829,0.856,0.854,0.862,0.863,0.878,0.885,0.882,0.888,0.83,0.865,0.825,0.852,0.855,0.8,0.832,0.85,0.829,0.828,0.823,0.865,0.843,0.851,0.859,0.815,0.855,0.821,0.827,0.79,0.849,0.861,0.843,0.874,0.892,0.845,0.841,0.842,0.812,0.843
2026-06-03 10:50:00,0.857,0.817,0.835,0.827,0.839,0.85,0.841,0.871,0.859,0.901,0.892,0.891,0.886,0.795,0.838,0.832,0.84,0.864,0.816,0.818,0.803,0.824,0.831,0.85,0.855,0.807,0.866,0.889,0.806,0.837,0.79,0.821,0.803,0.855,0.876,0.812,0.85,0.872,0.809,0.825,0.839,0.829,0.843
2026-06-03 10:55:00,0.805,0.835,0.814,0.821,0.808,0.836,0.835,0.846,0.854,0.872,0.849,0.9,0.908,0.822,0.84,0.85,0.859,0.837,0.82,0.811,0.814,0.798,0.822,0.866,0.819,0.864,0.859,0.863,0.871,0.825,0.801,0.805,0.791,0.851,0.879,0.852,0.87,0.86,0.816,0.826,0.814,0.806,0.833
2026-06-03 11:00:00,0.815,0.852,0.838,0.832,0.794,0.826,0.843,0.864,0.863,0.857,0.897,0.887,0.871,0.829,0.864,0.838,0.846,0.851,0.817,0.822,0.784,0.806,0.806,0.848,0.827,0.836,0.843,0.836,0.816,0.8,0.828,0.827,0.833,0.869,0.842,0.889,0.871,0.853,0.788,0.806,0.806,0.832,0.812
2026-06-03 11:05:00,0.819,0.836,0.819,0.798,0.823,0.818,0.852,0.828,0.881,0.871,0.897,0.889,0.871,0.846,0.855,0.823,0.851,0.829,0.808,0.831,0.824,0.806,0.809,0.838,0.837,0.851,0.847,0.849,0.79,0.838,0.849,0.813,0.823,0.833,0.857,0.841,0.828,0.89,0.801,0.823,0.867,0.796,0.85
2026-06-03 11:10:00,0.836,0.803,0.837,0.822,0.824,0.832,0.83,0.826,0.818,0.841,0.86,0.863,0.876,0.837,0.831,0.81,0.808,0.818,0.803,0.831,0.857,0.84,0.827,0.823,0.845,0.853,0.85,0.841,0.769,0.806,0.802,0.824,0.806,0.828,0.812,0.872,0.836,0.878,0.818,0.802,0.801,0.806,0.811
2026-06-03 11:15:00,0.848,0.81,0.813,0.842,0.818,0.857,0.836,0.831,0.838,0.866,0.871,0.856,0.873,0.831,0.801,0.833,0.85,0.824,0.796,0.845,0.829,0.807,0.828,0.823,0.819,0.86,0.86,0.837,0.815,0.827,0.811,0.806,0.791,0.835,0.822,0.842,0.843,0.871,0.816,0.785,0.811,0.836,0.816
2026-06-03 11:20:00,0.827,0.813,0.819,0.828,0.822,0.792,0.839,0.865,0.879,0.827,0.856,0.864,0.879,0.823,0.858,0.846,0.836,0.842,0.815,0.794,0.835,0.817,0.815,0.832,0.85,0.83,0.87,0.824,0.819,0.811,0.812,0.835,0.808,0.836,0.845,0.861,0.86,0.845,0.84,0.815,0.805,0.817,0.824
2026-06-03 11:25:00,0.832,0.817,0.846,0.807,0.807,0.82,0.839,0.812,0.869,0.877,0.859,0.871,0.892,0.825,0.851,0.824,0.83,0.838,0.811,0.818,0.817,0.809,0.806,0.842,0.83,0.825,0.838,0.842,0.829,0.838,0.827,0.827,0.808,0.8,0.836,0.844,0.859,0.876,0.806,0.829,0.832,0.817,0.82
2026-06-03 11:30:00,0.833,0.831,0.835,0.798,0.819,0.837,0.837,0.839,0.816,0.849,0.866,0.854,0.882,0.794,0.828,0.826,0.796,0.838,0.794,0.852,0.801,0.825,0.804,0.836,0.828,0.827,0.846,0.818,0.823,0.833,0.815,0.818,0.812,0.832,0.873,0.839,0.827,0.873,0.82,0.845,0.836,0.811,0.823
2026-06-03 11:35:00,0.845,0.813,0.834,0.834,0.811,0.803,0.835,0.818,0.83,0.87,0.856,0.842,0.864,0.814,0.84,0.816,0.823,0.812,0.819,0.815,0.812,0.824,0.846,0.853,0.834,0.808,0.82,0.823,0.821,0.804,0.861,0.822,0.805,0.803,0.826,0.858,0.863,0.849,0.817,0.814,0.821,0.832,0.842
2026-06-03 11:40:00,0.789,0.801,0.822,0.824,0.87,0.828,0.822,0.842,0.851,0.832,0.842,0.869,0.88,0.821,0.839,0.82,0.818,0.811,0.838,0.823,0.793,0.814,0.834,0.825,0.813,0.804,0.806,0.876,0.821,0.83,0.802,0.803,0.802,0.832,0.801,0.843,0.835,0.867,0.798,0.82,0.82,0.834,0.822
2026-06-03 11:45:00,0.839,0.819,0.818,0.833,0.811,0.811,0.805,0.82,0.802,0.86,0.829,0.871,0.849,0.83,0.853,0.855,0.84,0.824,0.815,0.812,0.816,0.826,0.813,0.823,0.827,0.861,0.843,0.839,0.827,0.822,0.844,0.78,0.823,0.816,0.852,0.848,0.85,0.833,0.804,0.822,0.811,0.791,0.803
2026-06-03 11:50:00,0.835,0.844,0.83,0.837,0.8,0.818,0.808,0.812,0.825,0.828,0.879,0.864,0.867,0.8,0.805,0.822,0.799,0.82,0.818,0.847,0.801,0.831,0.823,0.833,0.788,0.829,0.854,0.841,0.818,0.837,0.821,0.812,0.819,0.818,0.859,0.833,0.847,0.848,0.822,0.812,0.783,0.858,0.817
2026-06-03 11:55:00,0.831,0.813,0.846,0.834,0.834,0.829,0.832,0.83,0.831,0.852,0.837,0.828,0.844,0.822,0.827,0.79,0.874,0.839,0.84,0.826,0.815,0.837,0.819,0.811,0.823,0.791,0.838,0.801,0.859,0.849,0.824,0.835,0.808,0.795,0.781,0.811,0.83,0.84,0.807,0.828,0.841,0.808,0.817
2026-06-03 12:00:00,0.808,0.804,0.83,0.824,0.826,0.828,0.81,0.838,0.832,0.842,0.835,0.852,0.857,0.857,0.8,0.819,0.819,0.823,0.798,0.832,0.82,0.813,0.809,0.835,0.835,0.861,0.853,0.79,0.82,0.839,0.827,0.825,0.83,0.835,0.825,0.805,0.846,0.841,0.823,0.831,0.833,0.813,0.828
2026-06-03 12:05:00,0.818,0.814,0.813,0.818,0.84,0.831,0.787,0.817,0.813,0.843,0.849,0.862,0.881,0.834,0.822,0.82,0.821,0.823,0.858,0.847,0.806,0.844,0.823,0.84,0.802,0.801,0.822,0.812,0.816,0.803,0.794,0.817,0.819,0.829,0.82,0.83,0.858,0.827,0.83,0.819,0.824,0.847,0.841
2026-06-03 12:10:00,0.84,0.816,0.821,0.831,0.821,0.828,0.836,0.819,0.844,0.822,0.811,0.827,0.863,0.813,0.854,0.804,0.824,0.829,0.848,0.824,0.823,0.823,0.806,0.823,0.826,0.83,0.814,0.845,0.83,0.816,0.824,0.847,0.81,0.838,0.813,0.828,0.804,0.806,0.81,0.861,0.827,0.832,0.827
2026-06-03 12:15:00,0.823,0.822,0.823,0.821,0.842,0.831,0.848,0.851,0.819,0.825,0.838,0.83,0.839,0.803,0.819,0.826,0.816,0.828,0.837,0.834,0.831,0.839,0.844,0.839,0.826,0.812,0.858,0.804,0.811,0.812,0.808,0.862,0.841,0.821,0.799,0.801,0.834,0.841,0.816,0.803,0.84,0.852,0.806
2026-06-03 12:20:00,0.816,0.817,0.827,0.818,0.831,0.863,0.788,0.836,0.826,0.788,0.828,0.82,0.834,0.817,0.808,0.803,0.797,0.804,0.84,0.823,0.826,0.829,0.817,0.834,0.799,0.858,0.806,0.849,0.828,0.846,0.805,0.854,0.847,0.828,0.825,0.859,0.81,0.835,0.844,0.843,0.833,0.827,0.809
2026-06-03 12:25:00,0.826,0.825,0.837,0.809,0.821,0.846,0.82,0.827,0.834,0.838,0.84,0.838,0.86,0.805,0.797,0.812,0.827,0.782,0.811,0.83,0.821,0.853,0.825,0.81,0.806,0.812,0.832,0.824,0.857,0.834,0.832,0.834,0.818,0.829,0.828,0.778,0.831,0.831,0.818,0.829,0.812,0.832,0.829
2026-06-03 12:30:00,0.799,0.82,0.842,0.832,0.82,0.821,0.833,0.829,0.813,0.836,0.856,0.843,0.824,0.82,0.812,0.839,0.821,0.818,0.87,0.831,0.845,0.85,0.843,0.829,0.824,0.829,0.832,0.829,0.799,0.82,0.835,0.835,0.83,0.821,0.837,0.807,0.871,0.819,0.847,0.849,0.806,0.825,0.81
2026-06-03 12:35:00,0.834,0.822,0.816,0.83,0.816,0.802,0.824,0.852,0.813,0.824,0.838,0.815,0.844,0.838,0.833,0.819,0.828,0.815,0.842,0.836,0.85,0.793,0.826,0.811,0.831,0.812,0.823,0.809,0.838,0.854,0.819,0.833,0.852,0.801,0.827,0.833,0.831,0.847,0.819,0.826,0.826,0.817,0.793
2026-06-03 12:40:00,0.835,0.843,0.823,0.803,0.835,0.822,0.806,0.802,0.84,0.825,0.837,0.838,0.825,0.789,0.81,0.839,0.85,0.808,0.851,0.821,0.836,0.797,0.835,0.805,0.859,0.825,0.808,0.805,0.846,0.836,0.837,0.819,0.836,0.847,0.815,0.84,0.798,0.835,0.808,0.784,0.825,0.839,0.816
2026-06-03 12:45:00,0.824,0.828,0.808,0.826,0.851,0.821,0.812,0.796,0.822,0.824,0.846,0.808,0.813,0.82,0.821,0.81,0.831,0.794,0.831,0.854,0.846,0.862,0.845,0.825,0.836,0.817,0.784,0.847,0.83,0.832,0.809,0.85,0.84,0.829,0.791,0.835,0.828,0.807,0.819,0.814,0.817,0.814,0.809
2026-06-03 12:50:00,0.814,0.844,0.852,0.827,0.831,0.81,0.8,0.817,0.827,0.833,0.826,0.841,0.841,0.799,0.83,0.814,0.799,0.817,0.845,0.849,0.843,0.866,0.809,0.824,0.817,0.816,0.835,0.838,0.822,0.82,0.83,0.85,0.819,0.803,0.856,0.818,0.837,0.813,0.868,0.829,0.826,0.837,0.836
2026-06-03 12:55:00,0.84,0.808,0.852,0.809,0.826,0.836,0.825,0.831,0.808,0.802,0.832,0.833,0.81,0.823,0.816,0.838,0.83,0.798,0.827,0.856,0.858,0.821,0.831,0.808,0.849,0.806,0.818,0.825,0.859,0.823,0.833,0.826,0.83,0.823,0.838,0.811,0.828,0.81,0.838,0.835,0.847,0.835,0.81
2026-06-03 13:00:00,0.808,0.849,0.865,0.791,0.854,0.826,0.813,0.793,0.828,0.83,0.825,0.817,0.831,0.816,0.803,0.839,0.807,0.854,0.831,0.858,0.841,0.833,0.823,0.817,0.812,0.8,0.805,0.839,0.864,0.858,0.826,0.812,0.806,0.802,0.831,0.817,0.82,0.818,0.849,0.834,0.845,0.841,0.802
2026-06-03 13:05:00,0.866,0.825,0.805,0.813,0.817,0.829,0.808,0.811,0.811,0.815,0.817,0.825,0.814,0.846,0.848,0.802,0.812,0.837,0.845,0.843,0.866,0.824,0.822,0.823,0.813,0.808,0.805,0.825,0.862,0.861,0.872,0.85,0.841,0.835,0.836,0.843,0.787,0.824,0.849,0.813,0.819,0.821,0.809
2026-06-03 13:10:00,0.835,0.845,0.823,0.832,0.831,0.837,0.827,0.825,0.813,0.847,0.828,0.83,0.822,0.832,0.816,0.847,0.821,0.843,0.882,0.833,0.815,0.818,0.838,0.83,0.82,0.85,0.797,0.843,0.861,0.851,0.85,0.843,0.852,0.806,0.806,0.826,0.793,0.832,0.826,0.818,0.847,0.781,0.83
2026-06-03 13:15:00,0.85,0.826,0.833,0.823,0.844,0.83,0.818,0.84,0.799,0.83,0.808,0.818,0.851,0.828,0.831,0.782,0.828,0.823,0.838,0.845,0.873,0.849,0.86,0.824,0.833,0.808,0.841,0.834,0.847,0.859,0.844,0.825,0.855,0.839,0.819,0.792,0.81,0.839,0.853,0.845,0.826,0.844,0.813
2026-06-03 13:20:00,0.845,0.819,0.834,0.837,0.849,0.842,0.813,0.835,0.794,0.835,0.834,0.855,0.838,0.802,0.821,0.836,0.793,0.83,0.848,0.864,0.859,0.836,0.812,0.823,0.807,0.827,0.826,0.841,0.868,0.871,0.84,0.846,0.836,0.827,0.819,0.836,0.847,0.834,0.841,0.851,0.841,0.849,0.827
2026-06-03 13:25:00,0.863,0.828,0.862,0.816,0.821,0.82,0.826,0.817,0.795,0.823,0.796,0.852,0.861,0.817,0.801,0.85,0.807,0.812,0.86,0.868,0.847,0.834,0.838,0.815,0.829,0.846,0.847,0.819,0.85,0.838,0.842,0.875,0.866,0.823,0.831,0.857,0.797,0.811,0.829,0.817,0.842,0.849,0.82
2026-06-03 13:30:00,0.856,0.819,0.876,0.853,0.833,0.814,0.812,0.806,0.808,0.78,0.842,0.819,0.821,0.862,0.856,0.855,0.833,0.839,0.852,0.846,0.856,0.858,0.826,0.839,0.83,0.822,0.828,0.808,0.862,0.858,0.862,0.826,0.848,0.857,0.805,0.837,0.824,0.809,0.851,0.856,0.847,0.841,0.853
2026-06-03 13:35:00,0.854,0.821,0.833,0.846,0.865,0.813,0.841,0.834,0.799,0.814,0.845,0.808,0.808,0.808,0.825,0.823,0.821,0.807,0.846,0.844,0.838,0.88,0.842,0.816,0.84,0.848,0.816,0.831,0.867,0.85,0.869,0.84,0.845,0.83,0.792,0.839,0.838,0.789,0.861,0.816,0.86,0.863,0.864
2026-06-03 13:40:00,0.844,0.855,0.838,0.843,0.837,0.836,0.817,0.852,0.835,0.787,0.857,0.806,0.826,0.819,0.835,0.85,0.851,0.82,0.871,0.847,0.843,0.851,0.824,0.831,0.827,0.846,0.844,0.826,0.881,0.885,0.858,0.839,0.872,0.829,0.8,0.832,0.818,0.824,0.85,0.869,0.84,0.857,0.837
2026-06-03 13:45:00,0.879,0.866,0.829,0.857,0.85,0.83,0.794,0.824,0.818,0.804,0.85,0.791,0.828,0.845,0.802,0.861,0.855,0.83,0.88,0.881,0.858,0.83,0.849,0.807,0.844,0.803,0.81,0.832,0.858,0.853,0.846,0.834,0.846,0.826,0.806,0.794,0.83,0.801,0.874,0.877,0.849,0.846,0.831
2026-06-03 13:50:00,0.851,0.876,0.867,0.809,0.842,0.854,0.835,0.828,0.806,0.817,0.804,0.842,0.816,0.839,0.84,0.844,0.798,0.855,0.868,0.838,0.861,0.855,0.862,0.844,0.821,0.842,0.795,0.802,0.869,0.85,0.871,0.868,0.853,0.824,0.84,0.808,0.813,0.823,0.864,0.86,0.861,0.843,0.842
2026-06-03 13:55:00,0.864,0.851,0.864,0.821,0.84,0.841,0.829,0.8,0.836,0.799,0.819,0.808,0.805,0.852,0.813,0.82,0.83,0.82,0.868,0.835,0.886,0.847,0.874,0.832,0.808,0.811,0.822,0.802,0.873,0.85,0.847,0.844,0.851,0.844,0.82,0.853,0.825,0.821,0.854,0.869,0.869,0.859,0.848
2026-06-03 14:00:00,0.874,0.847,0.836,0.835,0.832,0.82,0.817,0.859,0.829,0.841,0.849,0.802,0.8,0.834,0.856,0.848,0.842,0.826,0.865,0.872,0.844,0.844,0.86,0.821,0.825,0.813,0.829,0.817,0.915,0.887,0.837,0.868,0.862,0.82,0.835,0.823,0.843,0.844,0.833,0.84,0.873,0.861,0.826
2026-06-03 14:05:00,0.848,0.867,0.844,0.822,0.879,0.802,0.823,0.846,0.82,0.814,0.829,0.832,0.819,0.842,0.823,0.812,0.815,0.827,0.87,0.857,0.869,0.866,0.853,0.855,0.823,0.82,0.815,0.821,0.894,0.889,0.887,0.864,0.846,0.798,0.809,0.819,0.829,0.814,0.834,0.878,0.868,0.826,0.835
2026-06-03 14:10:00,0.897,0.878,0.836,0.842,0.844,0.842,0.839,0.844,0.805,0.811,0.823,0.806,0.811,0.856,0.832,0.825,0.817,0.843,0.881,0.86,0.844,0.879,0.881,0.807,0.823,0.822,0.83,0.819,0.886,0.895,0.869,0.855,0.866,0.833,0.835,0.841,0.842,0.822,0.878,0.863,0.865,0.862,0.846
2026-06-03 14:15:00,0.845,0.867,0.879,0.866,0.841,0.839,0.837,0.823,0.838,0.824,0.835,0.804,0.832,0.83,0.832,0.832,0.838,0.816,0.882,0.879,0.868,0.857,0.864,0.825,0.813,0.84,0.829,0.836,0.876,0.895,0.875,0.869,0.853,0.837,0.807,0.835,0.805,0.846,0.865,0.869,0.845,0.833,0.835
2026-06-03 14:20:00,0.891,0.893,0.86,0.865,0.833,0.827,0.815,0.83,0.827,0.808,0.813,0.849,0.82,0.872,0.827,0.806,0.826,0.837,0.893,0.862,0.867,0.848,0.859,0.816,0.814,0.838,0.831,0.831,0.867,0.873,0.865,0.884,0.861,0.863,0.832,0.833,0.832,0.867,0.884,0.876,0.862,0.881,0.838
2026-06-03 14:25:00,0.883,0.865,0.867,0.835,0.861,0.828,0.86,0.809,0.846,0.823,0.789,0.787,0.833,0.835,0.806,0.845,0.843,0.818,0.901,0.855,0.871,0.871,0.864,0.826,0.86,0.831,0.828,0.809,0.91,0.893,0.881,0.867,0.872,0.854,0.844,0.833,0.839,0.833,0.891,0.868,0.861,0.831,0.836
2026-06-03 14:30:00,0.914,0.878,0.856,0.873,0.874,0.84,0.833,0.802,0.826,0.814,0.816,0.834,0.812,0.842,0.84,0.824,0.827,0.818,0.881,0.877,0.871,0.864,0.883,0.836,0.811,0.838,0.858,0.784,0.899,0.904,0.873,0.86,0.891,0.851,0.831,0.803,0.823,0.826,0.883,0.876,0.859,0.863,0.858
2026-06-03 14:35:00,0.871,0.88,0.852,0.883,0.836,0.867,0.861,0.856,0.846,0.824,0.829,0.824,0.825,0.842,0.871,0.832,0.855,0.818,0.86,0.882,0.871,0.85,0.891,0.821,0.834,0.836,0.837,0.812,0.895,0.9,0.847,0.887,0.848,0.824,0.814,0.835,0.815,0.822,0.88,0.897,0.831,0.867,0.867
2026-06-03 14:40:00,0.889,0.877,0.876,0.87,0.86,0.842,0.848,0.839,0.811,0.805,0.808,0.813,0.806,0.847,0.829,0.839,0.83,0.848,0.895,0.884,0.86,0.892,0.862,0.836,0.825,0.846,0.841,0.866,0.885,0.882,0.9,0.872,0.885,0.833,0.83,0.814,0.832,0.832,0.864,0.892,0.836,0.883,0.868
2026-06-03 14:45:00,0.924,0.888,0.847,0.872,0.87,0.864,0.861,0.85,0.815,0.838,0.825,0.832,0.845,0.831,0.843,0.862,0.852,0.816,0.918,0.89,0.89,0.869,0.879,0.842,0.849,0.815,0.818,0.831,0.899,0.866,0.883,0.913,0.889,0.855,0.846,0.849,0.825,0.832,0.872,0.864,0.876,0.881,0.85
2026-06-03 14:50:00,0.924,0.875,0.9,0.897,0.845,0.864,0.852,0.827,0.841,0.829,0.87,0.836,0.804,0.844,0.843,0.871,0.842,0.828,0.914,0.891,0.898,0.891,0.875,0.887,0.83,0.838,0.825,0.829,0.891,0.847,0.89,0.868,0.88,0.851,0.849,0.847,0.828,0.833,0.872,0.873,0.854,0.875,0.868
2026-06-03 14:55:00,0.887,0.884,0.883,0.864,0.873,0.843,0.811,0.821,0.855,0.851,0.836,0.832,0.831,0.832,0.873,0.865,0.815,0.859,0.925,0.894,0.859,0.88,0.881,0.837,0.846,0.836,0.824,0.827,0.895,0.882,0.884,0.895,0.867,0.852,0.848,0.801,0.821,0.82,0.901,0.89,0.853,0.849,0.883
2026-06-03 15:00:00,0.91,0.891,0.898,0.897,0.843,0.836,0.83,0.85,0.861,0.841,0.835,0.833,0.856,0.886,0.839,0.851,0.82,0.808,0.905,0.904,0.901,0.896,0.881,0.836,0.857,0.839,0.843,0.826,0.919,0.907,0.866,0.9,0.905,0.85,0.835,0.825,0.838,0.856,0.919,0.915,0.906,0.852,0.879
2026-06-03 15:05:00,0.894,0.864,0.886,0.853,0.861,0.851,0.851,0.86,0.819,0.833,0.831,0.82,0.839,0.845,0.846,0.843,0.865,0.861,0.876,0.916,0.899,0.867,0.894,0.853,0.823,0.828,0.86,0.834,0.924,0.916,0.908,0.883,0.876,0.849,0.85,0.824,0.833,0.815,0.914,0.905,0.849,0.862,0.84
2026-06-03 15:10:00,0.915,0.899,0.895,0.886,0.857,0.868,0.852,0.836,0.822,0.839,0.855,0.856,0.823,0.863,0.872,0.824,0.825,0.86,0.893,0.896,0.886,0.894,0.883,0.845,0.866,0.852,0.821,0.855,0.904,0.899,0.898,0.926,0.906,0.852,0.845,0.871,0.835,0.851,0.873,0.879,0.851,0.871,0.852
2026-06-03 15:15:00,0.888,0.887,0.912,0.874,0.853,0.864,0.824,0.874,0.832,0.825,0.826,0.867,0.809,0.865,0.854,0.861,0.868,0.863,0.891,0.912,0.917,0.913,0.881,0.847,0.858,0.857,0.825,0.842,0.929,0.909,0.896,0.904,0.882,0.867,0.834,0.795,0.804,0.838,0.917,0.877,0.917,0.902,0.851
2026-06-03 15:20:00,0.917,0.939,0.878,0.875,0.859,0.86,0.838,0.872,0.842,0.839,0.857,0.828,0.837,0.865,0.857,0.843,0.874,0.849,0.914,0.874,0.869,0.861,0.864,0.847,0.852,0.855,0.823,0.833,0.914,0.946,0.911,0.884,0.901,0.854,0.837,0.834,0.832,0.833,0.911,0.866,0.88,0.895,0.87
2026-06-03 15:25:00,0.91,0.897,0.904,0.887,0.851,0.888,0.832,0.859,0.851,0.834,0.859,0.843,0.847,0.862,0.863,0.866,0.84,0.867,0.913,0.93,0.919,0.883,0.872,0.857,0.879,0.857,0.867,0.87,0.893,0.9,0.887,0.913,0.901,0.846,0.838,0.856,0.862,0.802,0.887,0.922,0.885,0.884,0.859
2026-06-03 15:30:00,0.912,0.883,0.859,0.882,0.88,0.865,0.887,0.879,0.858,0.828,0.828,0.835,0.836,0.876,0.868,0.851,0.886,0.87,0.918,0.922,0.909,0.909,0.882,0.879,0.849,0.849,0.855,0.858,0.905,0.9,0.911,0.91,0.879,0.855,0.853,0.837,0.851,0.872,0.923,0.905,0.892,0.869,0.889
2026-06-03 15:35:00,0.898,0.905,0.899,0.86,0.872,0.866,0.86,0.837,0.875,0.858,0.826,0.851,0.832,0.879,0.86,0.859,0.856,0.845,0.9,0.879,0.887,0.91,0.923,0.877,0.869,0.84,0.859,0.855,0.932,0.9,0.922,0.902,0.917,0.863,0.833,0.844,0.842,0.847,0.891,0.888,0.878,0.874,0.866
2026-06-03 15:40:00,0.906,0.885,0.898,0.85,0.847,0.883,0.898,0.877,0.859,0.869,0.824,0.806,0.831,0.881,0.875,0.867,0.838,0.89,0.913,0.909,0.9,0.89,0.908,0.856,0.828,0.844,0.841,0.854,0.903,0.959,0.907,0.903,0.917,0.867,0.863,0.84,0.832,0.832,0.919,0.914,0.881,0.906,0.894
2026-06-03 15:45:00,0.906,0.921,0.898,0.894,0.877,0.872,0.89,0.858,0.86,0.851,0.835,0.836,0.836,0.862,0.883,0.865,0.85,0.839,0.91,0.926,0.917,0.888,0.89,0.862,0.881,0.851,0.87,0.837,0.915,0.918,0.892,0.921,0.902,0.862,0.869,0.838,0.854,0.82,0.898,0.884,0.877,0.872,0.882
2026-06-03 15:50:00,0.937,0.909,0.917,0.907,0.858,0.875,0.88,0.88,0.849,0.851,0.856,0.855,0.843,0.864,0.878,0.87,0.87,0.861,0.898,0.907,0.936,0.928,0.895,0.833,0.874,0.869,0.868,0.852,0.927,0.949,0.914,0.922,0.948,0.852,0.858,0.849,0.852,0.81,0.899,0.879,0.89,0.9,0.913
2026-06-03 15:55:00,0.927,0.933,0.922,0.91,0.881,0.891,0.873,0.867,0.834,0.837,0.857,0.846,0.833,0.884,0.897,0.855,0.883,0.845,0.901,0.926,0.914,0.92,0.895,0.867,0.851,0.892,0.869,0.865,0.942,0.888,0.896,0.893,0.914,0.872,0.845,0.856,0.84,0.854,0.914,0.931,0.887,0.896,0.896
2026-06-03 16:00:00,0.921,0.916,0.914,0.905,0.889,0.907,0.875,0.876,0.837,0.861,0.875,0.855,0.831,0.839,0.894,0.875,0.837,0.872,0.944,0.907,0.921,0.908,0.915,0.889,0.834,0.859,0.846,0.878,0.956,0.919,0.883,0.934,0.914,0.883,0.844,0.871,0.884,0.829,0.922,0.92,0.917,0.886,0.894
2026-06-03 16:05:00,0.923,0.937,0.928,0.892,0.886,0.888,0.937,0.861,0.852,0.858,0.857,0.812,0.832,0.896,0.887,0.89,0.886,0.861,0.91,0.927,0.92,0.9,0.92,0.885,0.873,0.886,0.889,0.871,0.93,0.898,0.925,0.937,0.901,0.906,0.856,0.898,0.867,0.838,0.95,0.905,0.884,0.906,0.908
2026-06-03 16:10:00,0.914,0.886,0.911,0.904,0.918,0.878,0.884,0.891,0.868,0.851,0.848,0.829,0.858,0.89,0.876,0.905,0.886,0.879,0.925,0.919,0.911,0.893,0.896,0.912,0.878,0.889,0.882,0.862,0.885,0.897,0.916,0.916,0.909,0.878,0.896,0.852,0.871,0.843,0.899,0.911,0.882,0.902,0.903
2026-06-03 16:15:00,0.918,0.915,0.888,0.901,0.921,0.882,0.883,0.899,0.883,0.86,0.813,0.827,0.852,0.905,0.889,0.89,0.897,0.85,0.927,0.932,0.951,0.911,0.901,0.852,0.885,0.872,0.876,0.874,0.945,0.923,0.911,0.891,0.93,0.861,0.89,0.832,0.873,0.883,0.924,0.889,0.891,0.922,0.904
2026-06-03 16:20:00,0.932,0.942,0.933,0.899,0.885,0.893,0.89,0.904,0.875,0.851,0.876,0.859,0.84,0.865,0.884,0.878,0.909,0.857,0.963,0.893,0.895,0.95,0.94,0.89,0.866,0.855,0.891,0.861,0.903,0.924,0.921,0.919,0.92,0.887,0.862,0.868,0.857,0.888,0.901,0.925,0.898,0.912,0.91
2026-06-03 16:25:00,0.945,0.95,0.918,0.93,0.913,0.893,0.892,0.828,0.881,0.886,0.863,0.869,0.848,0.898,0.87,0.911,0.882,0.885,0.944,0.916,0.915,0.896,0.904,0.9,0.889,0.857,0.865,0.855,0.952,0.927,0.944,0.949,0.934,0.889,0.87,0.88,0.816,0.883,0.908,0.902,0.888,0.895,0.953
2026-06-03 16:30:00,0.925,0.931,0.92,0.933,0.885,0.881,0.892,0.897,0.899,0.881,0.831,0.871,0.852,0.9,0.919,0.877,0.881,0.889,0.944,0.903,0.917,0.875,0.916,0.886,0.88,0.893,0.865,0.867,0.911,0.955,0.929,0.921,0.939,0.898,0.908,0.891,0.867,0.881,0.921,0.9,0.939,0.908,0.89
2026-06-03 16:35:00,0.931,0.924,0.925,0.93,0.889,0.879,0.919,0.882,0.936,0.872,0.865,0.867,0.863,0.941,0.896,0.907,0.9,0.86,0.918,0.904,0.925,0.929,0.932,0.901,0.902,0.885,0.895,0.901,0.96,0.921,0.889,0.938,0.938,0.87,0.885,0.876,0.877,0.838,0.922,0.933,0.931,0.949,0.893
2026-06-03 16:40:00,0.912,0.891,0.909,0.925,0.907,0.903,0.887,0.89,0.893,0.869,0.862,0.882,0.859,0.907,0.903,0.9,0.905,0.892,0.929,0.9,0.947,0.911,0.926,0.902,0.891,0.889,0.892,0.882,0.953,0.932,0.933,0.915,0.92,0.879,0.876,0.877,0.895,0.879,0.898,0.92,0.94,0.94,0.901
2026-06-03 16:45:00,0.946,0.902,0.928,0.91,0.937,0.916,0.925,0.909,0.871,0.877,0.877,0.869,0.871,0.929,0.894,0.935,0.907,0.883,0.936,0.915,0.926,0.917,0.904,0.877,0.912,0.895,0.888,0.882,0.913,0.926,0.9,0.965,0.93,0.909,0.877,0.884,0.892,0.874,0.904,0.92,0.92,0.909,0.911
2026-06-03 16:50:00,0.925,0.926,0.931,0.935,0.911,0.895,0.898,0.9,0.893,0.881,0.875,0.874,0.864,0.887,0.892,0.896,0.888,0.902,0.941,0.944,0.932,0.901,0.91,0.882,0.888,0.919,0.857,0.879,0.9,0.938,0.939,0.91,0.918,0.872,0.856,0.865,0.857,0.87,0.92,0.94,0.943,0.902,0.93
2026-06-03 16:55:00,0.945,0.911,0.931,0.934,0.926,0.912,0.938,0.899,0.922,0.883,0.866,0.857,0.863,0.938,0.904,0.901,0.89,0.902,0.914,0.925,0.925,0.918,0.923,0.925,0.891,0.91,0.884,0.901,0.918,0.932,0.944,0.925,0.928,0.899,0.908,0.896,0.873,0.905,0.933,0.925,0.878,0.927,0.925
2026-06-03 17:00:00,0.918,0.898,0.936,0.913,0.919,0.912,0.87,0.892,0.851,0.892,0.881,0.858,0.885,0.932,0.915,0.91,0.873,0.887,0.93,0.897,0.927,0.92,0.895,0.884,0.889,0.879,0.882,0.866,0.931,0.92,0.924,0.895,0.94,0.889,0.914,0.883,0.916,0.854,0.932,0.925,0.933,0.892,0.913
2026-06-03 17:05:00,0.895,0.918,0.924,0.936,0.887,0.902,0.914,0.93,0.906,0.901,0.865,0.844,0.861,0.906,0.897,0.921,0.896,0.914,0.94,0.91,0.941,0.924,0.923,0.881,0.935,0.892,0.877,0.881,0.911,0.949,0.93,0.91,0.918,0.919,0.89,0.887,0.9,0.891,0.94,0.915,0.929,0.945,0.881
2026-06-03 17:10:00,0.903,0.928,0.883,0.91,0.898,0.893,0.909,0.902,0.9,0.889,0.877,0.851,0.859,0.92,0.914,0.886,0.885,0.893,0.934,0.943,0.925,0.942,0.898,0.932,0.906,0.912,0.87,0.874,0.921,0.91,0.938,0.913,0.932,0.928,0.913,0.861,0.905,0.868,0.949,0.889,0.951,0.923,0.918
2026-06-03 17:15:00,0.929,0.937,0.918,0.924,0.896,0.931,0.913,0.903,0.888,0.887,0.863,0.877,0.866,0.948,0.919,0.918,0.901,0.892,0.932,0.96,0.916,0.932,0.934,0.873,0.918,0.893,0.89,0.869,0.909,0.899,0.929,0.912,0.934,0.911,0.931,0.878,0.857,0.893,0.935,0.923,0.891,0.931,0.945
2026-06-03 17:20:00,0.909,0.927,0.953,0.88,0.914,0.942,0.913,0.919,0.895,0.88,0.893,0.859,0.882,0.928,0.943,0.944,0.937,0.9,0.936,0.917,0.9,0.926,0.906,0.94,0.917,0.915,0.902,0.908,0.93,0.908,0.927,0.92,0.946,0.927,0.891,0.897,0.888,0.909,0.932,0.921,0.942,0.917,0.911
2026-06-03 17:25:00,0.908,0.944,0.901,0.936,0.91,0.939,0.915,0.92,0.918,0.9,0.856,0.879,0.89,0.904,0.945,0.917,0.893,0.917,0.916,0.904,0.936,0.899,0.916,0.958,0.947,0.892,0.924,0.882,0.9,0.935,0.934,0.894,0.937,0.907,0.884,0.893,0.886,0.867,0.932,0.947,0.904,0.908,0.922
2026-06-03 17:30:00,0.909,0.916,0.922,0.924,0.917,0.926,0.918,0.91,0.883,0.911,0.905,0.9,0.881,0.914,0.913,0.887,0.924,0.933,0.899,0.914,0.904,0.925,0.933,0.904,0.898,0.9,0.901,0.899,0.894,0.913,0.91,0.911,0.937,0.898,0.886,0.886,0.88,0.927,0.914,0.91,0.925,0.916,0.948
2026-06-03 17:35:00,0.967,0.934,0.941,0.936,0.912,0.954,0.938,0.924,0.889,0.895,0.893,0.881,0.883,0.917,0.919,0.923,0.92,0.918,0.921,0.9,0.913,0.938,0.941,0.921,0.899,0.917,0.901,0.899,0.913,0.921,0.916,0.916,0.894,0.896,0.913,0.892,0.904,0.884,0.926,0.902,0.907,0.954,0.931
2026-06-03 17:40:00,0.889,0.932,0.907,0.939,0.931,0.909,0.919,0.917,0.902,0.89,0.918,0.847,0.877,0.928,0.908,0.902,0.92,0.938,0.913,0.911,0.903,0.906,0.931,0.891,0.916,0.916,0.896,0.897,0.91,0.894,0.93,0.931,0.918,0.913,0.917,0.892,0.898,0.914,0.913,0.905,0.925,0.918,0.933
2026-06-03 17:45:00,0.898,0.901,0.909,0.91,0.924,0.947,0.926,0.916,0.92,0.93,0.904,0.882,0.857,0.887,0.931,0.931,0.903,0.915,0.919,0.942,0.9,0.928,0.898,0.934,0.915,0.886,0.903,0.905,0.932,0.9,0.893,0.912,0.905,0.917,0.947,0.89,0.881,0.912,0.917,0.94,0.93,0.947,0.911
2026-06-03 17:50:00,0.915,0.96,0.896,0.901,0.918,0.925,0.93,0.937,0.921,0.927,0.906,0.888,0.898,0.936,0.903,0.932,0.932,0.918,0.938,0.912,0.952,0.945,0.906,0.897,0.871,0.942,0.92,0.908,0.902,0.916,0.953,0.904,0.959,0.954,0.924,0.9,0.878,0.889,0.915,0.942,0.942,0.935,0.926
2026-06-03 17:55:00,0.91,0.902,0.958,0.924,0.916,0.937,0.926,0.931,0.903,0.893,0.906,0.874,0.901,0.897,0.947,0.912,0.932,0.93,0.918,0.892,0.95,0.941,0.918,0.91,0.931,0.911,0.934,0.919,0.887,0.915,0.912,0.899,0.935,0.899,0.958,0.943,0.934,0.903,0.894,0.898,0.939,0.904,0.941
2026-06-03 18:00:00,0.909,0.911,0.916,0.904,0.94,0.895,0.901,0.902,0.914,0.951,0.916,0.913,0.891,0.932,0.903,0.88,0.925,0.893,0.931,0.913,0.925,0.919,0.94,0.919,0.894,0.974,0.922,0.897,0.901,0.892,0.937,0.913,0.921,0.939,0.902,0.937,0.903,0.895,0.902,0.902,0.947,0.917,0.908
2026-06-03 18:05:00,0.87,0.929,0.926,0.924,0.937,0.946,0.925,0.96,0.929,0.916,0.895,0.873,0.892,0.916,0.95,0.917,0.932,0.891,0.904,0.921,0.904,0.952,0.928,0.916,0.901,0.921,0.908,0.933,0.902,0.923,0.907,0.903,0.934,0.933,0.918,0.936,0.9,0.898,0.922,0.903,0.907,0.906,0.9
2026-06-03 18:10:00,0.917,0.919,0.911,0.934,0.915,0.92,0.965,0.893,0.944,0.911,0.916,0.882,0.895,0.921,0.958,0.932,0.932,0.938,0.904,0.909,0.919,0.926,0.961,0.905,0.904,0.915,0.923,0.919,0.89,0.898,0.913,0.91,0.9,0.905,0.922,0.93,0.903,0.932,0.919,0.915,0.916,0.891,0.944
2026-06-03 18:15:00,0.921,0.931,0.93,0.913,0.907,0.911,0.944,0.941,0.918,0.935,0.883,0.907,0.886,0.91,0.934,0.909,0.96,0.923,0.865,0.888,0.903,0.897,0.908,0.91,0.895,0.896,0.955,0.913,0.889,0.874,0.89,0.909,0.936,0.918,0.916,0.915,0.927,0.903,0.915,0.904,0.895,0.936,0.914
2026-06-03 18:20:00,0.904,0.9,0.9,0.886,0.926,0.933,0.881,0.907,0.927,0.943,0.891,0.876,0.892,0.942,0.948,0.91,0.926,0.922,0.868,0.883,0.909,0.899,0.899,0.896,0.915,0.933,0.887,0.955,0.899,0.872,0.908,0.928,0.874,0.934,0.967,0.937,0.919,0.937,0.875,0.881,0.921,0.92,0.939
2026-06-03 18:25:00,0.905,0.92,0.898,0.901,0.893,0.93,0.924,0.971,0.922,0.937,0.899,0.901,0.905,0.94,0.919,0.942,0.928,0.902,0.916,0.89,0.918,0.904,0.925,0.922,0.931,0.929,0.924,0.931,0.896,0.883,0.906,0.913,0.909,0.975,0.921,0.926,0.933,0.917,0.911,0.912,0.913,0.911,0.925
2026-06-03 18:30:00,0.91,0.901,0.918,0.938,0.958,0.934,0.935,0.908,0.956,0.937,0.925,0.91,0.901,0.935,0.927,0.921,0.911,0.886,0.878,0.91,0.911,0.913,0.913,0.909,0.943,0.946,0.931,0.949,0.877,0.892,0.91,0.92,0.908,0.91,0.945,0.914,0.906,0.897,0.892,0.916,0.882,0.914,0.921
2026-06-03 18:35:00,0.891,0.913,0.894,0.918,0.905,0.927,0.918,0.897,0.944,0.884,0.936,0.929,0.917,0.961,0.893,0.934,0.891,0.937,0.896,0.869,0.933,0.893,0.874,0.918,0.976,0.943,0.949,0.931,0.876,0.897,0.923,0.919,0.895,0.915,0.903,0.934,0.904,0.929,0.875,0.903,0.887,0.918,0.924
2026-06-03 18:40:00,0.88,0.876,0.855,0.907,0.904,0.918,0.925,0.938,0.944,0.907,0.933,0.921,0.922,0.916,0.936,0.941,0.955,0.907,0.869,0.886,0.917,0.904,0.904,0.957,0.916,0.945,0.91,0.892,0.835,0.892,0.886,0.894,0.915,0.939,0.921,0.915,0.928,0.928,0.896,0.881,0.905,0.893,0.933
2026-06-03 18:45:00,0.867,0.911,0.912,0.897,0.897,0.915,0.902,0.919,0.914,0.952,0.932,0.911,0.923,0.95,0.932,0.925,0.926,0.915,0.889,0.874,0.915,0.888,0.87,0.933,0.925,0.919,0.928,0.911,0.861,0.88,0.892,0.909,0.869,0.894,0.914,0.942,0.917,0.953,0.895,0.924,0.924,0.896,0.934
2026-06-03 18:50:00,0.884,0.878,0.884,0.892,0.936,0.912,0.946,0.923,0.92,0.946,0.928,0.933,0.94,0.909,0.906,0.914,0.907,0.926,0.873,0.886,0.918,0.912,0.898,0.943,0.937,0.918,0.952,0.927,0.886,0.889,0.853,0.905,0.921,0.911,0.93,0.927,0.946,0.914,0.898,0.93,0.89,0.902,0.915
2026-06-03 18:55:00,0.864,0.887,0.918,0.892,0.897,0.914,0.907,0.923,0.929,0.917,0.904,0.915,0.897,0.926,0.907,0.932,0.883,0.877,0.905,0.883,0.885,0.882,0.896,0.924,0.917,0.935,0.906,0.919,0.883,0.885,0.862,0.883,0.886,0.937,0.94,0.911,0.939,0.926,0.881,0.869,0.884,0.91,0.899
2026-06-03 19:00:00,0.872,0.877,0.889,0.908,0.908,0.936,0.943,0.918,0.939,0.917,0.942,0.927,0.9,0.904,0.908,0.906,0.905,0.944,0.902,0.881,0.915,0.896,0.898,0.93,0.907,0.91,0.922,0.929,0.847,0.863,0.901,0.879,0.907,0.927,0.9,0.896,0.94,0.915,0.894,0.894,0.914,0.902,0.918
2026-06-03 19:05:00,0.885,0.915,0.867,0.893,0.901,0.911,0.926,0.929,0.909,0.916,0.908,0.877,0.948,0.911,0.926,0.897,0.918,0.907,0.848,0.847,0.892,0.935,0.874,0.923,0.931,0.926,0.925,0.935,0.886,0.849,0.881,0.859,0.909,0.911,0.936,0.931,0.93,0.915,0.89,0.877,0.849,0.871,0.895
2026-06-03 19:10:00,0.871,0.921,0.885,0.881,0.929,0.891,0.898,0.917,0.964,0.922,0.946,0.938,0.894,0.933,0.907,0.952,0.929,0.926,0.872,0.889,0.867,0.892,0.87,0.915,0.927,0.901,0.914,0.932,0.86,0.849,0.889,0.892,0.903,0.911,0.903,0.911,0.905,0.908,0.874,0.881,0.903,0.883,0.91
2026-06-03 19:15:00,0.869,0.88,0.88,0.907,0.913,0.914,0.923,0.915,0.904,0.945,0.957,0.947,0.949,0.919,0.915,0.933,0.929,0.909,0.862,0.853,0.909,0.882,0.88,0.932,0.897,0.937,0.935,0.944,0.826,0.858,0.882,0.883,0.909,0.929,0.923,0.907,0.91,0.939,0.89,0.867,0.855,0.903,0.889
2026-06-03 19:20:00,0.874,0.867,0.874,0.873,0.914,0.906,0.883,0.903,0.902,0.933,0.929,0.895,0.906,0.877,0.912,0.887,0.914,0.923,0.885,0.891,0.893,0.874,0.884,0.909,0.918,0.92,0.911,0.917,0.871,0.88,0.858,0.854,0.887,0.905,0.925,0.926,0.94,0.955,0.887,0.884,0.871,0.897,0.888
2026-06-03 19:25:00,0.857,0.86,0.884,0.918,0.858,0.926,0.903,0.937,0.926,0.926,0.933,0.922,0.905,0.9,0.89,0.886,0.904,0.914,0.885,0.864,0.874,0.886,0.889,0.895,0.921,0.948,0.951,0.92,0.859,0.857,0.881,0.895,0.882,0.907,0.878,0.946,0.916,0.939,0.865,0.849,0.884,0.885,0.883
2026-06-03 19:30:00,0.877,0.892,0.913,0.894,0.895,0.883,0.911,0.942,0.913,0.968,0.907,0.927,0.906,0.931,0.943,0.897,0.923,0.921,0.859,0.881,0.872,0.847,0.905,0.911,0.921,0.914,0.874,0.93,0.874,0.853,0.878,0.851,0.872,0.883,0.919,0.903,0.92,0.919,0.872,0.884,0.874,0.882,0.887
2026-06-03 19:35:00,0.839,0.885,0.888,0.864,0.902,0.9,0.933,0.929,0.918,0.909,0.926,0.936,0.893,0.909,0.893,0.915,0.927,0.938,0.868,0.877,0.853,0.876,0.904,0.927,0.883,0.902,0.9,0.938,0.865,0.857,0.884,0.87,0.888,0.918,0.963,0.905,0.902,0.939,0.86,0.885,0.902,0.895,0.91
2026-06-03 19:40:00,0.848,0.867,0.884,0.882,0.904,0.897,0.904,0.909,0.904,0.918,0.925,0.935,0.929,0.87,0.87,0.904,0.938,0.909,0.875,0.842,0.873,0.843,0.878,0.892,0.896,0.924,0.907,0.904,0.854,0.871,0.86,0.87,0.923,0.899,0.905,0.921,0.94,0.93,0.871,0.877,0.885,0.891,0.902
2026-06-03 19:45:00,0.902,0.875,0.875,0.864,0.925,0.88,0.852,0.951,0.915,0.914,0.899,0.936,0.907,0.894,0.913,0.888,0.931,0.923,0.855,0.87,0.872,0.859,0.909,0.923,0.899,0.941,0.912,0.95,0.861,0.862,0.848,0.838,0.862,0.9,0.921,0.927,0.942,0.916,0.879,0.883,0.868,0.879,0.887
2026-06-03 19:50:00,0.852,0.864,0.83,0.855,0.89,0.882,0.892,0.914,0.918,0.935,0.873,0.918,0.926,0.894,0.948,0.886,0.871,0.901,0.847,0.847,0.868,0.871,0.874,0.899,0.909,0.894,0.921,0.904,0.857,0.878,0.846,0.894,0.837,0.878,0.923,0.876,0.907,0.948,0.853,0.876,0.861,0.899,0.93
2026-06-03 19:55:00,0.859,0.858,0.901,0.847,0.899,0.922,0.919,0.948,0.916,0.919,0.933,0.903,0.923,0.895,0.914,0.901,0.934,0.927,0.843,0.837,0.815,0.859,0.866,0.894,0.915,0.905,0.908,0.905,0.857,0.832,0.838,0.873,0.837,0.922,0.93,0.909,0.919,0.96,0.858,0.845,0.861,0.873,0.887
2026-06-03 20:00:00,0.822,0.835,0.855,0.875,0.87,0.863,0.908,0.946,0.903,0.943,0.919,0.919,0.917,0.902,0.881,0.897,0.939,0.924,0.84,0.858,0.887,0.864,0.901,0.9,0.924,0.86,0.901,0.908,0.831,0.872,0.893,0.831,0.886,0.901,0.9,0.907,0.91,0.927,0.84,0.868,0.888,0.835,0.865
2026-06-03 20:05:00,0.841,0.856,0.877,0.879,0.909,0.872,0.919,0.876,0.907,0.902,0.915,0.921,0.939,0.891,0.885,0.922,0.86,0.922,0.85,0.869,0.849,0.894,0.848,0.898,0.905,0.911,0.91,0.889,0.845,0.813,0.883,0.854,0.848,0.898,0.904,0.934,0.94,0.922,0.841,0.848,0.889,0.878,0.858
2026-06-03 20:10:00,0.843,0.893,0.878,0.87,0.857,0.85,0.906,0.88,0.93,0.908,0.936,0.907,0.936,0.866,0.894,0.908,0.902,0.911,0.869,0.839,0.855,0.87,0.849,0.904,0.889,0.897,0.917,0.899,0.856,0.833,0.828,0.85,0.878,0.903,0.934,0.93,0.877,0.907,0.865,0.837,0.886,0.894,0.895
2026-06-03 20:15:00,0.824,0.836,0.842,0.868,0.879,0.873,0.864,0.903,0.931,0.901,0.905,0.888,0.944,0.887,0.884,0.924,0.892,0.92,0.863,0.83,0.844,0.855,0.831,0.899,0.922,0.916,0.889,0.921,0.837,0.826,0.825,0.866,0.858,0.907,0.901,0.908,0.932,0.928,0.825,0.846,0.851,0.854,0.845
2026-06-03 20:20:00,0.846,0.876,0.833,0.853,0.869,0.87,0.867,0.91,0.899,0.909,0.925,0.904,0.925,0.882,0.871,0.904,0.9,0.903,0.82,0.85,0.836,0.866,0.844,0.886,0.888,0.901,0.91,0.917,0.81,0.802,0.828,0.843,0.864,0.917,0.905,0.901,0.923,0.894,0.86,0.816,0.851,0.886,0.864
2026-06-03 20:25:00,0.837,0.833,0.854,0.877,0.875,0.865,0.919,0.886,0.919,0.933,0.913,0.939,0.928,0.863,0.892,0.879,0.888,0.915,0.848,0.834,0.866,0.831,0.831,0.878,0.872,0.881,0.878,0.886,0.803,0.859,0.85,0.892,0.815,0.915,0.886,0.905,0.921,0.901,0.869,0.825,0.84,0.838,0.883
2026-06-03 20:30:00,0.816,0.845,0.86,0.84,0.863,0.873,0.874,0.901,0.906,0.909,0.888,0.93,0.913,0.859,0.891,0.862,0.902,0.881,0.835,0.825,0.87,0.858,0.843,0.865,0.859,0.91,0.879,0.905,0.798,0.837,0.848,0.812,0.855,0.906,0.896,0.901,0.883,0.914,0.851,0.883,0.828,0.836,0.848
2026-06-03 20:35:00,0.828,0.849,0.851,0.863,0.869,0.838,0.869,0.88,0.904,0.921,0.912,0.922,0.903,0.86,0.861,0.874,0.903,0.856,0.835,0.849,0.822,0.854,0.831,0.889,0.891,0.887,0.926,0.896,0.784,0.8,0.865,0.841,0.844,0.875,0.886,0.911,0.891,0.909,0.856,0.824,0.846,0.873,0.886
2026-06-03 20:40:00,0.812,0.832,0.877,0.835,0.861,0.866,0.851,0.877,0.897,0.917,0.918,0.906,0.915,0.871,0.896,0.865,0.902,0.907,0.802,0.842,0.848,0.854,0.863,0.879,0.909,0.9,0.861,0.903,0.795,0.784,0.814,0.835,0.846,0.91,0.91,0.889,0.862,0.928,0.839,0.821,0.869,0.855,0.875
2026-06-03 20:45:00,0.795,0.843,0.824,0.886,0.864,0.883,0.844,0.878,0.915,0.896,0.927,0.923,0.904,0.881,0.86,0.863,0.869,0.892,0.786,0.865,0.847,0.867,0.858,0.852,0.865,0.886,0.892,0.905,0.803,0.798,0.827,0.862,0.861,0.871,0.884,0.891,0.895,0.932,0.844,0.868,0.875,0.848,0.877
2026-06-03 20:50:00,0.802,0.839,0.858,0.833,0.852,0.883,0.88,0.899,0.872,0.914,0.885,0.865,0.911,0.832,0.823,0.874,0.876,0.93,0.789,0.773,0.817,0.84,0.847,0.867,0.879,0.871,0.866,0.898,0.798,0.801,0.787,0.846,0.842,0.885,0.898,0.864,0.879,0.875,0.819,0.809,0.844,0.872,0.844
2026-06-03 20:55:00,0.789,0.823,0.836,0.838,0.871,0.835,0.875,0.889,0.87,0.916,0.879,0.873,0.924,0.837,0.863,0.887,0.88,0.881,0.798,0.794,0.832,0.826,0.835,0.883,0.887,0.916,0.886,0.893,0.786,0.774,0.805,0.798,0.856,0.883,0.865,0.913,0.895,0.904,0.8,0.834,0.823,0.866,0.85
2026-06-03 21:00:00,0.777,0.767,0.852,0.863,0.85,0.841,0.866,0.851,0.895,0.903,0.919,0.897,0.928,0.838,0.872,0.888,0.9,0.906,0.787,0.812,0.787,0.853,0.852,0.857,0.831,0.874,0.892,0.898,0.826,0.784,0.79,0.793,0.837,0.871,0.866,0.867,0.903,0.927,0.76,0.857,0.848,0.815,0.855
2026-06-03 21:05:00,0.778,0.788,0.839,0.877,0.858,0.837,0.856,0.886,0.89,0.896,0.896,0.913,0.938,0.867,0.888,0.842,0.84,0.868,0.81,0.783,0.808,0.841,0.849,0.865,0.89,0.892,0.895,0.895,0.782,0.785,0.804,0.784,0.803,0.87,0.884,0.875,0.88,0.887,0.755,0.799,0.832,0.841,0.848
2026-06-03 21:10:00,0.792,0.775,0.824,0.809,0.84,0.86,0.848,0.885,0.845,0.927,0.894,0.894,0.901,0.834,0.861,0.86,0.862,0.861,0.756,0.773,0.79,0.788,0.828,0.841,0.851,0.884,0.902,0.872,0.753,0.81,0.771,0.777,0.785,0.864,0.868,0.887,0.913,0.899,0.807,0.785,0.836,0.85,0.87
2026-06-03 21:15:00,0.766,0.816,0.789,0.818,0.835,0.842,0.829,0.867,0.864,0.875,0.885,0.906,0.888,0.836,0.87,0.865,0.845,0.87,0.793,0.784,0.782,0.806,0.844,0.852,0.859,0.846,0.87,0.872,0.75,0.781,0.793,0.801,0.781,0.854,0.881,0.873,0.911,0.886,0.771,0.774,0.859,0.833,0.855
2026-06-03 21:20:00,0.776,0.785,0.796,0.829,0.883,0.859,0.842,0.878,0.894,0.888,0.875,0.902,0.913,0.866,0.818,0.881,0.868,0.866,0.753,0.792,0.781,0.786,0.797,0.86,0.872,0.862,0.861,0.871,0.749,0.803,0.781,0.772,0.777,0.866,0.856,0.882,0.898,0.884,0.783,0.788,0.803,0.84,0.827
2026-06-03 21:25:00,0.776,0.79,0.803,0.834,0.873,0.859,0.857,0.845,0.87,0.901,0.895,0.887,0.895,0.843,0.843,0.863,0.873,0.883,0.764,0.795,0.802,0.756,0.793,0.872,0.877,0.867,0.879,0.833,0.748,0.761,0.798,0.778,0.803,0.856,0.862,0.89,0.888,0.899,0.771,0.79,0.782,0.851,0.861
2026-06-03 21:30:00,0.753,0.791,0.754,0.772,0.832,0.855,0.854,0.868,0.856,0.887,0.886,0.916,0.899,0.836,0.827,0.849,0.869,0.878,0.772,0.765,0.781,0.767,0.792,0.85,0.866,0.874,0.881,0.862,0.768,0.767,0.784,0.764,0.796,0.881,0.836,0.876,0.84,0.87,0.799,0.801,0.786,0.806,0.849
2026-06-03 21:35:00,0.781,0.761,0.812,0.799,0.811,0.876,0.853,0.866,0.877,0.873,0.886,0.899,0.897,0.862,0.857,0.863,0.823,0.877,0.756,0.772,0.804,0.793,0.78,0.841,0.853,0.848,0.868,0.881,0.73,0.751,0.773,0.752,0.772,0.852,0.862,0.87,0.89,0.862,0.766,0.775,0.8,0.784,0.85
2026-06-03 21:40:00,0.772,0.78,0.771,0.786,0.844,0.847,0.865,0.847,0.862,0.876,0.894,0.878,0.907,0.835,0.834,0.866,0.863,0.885,0.781,0.775,0.745,0.777,0.777,0.871,0.848,0.834,0.858,0.881,0.772,0.765,0.742,0.765,0.77,0.846,0.872,0.881,0.859,0.893,0.782,0.795,0.768,0.77,0.826
2026-06-03 21:45:00,0.752,0.767,0.792,0.772,0.834,0.854,0.851,0.849,0.844,0.873,0.898,0.897,0.887,0.844,0.82,0.869,0.899,0.863,0.772,0.764,0.79,0.765,0.757,0.827,0.853,0.866,0.833,0.877,0.746,0.733,0.751,0.779,0.767,0.837,0.861,0.839,0.847,0.88,0.76,0.766,0.771,0.796,0.767
2026-06-03 21:50:00,0.757,0.773,0.798,0.788,0.787,0.853,0.838,0.883,0.861,0.866,0.857,0.865,0.905,0.815,0.845,0.838,0.826,0.851,0.752,0.743,0.783,0.761,0.789,0.859,0.859,0.83,0.873,0.852,0.727,0.767,0.721,0.748,0.78,0.854,0.871,0.856,0.853,0.896,0.78,0.765,0.777,0.766,0.802
2026-06-03 21:55:00,0.756,0.761,0.76,0.797,0.794,0.819,0.843,0.878,0.865,0.903,0.849,0.896,0.89,0.844,0.826,0.845,0.851,0.83,0.755,0.745,0.739,0.774,0.772,0.804,0.848,0.836,0.868,0.856,0.753,0.725,0.762,0.779,0.773,0.829,0.822,0.857,0.879,0.915,0.779,0.759,0.764,0.774,0.779
2026-06-03 22:00:00,0.759,0.736,0.766,0.769,0.767,0.819,0.854,0.833,0.884,0.87,0.88,0.895,0.888,0.837,0.828,0.839,0.864,0.846,0.714,0.762,0.763,0.77,0.792,0.849,0.859,0.864,0.854,0.859,0.734,0.725,0.755,0.757,0.78,0.861,0.834,0.858,0.864,0.842,0.753,0.775,0.771,0.784,0.776
2026-06-03 22:05:00,0.742,0.761,0.787,0.748,0.802,0.782,0.829,0.857,0.827,0.84,0.89,0.871,0.884,0.811,0.83,0.85,0.846,0.855,0.757,0.756,0.715,0.745,0.772,0.824,0.851,0.816,0.84,0.859,0.749,0.718,0.771,0.725,0.759,0.841,0.871,0.886,0.875,0.862,0.741,0.759,0.754,0.801,0.792
2026-06-03 22:10:00,0.703,0.747,0.775,0.778,0.786,0.797,0.833,0.806,0.841,0.862,0.831,0.911,0.891,0.823,0.813,0.819,0.872,0.84,0.728,0.753,0.748,0.775,0.816,0.852,0.808,0.833,0.829,0.875,0.738,0.751,0.741,0.759,0.752,0.82,0.851,0.816,0.848,0.852,0.756,0.772,0.746,0.79,0.773
2026-06-03 22:15:00,0.706,0.746,0.766,0.767,0.778,0.826,0.807,0.873,0.827,0.847,0.874,0.853,0.879,0.799,0.804,0.817,0.834,0.847,0.732,0.745,0.763,0.775,0.746,0.842,0.816,0.863,0.865,0.868,0.727,0.714,0.7,0.73,0.751,0.836,0.854,0.815,0.854,0.868,0.742,0.749,0.759,0.801,0.774
2026-06-03 22:20:00,0.733,0.728,0.753,0.781,0.784,0.775,0.784,0.831,0.839,0.855,0.904,0.872,0.881,0.813,0.803,0.831,0.855,0.835,0.73,0.742,0.744,0.749,0.785,0.812,0.812,0.851,0.836,0.855,0.719,0.745,0.724,0.746,0.774,0.823,0.837,0.821,0.832,0.836,0.748,0.754,0.765,0.767,0.776
2026-06-03 22:25:00,0.733,0.755,0.726,0.774,0.773,0.773,0.797,0.836,0.841,0.842,0.861,0.843,0.864,0.779,0.806,0.794,0.874,0.85,0.713,0.732,0.746,0.776,0.751,0.788,0.834,0.843,0.834,0.854,0.721,0.718,0.707,0.721,0.752,0.825,0.867,0.831,0.854,0.857,0.742,0.747,0.739,0.777,0.77
2026-06-03 22:30:00,0.707,0.741,0.76,0.783,0.751,0.747,0.772,0.83,0.859,0.867,0.882,0.872,0.87,0.758,0.78,0.814,0.835,0.812,0.7,0.706,0.72,0.738,0.774,0.791,0.811,0.842,0.844,0.852,0.708,0.722,0.718,0.742,0.728,0.873,0.814,0.88,0.86,0.854,0.73,0.746,0.756,0.75,0.78
2026-06-03 22:35:00,0.726,0.719,0.751,0.765,0.755,0.8,0.777,0.837,0.873,0.824,0.87,0.869,0.868,0.77,0.765,0.792,0.784,0.842,0.713,0.716,0.737,0.741,0.769,0.803,0.768,0.852,0.858,0.845,0.722,0.722,0.694,0.743,0.735,0.8,0.831,0.859,0.819,0.867,0.717,0.706,0.766,0.761,0.741
2026-06-03 22:40:00,0.708,0.724,0.729,0.747,0.75,0.766,0.782,0.799,0.842,0.874,0.85,0.825,0.877,0.793,0.806,0.775,0.813,0.824,0.699,0.726,0.74,0.753,0.717,0.751,0.8,0.802,0.85,0.832,0.675,0.689,0.705,0.731,0.726,0.76,0.838,0.81,0.841,0.835,0.711,0.737,0.752,0.758,0.78
2026-06-03 22:45:00,0.721,0.742,0.74,0.725,0.767,0.756,0.776,0.788,0.837,0.825,0.868,0.877,0.87,0.749,0.787,0.804,0.793,0.812,0.716,0.721,0.735,0.726,0.747,0.782,0.776,0.785,0.856,0.812,0.68,0.69,0.72,0.749,0.72,0.785,0.781,0.869,0.866,0.852,0.725,0.734,0.751,0.746,0.782
2026-06-03 22:50:00,0.701,0.713,0.759,0.737,0.772,0.789,0.768,0.784,0.831,0.815,0.858,0.874,0.882,0.745,0.743,0.774,0.792,0.826,0.678,0.677,0.705,0.721,0.747,0.794,0.779,0.808,0.789,0.838,0.684,0.71,0.729,0.716,0.711,0.776,0.771,0.843,0.835,0.833,0.714,0.722,0.734,0.758,0.733
2026-06-03 22:55:00,0.7,0.711,0.72,0.727,0.763,0.765,0.759,0.78,0.807,0.857,0.878,0.856,0.881,0.761,0.758,0.794,0.786,0.829,0.702,0.703,0.712,0.725,0.746,0.798,0.781,0.764,0.804,0.818,0.69,0.714,0.676,0.729,0.714,0.772,0.779,0.831,0.829,0.821,0.734,0.746,0.727,0.727,0.763
2026-06-03 23:00:00,0.7,0.726,0.688,0.758,0.758,0.766,0.775,0.786,0.805,0.831,0.887,0.827,0.823,0.762,0.775,0.798,0.784,0.797,0.722,0.71,0.697,0.744,0.723,0.79,0.784,0.787,0.785,0.784,0.684,0.708,0.723,0.73,0.711,0.787,0.771,0.802,0.834,0.859,0.689,0.732,0.745,0.728,0.755
2026-06-03 23:05:00,0.69,0.708,0.712,0.731,0.73,0.765,0.747,0.774,0.812,0.822,0.844,0.854,0.884,0.75,0.755,0.763,0.792,0.781,0.703,0.68,0.728,0.691,0.728,0.749,0.783,0.771,0.803,0.774,0.694,0.665,0.683,0.703,0.699,0.79,0.771,0.795,0.835,0.833,0.698,0.696,0.73,0.695,0.741
2026-06-03 23:10:00,0.694,0.703,0.729,0.727,0.741,0.77,0.781,0.782,0.799,0.804,0.857,0.858,0.849,0.75,0.773,0.793,0.754,0.792,0.668,0.723,0.708,0.7,0.727,0.748,0.783,0.751,0.764,0.794,0.664,0.681,0.667,0.709,0.714,0.787,0.781,0.78,0.786,0.855,0.691,0.725,0.695,0.733,0.754
2026-06-03 23:15:00,0.691,0.691,0.709,0.708,0.725,0.737,0.755,0.754,0.795,0.797,0.875,0.865,0.874,0.764,0.747,0.738,0.75,0.783,0.681,0.673,0.709,0.719,0.711,0.774,0.768,0.793,0.793,0.789,0.652,0.66,0.712,0.705,0.717,0.763,0.763,0.801,0.772,0.857,0.71,0.71,0.71,0.725,0.753
2026-06-03 23:20:00,0.671,0.698,0.705,0.74,0.731,0.752,0.756,0.752,0.792,0.776,0.85,0.848,0.862,0.739,0.742,0.761,0.777,0.757,0.675,0.699,0.689,0.697,0.725,0.767,0.78,0.791,0.809,0.785,0.659,0.672,0.685,0.706,0.708,0.781,0.777,0.77,0.776,0.773,0.697,0.696,0.696,0.715,0.715
2026-06-03 23:25:00,0.714,0.735,0.699,0.695,0.762,0.747,0.778,0.782,0.773,0.783,0.849,0.831,0.811,0.73,0.752,0.733,0.75,0.788,0.684,0.662,0.676,0.702,0.713,0.766,0.751,0.777,0.789,0.78,0.668,0.686,0.699,0.685,0.714,0.76,0.786,0.764,0.779,0.79,0.678,0.703,0.721,0.728,0.69
2026-06-03 23:30:00,0.673,0.672,0.693,0.757,0.727,0.714,0.754,0.784,0.779,0.777,0.774,0.862,0.847,0.734,0.741,0.78,0.767,0.756,0.669,0.664,0.705,0.685,0.72,0.743,0.759,0.779,0.789,0.787,0.673,0.66,0.681,0.667,0.674,0.774,0.774,0.754,0.792,0.808,0.682,0.677,0.703,0.688,0.713
2026-06-03 23:35:00,0.698,0.684,0.683,0.681,0.72,0.737,0.758,0.775,0.783,0.783,0.799,0.849,0.847,0.747,0.749,0.767,0.774,0.768,0.677,0.686,0.679,0.696,0.711,0.734,0.735,0.804,0.799,0.78,0.676,0.653,0.674,0.686,0.696,0.739,0.767,0.784,0.794,0.795,0.692,0.718,0.692,0.739,0.723
2026-06-03 23:40:00,0.652,0.666,0.676,0.694,0.703,0.716,0.753,0.739,0.765,0.779,0.789,0.842,0.852,0.748,0.737,0.764,0.752,0.752,0.67,0.671,0.678,0.686,0.698,0.758,0.79,0.769,0.734,0.785,0.685,0.675,0.69,0.664,0.679,0.745,0.786,0.799,0.784,0.751,0.681,0.694,0.692,0.706,0.709
2026-06-03 23:45:00,0.648,0.669,0.692,0.68,0.723,0.729,0.731,0.744,0.761,0.786,0.778,0.809,0.823,0.751,0.765,0.76,0.75,0.747,0.655,0.671,0.698,0.692,0.69,0.732,0.745,0.746,0.754,0.785,0.69,0.66,0.679,0.674,0.695,0.733,0.758,0.758,0.785,0.772,0.697,0.685,0.707,0.709,0.706
2026-06-03 23:50:00,0.68,0.664,0.668,0.701,0.698,0.703,0.721,0.764,0.748,0.759,0.78,0.785,0.842,0.714,0.727,0.744,0.751,0.754,0.664,0.698,0.692,0.7,0.7,0.741,0.766,0.738,0.759,0.777,0.655,0.671,0.664,0.669,0.671,0.743,0.755,0.768,0.749,0.817,0.696,0.688,0.655,0.685,0.705
2026-06-03 23:55:00,0.659,0.667,0.696,0.678,0.722,0.7,0.723,0.765,0.761,0.82,0.78,0.78,0.82,0.726,0.713,0.738,0.74,0.778,0.657,0.65,0.678,0.669,0.662,0.723,0.712,0.754,0.732,0.754,0.653,0.67,0.644,0.654,0.694,0.758,0.774,0.742,0.745,0.785,0.669,0.687,0.673,0.699,0.723
