time,pump_id,pumps_on,flow_m3h,wet_well_level_m
2026-06-01 00:00:00,PS01,1,1163.5,1.12
2026-06-01 00:05:00,PS01,1,1106.7,1.11
2026-06-01 00:10:00,PS01,1,1062.5,1.15
2026-06-01 00:15:00,PS01,1,1139.4,1.16
2026-06-01 00:20:00,PS01,1,1023.4,1.12
2026-06-01 00:25:00,PS01,1,1167.0,1.13
2026-06-01 00:30:00,PS01,1,1180.6,1.12
2026-06-01 00:35:00,PS01,1,1118.6,1.09
2026-06-01 00:40:00,PS01,1,1064.6,1.17
2026-06-01 00:45:00,PS01,1,1051.4,1.15
2026-06-01 00:50:00,PS01,1,1149.9,1.21
2026-06-01 00:55:00,PS01,1,1058.6,1.1
2026-06-01 01:00:00,PS01,1,1112.0,1.08
2026-06-01 01:05:00,PS01,1,1175.3,1.0
2026-06-01 01:10:00,PS01,1,1157.5,1.22
2026-06-01 01:15:00,PS01,1,1022.6,1.14
2026-06-01 01:20:00,PS01,0,0.0,1.15
2026-06-01 01:25:00,PS01,1,1022.2,1.19
2026-06-01 01:30:00,PS01,1,1078.3,1.12
2026-06-01 01:35:00,PS01,1,1087.4,1.07
2026-06-01 01:40:00,PS01,1,1105.0,1.15
2026-06-01 01:45:00,PS01,1,1137.9,1.09
2026-06-01 01:50:00,PS01,1,1198.4,1.01
2026-06-01 01:55:00,PS01,1,1051.9,1.18
2026-06-01 02:00:00,PS01,1,1140.8,1.05
2026-06-01 02:05:00,PS01,0,0.0,1.06
2026-06-01 02:10:00,PS01,1,1079.8,1.14
2026-06-01 02:15:00,PS01,1,1166.5,0.99
2026-06-01 02:20:00,PS01,1,1032.9,1.09
2026-06-01 02:25:00,PS01,1,1023.6,1.11
2026-06-01 02:30:00,PS01,0,0.0,1.15
2026-06-01 02:35:00,PS01,1,1099.1,1.12
2026-06-01 02:40:00,PS01,1,1094.1,1.12
2026-06-01 02:45:00,PS01,0,0.0,1.14
2026-06-01 02:50:00,PS01,1,1152.3,1.16
2026-06-01 02:55:00,PS01,1,1135.7,1.06
2026-06-01 03:00:00,PS01,1,1152.9,1.03
2026-06-01 03:05:00,PS01,0,0.0,1.04
2026-06-01 03:10:00,PS01,1,1099.5,1.12
2026-06-01 03:15:00,PS01,1,1043.6,1.07
2026-06-01 03:20:00,PS01,1,1197.4,1.05
2026-06-01 03:25:00,PS01,1,1138.2,1.14
2026-06-01 03:30:00,PS01,1,1061.4,1.11
2026-06-01 03:35:00,PS01,1,1143.7,1.17
2026-06-01 03:40:00,PS01,1,1116.8,1.1
2026-06-01 03:45:00,PS01,1,1092.7,1.11
2026-06-01 03:50:00,PS01,1,1130.7,1.06
2026-06-01 03:55:00,PS01,1,1060.1,0.98
2026-06-01 04:00:00,PS01,1,1194.9,1.06
2026-06-01 04:05:00,PS01,1,1098.8,1.05
2026-06-01 04:10:00,PS01,1,1122.9,1.02
2026-06-01 04:15:00,PS01,1,1038.5,1.1
2026-06-01 04:20:00,PS01,1,1178.3,1.14
2026-06-01 04:25:00,PS01,0,0.0,1.07
2026-06-01 04:30:00,PS01,1,1037.9,1.12
2026-06-01 04:35:00,PS01,1,1097.0,1.07
2026-06-01 04:40:00,PS01,1,1066.9,1.09
2026-06-01 04:45:00,PS01,1,1107.1,1.06
2026-06-01 04:50:00,PS01,1,1094.9,1.12
2026-06-01 04:55:00,PS01,1,1159.8,1.13
2026-06-01 05:00:00,PS01,1,1122.2,1.19
2026-06-01 05:05:00,PS01,1,1099.4,1.08
2026-06-01 05:10:00,PS01,1,1051.3,1.09
2026-06-01 05:15:00,PS01,1,1190.2,1.16
2026-06-01 05:20:00,PS01,1,1074.6,1.09
2026-06-01 05:25:00,PS01,1,1031.2,1.14
2026-06-01 05:30:00,PS01,0,0.0,1.09
2026-06-01 05:35:00,PS01,1,1053.0,1.14
2026-06-01 05:40:00,PS01,1,1086.1,1.14
2026-06-01 05:45:00,PS01,0,0.0,1.19
2026-06-01 05:50:00,PS01,1,1088.1,1.09
2026-06-01 05:55:00,PS01,1,1102.5,1.16
2026-06-01 06:00:00,PS01,1,1163.1,1.12
2026-06-01 06:05:00,PS01,1,1111.6,1.04
2026-06-01 06:10:00,PS01,1,1150.5,1.11
2026-06-01 06:15:00,PS01,1,1106.9,1.1
2026-06-01 06:20:00,PS01,1,1082.1,1.16
2026-06-01 06:25:00,PS01,1,1110.6,1.09
2026-06-01 06:30:00,PS01,1,1196.1,1.14
2026-06-01 06:35:00,PS01,1,1039.4,1.14
2026-06-01 06:40:00,PS01,1,1179.5,1.18
2026-06-01 06:45:00,PS01,1,1132.6,1.12
2026-06-01 06:50:00,PS01,1,1194.3,1.07
2026-06-01 06:55:00,PS01,1,1065.0,1.19
2026-06-01 07:00:00,PS01,1,1088.7,1.12
2026-06-01 07:05:00,PS01,1,1039.7,1.2
2026-06-01 07:10:00,PS01,1,1029.4,1.15
2026-06-01 07:15:00,PS01,1,1103.6,1.16
2026-06-01 07:20:00,PS01,1,1036.1,1.19
2026-06-01 07:25:00,PS01,1,1128.5,1.19
2026-06-01 07:30:00,PS01,1,1121.5,1.16
2026-06-01 07:35:00,PS01,1,1190.2,1.14
2026-06-01 07:40:00,PS01,1,1184.1,1.16
2026-06-01 07:45:00,PS01,1,1073.1,1.07
2026-06-01 07:50:00,PS01,1,1186.4,1.21
2026-06-01 07:55:00,PS01,1,1029.8,1.13
2026-06-01 08:00:00,PS01,1,1151.9,1.14
2026-06-01 08:05:00,PS01,1,1124.5,1.15
2026-06-01 08:10:00,PS01,1,1083.9,1.18
2026-06-01 08:15:00,PS01,0,0.0,1.17
2026-06-01 08:20:00,PS01,1,1083.6,1.2
2026-06-01 08:25:00,PS01,1,1115.5,1.2
2026-06-01 08:30:00,PS01,1,1143.4,1.14
2026-06-01 08:35:00,PS01,1,1068.2,1.13
2026-06-01 08:40:00,PS01,1,1041.0,1.16
2026-06-01 08:45:00,PS01,1,1145.1,1.21
2026-06-01 08:50:00,PS01,1,1053.4,1.2
2026-06-01 08:55:00,PS01,1,1058.2,1.19
2026-06-01 09:00:00,PS01,1,1056.0,1.16
2026-06-01 09:05:00,PS01,1,1154.5,1.22
2026-06-01 09:10:00,PS01,1,1076.6,1.19
2026-06-01 09:15:00,PS01,1,1153.3,1.14
2026-06-01 09:20:00,PS01,1,1122.1,1.16
2026-06-01 09:25:00,PS01,1,1111.3,1.22
2026-06-01 09:30:00,PS01,1,1182.7,1.24
2026-06-01 09:35:00,PS01,1,1124.0,1.09
2026-06-01 09:40:00,PS01,1,1062.6,1.19
2026-06-01 09:45:00,PS01,1,1197.0,1.09
2026-06-01 09:50:00,PS01,1,1075.8,1.13
2026-06-01 09:55:00,PS01,1,1105.3,1.19
2026-06-01 10:00:00,PS01,1,1087.8,1.18
2026-06-01 10:05:00,PS01,1,1153.1,1.12
2026-06-01 10:10:00,PS01,1,1103.6,1.14
2026-06-01 10:15:00,PS01,1,1083.0,1.21
2026-06-01 10:20:00,PS01,1,1136.5,1.17
2026-06-01 10:25:00,PS01,0,0.0,1.17
2026-06-01 10:30:00,PS01,1,1023.2,1.22
2026-06-01 10:35:00,PS01,1,1136.1,1.2
2026-06-01 10:40:00,PS01,1,1048.6,1.14
2026-06-01 10:45:00,PS01,1,1192.9,1.19
2026-06-01 10:50:00,PS01,1,1154.0,1.14
2026-06-01 10:55:00,PS01,1,1087.2,1.16
2026-06-01 11:00:00,PS01,1,1030.8,1.07
2026-06-01 11:05:00,PS01,1,1079.0,1.13
2026-06-01 11:10:00,PS01,0,0.0,1.17
2026-06-01 11:15:00,PS01,1,1181.8,1.1
2026-06-01 11:20:00,PS01,1,1154.6,1.13
2026-06-01 11:25:00,PS01,1,1158.6,1.07
2026-06-01 11:30:00,PS01,1,1043.5,1.18
2026-06-01 11:35:00,PS01,1,1061.3,1.22
2026-06-01 11:40:00,PS01,1,1162.3,1.1
2026-06-01 11:45:00,PS01,1,1087.7,1.06
2026-06-01 11:50:00,PS01,1,1174.5,1.17
2026-06-01 11:55:00,PS01,1,1027.3,1.16
2026-06-01 12:00:00,PS01,1,1131.1,1.17
2026-06-01 12:05:00,PS01,1,1111.6,1.18
2026-06-01 12:10:00,PS01,1,1164.9,1.15
2026-06-01 12:15:00,PS01,1,1050.5,1.21
2026-06-01 12:20:00,PS01,1,1055.7,1.21
2026-06-01 12:25:00,PS01,1,1108.7,1.24
2026-06-01 12:30:00,PS01,1,1128.8,1.24
2026-06-01 12:35:00,PS01,1,1049.2,1.1
2026-06-01 12:40:00,PS01,1,1183.1,1.2
2026-06-01 12:45:00,PS01,1,1171.8,1.15
2026-06-01 12:50:00,PS01,1,1042.6,1.04
2026-06-01 12:55:00,PS01,1,1172.9,1.16
2026-06-01 13:00:00,PS01,1,1184.6,1.1
2026-06-01 13:05:00,PS01,1,1064.0,1.14
2026-06-01 13:10:00,PS01,1,1175.6,1.08
2026-06-01 13:15:00,PS01,1,1121.4,1.2
2026-06-01 13:20:00,PS01,0,0.0,1.09
2026-06-01 13:25:00,PS01,1,1128.5,1.1
2026-06-01 13:30:00,PS01,1,1073.7,1.19
2026-06-01 13:35:00,PS01,1,1144.6,1.14
2026-06-01 13:40:00,PS01,1,1145.9,1.23
2026-06-01 13:45:00,PS01,1,1149.8,1.18
2026-06-01 13:50:00,PS01,1,1156.8,1.18
2026-06-01 13:55:00,PS01,1,1136.3,1.09
2026-06-01 14:00:00,PS01,1,1098.1,1.15
2026-06-01 14:05:00,PS01,1,1079.8,1.22
2026-06-01 14:10:00,PS01,1,1183.7,1.08
2026-06-01 14:15:00,PS01,1,1166.5,1.13
2026-06-01 14:20:00,PS01,1,1170.3,1.12
2026-06-01 14:25:00,PS01,1,1036.4,1.14
2026-06-01 14:30:00,PS01,2,2186.3,1.17
2026-06-01 14:35:00,PS01,1,1083.8,1.14
2026-06-01 14:40:00,PS01,1,1177.6,1.23
2026-06-01 14:45:00,PS01,1,1079.6,1.02
2026-06-01 14:50:00,PS01,1,1189.3,1.0
2026-06-01 14:55:00,PS01,1,1165.7,1.12
2026-06-01 15:00:00,PS01,1,1176.4,1.2
2026-06-01 15:05:00,PS01,1,1039.2,1.12
2026-06-01 15:10:00,PS01,1,1195.7,1.11
2026-06-01 15:15:00,PS01,1,1086.6,1.05
2026-06-01 15:20:00,PS01,1,1034.4,1.12
2026-06-01 15:25:00,PS01,1,1132.2,1.11
2026-06-01 15:30:00,PS01,1,1175.6,1.13
2026-06-01 15:35:00,PS01,1,1151.0,1.13
2026-06-01 15:40:00,PS01,1,1147.0,1.16
2026-06-01 15:45:00,PS01,1,1189.4,1.11
2026-06-01 15:50:00,PS01,1,1194.1,1.1
2026-06-01 15:55:00,PS01,0,0.0,1.14
2026-06-01 16:00:00,PS01,0,0.0,1.13
2026-06-01 16:05:00,PS01,1,1083.1,1.07
2026-06-01 16:10:00,PS01,1,1103.3,1.16
2026-06-01 16:15:00,PS01,1,1115.4,1.07
2026-06-01 16:20:00,PS01,1,1106.2,1.17
2026-06-01 16:25:00,PS01,1,1165.3,1.12
2026-06-01 16:30:00,PS01,0,0.0,1.08
2026-06-01 16:35:00,PS01,0,0.0,1.28
2026-06-01 16:40:00,PS01,1,1162.0,1.15
2026-06-01 16:45:00,PS01,1,1130.0,1.2
2026-06-01 16:50:00,PS01,1,1150.8,1.14
2026-06-01 16:55:00,PS01,0,0.0,1.22
2026-06-01 17:00:00,PS01,1,1145.3,1.18
2026-06-01 17:05:00,PS01,1,1132.6,1.13
2026-06-01 17:10:00,PS01,1,1138.0,1.19
2026-06-01 17:15:00,PS01,1,1191.2,1.2
2026-06-01 17:20:00,PS01,1,1028.2,1.13
2026-06-01 17:25:00,PS01,0,0.0,1.14
2026-06-01 17:30:00,PS01,1,1136.0,1.25
2026-06-01 17:35:00,PS01,1,1088.8,1.16
2026-06-01 17:40:00,PS01,1,1101.0,1.21
2026-06-01 17:45:00,PS01,1,1096.8,1.2
2026-06-01 17:50:00,PS01,1,1160.1,1.21
2026-06-01 17:55:00,PS01,1,1030.3,1.2
2026-06-01 18:00:00,PS01,1,1101.0,1.02
2026-06-01 18:05:00,PS01,1,1140.0,1.13
2026-06-01 18:10:00,PS01,1,1093.7,1.14
2026-06-01 18:15:00,PS01,1,1031.7,1.17
2026-06-01 18:20:00,PS01,1,1191.0,1.11
2026-06-01 18:25:00,PS01,1,1088.2,1.15
2026-06-01 18:30:00,PS01,1,1189.3,1.1
2026-06-01 18:35:00,PS01,1,1185.9,1.07
2026-06-01 18:40:00,PS01,1,1044.6,1.3
2026-06-01 18:45:00,PS01,1,1134.8,1.14
2026-06-01 18:50:00,PS01,1,1071.6,1.23
2026-06-01 18:55:00,PS01,1,1057.1,1.21
2026-06-01 19:00:00,PS01,1,1121.1,1.14
2026-06-01 19:05:00,PS01,1,1116.6,1.24
2026-06-01 19:10:00,PS01,1,1179.3,1.12
2026-06-01 19:15:00,PS01,0,0.0,1.16
2026-06-01 19:20:00,PS01,1,1152.0,1.2
2026-06-01 19:25:00,PS01,1,1162.4,1.17
2026-06-01 19:30:00,PS01,1,1032.2,1.16
2026-06-01 19:35:00,PS01,1,1085.3,1.07
2026-06-01 19:40:00,PS01,1,1130.0,1.2
2026-06-01 19:45:00,PS01,1,1159.7,1.21
2026-06-01 19:50:00,PS01,1,1165.0,1.14
2026-06-01 19:55:00,PS01,1,1176.9,1.22
2026-06-01 20:00:00,PS01,1,1141.5,1.18
2026-06-01 20:05:00,PS01,1,1045.4,1.22
2026-06-01 20:10:00,PS01,1,1070.0,1.21
2026-06-01 20:15:00,PS01,1,1129.2,1.15
2026-06-01 20:20:00,PS01,1,1133.6,1.28
2026-06-01 20:25:00,PS01,1,1021.0,1.12
2026-06-01 20:30:00,PS01,1,1109.3,1.02
2026-06-01 20:35:00,PS01,1,1196.1,1.04
2026-06-01 20:40:00,PS01,1,1030.6,1.19
2026-06-01 20:45:00,PS01,0,0.0,1.05
2026-06-01 20:50:00,PS01,0,0.0,1.13
2026-06-01 20:55:00,PS01,1,1188.7,1.22
2026-06-01 21:00:00,PS01,1,1033.4,1.04
2026-06-01 21:05:00,PS01,1,1170.5,1.15
2026-06-01 21:10:00,PS01,1,1075.5,1.16
2026-06-01 21:15:00,PS01,1,1073.8,1.09
2026-06-01 21:20:00,PS01,1,1069.0,1.18
2026-06-01 21:25:00,PS01,0,0.0,1.15
2026-06-01 21:30:00,PS01,1,1049.8,1.19
2026-06-01 21:35:00,PS01,1,1033.1,1.16
2026-06-01 21:40:00,PS01,1,1163.3,1.13
2026-06-01 21:45:00,PS01,1,1177.1,1.17
2026-06-01 21:50:00,PS01,1,1066.3,1.21
2026-06-01 21:55:00,PS01,1,1195.2,1.22
2026-06-01 22:00:00,PS01,1,1187.9,1.19
2026-06-01 22:05:00,PS01,1,1041.8,1.2
2026-06-01 22:10:00,PS01,1,1048.0,1.12
2026-06-01 22:15:00,PS01,1,1088.3,1.14
2026-06-01 22:20:00,PS01,1,1141.0,1.18
2026-06-01 22:25:00,PS01,1,1021.3,1.16
2026-06-01 22:30:00,PS01,1,1130.2,1.18
2026-06-01 22:35:00,PS01,1,1174.1,1.22
2026-06-01 22:40:00,PS01,1,1106.1,1.14
2026-06-01 22:45:00,PS01,1,1034.4,1.07
2026-06-01 22:50:00,PS01,1,1054.2,1.1
2026-06-01 22:55:00,PS01,0,0.0,1.15
2026-06-01 23:00:00,PS01,1,1131.0,1.13
2026-06-01 23:05:00,PS01,1,1046.2,1.07
2026-06-01 23:10:00,PS01,1,1132.5,1.15
2026-06-01 23:15:00,PS01,1,1075.4,1.1
2026-06-01 23:20:00,PS01,1,1038.5,1.17
2026-06-01 23:25:00,PS01,1,1120.0,1.22
2026-06-01 23:30:00,PS01,1,1143.2,1.2
2026-06-01 23:35:00,PS01,0,0.0,1.09
2026-06-01 23:40:00,PS01,1,1159.7,1.11
2026-06-01 23:45:00,PS01,1,1031.6,1.06
2026-06-01 23:50:00,PS01,1,1068.5,1.19
2026-06-01 23:55:00,PS01,1,1100.1,1.14
2026-06-02 00:00:00,PS01,1,1106.9,1.2
2026-06-02 00:05:00,PS01,1,1131.3,1.15
2026-06-02 00:10:00,PS01,1,1076.4,1.1
2026-06-02 00:15:00,PS01,1,1049.2,1.03
2026-06-02 00:20:00,PS01,1,1194.2,1.14
2026-06-02 00:25:00,PS01,1,1040.8,1.22
2026-06-02 00:30:00,PS01,1,1021.0,1.16
2026-06-02 00:35:00,PS01,0,0.0,1.12
2026-06-02 00:40:00,PS01,1,1047.5,1.16
2026-06-02 00:45:00,PS01,1,1139.0,1.15
2026-06-02 00:50:00,PS01,1,1138.3,1.18
2026-06-02 00:55:00,PS01,1,1110.5,1.07
2026-06-02 01:00:00,PS01,1,1080.6,1.14
2026-06-02 01:05:00,PS01,1,1144.1,1.04
2026-06-02 01:10:00,PS01,1,1126.6,1.01
2026-06-02 01:15:00,PS01,1,1070.2,1.15
2026-06-02 01:20:00,PS01,1,1040.6,1.17
2026-06-02 01:25:00,PS01,1,1043.8,1.11
2026-06-02 01:30:00,PS01,1,1122.8,1.1
2026-06-02 01:35:00,PS01,1,1101.7,1.12
2026-06-02 01:40:00,PS01,1,1141.8,1.16
2026-06-02 01:45:00,PS01,1,1028.1,1.15
2026-06-02 01:50:00,PS01,1,1194.9,1.12
2026-06-02 01:55:00,PS01,1,1120.3,1.14
2026-06-02 02:00:00,PS01,1,1058.2,1.14
2026-06-02 02:05:00,PS01,1,1056.6,1.04
2026-06-02 02:10:00,PS01,1,1177.6,1.13
2026-06-02 02:15:00,PS01,1,1035.0,1.03
2026-06-02 02:20:00,PS01,1,1039.3,1.15
2026-06-02 02:25:00,PS01,1,1160.6,1.14
2026-06-02 02:30:00,PS01,1,1190.5,1.09
2026-06-02 02:35:00,PS01,1,1099.4,1.08
2026-06-02 02:40:00,PS01,1,1037.4,1.15
2026-06-02 02:45:00,PS01,1,1144.1,1.1
2026-06-02 02:50:00,PS01,1,1069.0,1.1
2026-06-02 02:55:00,PS01,1,1190.9,1.1
2026-06-02 03:00:00,PS01,1,1182.2,1.11
2026-06-02 03:05:00,PS01,1,1178.3,1.14
2026-06-02 03:10:00,PS01,1,1020.5,1.01
2026-06-02 03:15:00,PS01,1,1189.1,1.09
2026-06-02 03:20:00,PS01,0,0.0,0.98
2026-06-02 03:25:00,PS01,1,1028.7,1.11
2026-06-02 03:30:00,PS01,1,1149.3,1.06
2026-06-02 03:35:00,PS01,0,0.0,1.09
2026-06-02 03:40:00,PS01,1,1082.0,1.05
2026-06-02 03:45:00,PS01,1,1142.3,1.04
2026-06-02 03:50:00,PS01,1,1079.8,1.06
2026-06-02 03:55:00,PS01,1,1138.0,1.09
2026-06-02 04:00:00,PS01,1,1114.8,1.12
2026-06-02 04:05:00,PS01,1,1043.3,1.05
2026-06-02 04:10:00,PS01,1,1021.3,1.09
2026-06-02 04:15:00,PS01,1,1157.5,1.11
2026-06-02 04:20:00,PS01,1,1059.9,1.07
2026-06-02 04:25:00,PS01,1,1093.7,1.11
2026-06-02 04:30:00,PS01,1,1180.9,1.03
2026-06-02 04:35:00,PS01,1,1172.4,1.05
2026-06-02 04:40:00,PS01,1,1134.7,1.15
2026-06-02 04:45:00,PS01,1,1069.8,0.99
2026-06-02 04:50:00,PS01,1,1042.4,1.08
2026-06-02 04:55:00,PS01,1,1052.2,1.1
2026-06-02 05:00:00,PS01,1,1190.8,1.12
2026-06-02 05:05:00,PS01,1,1133.5,1.13
2026-06-02 05:10:00,PS01,1,1094.4,1.1
2026-06-02 05:15:00,PS01,1,1190.0,1.09
2026-06-02 05:20:00,PS01,1,1115.9,1.07
2026-06-02 05:25:00,PS01,1,1092.5,1.19
2026-06-02 05:30:00,PS01,1,1042.7,1.15
2026-06-02 05:35:00,PS01,1,1035.2,1.13
2026-06-02 05:40:00,PS01,1,1140.6,1.11
2026-06-02 05:45:00,PS01,0,0.0,1.09
2026-06-02 05:50:00,PS01,1,1034.8,1.12
2026-06-02 05:55:00,PS01,1,1193.1,1.08
2026-06-02 06:00:00,PS01,1,1126.8,1.2
2026-06-02 06:05:00,PS01,1,1181.0,1.08
2026-06-02 06:10:00,PS01,1,1050.5,1.06
2026-06-02 06:15:00,PS01,1,1191.0,1.28
2026-06-02 06:20:00,PS01,1,1147.3,1.13
2026-06-02 06:25:00,PS01,1,1076.8,1.1
2026-06-02 06:30:00,PS01,0,0.0,1.17
2026-06-02 06:35:00,PS01,1,1038.8,1.07
2026-06-02 06:40:00,PS01,1,1181.1,1.11
2026-06-02 06:45:00,PS01,1,1139.0,1.19
2026-06-02 06:50:00,PS01,0,0.0,1.25
2026-06-02 06:55:00,PS01,1,1178.5,1.19
2026-06-02 07:00:00,PS01,1,1022.5,1.19
2026-06-02 07:05:00,PS01,1,1120.1,1.22
2026-06-02 07:10:00,PS01,1,1111.4,1.14
2026-06-02 07:15:00,PS01,1,1047.9,1.08
2026-06-02 07:20:00,PS01,1,1066.7,1.13
2026-06-02 07:25:00,PS01,1,1053.1,1.23
2026-06-02 07:30:00,PS01,1,1064.4,1.11
2026-06-02 07:35:00,PS01,1,1146.7,1.15
2026-06-02 07:40:00,PS01,1,1193.7,1.16
2026-06-02 07:45:00,PS01,1,1137.0,1.18
2026-06-02 07:50:00,PS01,1,1119.4,1.2
2026-06-02 07:55:00,PS01,1,1108.6,1.2
2026-06-02 08:00:00,PS01,1,1045.2,1.31
2026-06-02 08:05:00,PS01,1,1155.1,1.21
2026-06-02 08:10:00,PS01,1,1184.1,1.25
2026-06-02 08:15:00,PS01,1,1087.2,1.17
2026-06-02 08:20:00,PS01,1,1040.9,1.27
2026-06-02 08:25:00,PS01,1,1145.7,1.14
2026-06-02 08:30:00,PS01,1,1154.3,1.22
2026-06-02 08:35:00,PS01,1,1045.5,1.17
2026-06-02 08:40:00,PS01,1,1063.4,1.23
2026-06-02 08:45:00,PS01,1,1081.2,1.2
2026-06-02 08:50:00,PS01,1,1078.2,1.24
2026-06-02 08:55:00,PS01,1,1069.6,1.2
2026-06-02 09:00:00,PS01,1,1125.5,1.17
2026-06-02 09:05:00,PS01,1,1173.2,1.22
2026-06-02 09:10:00,PS01,1,1125.6,1.13
2026-06-02 09:15:00,PS01,1,1048.9,1.08
2026-06-02 09:20:00,PS01,1,1045.4,1.06
2026-06-02 09:25:00,PS01,1,1194.0,1.26
2026-06-02 09:30:00,PS01,1,1021.5,1.17
2026-06-02 09:35:00,PS01,1,1188.2,1.2
2026-06-02 09:40:00,PS01,1,1103.7,1.15
2026-06-02 09:45:00,PS01,1,1021.0,1.18
2026-06-02 09:50:00,PS01,1,1064.0,1.13
2026-06-02 09:55:00,PS01,1,1130.9,1.17
2026-06-02 10:00:00,PS01,1,1057.3,1.09
2026-06-02 10:05:00,PS01,1,1186.2,1.07
2026-06-02 10:10:00,PS01,1,1025.6,1.11
2026-06-02 10:15:00,PS01,1,1080.9,1.13
2026-06-02 10:20:00,PS01,1,1082.2,1.23
2026-06-02 10:25:00,PS01,1,1146.3,1.29
2026-06-02 10:30:00,PS01,1,1197.5,1.23
2026-06-02 10:35:00,PS01,1,1191.0,1.0
2026-06-02 10:40:00,PS01,1,1095.4,1.25
2026-06-02 10:45:00,PS01,1,1134.7,1.14
2026-06-02 10:50:00,PS01,1,1185.4,1.08
2026-06-02 10:55:00,PS01,1,1155.0,1.25
2026-06-02 11:00:00,PS01,1,1047.3,1.13
2026-06-02 11:05:00,PS01,1,1185.5,1.11
2026-06-02 11:10:00,PS01,1,1100.9,1.12
2026-06-02 11:15:00,PS01,1,1096.2,1.14
2026-06-02 11:20:00,PS01,1,1032.1,1.18
2026-06-02 11:25:00,PS01,1,1174.7,1.16
2026-06-02 11:30:00,PS01,1,1184.6,1.12
2026-06-02 11:35:00,PS01,1,1181.1,1.05
2026-06-02 11:40:00,PS01,1,1054.9,1.11
2026-06-02 11:45:00,PS01,1,1039.7,1.16
2026-06-02 11:50:00,PS01,1,1060.0,1.11
2026-06-02 11:55:00,PS01,1,1065.3,1.15
2026-06-02 12:00:00,PS01,1,1080.4,1.14
2026-06-02 12:05:00,PS01,1,1111.9,1.21
2026-06-02 12:10:00,PS01,1,1197.6,1.16
2026-06-02 12:15:00,PS01,1,1086.3,1.19
2026-06-02 12:20:00,PS01,1,1060.2,1.13
2026-06-02 12:25:00,PS01,1,1057.1,1.22
2026-06-02 12:30:00,PS01,1,1126.6,1.12
2026-06-02 12:35:00,PS01,1,1144.0,1.1
2026-06-02 12:40:00,PS01,1,1102.9,1.21
2026-06-02 12:45:00,PS01,1,1166.7,1.11
2026-06-02 12:50:00,PS01,1,1022.8,1.08
2026-06-02 12:55:00,PS01,1,1129.8,1.08
2026-06-02 13:00:00,PS01,1,1129.0,1.11
2026-06-02 13:05:00,PS01,1,1181.8,1.12
2026-06-02 13:10:00,PS01,1,1056.8,1.16
2026-06-02 13:15:00,PS01,1,1087.1,1.17
2026-06-02 13:20:00,PS01,1,1108.9,1.13
2026-06-02 13:25:00,PS01,1,1114.3,1.18
2026-06-02 13:30:00,PS01,1,1070.9,1.18
2026-06-02 13:35:00,PS01,1,1111.8,1.08
2026-06-02 13:40:00,PS01,1,1049.3,1.08
2026-06-02 13:45:00,PS01,1,1086.8,1.11
2026-06-02 13:50:00,PS01,1,1190.0,1.02
2026-06-02 13:55:00,PS01,1,1053.3,1.14
2026-06-02 14:00:00,PS01,1,1044.7,1.12
2026-06-02 14:05:00,PS01,1,1025.4,1.22
2026-06-02 14:10:00,PS01,1,1151.8,1.19
2026-06-02 14:15:00,PS01,1,1131.5,1.11
2026-06-02 14:20:00,PS01,1,1056.3,1.18
2026-06-02 14:25:00,PS01,1,1092.7,1.12
2026-06-02 14:30:00,PS01,1,1054.6,1.16
2026-06-02 14:35:00,PS01,1,1145.8,1.04
2026-06-02 14:40:00,PS01,1,1044.8,1.1
2026-06-02 14:45:00,PS01,1,1156.0,1.14
2026-06-02 14:50:00,PS01,1,1081.2,1.12
2026-06-02 14:55:00,PS01,1,1105.6,1.19
2026-06-02 15:00:00,PS01,1,1165.3,1.16
2026-06-02 15:05:00,PS01,1,1115.7,1.16
2026-06-02 15:10:00,PS01,1,1089.5,1.14
2026-06-02 15:15:00,PS01,1,1089.0,1.13
2026-06-02 15:20:00,PS01,1,1114.1,1.18
2026-06-02 15:25:00,PS01,1,1049.6,1.22
2026-06-02 15:30:00,PS01,1,1070.0,1.03
2026-06-02 15:35:00,PS01,1,1120.2,1.09
2026-06-02 15:40:00,PS01,1,1056.6,1.14
2026-06-02 15:45:00,PS01,1,1130.4,1.21
2026-06-02 15:50:00,PS01,1,1066.3,1.18
2026-06-02 15:55:00,PS01,1,1134.6,1.1
2026-06-02 16:00:00,PS01,1,1042.2,1.12
2026-06-02 16:05:00,PS01,1,1110.4,1.18
2026-06-02 16:10:00,PS01,0,0.0,1.11
2026-06-02 16:15:00,PS01,1,1076.8,1.15
2026-06-02 16:20:00,PS01,1,1157.4,1.11
2026-06-02 16:25:00,PS01,1,1079.5,1.16
2026-06-02 16:30:00,PS01,1,1159.1,1.17
2026-06-02 16:35:00,PS01,1,1176.1,1.01
2026-06-02 16:40:00,PS01,1,1028.6,1.23
2026-06-02 16:45:00,PS01,1,1067.6,1.25
2026-06-02 16:50:00,PS01,1,1194.1,1.04
2026-06-02 16:55:00,PS01,1,1036.8,1.14
2026-06-02 17:00:00,PS01,1,1043.4,1.06
2026-06-02 17:05:00,PS01,1,1022.8,1.04
2026-06-02 17:10:00,PS01,1,1067.9,1.19
2026-06-02 17:15:00,PS01,1,1126.1,1.24
2026-06-02 17:20:00,PS01,1,1066.0,1.15
2026-06-02 17:25:00,PS01,1,1194.4,1.22
2026-06-02 17:30:00,PS01,1,1102.9,1.12
2026-06-02 17:35:00,PS01,1,1130.2,1.07
2026-06-02 17:40:00,PS01,1,1061.2,1.13
2026-06-02 17:45:00,PS01,1,1133.5,1.11
2026-06-02 17:50:00,PS01,1,1069.0,1.17
2026-06-02 17:55:00,PS01,1,1189.2,1.21
2026-06-02 18:00:00,PS01,1,1167.8,1.09
2026-06-02 18:05:00,PS01,1,1022.1,1.08
2026-06-02 18:10:00,PS01,1,1094.1,1.2
2026-06-02 18:15:00,PS01,1,1094.7,1.13
2026-06-02 18:20:00,PS01,1,1118.1,1.2
2026-06-02 18:25:00,PS01,1,1164.7,1.12
2026-06-02 18:30:00,PS01,1,1176.6,1.12
2026-06-02 18:35:00,PS01,0,0.0,1.21
2026-06-02 18:40:00,PS01,1,1145.5,1.2
2026-06-02 18:45:00,PS01,1,1071.3,1.23
2026-06-02 18:50:00,PS01,1,1035.6,1.15
2026-06-02 18:55:00,PS01,1,1021.2,1.23
2026-06-02 19:00:00,PS01,1,1024.1,1.18
2026-06-02 19:05:00,PS01,1,1151.1,1.18
2026-06-02 19:10:00,PS01,1,1057.4,1.13
2026-06-02 19:15:00,PS01,1,1147.4,1.19
2026-06-02 19:20:00,PS01,1,1036.6,1.15
2026-06-02 19:25:00,PS01,1,1166.2,1.27
2026-06-02 19:30:00,PS01,1,1132.6,1.16
2026-06-02 19:35:00,PS01,2,2176.5,1.16
2026-06-02 19:40:00,PS01,1,1168.1,1.23
2026-06-02 19:45:00,PS01,1,1145.1,1.17
2026-06-02 19:50:00,PS01,1,1170.2,1.13
2026-06-02 19:55:00,PS01,1,1147.8,1.08
2026-06-02 20:00:00,PS01,1,1028.9,1.12
2026-06-02 20:05:00,PS01,1,1122.3,1.08
2026-06-02 20:10:00,PS01,1,1117.8,1.16
2026-06-02 20:15:00,PS01,1,1168.0,1.21
2026-06-02 20:20:00,PS01,1,1052.2,1.13
2026-06-02 20:25:00,PS01,1,1060.6,1.3
2026-06-02 20:30:00,PS01,1,1037.2,1.09
2026-06-02 20:35:00,PS01,1,1101.3,1.2
2026-06-02 20:40:00,PS01,1,1020.9,1.19
2026-06-02 20:45:00,PS01,1,1131.5,1.14
2026-06-02 20:50:00,PS01,1,1047.3,1.16
2026-06-02 20:55:00,PS01,1,1047.2,1.24
2026-06-02 21:00:00,PS01,1,1037.8,1.22
2026-06-02 21:05:00,PS01,1,1102.3,1.22
2026-06-02 21:10:00,PS01,1,1058.8,1.12
2026-06-02 21:15:00,PS01,1,1026.4,1.19
2026-06-02 21:20:00,PS01,1,1059.8,1.21
2026-06-02 21:25:00,PS01,1,1150.6,1.2
2026-06-02 21:30:00,PS01,1,1021.0,1.09
2026-06-02 21:35:00,PS01,1,1065.4,1.18
2026-06-02 21:40:00,PS01,1,1060.9,1.17
2026-06-02 21:45:00,PS01,1,1066.6,1.22
2026-06-02 21:50:00,PS01,1,1059.7,1.14
2026-06-02 21:55:00,PS01,1,1083.5,1.1
2026-06-02 22:00:00,PS01,1,1158.2,1.11
2026-06-02 22:05:00,PS01,1,1134.8,1.18
2026-06-02 22:10:00,PS01,1,1079.2,1.21
2026-06-02 22:15:00,PS01,1,1148.9,1.13
2026-06-02 22:20:00,PS01,1,1080.0,1.15
2026-06-02 22:25:00,PS01,1,1105.2,1.05
2026-06-02 22:30:00,PS01,1,1128.0,1.05
2026-06-02 22:35:00,PS01,1,1120.3,1.17
2026-06-02 22:40:00,PS01,1,1087.9,1.17
2026-06-02 22:45:00,PS01,1,1067.5,1.18
2026-06-02 22:50:00,PS01,1,1138.0,1.05
2026-06-02 22:55:00,PS01,1,1091.4,1.22
2026-06-02 23:00:00,PS01,1,1124.4,1.12
2026-06-02 23:05:00,PS01,1,1094.3,1.11
2026-06-02 23:10:00,PS01,1,1162.5,1.18
2026-06-02 23:15:00,PS01,1,1189.1,1.14
2026-06-02 23:20:00,PS01,1,1189.9,1.24
2026-06-02 23:25:00,PS01,1,1026.5,1.18
2026-06-02 23:30:00,PS01,1,1105.3,1.23
2026-06-02 23:35:00,PS01,0,0.0,1.12
2026-06-02 23:40:00,PS01,1,1036.3,1.21
2026-06-02 23:45:00,PS01,1,1170.9,1.03
2026-06-02 23:50:00,PS01,1,1140.2,1.14
2026-06-02 23:55:00,PS01,1,1122.5,1.07
2026-06-03 00:00:00,PS01,1,1185.6,1.13
2026-06-03 00:05:00,PS01,1,1135.8,1.13
2026-06-03 00:10:00,PS01,1,1185.7,1.17
2026-06-03 00:15:00,PS01,1,1140.6,1.13
2026-06-03 00:20:00,PS01,1,1034.1,1.08
2026-06-03 00:25:00,PS01,1,1023.2,1.1
2026-06-03 00:30:00,PS01,1,1177.6,1.13
2026-06-03 00:35:00,PS01,1,1116.4,1.08
2026-06-03 00:40:00,PS01,1,1079.7,1.17
2026-06-03 00:45:00,PS01,0,0.0,1.1
2026-06-03 00:50:00,PS01,1,1098.6,1.17
2026-06-03 00:55:00,PS01,0,0.0,1.08
2026-06-03 01:00:00,PS01,1,1083.1,1.15
2026-06-03 01:05:00,PS01,1,1132.3,1.1
2026-06-03 01:10:00,PS01,1,1134.9,1.16
2026-06-03 01:15:00,PS01,0,0.0,1.2
2026-06-03 01:20:00,PS01,1,1163.3,1.12
2026-06-03 01:25:00,PS01,1,1154.5,1.2
2026-06-03 01:30:00,PS01,1,1162.7,1.1
2026-06-03 01:35:00,PS01,1,1023.1,1.11
2026-06-03 01:40:00,PS01,1,1196.5,1.1
2026-06-03 01:45:00,PS01,1,1192.3,1.05
2026-06-03 01:50:00,PS01,1,1061.7,1.17
2026-06-03 01:55:00,PS01,1,1171.5,1.11
2026-06-03 02:00:00,PS01,1,1088.3,1.08
2026-06-03 02:05:00,PS01,1,1148.9,1.06
2026-06-03 02:10:00,PS01,1,1067.6,1.19
2026-06-03 02:15:00,PS01,1,1189.5,1.09
2026-06-03 02:20:00,PS01,0,0.0,1.09
2026-06-03 02:25:00,PS01,1,1166.9,1.14
2026-06-03 02:30:00,PS01,0,0.0,1.16
2026-06-03 02:35:00,PS01,1,1032.4,1.07
2026-06-03 02:40:00,PS01,1,1115.1,1.12
2026-06-03 02:45:00,PS01,1,1178.3,1.12
2026-06-03 02:50:00,PS01,1,1059.6,1.08
2026-06-03 02:55:00,PS01,0,0.0,1.07
2026-06-03 03:00:00,PS01,1,1102.5,1.05
2026-06-03 03:05:00,PS01,1,1188.1,1.14
2026-06-03 03:10:00,PS01,1,1190.1,1.1
2026-06-03 03:15:00,PS01,1,1187.6,1.09
2026-06-03 03:20:00,PS01,1,1111.7,1.05
2026-06-03 03:25:00,PS01,1,1188.8,1.14
2026-06-03 03:30:00,PS01,1,1196.7,1.1
2026-06-03 03:35:00,PS01,0,0.0,1.04
2026-06-03 03:40:00,PS01,1,1098.7,1.06
2026-06-03 03:45:00,PS01,1,1065.1,1.12
2026-06-03 03:50:00,PS01,1,1155.3,1.0
2026-06-03 03:55:00,PS01,1,1067.3,1.08
2026-06-03 04:00:00,PS01,1,1083.6,1.13
2026-06-03 04:05:00,PS01,1,1116.7,1.1
2026-06-03 04:10:00,PS01,1,1175.1,1.13
2026-06-03 04:15:00,PS01,1,1106.4,0.99
2026-06-03 04:20:00,PS01,1,1034.1,1.03
2026-06-03 04:25:00,PS01,1,1124.4,1.14
2026-06-03 04:30:00,PS01,1,1034.0,1.11
2026-06-03 04:35:00,PS01,1,1062.7,1.09
2026-06-03 04:40:00,PS01,1,1040.0,1.11
2026-06-03 04:45:00,PS01,0,0.0,1.14
2026-06-03 04:50:00,PS01,1,1064.3,1.08
2026-06-03 04:55:00,PS01,1,1130.8,1.07
2026-06-03 05:00:00,PS01,1,1139.1,1.04
2026-06-03 05:05:00,PS01,1,1105.6,1.18
2026-06-03 05:10:00,PS01,0,0.0,1.1
2026-06-03 05:15:00,PS01,1,1025.5,1.18
2026-06-03 05:20:00,PS01,1,1106.7,1.04
2026-06-03 05:25:00,PS01,1,1057.8,1.12
2026-06-03 05:30:00,PS01,1,1106.8,1.06
2026-06-03 05:35:00,PS01,1,1123.8,1.21
2026-06-03 05:40:00,PS01,1,1103.9,1.25
2026-06-03 05:45:00,PS01,1,1116.8,1.18
2026-06-03 05:50:00,PS01,1,1193.9,1.07
2026-06-03 05:55:00,PS01,1,1133.8,1.07
2026-06-03 06:00:00,PS01,1,1055.4,1.13
2026-06-03 06:05:00,PS01,1,1049.2,1.14
2026-06-03 06:10:00,PS01,1,1191.2,1.16
2026-06-03 06:15:00,PS01,1,1196.5,1.16
2026-06-03 06:20:00,PS01,1,1102.5,1.14
2026-06-03 06:25:00,PS01,1,1175.1,1.12
2026-06-03 06:30:00,PS01,1,1134.7,1.1
2026-06-03 06:35:00,PS01,1,1027.9,1.17
2026-06-03 06:40:00,PS01,1,1159.1,1.02
2026-06-03 06:45:00,PS01,1,1086.5,1.15
2026-06-03 06:50:00,PS01,1,1123.9,1.16
2026-06-03 06:55:00,PS01,1,1180.2,1.14
2026-06-03 07:00:00,PS01,1,1114.8,1.2
2026-06-03 07:05:00,PS01,1,1125.4,1.19
2026-06-03 07:10:00,PS01,1,1165.4,1.16
2026-06-03 07:15:00,PS01,1,1165.1,1.27
2026-06-03 07:20:00,PS01,1,1133.2,1.12
2026-06-03 07:25:00,PS01,1,1026.8,1.13
2026-06-03 07:30:00,PS01,1,1177.4,1.14
2026-06-03 07:35:00,PS01,1,1132.4,1.22
2026-06-03 07:40:00,PS01,1,1118.1,1.18
2026-06-03 07:45:00,PS01,1,1172.7,1.07
2026-06-03 07:50:00,PS01,1,1087.8,1.15
2026-06-03 07:55:00,PS01,1,1037.7,1.14
2026-06-03 08:00:00,PS01,1,1066.2,1.25
2026-06-03 08:05:00,PS01,1,1184.3,1.12
2026-06-03 08:10:00,PS01,1,1162.3,1.17
2026-06-03 08:15:00,PS01,1,1108.2,1.1
2026-06-03 08:20:00,PS01,1,1167.8,1.18
2026-06-03 08:25:00,PS01,1,1176.9,1.27
2026-06-03 08:30:00,PS01,1,1164.0,1.13
2026-06-03 08:35:00,PS01,1,1199.3,1.22
2026-06-03 08:40:00,PS01,1,1192.6,1.17
2026-06-03 08:45:00,PS01,1,1121.1,1.16
2026-06-03 08:50:00,PS01,1,1140.3,1.2
2026-06-03 08:55:00,PS01,1,1198.2,1.11
2026-06-03 09:00:00,PS01,1,1183.4,1.13
2026-06-03 09:05:00,PS01,1,1106.6,1.13
2026-06-03 09:10:00,PS01,1,1060.3,1.26
2026-06-03 09:15:00,PS01,1,1050.0,1.22
2026-06-03 09:20:00,PS01,1,1045.1,1.22
2026-06-03 09:25:00,PS01,1,1023.5,1.22
2026-06-03 09:30:00,PS01,1,1155.3,1.22
2026-06-03 09:35:00,PS01,1,1115.9,1.09
2026-06-03 09:40:00,PS01,1,1101.7,1.14
2026-06-03 09:45:00,PS01,1,1020.2,1.16
2026-06-03 09:50:00,PS01,1,1105.3,1.18
2026-06-03 09:55:00,PS01,1,1022.7,1.11
2026-06-03 10:00:00,PS01,1,1144.2,1.1
2026-06-03 10:05:00,PS01,1,1197.5,1.11
2026-06-03 10:10:00,PS01,1,1180.3,1.13
2026-06-03 10:15:00,PS01,1,1054.7,1.15
2026-06-03 10:20:00,PS01,1,1135.2,1.19
2026-06-03 10:25:00,PS01,1,1068.0,1.16
2026-06-03 10:30:00,PS01,0,0.0,1.22
2026-06-03 10:35:00,PS01,1,1102.6,1.19
2026-06-03 10:40:00,PS01,1,1066.4,1.14
2026-06-03 10:45:00,PS01,1,1117.1,1.17
2026-06-03 10:50:00,PS01,1,1142.0,1.15
2026-06-03 10:55:00,PS01,1,1143.5,1.13
2026-06-03 11:00:00,PS01,1,1052.8,1.15
2026-06-03 11:05:00,PS01,1,1023.7,1.17
2026-06-03 11:10:00,PS01,0,0.0,1.2
2026-06-03 11:15:00,PS01,1,1138.8,1.26
2026-06-03 11:20:00,PS01,1,1101.7,1.22
2026-06-03 11:25:00,PS01,1,1134.1,1.1
2026-06-03 11:30:00,PS01,1,1179.4,1.07
2026-06-03 11:35:00,PS01,1,1085.7,1.22
2026-06-03 11:40:00,PS01,1,1100.4,1.14
2026-06-03 11:45:00,PS01,1,1114.0,1.11
2026-06-03 11:50:00,PS01,1,1143.6,1.23
2026-06-03 11:55:00,PS01,1,1108.6,1.13
2026-06-03 12:00:00,PS01,1,1148.5,1.14
2026-06-03 12:05:00,PS01,1,1069.3,1.12
2026-06-03 12:10:00,PS01,1,1042.0,1.04
2026-06-03 12:15:00,PS01,1,1031.3,1.09
2026-06-03 12:20:00,PS01,1,1034.9,1.11
2026-06-03 12:25:00,PS01,1,1023.9,1.06
2026-06-03 12:30:00,PS01,1,1196.7,1.14
2026-06-03 12:35:00,PS01,1,1156.5,1.15
2026-06-03 12:40:00,PS01,1,1116.8,1.19
2026-06-03 12:45:00,PS01,1,1067.2,1.09
2026-06-03 12:50:00,PS01,1,1151.5,1.05
2026-06-03 12:55:00,PS01,1,1199.3,1.11
2026-06-03 13:00:00,PS01,1,1085.1,1.07
2026-06-03 13:05:00,PS01,1,1088.6,1.13
2026-06-03 13:10:00,PS01,1,1173.2,1.17
2026-06-03 13:15:00,PS01,1,1089.5,1.11
2026-06-03 13:20:00,PS01,1,1178.2,1.13
2026-06-03 13:25:00,PS01,1,1050.6,1.04
2026-06-03 13:30:00,PS01,1,1184.5,1.11
2026-06-03 13:35:00,PS01,1,1044.5,1.21
2026-06-03 13:40:00,PS01,1,1152.4,1.16
2026-06-03 13:45:00,PS01,1,1077.2,1.1
2026-06-03 13:50:00,PS01,0,0.0,1.07
2026-06-03 13:55:00,PS01,1,1050.4,1.13
2026-06-03 14:00:00,PS01,1,1134.2,1.15
2026-06-03 14:05:00,PS01,1,1111.2,1.1
2026-06-03 14:10:00,PS01,1,1071.8,1.12
2026-06-03 14:15:00,PS01,1,1107.5,1.04
2026-06-03 14:20:00,PS01,1,1192.8,1.17
2026-06-03 14:25:00,PS01,1,1156.5,1.09
2026-06-03 14:30:00,PS01,1,1030.5,1.16
2026-06-03 14:35:00,PS01,1,1196.0,1.15
2026-06-03 14:40:00,PS01,1,1149.7,1.15
2026-06-03 14:45:00,PS01,0,0.0,1.12
2026-06-03 14:50:00,PS01,1,1192.8,1.21
2026-06-03 14:55:00,PS01,1,1109.2,1.1
2026-06-03 15:00:00,PS01,1,1117.8,1.22
2026-06-03 15:05:00,PS01,1,1064.6,1.15
2026-06-03 15:10:00,PS01,1,1199.3,1.14
2026-06-03 15:15:00,PS01,1,1074.8,1.12
2026-06-03 15:20:00,PS01,1,1135.6,1.14
2026-06-03 15:25:00,PS01,1,1125.0,1.14
2026-06-03 15:30:00,PS01,1,1148.5,1.22
2026-06-03 15:35:00,PS01,1,1033.3,1.08
2026-06-03 15:40:00,PS01,0,0.0,1.13
2026-06-03 15:45:00,PS01,1,1061.4,1.09
2026-06-03 15:50:00,PS01,1,1042.0,1.11
2026-06-03 15:55:00,PS01,1,1114.6,1.14
2026-06-03 16:00:00,PS01,1,1101.6,1.21
2026-06-03 16:05:00,PS01,1,1101.8,1.16
2026-06-03 16:10:00,PS01,1,1088.4,1.09
2026-06-03 16:15:00,PS01,1,1076.2,1.13
2026-06-03 16:20:00,PS01,1,1025.2,1.19
2026-06-03 16:25:00,PS01,1,1126.8,1.12
2026-06-03 16:30:00,PS01,1,1183.9,1.15
2026-06-03 16:35:00,PS01,1,1108.3,1.16
2026-06-03 16:40:00,PS01,1,1072.9,1.13
2026-06-03 16:45:00,PS01,1,1075.5,1.1
2026-06-03 16:50:00,PS01,1,1067.0,1.16
2026-06-03 16:55:00,PS01,1,1098.9,1.26
2026-06-03 17:00:00,PS01,1,1029.7,1.13
2026-06-03 17:05:00,PS01,1,1062.6,1.12
2026-06-03 17:10:00,PS01,1,1189.7,1.19
2026-06-03 17:15:00,PS01,1,1101.9,1.27
2026-06-03 17:20:00,PS01,1,1028.4,1.11
2026-06-03 17:25:00,PS01,1,1022.1,1.1
2026-06-03 17:30:00,PS01,1,1196.3,1.19
2026-06-03 17:35:00,PS01,1,1160.6,1.19
2026-06-03 17:40:00,PS01,1,1067.6,1.1
2026-06-03 17:45:00,PS01,1,1079.5,1.13
2026-06-03 17:50:00,PS01,1,1156.0,1.1
2026-06-03 17:55:00,PS01,1,1135.4,1.14
2026-06-03 18:00:00,PS01,1,1138.8,1.14
2026-06-03 18:05:00,PS01,1,1087.2,1.21
2026-06-03 18:10:00,PS01,1,1170.8,1.21
2026-06-03 18:15:00,PS01,1,1147.5,1.15
2026-06-03 18:20:00,PS01,1,1150.8,1.23
2026-06-03 18:25:00,PS01,1,1055.5,1.21
2026-06-03 18:30:00,PS01,1,1074.7,1.09
2026-06-03 18:35:00,PS01,1,1085.2,1.22
2026-06-03 18:40:00,PS01,1,1074.8,1.2
2026-06-03 18:45:00,PS01,1,1056.3,1.26
2026-06-03 18:50:00,PS01,1,1141.3,1.19
2026-06-03 18:55:00,PS01,1,1137.0,1.25
2026-06-03 19:00:00,PS01,1,1119.0,1.07
2026-06-03 19:05:00,PS01,1,1130.4,1.15
2026-06-03 19:10:00,PS01,1,1195.1,1.06
2026-06-03 19:15:00,PS01,1,1032.3,1.16
2026-06-03 19:20:00,PS01,1,1141.3,1.17
2026-06-03 19:25:00,PS01,1,1165.8,1.16
2026-06-03 19:30:00,PS01,1,1098.6,1.21
2026-06-03 19:35:00,PS01,1,1075.7,1.28
2026-06-03 19:40:00,PS01,1,1118.7,1.15
2026-06-03 19:45:00,PS01,1,1157.2,1.22
2026-06-03 19:50:00,PS01,1,1175.8,1.21
2026-06-03 19:55:00,PS01,1,1139.2,1.18
2026-06-03 20:00:00,PS01,1,1135.9,1.21
2026-06-03 20:05:00,PS01,1,1181.2,1.15
2026-06-03 20:10:00,PS01,1,1115.9,1.22
2026-06-03 20:15:00,PS01,1,1085.0,1.1
2026-06-03 20:20:00,PS01,1,1053.9,1.17
2026-06-03 20:25:00,PS01,1,1044.1,1.15
2026-06-03 20:30:00,PS01,1,1086.9,1.29
2026-06-03 20:35:00,PS01,1,1025.1,1.11
2026-06-03 20:40:00,PS01,1,1134.9,1.19
2026-06-03 20:45:00,PS01,1,1177.5,1.23
2026-06-03 20:50:00,PS01,0,0.0,1.14
2026-06-03 20:55:00,PS01,1,1196.6,1.17
2026-06-03 21:00:00,PS01,1,1186.4,1.14
2026-06-03 21:05:00,PS01,1,1126.9,1.14
2026-06-03 21:10:00,PS01,1,1043.5,1.25
2026-06-03 21:15:00,PS01,1,1055.3,1.07
2026-06-03 21:20:00,PS01,1,1083.9,1.18
2026-06-03 21:25:00,PS01,1,1050.7,1.05
2026-06-03 21:30:00,PS01,1,1094.6,1.21
2026-06-03 21:35:00,PS01,1,1199.0,1.14
2026-06-03 21:40:00,PS01,1,1199.4,1.07
2026-06-03 21:45:00,PS01,1,1155.4,1.15
2026-06-03 21:50:00,PS01,1,1130.4,1.1
2026-06-03 21:55:00,PS01,1,1173.4,1.21
2026-06-03 22:00:00,PS01,1,1193.2,1.21
2026-06-03 22:05:00,PS01,0,0.0,1.09
2026-06-03 22:10:00,PS01,1,1137.2,1.18
2026-06-03 22:15:00,PS01,1,1107.6,1.12
2026-06-03 22:20:00,PS01,1,1087.5,1.13
2026-06-03 22:25:00,PS01,1,1098.8,1.25
2026-06-03 22:30:00,PS01,1,1048.9,1.13
2026-06-03 22:35:00,PS01,1,1067.3,1.22
2026-06-03 22:40:00,PS01,1,1157.7,1.24
2026-06-03 22:45:00,PS01,1,1135.2,1.13
2026-06-03 22:50:00,PS01,1,1076.8,1.16
2026-06-03 22:55:00,PS01,1,1112.5,1.13
2026-06-03 23:00:00,PS01,1,1087.1,1.14
2026-06-03 23:05:00,PS01,1,1063.0,1.19
2026-06-03 23:10:00,PS01,1,1039.1,1.14
2026-06-03 23:15:00,PS01,1,1115.6,1.17
2026-06-03 23:20:00,PS01,1,1133.2,1.11
2026-06-03 23:25:00,PS01,1,1020.3,1.09
2026-06-03 23:30:00,PS01,1,1026.9,1.12
2026-06-03 23:35:00,PS01,1,1053.6,1.15
2026-06-03 23:40:00,PS01,1,1155.0,1.21
2026-06-03 23:45:00,PS01,1,1152.1,1.12
2026-06-03 23:50:00,PS01,1,1095.2,1.16
2026-06-03 23:55:00,PS01,1,1199.7,1.09
2026-06-01 00:00:00,PS02,1,1081.9,1.19
2026-06-01 00:05:00,PS02,1,1112.7,1.02
2026-06-01 00:10:00,PS02,1,1105.2,1.09
2026-06-01 00:15:00,PS02,1,1139.6,1.16
2026-06-01 00:20:00,PS02,1,1067.1,1.13
2026-06-01 00:25:00,PS02,1,1138.0,1.09
2026-06-01 00:30:00,PS02,1,1097.8,1.15
2026-06-01 00:35:00,PS02,1,1152.5,1.17
2026-06-01 00:40:00,PS02,1,1120.1,1.09
2026-06-01 00:45:00,PS02,1,1161.2,1.1
2026-06-01 00:50:00,PS02,1,1179.2,1.04
2026-06-01 00:55:00,PS02,1,1095.3,1.12
2026-06-01 01:00:00,PS02,1,1055.2,1.12
2026-06-01 01:05:00,PS02,1,1033.1,1.07
2026-06-01 01:10:00,PS02,1,1082.6,1.1
2026-06-01 01:15:00,PS02,1,1123.8,1.12
2026-06-01 01:20:00,PS02,1,1146.6,1.16
2026-06-01 01:25:00,PS02,1,1135.8,1.1
2026-06-01 01:30:00,PS02,1,1052.7,1.06
2026-06-01 01:35:00,PS02,1,1108.0,1.18
2026-06-01 01:40:00,PS02,1,1158.5,1.15
2026-06-01 01:45:00,PS02,0,0.0,1.04
2026-06-01 01:50:00,PS02,1,1127.6,1.15
2026-06-01 01:55:00,PS02,1,1044.0,1.08
2026-06-01 02:00:00,PS02,1,1099.5,1.16
2026-06-01 02:05:00,PS02,1,1020.0,1.09
2026-06-01 02:10:00,PS02,1,1143.2,1.01
2026-06-01 02:15:00,PS02,1,1088.3,1.08
2026-06-01 02:20:00,PS02,1,1055.4,1.06
2026-06-01 02:25:00,PS02,1,1060.9,1.07
2026-06-01 02:30:00,PS02,1,1021.2,0.99
2026-06-01 02:35:00,PS02,1,1171.3,1.1
2026-06-01 02:40:00,PS02,1,1020.8,1.0
2026-06-01 02:45:00,PS02,0,0.0,1.09
2026-06-01 02:50:00,PS02,1,1134.3,0.98
2026-06-01 02:55:00,PS02,1,1167.2,1.04
2026-06-01 03:00:00,PS02,1,1192.0,1.13
2026-06-01 03:05:00,PS02,1,1070.5,1.13
2026-06-01 03:10:00,PS02,1,1020.2,1.06
2026-06-01 03:15:00,PS02,1,1153.3,1.13
2026-06-01 03:20:00,PS02,1,1111.5,1.01
2026-06-01 03:25:00,PS02,1,1095.1,1.15
2026-06-01 03:30:00,PS02,1,1147.2,1.16
2026-06-01 03:35:00,PS02,1,1198.8,1.09
2026-06-01 03:40:00,PS02,1,1060.7,1.08
2026-06-01 03:45:00,PS02,1,1133.0,0.99
2026-06-01 03:50:00,PS02,1,1127.3,1.11
2026-06-01 03:55:00,PS02,0,0.0,1.14
2026-06-01 04:00:00,PS02,0,0.0,1.13
2026-06-01 04:05:00,PS02,1,1195.4,1.12
2026-06-01 04:10:00,PS02,1,1065.6,1.05
2026-06-01 04:15:00,PS02,1,1177.1,1.12
2026-06-01 04:20:00,PS02,1,1138.8,1.07
2026-06-01 04:25:00,PS02,1,1183.3,1.19
2026-06-01 04:30:00,PS02,1,1163.3,1.15
2026-06-01 04:35:00,PS02,1,1138.7,1.14
2026-06-01 04:40:00,PS02,1,1028.4,1.13
2026-06-01 04:45:00,PS02,1,1128.9,1.09
2026-06-01 04:50:00,PS02,1,1060.0,1.09
2026-06-01 04:55:00,PS02,1,1081.0,1.23
2026-06-01 05:00:00,PS02,1,1091.5,1.09
2026-06-01 05:05:00,PS02,1,1177.3,1.14
2026-06-01 05:10:00,PS02,1,1188.6,1.14
2026-06-01 05:15:00,PS02,1,1158.9,1.15
2026-06-01 05:20:00,PS02,1,1047.3,1.15
2026-06-01 05:25:00,PS02,1,1091.1,1.24
2026-06-01 05:30:00,PS02,1,1020.9,1.16
2026-06-01 05:35:00,PS02,1,1174.3,1.18
2026-06-01 05:40:00,PS02,1,1044.8,1.14
2026-06-01 05:45:00,PS02,1,1136.7,1.15
2026-06-01 05:50:00,PS02,1,1115.6,1.18
2026-06-01 05:55:00,PS02,1,1065.6,1.23
2026-06-01 06:00:00,PS02,1,1124.4,1.23
2026-06-01 06:05:00,PS02,1,1074.6,1.01
2026-06-01 06:10:00,PS02,1,1076.5,1.08
2026-06-01 06:15:00,PS02,1,1043.8,1.27
2026-06-01 06:20:00,PS02,1,1118.7,1.14
2026-06-01 06:25:00,PS02,1,1181.5,1.16
2026-06-01 06:30:00,PS02,1,1082.3,1.14
2026-06-01 06:35:00,PS02,1,1123.8,1.11
2026-06-01 06:40:00,PS02,1,1087.7,1.14
2026-06-01 06:45:00,PS02,0,0.0,1.15
2026-06-01 06:50:00,PS02,1,1108.5,1.15
2026-06-01 06:55:00,PS02,1,1065.6,1.14
2026-06-01 07:00:00,PS02,1,1144.4,1.24
2026-06-01 07:05:00,PS02,1,1184.3,1.19
2026-06-01 07:10:00,PS02,0,0.0,1.2
2026-06-01 07:15:00,PS02,1,1141.6,1.19
2026-06-01 07:20:00,PS02,1,1064.1,1.17
2026-06-01 07:25:00,PS02,1,1113.0,1.16
2026-06-01 07:30:00,PS02,1,1126.9,1.12
2026-06-01 07:35:00,PS02,1,1170.9,1.24
2026-06-01 07:40:00,PS02,1,1144.1,1.19
2026-06-01 07:45:00,PS02,1,1072.7,1.27
2026-06-01 07:50:00,PS02,1,1160.4,1.22
2026-06-01 07:55:00,PS02,1,1172.7,1.28
2026-06-01 08:00:00,PS02,1,1118.8,1.19
2026-06-01 08:05:00,PS02,1,1122.5,1.16
2026-06-01 08:10:00,PS02,1,1142.3,1.3
2026-06-01 08:15:00,PS02,1,1104.0,1.27
2026-06-01 08:20:00,PS02,1,1123.6,1.11
2026-06-01 08:25:00,PS02,1,1144.6,1.23
2026-06-01 08:30:00,PS02,1,1069.0,1.24
2026-06-01 08:35:00,PS02,1,1035.0,1.2
2026-06-01 08:40:00,PS02,1,1076.3,1.14
2026-06-01 08:45:00,PS02,1,1091.6,1.2
2026-06-01 08:50:00,PS02,1,1180.7,1.22
2026-06-01 08:55:00,PS02,1,1183.3,1.17
2026-06-01 09:00:00,PS02,1,1131.2,1.24
2026-06-01 09:05:00,PS02,1,1037.3,1.13
2026-06-01 09:10:00,PS02,1,1045.0,1.21
2026-06-01 09:15:00,PS02,1,1020.4,1.3
2026-06-01 09:20:00,PS02,1,1100.3,1.23
2026-06-01 09:25:00,PS02,1,1141.2,1.28
2026-06-01 09:30:00,PS02,1,1189.1,1.18
2026-06-01 09:35:00,PS02,1,1060.4,1.21
2026-06-01 09:40:00,PS02,1,1044.6,1.17
2026-06-01 09:45:00,PS02,1,1068.4,1.17
2026-06-01 09:50:00,PS02,1,1117.8,1.22
2026-06-01 09:55:00,PS02,1,1026.7,1.15
2026-06-01 10:00:00,PS02,1,1169.3,1.24
2026-06-01 10:05:00,PS02,1,1131.1,1.21
2026-06-01 10:10:00,PS02,1,1157.9,1.13
2026-06-01 10:15:00,PS02,1,1191.5,1.24
2026-06-01 10:20:00,PS02,1,1150.9,1.28
2026-06-01 10:25:00,PS02,1,1165.8,1.23
2026-06-01 10:30:00,PS02,1,1137.8,1.09
2026-06-01 10:35:00,PS02,1,1069.6,1.3
2026-06-01 10:40:00,PS02,1,1058.0,1.07
2026-06-01 10:45:00,PS02,1,1196.2,1.1
2026-06-01 10:50:00,PS02,1,1094.2,1.09
2026-06-01 10:55:00,PS02,1,1111.2,1.16
2026-06-01 11:00:00,PS02,1,1057.0,1.08
2026-06-01 11:05:00,PS02,1,1041.1,1.06
2026-06-01 11:10:00,PS02,1,1100.7,1.15
2026-06-01 11:15:00,PS02,1,1134.2,1.13
2026-06-01 11:20:00,PS02,1,1177.2,1.15
2026-06-01 11:25:00,PS02,1,1079.2,1.19
2026-06-01 11:30:00,PS02,1,1092.4,1.25
2026-06-01 11:35:00,PS02,1,1176.7,1.16
2026-06-01 11:40:00,PS02,1,1147.5,1.19
2026-06-01 11:45:00,PS02,1,1071.0,1.14
2026-06-01 11:50:00,PS02,1,1184.9,1.22
2026-06-01 11:55:00,PS02,1,1028.6,1.24
2026-06-01 12:00:00,PS02,1,1135.9,1.13
2026-06-01 12:05:00,PS02,1,1195.0,1.09
2026-06-01 12:10:00,PS02,1,1030.6,1.12
2026-06-01 12:15:00,PS02,1,1119.5,1.14
2026-06-01 12:20:00,PS02,1,1086.3,1.15
2026-06-01 12:25:00,PS02,1,1094.1,1.15
2026-06-01 12:30:00,PS02,1,1062.9,1.15
2026-06-01 12:35:00,PS02,1,1183.1,1.1
2026-06-01 12:40:00,PS02,1,1048.7,1.14
2026-06-01 12:45:00,PS02,1,1034.8,1.17
2026-06-01 12:50:00,PS02,1,1038.0,1.23
2026-06-01 12:55:00,PS02,0,0.0,1.13
2026-06-01 13:00:00,PS02,1,1122.5,1.16
2026-06-01 13:05:00,PS02,1,1065.7,1.14
2026-06-01 13:10:00,PS02,1,1182.1,1.13
2026-06-01 13:15:00,PS02,1,1159.8,1.14
2026-06-01 13:20:00,PS02,1,1129.8,1.06
2026-06-01 13:25:00,PS02,1,1068.6,1.17
2026-06-01 13:30:00,PS02,1,1193.1,1.18
2026-06-01 13:35:00,PS02,0,0.0,1.13
2026-06-01 13:40:00,PS02,1,1187.6,1.18
2026-06-01 13:45:00,PS02,1,1078.6,1.07
2026-06-01 13:50:00,PS02,0,0.0,1.23
2026-06-01 13:55:00,PS02,1,1146.6,1.11
2026-06-01 14:00:00,PS02,1,1116.4,1.14
2026-06-01 14:05:00,PS02,1,1080.1,1.2
2026-06-01 14:10:00,PS02,1,1066.2,1.08
2026-06-01 14:15:00,PS02,1,1098.3,1.13
2026-06-01 14:20:00,PS02,1,1183.6,1.12
2026-06-01 14:25:00,PS02,1,1076.9,1.19
2026-06-01 14:30:00,PS02,1,1130.5,1.11
2026-06-01 14:35:00,PS02,1,1034.6,1.19
2026-06-01 14:40:00,PS02,1,1051.1,1.17
2026-06-01 14:45:00,PS02,1,1022.6,1.09
2026-06-01 14:50:00,PS02,1,1184.4,1.19
2026-06-01 14:55:00,PS02,1,1131.2,1.25
2026-06-01 15:00:00,PS02,1,1153.7,1.12
2026-06-01 15:05:00,PS02,1,1149.8,1.13
2026-06-01 15:10:00,PS02,1,1023.6,1.08
2026-06-01 15:15:00,PS02,1,1104.6,1.16
2026-06-01 15:20:00,PS02,1,1181.2,1.21
2026-06-01 15:25:00,PS02,1,1152.0,1.12
2026-06-01 15:30:00,PS02,1,1146.9,1.11
2026-06-01 15:35:00,PS02,1,1131.7,1.23
2026-06-01 15:40:00,PS02,1,1072.6,1.12
2026-06-01 15:45:00,PS02,1,1085.3,1.13
2026-06-01 15:50:00,PS02,1,1020.2,1.15
2026-06-01 15:55:00,PS02,1,1141.8,1.08
2026-06-01 16:00:00,PS02,1,1066.8,1.12
2026-06-01 16:05:00,PS02,1,1085.2,1.26
2026-06-01 16:10:00,PS02,1,1035.1,1.2
2026-06-01 16:15:00,PS02,1,1177.6,1.19
2026-06-01 16:20:00,PS02,1,1051.2,1.19
2026-06-01 16:25:00,PS02,1,1100.1,1.2
2026-06-01 16:30:00,PS02,1,1085.0,1.15
2026-06-01 16:35:00,PS02,1,1056.7,1.17
2026-06-01 16:40:00,PS02,1,1172.6,1.2
2026-06-01 16:45:00,PS02,1,1066.1,1.15
2026-06-01 16:50:00,PS02,1,1076.9,1.24
2026-06-01 16:55:00,PS02,1,1168.9,1.08
2026-06-01 17:00:00,PS02,1,1095.1,1.16
2026-06-01 17:05:00,PS02,1,1122.1,1.23
2026-06-01 17:10:00,PS02,1,1158.9,1.22
2026-06-01 17:15:00,PS02,1,1083.6,1.16
2026-06-01 17:20:00,PS02,1,1101.6,1.2
2026-06-01 17:25:00,PS02,1,1079.1,1.21
2026-06-01 17:30:00,PS02,1,1036.0,1.29
2026-06-01 17:35:00,PS02,1,1142.8,1.15
2026-06-01 17:40:00,PS02,1,1086.7,1.2
2026-06-01 17:45:00,PS02,1,1029.8,1.17
2026-06-01 17:50:00,PS02,1,1192.2,1.26
2026-06-01 17:55:00,PS02,1,1100.6,1.17
2026-06-01 18:00:00,PS02,1,1023.0,1.15
2026-06-01 18:05:00,PS02,1,1084.9,1.23
2026-06-01 18:10:00,PS02,1,1152.7,1.15
2026-06-01 18:15:00,PS02,1,1067.9,1.19
2026-06-01 18:20:00,PS02,1,1025.5,1.23
2026-06-01 18:25:00,PS02,1,1197.9,1.1
2026-06-01 18:30:00,PS02,1,1131.6,1.14
2026-06-01 18:35:00,PS02,1,1109.4,1.28
2026-06-01 18:40:00,PS02,1,1161.2,1.2
2026-06-01 18:45:00,PS02,1,1074.0,1.13
2026-06-01 18:50:00,PS02,1,1134.8,1.2
2026-06-01 18:55:00,PS02,1,1026.2,1.11
2026-06-01 19:00:00,PS02,1,1072.3,1.21
2026-06-01 19:05:00,PS02,1,1027.9,1.21
2026-06-01 19:10:00,PS02,1,1058.8,1.18
2026-06-01 19:15:00,PS02,1,1171.2,1.16
2026-06-01 19:20:00,PS02,1,1087.4,1.29
2026-06-01 19:25:00,PS02,1,1035.2,1.19
2026-06-01 19:30:00,PS02,1,1196.0,1.1
2026-06-01 19:35:00,PS02,1,1099.7,1.2
2026-06-01 19:40:00,PS02,1,1053.3,1.27
2026-06-01 19:45:00,PS02,1,1084.4,1.28
2026-06-01 19:50:00,PS02,1,1027.4,1.07
2026-06-01 19:55:00,PS02,1,1094.6,1.15
2026-06-01 20:00:00,PS02,1,1085.3,1.18
2026-06-01 20:05:00,PS02,1,1185.1,1.21
2026-06-01 20:10:00,PS02,1,1135.9,1.12
2026-06-01 20:15:00,PS02,1,1133.1,1.22
2026-06-01 20:20:00,PS02,1,1190.6,1.23
2026-06-01 20:25:00,PS02,1,1045.8,1.14
2026-06-01 20:30:00,PS02,1,1115.0,1.2
2026-06-01 20:35:00,PS02,1,1136.4,1.24
2026-06-01 20:40:00,PS02,1,1104.9,1.28
2026-06-01 20:45:00,PS02,1,1054.9,1.25
2026-06-01 20:50:00,PS02,1,1068.1,1.17
2026-06-01 20:55:00,PS02,1,1022.8,1.21
2026-06-01 21:00:00,PS02,1,1066.1,1.18
2026-06-01 21:05:00,PS02,1,1120.7,1.15
2026-06-01 21:10:00,PS02,1,1171.2,1.21
2026-06-01 21:15:00,PS02,1,1144.9,1.21
2026-06-01 21:20:00,PS02,1,1190.1,1.19
2026-06-01 21:25:00,PS02,1,1198.9,1.24
2026-06-01 21:30:00,PS02,1,1069.1,1.17
2026-06-01 21:35:00,PS02,1,1137.2,1.17
2026-06-01 21:40:00,PS02,1,1153.3,1.19
2026-06-01 21:45:00,PS02,1,1029.3,1.19
2026-06-01 21:50:00,PS02,1,1111.6,1.14
2026-06-01 21:55:00,PS02,1,1159.2,1.28
2026-06-01 22:00:00,PS02,1,1104.4,1.2
2026-06-01 22:05:00,PS02,1,1094.8,1.17
2026-06-01 22:10:00,PS02,1,1118.8,1.19
2026-06-01 22:15:00,PS02,1,1039.4,1.17
2026-06-01 22:20:00,PS02,1,1033.4,1.24
2026-06-01 22:25:00,PS02,1,1021.9,1.22
2026-06-01 22:30:00,PS02,1,1094.3,1.2
2026-06-01 22:35:00,PS02,1,1102.9,1.28
2026-06-01 22:40:00,PS02,1,1190.3,1.2
2026-06-01 22:45:00,PS02,1,1183.9,1.12
2026-06-01 22:50:00,PS02,1,1088.5,1.21
2026-06-01 22:55:00,PS02,1,1194.5,1.19
2026-06-01 23:00:00,PS02,1,1048.5,1.24
2026-06-01 23:05:00,PS02,1,1062.7,1.2
2026-06-01 23:10:00,PS02,1,1113.4,1.16
2026-06-01 23:15:00,PS02,1,1087.2,1.21
2026-06-01 23:20:00,PS02,0,0.0,1.08
2026-06-01 23:25:00,PS02,1,1021.0,1.19
2026-06-01 23:30:00,PS02,1,1141.6,1.18
2026-06-01 23:35:00,PS02,1,1069.5,1.08
2026-06-01 23:40:00,PS02,1,1075.4,1.15
2026-06-01 23:45:00,PS02,1,1184.2,1.11
2026-06-01 23:50:00,PS02,1,1179.6,1.12
2026-06-01 23:55:00,PS02,1,1093.2,1.19
2026-06-02 00:00:00,PS02,1,1087.8,1.09
2026-06-02 00:05:00,PS02,1,1162.2,1.13
2026-06-02 00:10:00,PS02,1,1151.4,1.09
2026-06-02 00:15:00,PS02,1,1044.8,1.14
2026-06-02 00:20:00,PS02,1,1091.9,1.16
2026-06-02 00:25:00,PS02,1,1109.7,1.07
2026-06-02 00:30:00,PS02,1,1105.1,1.12
2026-06-02 00:35:00,PS02,1,1038.5,1.13
2026-06-02 00:40:00,PS02,1,1133.5,1.13
2026-06-02 00:45:00,PS02,1,1134.6,1.17
2026-06-02 00:50:00,PS02,1,1161.2,1.08
2026-06-02 00:55:00,PS02,1,1128.9,1.11
2026-06-02 01:00:00,PS02,1,1028.0,1.19
2026-06-02 01:05:00,PS02,1,1064.0,1.16
2026-06-02 01:10:00,PS02,1,1116.4,1.08
2026-06-02 01:15:00,PS02,1,1094.8,1.11
2026-06-02 01:20:00,PS02,1,1130.0,1.14
2026-06-02 01:25:00,PS02,1,1032.8,1.16
2026-06-02 01:30:00,PS02,1,1075.4,1.13
2026-06-02 01:35:00,PS02,1,1059.1,1.14
2026-06-02 01:40:00,PS02,1,1125.2,1.14
2026-06-02 01:45:00,PS02,1,1042.2,1.12
2026-06-02 01:50:00,PS02,1,1081.1,1.03
2026-06-02 01:55:00,PS02,1,1172.9,1.08
2026-06-02 02:00:00,PS02,1,1147.2,1.16
2026-06-02 02:05:00,PS02,1,1100.0,1.15
2026-06-02 02:10:00,PS02,1,1110.4,1.1
2026-06-02 02:15:00,PS02,1,1022.7,1.1
2026-06-02 02:20:00,PS02,1,1166.5,1.07
2026-06-02 02:25:00,PS02,1,1077.0,1.06
2026-06-02 02:30:00,PS02,1,1064.7,1.15
2026-06-02 02:35:00,PS02,1,1077.6,1.09
2026-06-02 02:40:00,PS02,1,1055.9,1.12
2026-06-02 02:45:00,PS02,1,1167.1,1.22
2026-06-02 02:50:00,PS02,1,1030.4,1.1
2026-06-02 02:55:00,PS02,1,1105.4,1.06
2026-06-02 03:00:00,PS02,1,1138.2,1.14
2026-06-02 03:05:00,PS02,1,1029.1,1.15
2026-06-02 03:10:00,PS02,1,1114.5,1.01
2026-06-02 03:15:00,PS02,1,1092.9,1.17
2026-06-02 03:20:00,PS02,1,1150.6,1.05
2026-06-02 03:25:00,PS02,1,1179.3,1.18
2026-06-02 03:30:00,PS02,0,0.0,1.17
2026-06-02 03:35:00,PS02,1,1068.3,1.11
2026-06-02 03:40:00,PS02,1,1136.7,1.07
2026-06-02 03:45:00,PS02,1,1192.1,1.16
2026-06-02 03:50:00,PS02,1,1191.4,1.13
2026-06-02 03:55:00,PS02,1,1199.3,1.07
2026-06-02 04:00:00,PS02,0,0.0,1.14
2026-06-02 04:05:00,PS02,1,1041.2,1.06
2026-06-02 04:10:00,PS02,1,1165.8,1.13
2026-06-02 04:15:00,PS02,1,1049.7,1.13
2026-06-02 04:20:00,PS02,1,1111.8,1.14
2026-06-02 04:25:00,PS02,1,1123.0,1.18
2026-06-02 04:30:00,PS02,1,1132.7,1.1
2026-06-02 04:35:00,PS02,1,1042.5,1.09
2026-06-02 04:40:00,PS02,1,1157.1,1.13
2026-06-02 04:45:00,PS02,1,1032.6,1.17
2026-06-02 04:50:00,PS02,1,1192.4,1.12
2026-06-02 04:55:00,PS02,1,1112.9,1.05
2026-06-02 05:00:00,PS02,1,1078.6,1.12
2026-06-02 05:05:00,PS02,1,1055.6,1.14
2026-06-02 05:10:00,PS02,1,1186.3,1.1
2026-06-02 05:15:00,PS02,1,1148.6,1.03
2026-06-02 05:20:00,PS02,1,1120.1,1.16
2026-06-02 05:25:00,PS02,1,1150.1,1.08
2026-06-02 05:30:00,PS02,1,1175.6,1.2
2026-06-02 05:35:00,PS02,1,1104.9,1.26
2026-06-02 05:40:00,PS02,1,1193.2,1.11
2026-06-02 05:45:00,PS02,1,1061.3,1.18
2026-06-02 05:50:00,PS02,1,1160.9,1.17
2026-06-02 05:55:00,PS02,1,1134.4,1.08
2026-06-02 06:00:00,PS02,1,1200.0,1.04
2026-06-02 06:05:00,PS02,1,1173.6,1.1
2026-06-02 06:10:00,PS02,1,1197.8,1.15
2026-06-02 06:15:00,PS02,1,1144.9,1.3
2026-06-02 06:20:00,PS02,1,1123.5,1.2
2026-06-02 06:25:00,PS02,1,1100.3,1.12
2026-06-02 06:30:00,PS02,1,1097.3,1.13
2026-06-02 06:35:00,PS02,1,1149.0,1.14
2026-06-02 06:40:00,PS02,1,1047.4,1.09
2026-06-02 06:45:00,PS02,1,1068.5,1.15
2026-06-02 06:50:00,PS02,1,1098.4,1.21
2026-06-02 06:55:00,PS02,1,1172.5,1.17
2026-06-02 07:00:00,PS02,1,1023.3,1.17
2026-06-02 07:05:00,PS02,1,1050.8,1.23
2026-06-02 07:10:00,PS02,1,1174.2,1.13
2026-06-02 07:15:00,PS02,1,1111.8,1.22
2026-06-02 07:20:00,PS02,1,1092.7,1.12
2026-06-02 07:25:00,PS02,1,1026.7,1.24
2026-06-02 07:30:00,PS02,1,1125.0,1.2
2026-06-02 07:35:00,PS02,0,0.0,1.21
2026-06-02 07:40:00,PS02,1,1043.2,1.2
2026-06-02 07:45:00,PS02,1,1138.7,1.22
2026-06-02 07:50:00,PS02,1,1191.7,1.16
2026-06-02 07:55:00,PS02,1,1118.8,1.26
2026-06-02 08:00:00,PS02,1,1060.4,1.19
2026-06-02 08:05:00,PS02,1,1158.7,1.22
2026-06-02 08:10:00,PS02,1,1046.9,1.24
2026-06-02 08:15:00,PS02,1,1055.9,1.16
2026-06-02 08:20:00,PS02,1,1153.8,1.23
2026-06-02 08:25:00,PS02,1,1176.5,1.17
2026-06-02 08:30:00,PS02,1,1075.8,1.12
2026-06-02 08:35:00,PS02,1,1119.5,1.21
2026-06-02 08:40:00,PS02,1,1121.3,1.31
2026-06-02 08:45:00,PS02,1,1153.2,1.17
2026-06-02 08:50:00,PS02,1,1050.2,1.23
2026-06-02 08:55:00,PS02,1,1034.5,1.25
2026-06-02 09:00:00,PS02,1,1151.8,1.16
2026-06-02 09:05:00,PS02,1,1190.8,1.17
2026-06-02 09:10:00,PS02,1,1192.1,1.26
2026-06-02 09:15:00,PS02,1,1168.1,1.23
2026-06-02 09:20:00,PS02,1,1186.0,1.22
2026-06-02 09:25:00,PS02,1,1063.0,1.12
2026-06-02 09:30:00,PS02,1,1025.0,1.17
2026-06-02 09:35:00,PS02,1,1052.6,1.23
2026-06-02 09:40:00,PS02,1,1129.2,1.05
2026-06-02 09:45:00,PS02,1,1114.9,1.23
2026-06-02 09:50:00,PS02,1,1193.7,1.25
2026-06-02 09:55:00,PS02,1,1038.5,1.28
2026-06-02 10:00:00,PS02,1,1058.8,1.25
2026-06-02 10:05:00,PS02,1,1023.0,1.21
2026-06-02 10:10:00,PS02,1,1064.4,1.23
2026-06-02 10:15:00,PS02,1,1092.4,1.16
2026-06-02 10:20:00,PS02,1,1086.5,1.16
2026-06-02 10:25:00,PS02,1,1028.6,1.21
2026-06-02 10:30:00,PS02,1,1124.2,1.15
2026-06-02 10:35:00,PS02,1,1069.9,1.16
2026-06-02 10:40:00,PS02,1,1030.3,1.29
2026-06-02 10:45:00,PS02,1,1091.9,1.15
2026-06-02 10:50:00,PS02,1,1187.1,1.18
2026-06-02 10:55:00,PS02,1,1184.7,1.1
2026-06-02 11:00:00,PS02,1,1056.8,1.14
2026-06-02 11:05:00,PS02,1,1053.1,1.14
2026-06-02 11:10:00,PS02,1,1138.4,1.16
2026-06-02 11:15:00,PS02,1,1180.5,1.13
2026-06-02 11:20:00,PS02,1,1116.6,1.15
2026-06-02 11:25:00,PS02,1,1125.9,1.15
2026-06-02 11:30:00,PS02,1,1128.5,1.16
2026-06-02 11:35:00,PS02,1,1137.9,1.08
2026-06-02 11:40:00,PS02,1,1183.5,1.08
2026-06-02 11:45:00,PS02,1,1136.6,1.21
2026-06-02 11:50:00,PS02,1,1042.4,1.13
2026-06-02 11:55:00,PS02,1,1185.6,1.17
2026-06-02 12:00:00,PS02,1,1093.8,1.19
2026-06-02 12:05:00,PS02,1,1021.4,1.16
2026-06-02 12:10:00,PS02,1,1128.2,1.1
2026-06-02 12:15:00,PS02,1,1177.7,1.06
2026-06-02 12:20:00,PS02,1,1135.5,1.14
2026-06-02 12:25:00,PS02,1,1024.2,1.16
2026-06-02 12:30:00,PS02,1,1114.9,1.24
2026-06-02 12:35:00,PS02,1,1157.7,1.26
2026-06-02 12:40:00,PS02,0,0.0,1.18
2026-06-02 12:45:00,PS02,1,1060.7,1.15
2026-06-02 12:50:00,PS02,1,1191.1,1.15
2026-06-02 12:55:00,PS02,1,1030.2,1.16
2026-06-02 13:00:00,PS02,1,1028.5,1.13
2026-06-02 13:05:00,PS02,1,1134.8,1.23
2026-06-02 13:10:00,PS02,1,1076.6,1.13
2026-06-02 13:15:00,PS02,1,1184.7,1.18
2026-06-02 13:20:00,PS02,1,1165.8,1.17
2026-06-02 13:25:00,PS02,0,0.0,1.04
2026-06-02 13:30:00,PS02,1,1105.2,1.1
2026-06-02 13:35:00,PS02,1,1166.4,1.17
2026-06-02 13:40:00,PS02,1,1156.6,1.21
2026-06-02 13:45:00,PS02,1,1133.7,1.16
2026-06-02 13:50:00,PS02,1,1142.8,1.19
2026-06-02 13:55:00,PS02,1,1181.6,1.09
2026-06-02 14:00:00,PS02,1,1035.9,1.16
2026-06-02 14:05:00,PS02,1,1056.6,1.1
2026-06-02 14:10:00,PS02,1,1077.4,1.2
2026-06-02 14:15:00,PS02,1,1086.3,1.16
2026-06-02 14:20:00,PS02,1,1042.8,1.25
2026-06-02 14:25:00,PS02,1,1137.1,1.16
2026-06-02 14:30:00,PS02,1,1094.5,1.07
2026-06-02 14:35:00,PS02,1,1063.8,1.17
2026-06-02 14:40:00,PS02,1,1174.4,1.14
2026-06-02 14:45:00,PS02,1,1116.3,1.21
2026-06-02 14:50:00,PS02,1,1077.4,1.13
2026-06-02 14:55:00,PS02,1,1168.9,1.22
2026-06-02 15:00:00,PS02,1,1105.2,1.08
2026-06-02 15:05:00,PS02,1,1095.4,1.23
2026-06-02 15:10:00,PS02,1,1149.6,1.09
2026-06-02 15:15:00,PS02,1,1188.5,1.13
2026-06-02 15:20:00,PS02,1,1149.0,1.2
2026-06-02 15:25:00,PS02,1,1184.6,1.27
2026-06-02 15:30:00,PS02,1,1199.0,1.16
2026-06-02 15:35:00,PS02,1,1170.8,1.09
2026-06-02 15:40:00,PS02,1,1147.5,1.05
2026-06-02 15:45:00,PS02,1,1107.8,1.21
2026-06-02 15:50:00,PS02,1,1088.8,1.25
2026-06-02 15:55:00,PS02,1,1144.3,1.21
2026-06-02 16:00:00,PS02,1,1104.2,1.18
2026-06-02 16:05:00,PS02,1,1111.0,1.13
2026-06-02 16:10:00,PS02,1,1163.1,1.19
2026-06-02 16:15:00,PS02,1,1166.0,1.18
2026-06-02 16:20:00,PS02,1,1060.1,1.26
2026-06-02 16:25:00,PS02,1,1129.8,1.19
2026-06-02 16:30:00,PS02,1,1194.8,1.21
2026-06-02 16:35:00,PS02,1,1180.8,1.17
2026-06-02 16:40:00,PS02,1,1026.4,1.12
2026-06-02 16:45:00,PS02,1,1172.9,1.17
2026-06-02 16:50:00,PS02,1,1177.7,1.05
2026-06-02 16:55:00,PS02,1,1068.9,1.18
2026-06-02 17:00:00,PS02,0,0.0,1.18
2026-06-02 17:05:00,PS02,1,1097.1,1.16
2026-06-02 17:10:00,PS02,1,1154.8,1.2
2026-06-02 17:15:00,PS02,1,1027.5,1.22
2026-06-02 17:20:00,PS02,1,1049.4,1.18
2026-06-02 17:25:00,PS02,1,1093.9,1.17
2026-06-02 17:30:00,PS02,1,1037.7,1.16
2026-06-02 17:35:00,PS02,1,1126.1,1.17
2026-06-02 17:40:00,PS02,1,1066.6,1.28
2026-06-02 17:45:00,PS02,1,1071.2,1.14
2026-06-02 17:50:00,PS02,1,1140.6,1.15
2026-06-02 17:55:00,PS02,1,1110.2,1.24
2026-06-02 18:00:00,PS02,1,1059.1,1.16
2026-06-02 18:05:00,PS02,1,1058.0,1.23
2026-06-02 18:10:00,PS02,1,1079.6,1.14
2026-06-02 18:15:00,PS02,1,1077.1,1.18
2026-06-02 18:20:00,PS02,1,1186.5,1.24
2026-06-02 18:25:00,PS02,1,1154.5,1.13
2026-06-02 18:30:00,PS02,1,1068.4,1.23
2026-06-02 18:35:00,PS02,1,1190.7,1.24
2026-06-02 18:40:00,PS02,1,1184.9,1.18
2026-06-02 18:45:00,PS02,1,1174.1,1.25
2026-06-02 18:50:00,PS02,1,1151.7,1.19
2026-06-02 18:55:00,PS02,1,1158.5,1.19
2026-06-02 19:00:00,PS02,1,1105.3,1.24
2026-06-02 19:05:00,PS02,1,1072.8,1.26
2026-06-02 19:10:00,PS02,1,1114.3,1.07
2026-06-02 19:15:00,PS02,1,1157.1,1.1
2026-06-02 19:20:00,PS02,1,1088.5,1.13
2026-06-02 19:25:00,PS02,1,1079.0,1.22
2026-06-02 19:30:00,PS02,1,1047.0,1.2
2026-06-02 19:35:00,PS02,1,1157.6,1.11
2026-06-02 19:40:00,PS02,1,1139.4,1.29
2026-06-02 19:45:00,PS02,1,1117.8,1.22
2026-06-02 19:50:00,PS02,1,1075.4,1.19
2026-06-02 19:55:00,PS02,1,1119.8,1.22
2026-06-02 20:00:00,PS02,1,1029.7,1.19
2026-06-02 20:05:00,PS02,1,1047.3,1.24
2026-06-02 20:10:00,PS02,1,1073.3,1.27
2026-06-02 20:15:00,PS02,1,1037.7,1.28
2026-06-02 20:20:00,PS02,1,1025.3,1.23
2026-06-02 20:25:00,PS02,1,1060.7,1.2
2026-06-02 20:30:00,PS02,1,1178.7,1.24
2026-06-02 20:35:00,PS02,1,1021.1,1.28
2026-06-02 20:40:00,PS02,1,1164.1,1.19
2026-06-02 20:45:00,PS02,1,1122.6,1.26
2026-06-02 20:50:00,PS02,1,1028.8,1.17
2026-06-02 20:55:00,PS02,1,1095.3,1.15
2026-06-02 21:00:00,PS02,1,1134.0,1.2
2026-06-02 21:05:00,PS02,1,1034.6,1.14
2026-06-02 21:10:00,PS02,1,1039.4,1.09
2026-06-02 21:15:00,PS02,1,1039.4,1.18
2026-06-02 21:20:00,PS02,1,1155.8,1.31
2026-06-02 21:25:00,PS02,1,1035.5,1.1
2026-06-02 21:30:00,PS02,1,1132.6,1.23
2026-06-02 21:35:00,PS02,1,1074.0,1.16
2026-06-02 21:40:00,PS02,1,1127.6,1.15
2026-06-02 21:45:00,PS02,1,1024.4,1.14
2026-06-02 21:50:00,PS02,1,1114.6,1.18
2026-06-02 21:55:00,PS02,1,1167.8,1.17
2026-06-02 22:00:00,PS02,1,1160.2,1.21
2026-06-02 22:05:00,PS02,1,1115.8,1.28
2026-06-02 22:10:00,PS02,1,1058.2,1.18
2026-06-02 22:15:00,PS02,1,1157.2,1.15
2026-06-02 22:20:00,PS02,1,1117.8,1.2
2026-06-02 22:25:00,PS02,1,1072.2,1.14
2026-06-02 22:30:00,PS02,1,1187.1,1.15
2026-06-02 22:35:00,PS02,0,0.0,1.13
2026-06-02 22:40:00,PS02,1,1182.8,1.22
2026-06-02 22:45:00,PS02,1,1097.5,1.22
2026-06-02 22:50:00,PS02,1,1101.6,1.16
2026-06-02 22:55:00,PS02,1,1084.5,1.08
2026-06-02 23:00:00,PS02,1,1088.3,1.12
2026-06-02 23:05:00,PS02,1,1081.5,1.16
2026-06-02 23:10:00,PS02,1,1156.4,1.23
2026-06-02 23:15:00,PS02,1,1070.4,1.01
2026-06-02 23:20:00,PS02,1,1060.2,1.17
2026-06-02 23:25:00,PS02,1,1177.8,1.2
2026-06-02 23:30:00,PS02,1,1196.1,1.18
2026-06-02 23:35:00,PS02,1,1112.8,1.18
2026-06-02 23:40:00,PS02,1,1049.3,1.2
2026-06-02 23:45:00,PS02,1,1037.9,1.14
2026-06-02 23:50:00,PS02,1,1130.4,1.18
2026-06-02 23:55:00,PS02,1,1160.5,1.05
2026-06-03 00:00:00,PS02,1,1148.6,1.12
2026-06-03 00:05:00,PS02,1,1181.2,1.16
2026-06-03 00:10:00,PS02,1,1094.7,1.11
2026-06-03 00:15:00,PS02,1,1189.0,1.09
2026-06-03 00:20:00,PS02,1,1142.9,1.11
2026-06-03 00:25:00,PS02,1,1154.5,1.17
2026-06-03 00:30:00,PS02,0,0.0,1.13
2026-06-03 00:35:00,PS02,1,1034.7,1.13
2026-06-03 00:40:00,PS02,1,1177.7,1.15
2026-06-03 00:45:00,PS02,1,1067.7,1.14
2026-06-03 00:50:00,PS02,1,1037.7,1.2
2026-06-03 00:55:00,PS02,1,1183.3,1.19
2026-06-03 01:00:00,PS02,1,1069.5,1.15
2026-06-03 01:05:00,PS02,1,1198.0,1.12
2026-06-03 01:10:00,PS02,1,1174.5,1.19
2026-06-03 01:15:00,PS02,1,1139.1,1.2
2026-06-03 01:20:00,PS02,1,1180.0,1.05
2026-06-03 01:25:00,PS02,1,1166.7,1.11
2026-06-03 01:30:00,PS02,1,1138.1,1.1
2026-06-03 01:35:00,PS02,1,1125.2,1.07
2026-06-03 01:40:00,PS02,1,1153.0,1.09
2026-06-03 01:45:00,PS02,1,1054.1,1.09
2026-06-03 01:50:00,PS02,1,1138.9,1.16
2026-06-03 01:55:00,PS02,1,1030.4,1.03
2026-06-03 02:00:00,PS02,1,1177.2,1.12
2026-06-03 02:05:00,PS02,1,1146.7,1.07
2026-06-03 02:10:00,PS02,1,1042.3,1.16
2026-06-03 02:15:00,PS02,1,1193.4,1.11
2026-06-03 02:20:00,PS02,1,1192.8,1.15
2026-06-03 02:25:00,PS02,1,1121.9,1.11
2026-06-03 02:30:00,PS02,1,1021.2,1.02
2026-06-03 02:35:00,PS02,1,1175.9,1.07
2026-06-03 02:40:00,PS02,1,1182.0,1.19
2026-06-03 02:45:00,PS02,1,1045.0,1.13
2026-06-03 02:50:00,PS02,1,1106.5,1.2
2026-06-03 02:55:00,PS02,1,1187.7,1.17
2026-06-03 03:00:00,PS02,0,0.0,1.07
2026-06-03 03:05:00,PS02,1,1191.8,1.03
2026-06-03 03:10:00,PS02,1,1148.1,1.16
2026-06-03 03:15:00,PS02,1,1065.8,1.15
2026-06-03 03:20:00,PS02,1,1148.1,1.1
2026-06-03 03:25:00,PS02,1,1097.7,1.03
2026-06-03 03:30:00,PS02,1,1146.9,1.08
2026-06-03 03:35:00,PS02,0,0.0,1.12
2026-06-03 03:40:00,PS02,1,1173.5,1.14
2026-06-03 03:45:00,PS02,1,1130.3,1.06
2026-06-03 03:50:00,PS02,1,1088.2,1.16
2026-06-03 03:55:00,PS02,1,1068.1,1.15
2026-06-03 04:00:00,PS02,1,1150.6,1.14
2026-06-03 04:05:00,PS02,1,1178.0,1.14
2026-06-03 04:10:00,PS02,1,1189.4,1.0
2026-06-03 04:15:00,PS02,1,1182.2,1.13
2026-06-03 04:20:00,PS02,1,1024.9,1.09
2026-06-03 04:25:00,PS02,1,1129.5,1.15
2026-06-03 04:30:00,PS02,1,1149.3,1.04
2026-06-03 04:35:00,PS02,1,1059.2,1.03
2026-06-03 04:40:00,PS02,0,0.0,1.16
2026-06-03 04:45:00,PS02,1,1150.1,1.09
2026-06-03 04:50:00,PS02,1,1188.2,1.03
2026-06-03 04:55:00,PS02,1,1055.3,1.08
2026-06-03 05:00:00,PS02,1,1154.3,1.13
2026-06-03 05:05:00,PS02,1,1096.6,1.2
2026-06-03 05:10:00,PS02,1,1076.0,1.15
2026-06-03 05:15:00,PS02,1,1073.0,1.11
2026-06-03 05:20:00,PS02,1,1168.2,1.13
2026-06-03 05:25:00,PS02,0,0.0,1.19
2026-06-03 05:30:00,PS02,1,1154.7,1.18
2026-06-03 05:35:00,PS02,1,1066.9,1.19
2026-06-03 05:40:00,PS02,1,1076.9,1.24
2026-06-03 05:45:00,PS02,1,1148.2,1.16
2026-06-03 05:50:00,PS02,1,1108.2,1.2
2026-06-03 05:55:00,PS02,1,1030.4,1.05
2026-06-03 06:00:00,PS02,1,1162.4,1.17
2026-06-03 06:05:00,PS02,1,1101.9,1.11
2026-06-03 06:10:00,PS02,1,1090.8,1.13
2026-06-03 06:15:00,PS02,1,1119.7,1.16
2026-06-03 06:20:00,PS02,1,1141.2,1.17
2026-06-03 06:25:00,PS02,1,1190.5,1.15
2026-06-03 06:30:00,PS02,1,1031.6,1.16
2026-06-03 06:35:00,PS02,1,1141.4,1.21
2026-06-03 06:40:00,PS02,1,1047.8,1.18
2026-06-03 06:45:00,PS02,1,1020.7,1.18
2026-06-03 06:50:00,PS02,1,1169.0,1.18
2026-06-03 06:55:00,PS02,1,1191.5,1.17
2026-06-03 07:00:00,PS02,1,1075.2,1.25
2026-06-03 07:05:00,PS02,1,1102.9,1.19
2026-06-03 07:10:00,PS02,1,1125.9,1.3
2026-06-03 07:15:00,PS02,1,1128.6,1.21
2026-06-03 07:20:00,PS02,1,1170.1,1.24
2026-06-03 07:25:00,PS02,1,1081.9,1.18
2026-06-03 07:30:00,PS02,1,1129.5,1.24
2026-06-03 07:35:00,PS02,1,1035.7,1.25
2026-06-03 07:40:00,PS02,1,1168.0,1.21
2026-06-03 07:45:00,PS02,1,1139.5,1.18
2026-06-03 07:50:00,PS02,1,1128.0,1.27
2026-06-03 07:55:00,PS02,1,1030.3,1.29
2026-06-03 08:00:00,PS02,1,1029.0,1.13
2026-06-03 08:05:00,PS02,1,1035.2,1.18
2026-06-03 08:10:00,PS02,1,1061.7,1.2
2026-06-03 08:15:00,PS02,1,1097.0,1.19
2026-06-03 08:20:00,PS02,1,1098.7,1.2
2026-06-03 08:25:00,PS02,1,1048.2,1.16
2026-06-03 08:30:00,PS02,1,1099.9,1.25
2026-06-03 08:35:00,PS02,1,1112.9,1.2
2026-06-03 08:40:00,PS02,1,1038.0,1.22
2026-06-03 08:45:00,PS02,1,1042.4,1.19
2026-06-03 08:50:00,PS02,0,0.0,1.17
2026-06-03 08:55:00,PS02,1,1199.5,1.18
2026-06-03 09:00:00,PS02,1,1053.5,1.29
2026-06-03 09:05:00,PS02,1,1103.5,1.16
2026-06-03 09:10:00,PS02,1,1053.8,1.19
2026-06-03 09:15:00,PS02,1,1030.7,1.11
2026-06-03 09:20:00,PS02,1,1052.4,1.23
2026-06-03 09:25:00,PS02,1,1084.8,1.25
2026-06-03 09:30:00,PS02,1,1118.7,1.12
2026-06-03 09:35:00,PS02,1,1114.3,1.16
2026-06-03 09:40:00,PS02,1,1101.1,1.16
2026-06-03 09:45:00,PS02,1,1084.7,1.18
2026-06-03 09:50:00,PS02,1,1088.9,1.23
2026-06-03 09:55:00,PS02,1,1020.4,1.19
2026-06-03 10:00:00,PS02,1,1060.2,1.19
2026-06-03 10:05:00,PS02,1,1051.3,1.13
2026-06-03 10:10:00,PS02,1,1124.9,1.18
2026-06-03 10:15:00,PS02,1,1100.4,1.23
2026-06-03 10:20:00,PS02,1,1059.4,1.18
2026-06-03 10:25:00,PS02,1,1043.7,1.08
2026-06-03 10:30:00,PS02,1,1141.7,1.25
2026-06-03 10:35:00,PS02,1,1182.0,1.26
2026-06-03 10:40:00,PS02,1,1066.0,1.21
2026-06-03 10:45:00,PS02,1,1130.6,1.23
2026-06-03 10:50:00,PS02,1,1049.0,1.2
2026-06-03 10:55:00,PS02,1,1063.5,1.2
2026-06-03 11:00:00,PS02,1,1053.0,1.16
2026-06-03 11:05:00,PS02,1,1117.6,1.22
2026-06-03 11:10:00,PS02,1,1027.6,1.06
2026-06-03 11:15:00,PS02,1,1103.7,1.16
2026-06-03 11:20:00,PS02,1,1182.2,1.22
2026-06-03 11:25:00,PS02,1,1045.2,1.24
2026-06-03 11:30:00,PS02,1,1126.3,1.19
2026-06-03 11:35:00,PS02,1,1027.5,1.23
2026-06-03 11:40:00,PS02,1,1119.1,1.16
2026-06-03 11:45:00,PS02,1,1162.7,1.19
2026-06-03 11:50:00,PS02,1,1055.1,1.21
2026-06-03 11:55:00,PS02,1,1088.9,1.05
2026-06-03 12:00:00,PS02,1,1095.0,1.2
2026-06-03 12:05:00,PS02,1,1175.2,1.17
2026-06-03 12:10:00,PS02,1,1027.6,1.17
2026-06-03 12:15:00,PS02,1,1077.1,1.21
2026-06-03 12:20:00,PS02,1,1037.5,1.13
2026-06-03 12:25:00,PS02,1,1138.6,1.16
2026-06-03 12:30:00,PS02,0,0.0,1.17
2026-06-03 12:35:00,PS02,1,1116.0,1.18
2026-06-03 12:40:00,PS02,1,1051.5,1.06
2026-06-03 12:45:00,PS02,1,1086.7,1.2
2026-06-03 12:50:00,PS02,1,1177.4,1.19
2026-06-03 12:55:00,PS02,1,1131.3,1.1
2026-06-03 13:00:00,PS02,1,1175.1,1.12
2026-06-03 13:05:00,PS02,1,1133.5,1.2
2026-06-03 13:10:00,PS02,1,1123.3,1.11
2026-06-03 13:15:00,PS02,1,1181.7,1.23
2026-06-03 13:20:00,PS02,1,1110.2,1.11
2026-06-03 13:25:00,PS02,1,1149.2,1.2
2026-06-03 13:30:00,PS02,1,1041.4,1.11
2026-06-03 13:35:00,PS02,1,1053.3,1.2
2026-06-03 13:40:00,PS02,1,1101.9,1.17
2026-06-03 13:45:00,PS02,1,1081.8,1.17
2026-06-03 13:50:00,PS02,1,1062.0,1.1
2026-06-03 13:55:00,PS02,1,1079.4,1.15
2026-06-03 14:00:00,PS02,1,1143.0,1.13
2026-06-03 14:05:00,PS02,1,1135.6,1.12
2026-06-03 14:10:00,PS02,1,1041.0,1.22
2026-06-03 14:15:00,PS02,1,1197.3,1.3
2026-06-03 14:20:00,PS02,1,1145.9,1.12
2026-06-03 14:25:00,PS02,1,1060.2,1.17
2026-06-03 14:30:00,PS02,1,1035.7,1.2
2026-06-03 14:35:00,PS02,1,1180.0,1.12
2026-06-03 14:40:00,PS02,1,1085.3,1.11
2026-06-03 14:45:00,PS02,1,1061.4,1.15
2026-06-03 14:50:00,PS02,1,1070.7,1.17
2026-06-03 14:55:00,PS02,1,1068.3,1.03
2026-06-03 15:00:00,PS02,1,1159.6,1.17
2026-06-03 15:05:00,PS02,0,0.0,1.2
2026-06-03 15:10:00,PS02,1,1082.5,1.19
2026-06-03 15:15:00,PS02,1,1079.5,1.14
2026-06-03 15:20:00,PS02,1,1192.2,1.09
2026-06-03 15:25:00,PS02,1,1135.9,1.19
2026-06-03 15:30:00,PS02,1,1150.3,1.12
2026-06-03 15:35:00,PS02,1,1073.6,1.15
2026-06-03 15:40:00,PS02,1,1198.2,1.16
2026-06-03 15:45:00,PS02,1,1154.4,1.2
2026-06-03 15:50:00,PS02,1,1063.3,1.22
2026-06-03 15:55:00,PS02,1,1186.0,1.18
2026-06-03 16:00:00,PS02,1,1089.9,1.17
2026-06-03 16:05:00,PS02,1,1032.2,1.21
2026-06-03 16:10:00,PS02,1,1087.5,1.12
2026-06-03 16:15:00,PS02,1,1165.8,1.12
2026-06-03 16:20:00,PS02,1,1097.9,1.25
2026-06-03 16:25:00,PS02,0,0.0,1.25
2026-06-03 16:30:00,PS02,1,1106.9,1.08
2026-06-03 16:35:00,PS02,1,1191.9,1.15
2026-06-03 16:40:00,PS02,1,1027.9,1.22
2026-06-03 16:45:00,PS02,1,1069.5,1.2
2026-06-03 16:50:00,PS02,1,1160.1,1.17
2026-06-03 16:55:00,PS02,1,1030.8,1.12
2026-06-03 17:00:00,PS02,1,1082.3,1.16
2026-06-03 17:05:00,PS02,1,1176.2,1.13
2026-06-03 17:10:00,PS02,1,1037.9,1.25
2026-06-03 17:15:00,PS02,1,1049.7,1.14
2026-06-03 17:20:00,PS02,1,1078.7,1.19
2026-06-03 17:25:00,PS02,1,1149.7,1.19
2026-06-03 17:30:00,PS02,1,1086.2,1.18
2026-06-03 17:35:00,PS02,1,1169.1,1.18
2026-06-03 17:40:00,PS02,1,1020.8,1.13
2026-06-03 17:45:00,PS02,1,1031.6,1.16
2026-06-03 17:50:00,PS02,1,1171.4,1.17
2026-06-03 17:55:00,PS02,1,1089.0,1.16
2026-06-03 18:00:00,PS02,1,1110.6,1.26
2026-06-03 18:05:00,PS02,1,1183.1,1.28
2026-06-03 18:10:00,PS02,1,1044.1,1.24
2026-06-03 18:15:00,PS02,1,1133.0,1.26
2026-06-03 18:20:00,PS02,1,1154.3,1.16
2026-06-03 18:25:00,PS02,1,1103.0,1.17
2026-06-03 18:30:00,PS02,1,1064.8,1.15
2026-06-03 18:35:00,PS02,1,1023.5,1.2
2026-06-03 18:40:00,PS02,1,1123.0,1.15
2026-06-03 18:45:00,PS02,1,1053.6,1.15
2026-06-03 18:50:00,PS02,1,1063.8,1.06
2026-06-03 18:55:00,PS02,1,1080.5,1.22
2026-06-03 19:00:00,PS02,1,1125.4,1.26
2026-06-03 19:05:00,PS02,1,1179.4,1.25
2026-06-03 19:10:00,PS02,1,1153.9,1.24
2026-06-03 19:15:00,PS02,1,1119.9,1.25
2026-06-03 19:20:00,PS02,1,1038.3,1.18
2026-06-03 19:25:00,PS02,1,1052.8,1.12
2026-06-03 19:30:00,PS02,1,1068.3,1.15
2026-06-03 19:35:00,PS02,1,1127.0,1.18
2026-06-03 19:40:00,PS02,1,1142.2,1.09
2026-06-03 19:45:00,PS02,1,1072.1,1.22
2026-06-03 19:50:00,PS02,1,1120.8,1.2
2026-06-03 19:55:00,PS02,1,1152.6,1.23
2026-06-03 20:00:00,PS02,1,1123.7,1.24
2026-06-03 20:05:00,PS02,1,1194.8,1.1
2026-06-03 20:10:00,PS02,1,1055.8,1.15
2026-06-03 20:15:00,PS02,1,1139.8,1.13
2026-06-03 20:20:00,PS02,1,1028.8,1.17
2026-06-03 20:25:00,PS02,1,1032.0,1.16
2026-06-03 20:30:00,PS02,1,1020.6,1.08
2026-06-03 20:35:00,PS02,1,1077.1,1.23
2026-06-03 20:40:00,PS02,1,1025.3,1.26
2026-06-03 20:45:00,PS02,1,1175.8,1.16
2026-06-03 20:50:00,PS02,1,1110.7,1.15
2026-06-03 20:55:00,PS02,1,1148.0,1.23
2026-06-03 21:00:00,PS02,1,1145.5,1.19
2026-06-03 21:05:00,PS02,1,1180.4,1.21
2026-06-03 21:10:00,PS02,1,1038.5,1.13
2026-06-03 21:15:00,PS02,1,1027.8,1.21
2026-06-03 21:20:00,PS02,1,1148.3,1.2
2026-06-03 21:25:00,PS02,1,1167.9,1.16
2026-06-03 21:30:00,PS02,1,1022.1,1.18
2026-06-03 21:35:00,PS02,1,1117.4,1.07
2026-06-03 21:40:00,PS02,1,1091.8,1.17
2026-06-03 21:45:00,PS02,1,1184.0,1.19
2026-06-03 21:50:00,PS02,1,1145.6,1.15
2026-06-03 21:55:00,PS02,1,1196.6,1.13
2026-06-03 22:00:00,PS02,1,1083.3,1.25
2026-06-03 22:05:00,PS02,1,1045.4,1.25
2026-06-03 22:10:00,PS02,1,1154.2,1.17
2026-06-03 22:15:00,PS02,1,1155.1,1.2
2026-06-03 22:20:00,PS02,1,1095.7,1.09
2026-06-03 22:25:00,PS02,1,1054.3,1.11
2026-06-03 22:30:00,PS02,1,1034.0,1.16
2026-06-03 22:35:00,PS02,1,1135.3,1.12
2026-06-03 22:40:00,PS02,1,1055.8,1.22
2026-06-03 22:45:00,PS02,1,1033.5,1.13
2026-06-03 22:50:00,PS02,1,1134.7,1.11
2026-06-03 22:55:00,PS02,1,1132.3,1.27
2026-06-03 23:00:00,PS02,1,1115.5,1.27
2026-06-03 23:05:00,PS02,1,1156.1,1.21
2026-06-03 23:10:00,PS02,1,1084.3,1.07
2026-06-03 23:15:00,PS02,1,1113.1,1.25
2026-06-03 23:20:00,PS02,1,1191.7,1.24
2026-06-03 23:25:00,PS02,1,1068.5,1.08
2026-06-03 23:30:00,PS02,1,1042.6,1.03
2026-06-03 23:35:00,PS02,1,1089.1,1.12
2026-06-03 23:40:00,PS02,1,1110.6,1.16
2026-06-03 23:45:00,PS02,1,1164.9,1.21
2026-06-03 23:50:00,PS02,1,1107.7,1.04
2026-06-03 23:55:00,PS02,1,1138.5,1.23
2026-06-01 00:00:00,PS03,1,780.3,1.46
2026-06-01 00:05:00,PS03,1,812.9,1.39
2026-06-01 00:10:00,PS03,1,882.3,1.39
2026-06-01 00:15:00,PS03,1,773.4,1.4
2026-06-01 00:20:00,PS03,1,795.7,1.4
2026-06-01 00:25:00,PS03,1,873.8,1.41
2026-06-01 00:30:00,PS03,1,813.2,1.41
2026-06-01 00:35:00,PS03,1,810.8,1.42
2026-06-01 00:40:00,PS03,1,818.8,1.34
2026-06-01 00:45:00,PS03,1,895.6,1.46
2026-06-01 00:50:00,PS03,1,772.8,1.43
2026-06-01 00:55:00,PS03,1,814.6,1.38
2026-06-01 01:00:00,PS03,1,813.8,1.37
2026-06-01 01:05:00,PS03,1,897.2,1.37
2026-06-01 01:10:00,PS03,1,803.9,1.38
2026-06-01 01:15:00,PS03,2,1784.9,1.42
2026-06-01 01:20:00,PS03,1,819.5,1.39
2026-06-01 01:25:00,PS03,1,826.6,1.39
2026-06-01 01:30:00,PS03,1,856.4,1.38
2026-06-01 01:35:00,PS03,1,829.8,1.34
2026-06-01 01:40:00,PS03,1,794.3,1.27
2026-06-01 01:45:00,PS03,1,878.3,1.43
2026-06-01 01:50:00,PS03,1,803.1,1.39
2026-06-01 01:55:00,PS03,1,880.7,1.41
2026-06-01 02:00:00,PS03,1,895.7,1.32
2026-06-01 02:05:00,PS03,1,837.1,1.37
2026-06-01 02:10:00,PS03,1,788.5,1.31
2026-06-01 02:15:00,PS03,1,786.9,1.37
2026-06-01 02:20:00,PS03,1,880.0,1.44
2026-06-01 02:25:00,PS03,1,803.3,1.4
2026-06-01 02:30:00,PS03,1,831.7,1.34
2026-06-01 02:35:00,PS03,1,870.8,1.37
2026-06-01 02:40:00,PS03,1,772.5,1.36
2026-06-01 02:45:00,PS03,1,823.5,1.35
2026-06-01 02:50:00,PS03,1,855.5,1.36
2026-06-01 02:55:00,PS03,1,842.6,1.31
2026-06-01 03:00:00,PS03,1,819.9,1.29
2026-06-01 03:05:00,PS03,1,812.6,1.38
2026-06-01 03:10:00,PS03,1,775.7,1.31
2026-06-01 03:15:00,PS03,1,846.7,1.3
2026-06-01 03:20:00,PS03,1,772.8,1.34
2026-06-01 03:25:00,PS03,1,835.4,1.45
2026-06-01 03:30:00,PS03,1,783.1,1.38
2026-06-01 03:35:00,PS03,1,770.4,1.35
2026-06-01 03:40:00,PS03,1,830.8,1.33
2026-06-01 03:45:00,PS03,1,806.3,1.39
2026-06-01 03:50:00,PS03,1,830.9,1.41
2026-06-01 03:55:00,PS03,1,787.1,1.34
2026-06-01 04:00:00,PS03,2,1791.0,1.41
2026-06-01 04:05:00,PS03,1,766.9,1.33
2026-06-01 04:10:00,PS03,1,783.3,1.35
2026-06-01 04:15:00,PS03,1,861.0,1.5
2026-06-01 04:20:00,PS03,1,890.6,1.35
2026-06-01 04:25:00,PS03,1,771.2,1.43
2026-06-01 04:30:00,PS03,1,768.0,1.47
2026-06-01 04:35:00,PS03,1,840.4,1.56
2026-06-01 04:40:00,PS03,1,824.5,1.56
2026-06-01 04:45:00,PS03,1,792.6,1.49
2026-06-01 04:50:00,PS03,1,782.9,1.46
2026-06-01 04:55:00,PS03,1,880.2,1.45
2026-06-01 05:00:00,PS03,1,781.7,1.48
2026-06-01 05:05:00,PS03,1,858.9,1.6
2026-06-01 05:10:00,PS03,1,876.6,1.53
2026-06-01 05:15:00,PS03,1,768.0,1.54
2026-06-01 05:20:00,PS03,1,865.5,1.54
2026-06-01 05:25:00,PS03,1,857.2,1.61
2026-06-01 05:30:00,PS03,1,838.3,1.52
2026-06-01 05:35:00,PS03,2,1551.4,1.54
2026-06-01 05:40:00,PS03,1,887.6,1.55
2026-06-01 05:45:00,PS03,1,887.6,1.56
2026-06-01 05:50:00,PS03,1,811.1,1.58
2026-06-01 05:55:00,PS03,1,810.4,1.6
2026-06-01 06:00:00,PS03,1,838.9,1.64
2026-06-01 06:05:00,PS03,1,883.2,1.65
2026-06-01 06:10:00,PS03,1,890.9,1.56
2026-06-01 06:15:00,PS03,2,1597.3,1.66
2026-06-01 06:20:00,PS03,1,840.1,1.57
2026-06-01 06:25:00,PS03,2,1628.4,1.62
2026-06-01 06:30:00,PS03,1,794.4,1.56
2026-06-01 06:35:00,PS03,1,765.4,1.65
2026-06-01 06:40:00,PS03,1,804.6,1.74
2026-06-01 06:45:00,PS03,2,1618.6,1.71
2026-06-01 06:50:00,PS03,1,853.4,1.64
2026-06-01 06:55:00,PS03,1,851.9,1.69
2026-06-01 07:00:00,PS03,1,897.1,1.6
2026-06-01 07:05:00,PS03,2,1709.0,1.68
2026-06-01 07:10:00,PS03,2,1571.3,1.78
2026-06-01 07:15:00,PS03,1,844.6,1.73
2026-06-01 07:20:00,PS03,1,787.3,1.71
2026-06-01 07:25:00,PS03,1,785.8,1.71
2026-06-01 07:30:00,PS03,1,890.2,1.72
2026-06-01 07:35:00,PS03,2,1578.2,1.68
2026-06-01 07:40:00,PS03,1,829.4,1.67
2026-06-01 07:45:00,PS03,2,1775.0,1.7
2026-06-01 07:50:00,PS03,2,1693.9,1.61
2026-06-01 07:55:00,PS03,2,1654.1,1.76
2026-06-01 08:00:00,PS03,1,810.2,1.71
2026-06-01 08:05:00,PS03,2,1564.0,1.73
2026-06-01 08:10:00,PS03,1,880.9,1.7
2026-06-01 08:15:00,PS03,2,1746.8,1.7
2026-06-01 08:20:00,PS03,2,1778.0,1.72
2026-06-01 08:25:00,PS03,1,869.6,1.7
2026-06-01 08:30:00,PS03,2,1662.3,1.79
2026-06-01 08:35:00,PS03,1,791.2,1.71
2026-06-01 08:40:00,PS03,1,883.9,1.72
2026-06-01 08:45:00,PS03,1,792.6,1.69
2026-06-01 08:50:00,PS03,2,1656.4,1.58
2026-06-01 08:55:00,PS03,2,1707.8,1.55
2026-06-01 09:00:00,PS03,1,879.6,1.64
2026-06-01 09:05:00,PS03,2,1757.8,1.67
2026-06-01 09:10:00,PS03,2,1628.4,1.67
2026-06-01 09:15:00,PS03,2,1562.9,1.62
2026-06-01 09:20:00,PS03,2,1662.2,1.6
2026-06-01 09:25:00,PS03,1,882.8,1.58
2026-06-01 09:30:00,PS03,2,1608.1,1.63
2026-06-01 09:35:00,PS03,1,837.6,1.62
2026-06-01 09:40:00,PS03,1,786.3,1.66
2026-06-01 09:45:00,PS03,2,1730.7,1.71
2026-06-01 09:50:00,PS03,2,1693.9,1.63
2026-06-01 09:55:00,PS03,2,1729.7,1.57
2026-06-01 10:00:00,PS03,2,1608.3,1.63
2026-06-01 10:05:00,PS03,2,1712.6,1.69
2026-06-01 10:10:00,PS03,1,788.1,1.52
2026-06-01 10:15:00,PS03,1,821.6,1.7
2026-06-01 10:20:00,PS03,1,878.6,1.63
2026-06-01 10:25:00,PS03,1,834.0,1.7
2026-06-01 10:30:00,PS03,1,886.4,1.62
2026-06-01 10:35:00,PS03,2,1750.6,1.59
2026-06-01 10:40:00,PS03,2,1672.4,1.65
2026-06-01 10:45:00,PS03,1,810.9,1.53
2026-06-01 10:50:00,PS03,2,1731.8,1.64
2026-06-01 10:55:00,PS03,2,1732.7,1.56
2026-06-01 11:00:00,PS03,1,835.1,1.6
2026-06-01 11:05:00,PS03,1,783.5,1.64
2026-06-01 11:10:00,PS03,2,1616.4,1.59
2026-06-01 11:15:00,PS03,2,1659.3,1.58
2026-06-01 11:20:00,PS03,1,892.4,1.6
2026-06-01 11:25:00,PS03,1,869.5,1.53
2026-06-01 11:30:00,PS03,1,869.9,1.49
2026-06-01 11:35:00,PS03,1,792.6,1.51
2026-06-01 11:40:00,PS03,1,785.9,1.53
2026-06-01 11:45:00,PS03,1,896.2,1.56
2026-06-01 11:50:00,PS03,1,803.8,1.53
2026-06-01 11:55:00,PS03,1,853.5,1.53
2026-06-01 12:00:00,PS03,1,866.7,1.59
2026-06-01 12:05:00,PS03,1,835.6,1.55
2026-06-01 12:10:00,PS03,1,775.0,1.59
2026-06-01 12:15:00,PS03,2,1620.7,1.57
2026-06-01 12:20:00,PS03,1,890.8,1.45
2026-06-01 12:25:00,PS03,2,1680.6,1.66
2026-06-01 12:30:00,PS03,1,893.4,1.55
2026-06-01 12:35:00,PS03,1,786.8,1.53
2026-06-01 12:40:00,PS03,1,774.2,1.57
2026-06-01 12:45:00,PS03,2,1708.1,1.53
2026-06-01 12:50:00,PS03,1,802.6,1.58
2026-06-01 12:55:00,PS03,1,842.2,1.54
2026-06-01 13:00:00,PS03,1,814.5,1.52
2026-06-01 13:05:00,PS03,2,1597.3,1.55
2026-06-01 13:10:00,PS03,1,776.9,1.56
2026-06-01 13:15:00,PS03,1,839.5,1.49
2026-06-01 13:20:00,PS03,1,772.3,1.52
2026-06-01 13:25:00,PS03,2,1723.9,1.48
2026-06-01 13:30:00,PS03,1,800.5,1.57
2026-06-01 13:35:00,PS03,1,784.1,1.53
2026-06-01 13:40:00,PS03,1,877.1,1.57
2026-06-01 13:45:00,PS03,1,886.7,1.61
2026-06-01 13:50:00,PS03,1,782.1,1.5
2026-06-01 13:55:00,PS03,1,893.4,1.53
2026-06-01 14:00:00,PS03,1,828.4,1.55
2026-06-01 14:05:00,PS03,1,781.1,1.48
2026-06-01 14:10:00,PS03,1,814.8,1.48
2026-06-01 14:15:00,PS03,1,839.2,1.6
2026-06-01 14:20:00,PS03,2,1600.9,1.51
2026-06-01 14:25:00,PS03,2,1740.8,1.51
2026-06-01 14:30:00,PS03,1,780.9,1.54
2026-06-01 14:35:00,PS03,1,884.4,1.58
2026-06-01 14:40:00,PS03,2,1642.7,1.53
2026-06-01 14:45:00,PS03,1,896.9,1.51
2026-06-01 14:50:00,PS03,1,825.5,1.55
2026-06-01 14:55:00,PS03,1,767.2,1.54
2026-06-01 15:00:00,PS03,1,817.7,1.58
2026-06-01 15:05:00,PS03,1,818.2,1.48
2026-06-01 15:10:00,PS03,2,1626.8,1.47
2026-06-01 15:15:00,PS03,2,1733.2,1.5
2026-06-01 15:20:00,PS03,1,844.0,1.58
2026-06-01 15:25:00,PS03,1,887.2,1.58
2026-06-01 15:30:00,PS03,1,849.4,1.56
2026-06-01 15:35:00,PS03,1,843.9,1.54
2026-06-01 15:40:00,PS03,1,801.7,1.5
2026-06-01 15:45:00,PS03,1,854.3,1.59
2026-06-01 15:50:00,PS03,2,1719.3,1.63
2026-06-01 15:55:00,PS03,1,771.0,1.55
2026-06-01 16:00:00,PS03,1,772.0,1.62
2026-06-01 16:05:00,PS03,1,793.3,1.52
2026-06-01 16:10:00,PS03,1,843.8,1.52
2026-06-01 16:15:00,PS03,1,850.8,1.58
2026-06-01 16:20:00,PS03,2,1626.2,1.58
2026-06-01 16:25:00,PS03,2,1596.0,1.58
2026-06-01 16:30:00,PS03,1,787.2,1.62
2026-06-01 16:35:00,PS03,1,805.7,1.58
2026-06-01 16:40:00,PS03,1,826.2,1.64
2026-06-01 16:45:00,PS03,1,846.0,1.6
2026-06-01 16:50:00,PS03,1,882.6,1.59
2026-06-01 16:55:00,PS03,2,1701.3,1.63
2026-06-01 17:00:00,PS03,1,838.7,1.52
2026-06-01 17:05:00,PS03,2,1623.4,1.54
2026-06-01 17:10:00,PS03,2,1646.4,1.64
2026-06-01 17:15:00,PS03,1,852.0,1.59
2026-06-01 17:20:00,PS03,1,851.0,1.59
2026-06-01 17:25:00,PS03,1,793.5,1.65
2026-06-01 17:30:00,PS03,1,874.3,1.63
2026-06-01 17:35:00,PS03,1,877.0,1.7
2026-06-01 17:40:00,PS03,1,897.5,1.64
2026-06-01 17:45:00,PS03,1,885.7,1.7
2026-06-01 17:50:00,PS03,1,778.7,1.6
2026-06-01 17:55:00,PS03,1,823.7,1.73
2026-06-01 18:00:00,PS03,1,772.8,1.67
2026-06-01 18:05:00,PS03,1,868.8,1.6
2026-06-01 18:10:00,PS03,2,1765.6,1.66
2026-06-01 18:15:00,PS03,2,1662.2,1.69
2026-06-01 18:20:00,PS03,2,1580.2,1.7
2026-06-01 18:25:00,PS03,2,1654.0,1.63
2026-06-01 18:30:00,PS03,1,782.7,1.76
2026-06-01 18:35:00,PS03,2,1554.4,1.66
2026-06-01 18:40:00,PS03,1,781.5,1.56
2026-06-01 18:45:00,PS03,2,1557.4,1.68
2026-06-01 18:50:00,PS03,2,1771.1,1.71
2026-06-01 18:55:00,PS03,2,1538.3,1.61
2026-06-01 19:00:00,PS03,2,1606.3,1.65
2026-06-01 19:05:00,PS03,1,792.8,1.7
2026-06-01 19:10:00,PS03,1,825.1,1.66
2026-06-01 19:15:00,PS03,2,1598.9,1.72
2026-06-01 19:20:00,PS03,2,1597.5,1.63
2026-06-01 19:25:00,PS03,1,885.5,1.64
2026-06-01 19:30:00,PS03,1,854.3,1.6
2026-06-01 19:35:00,PS03,2,1610.0,1.59
2026-06-01 19:40:00,PS03,2,1616.8,1.53
2026-06-01 19:45:00,PS03,1,814.9,1.78
2026-06-01 19:50:00,PS03,1,818.5,1.61
2026-06-01 19:55:00,PS03,1,790.4,1.68
2026-06-01 20:00:00,PS03,1,812.2,1.71
2026-06-01 20:05:00,PS03,1,883.0,1.61
2026-06-01 20:10:00,PS03,2,1724.3,1.65
2026-06-01 20:15:00,PS03,2,1540.4,1.66
2026-06-01 20:20:00,PS03,2,1748.6,1.76
2026-06-01 20:25:00,PS03,1,819.9,1.66
2026-06-01 20:30:00,PS03,1,862.8,1.61
2026-06-01 20:35:00,PS03,1,818.1,1.6
2026-06-01 20:40:00,PS03,2,1739.4,1.6
2026-06-01 20:45:00,PS03,2,1709.2,1.64
2026-06-01 20:50:00,PS03,1,855.8,1.6
2026-06-01 20:55:00,PS03,1,884.0,1.61
2026-06-01 21:00:00,PS03,2,1752.9,1.63
2026-06-01 21:05:00,PS03,1,831.5,1.69
2026-06-01 21:10:00,PS03,1,854.3,1.53
2026-06-01 21:15:00,PS03,1,816.1,1.69
2026-06-01 21:20:00,PS03,1,854.1,1.66
2026-06-01 21:25:00,PS03,2,1602.0,1.65
2026-06-01 21:30:00,PS03,2,1684.5,1.47
2026-06-01 21:35:00,PS03,2,1749.9,1.54
2026-06-01 21:40:00,PS03,1,833.2,1.51
2026-06-01 21:45:00,PS03,2,1714.2,1.68
2026-06-01 21:50:00,PS03,2,1607.7,1.53
2026-06-01 21:55:00,PS03,2,1751.3,1.57
2026-06-01 22:00:00,PS03,1,828.8,1.56
2026-06-01 22:05:00,PS03,1,818.6,1.69
2026-06-01 22:10:00,PS03,1,769.1,1.51
2026-06-01 22:15:00,PS03,1,778.4,1.55
2026-06-01 22:20:00,PS03,1,781.8,1.62
2026-06-01 22:25:00,PS03,1,830.6,1.61
2026-06-01 22:30:00,PS03,1,775.4,1.56
2026-06-01 22:35:00,PS03,1,848.8,1.56
2026-06-01 22:40:00,PS03,1,786.1,1.56
2026-06-01 22:45:00,PS03,1,849.0,1.42
2026-06-01 22:50:00,PS03,1,834.2,1.57
2026-06-01 22:55:00,PS03,1,803.4,1.5
2026-06-01 23:00:00,PS03,1,827.7,1.64
2026-06-01 23:05:00,PS03,1,827.2,1.62
2026-06-01 23:10:00,PS03,1,782.8,1.54
2026-06-01 23:15:00,PS03,1,827.6,1.6
2026-06-01 23:20:00,PS03,1,851.6,1.61
2026-06-01 23:25:00,PS03,1,858.7,1.49
2026-06-01 23:30:00,PS03,1,885.5,1.51
2026-06-01 23:35:00,PS03,1,862.6,1.49
2026-06-01 23:40:00,PS03,1,837.1,1.52
2026-06-01 23:45:00,PS03,1,805.4,1.37
2026-06-01 23:50:00,PS03,1,828.0,1.48
2026-06-01 23:55:00,PS03,1,896.7,1.43
2026-06-02 00:00:00,PS03,1,892.6,1.49
2026-06-02 00:05:00,PS03,2,1729.1,1.49
2026-06-02 00:10:00,PS03,1,769.5,1.45
2026-06-02 00:15:00,PS03,1,773.7,1.41
2026-06-02 00:20:00,PS03,1,896.6,1.4
2026-06-02 00:25:00,PS03,1,874.4,1.55
2026-06-02 00:30:00,PS03,1,830.9,1.32
2026-06-02 00:35:00,PS03,1,819.0,1.57
2026-06-02 00:40:00,PS03,1,789.7,1.52
2026-06-02 00:45:00,PS03,1,835.1,1.43
2026-06-02 00:50:00,PS03,1,852.8,1.46
2026-06-02 00:55:00,PS03,1,782.4,1.39
2026-06-02 01:00:00,PS03,1,828.9,1.36
2026-06-02 01:05:00,PS03,1,813.1,1.38
2026-06-02 01:10:00,PS03,1,884.9,1.35
2026-06-02 01:15:00,PS03,1,861.0,1.43
2026-06-02 01:20:00,PS03,1,886.9,1.35
2026-06-02 01:25:00,PS03,1,813.2,1.4
2026-06-02 01:30:00,PS03,1,786.9,1.37
2026-06-02 01:35:00,PS03,1,877.1,1.48
2026-06-02 01:40:00,PS03,1,822.2,1.44
2026-06-02 01:45:00,PS03,1,842.4,1.34
2026-06-02 01:50:00,PS03,1,862.4,1.44
2026-06-02 01:55:00,PS03,1,849.0,1.37
2026-06-02 02:00:00,PS03,1,873.4,1.39
2026-06-02 02:05:00,PS03,1,788.8,1.42
2026-06-02 02:10:00,PS03,1,776.8,1.28
2026-06-02 02:15:00,PS03,1,810.5,1.39
2026-06-02 02:20:00,PS03,1,836.1,1.34
2026-06-02 02:25:00,PS03,1,867.0,1.45
2026-06-02 02:30:00,PS03,1,871.7,1.27
2026-06-02 02:35:00,PS03,1,841.7,1.37
2026-06-02 02:40:00,PS03,1,869.4,1.28
2026-06-02 02:45:00,PS03,1,842.3,1.46
2026-06-02 02:50:00,PS03,1,797.9,1.38
2026-06-02 02:55:00,PS03,1,866.0,1.31
2026-06-02 03:00:00,PS03,1,845.5,1.43
2026-06-02 03:05:00,PS03,1,841.6,1.45
2026-06-02 03:10:00,PS03,1,874.2,1.4
2026-06-02 03:15:00,PS03,1,770.2,1.35
2026-06-02 03:20:00,PS03,1,796.3,1.3
2026-06-02 03:25:00,PS03,1,857.6,1.3
2026-06-02 03:30:00,PS03,1,794.6,1.33
2026-06-02 03:35:00,PS03,1,791.0,1.44
2026-06-02 03:40:00,PS03,1,893.4,1.44
2026-06-02 03:45:00,PS03,1,890.8,1.31
2026-06-02 03:50:00,PS03,1,828.3,1.44
2026-06-02 03:55:00,PS03,1,778.9,1.39
2026-06-02 04:00:00,PS03,1,871.0,1.38
2026-06-02 04:05:00,PS03,1,870.8,1.41
2026-06-02 04:10:00,PS03,1,813.5,1.42
2026-06-02 04:15:00,PS03,1,867.2,1.32
2026-06-02 04:20:00,PS03,1,777.0,1.43
2026-06-02 04:25:00,PS03,1,826.4,1.37
2026-06-02 04:30:00,PS03,1,771.6,1.36
2026-06-02 04:35:00,PS03,1,884.0,1.44
2026-06-02 04:40:00,PS03,1,812.1,1.47
2026-06-02 04:45:00,PS03,1,787.9,1.42
2026-06-02 04:50:00,PS03,2,1569.3,1.49
2026-06-02 04:55:00,PS03,1,779.5,1.5
2026-06-02 05:00:00,PS03,1,779.7,1.53
2026-06-02 05:05:00,PS03,1,829.0,1.5
2026-06-02 05:10:00,PS03,2,1576.5,1.58
2026-06-02 05:15:00,PS03,1,868.0,1.56
2026-06-02 05:20:00,PS03,1,833.8,1.46
2026-06-02 05:25:00,PS03,1,882.7,1.61
2026-06-02 05:30:00,PS03,1,876.3,1.57
2026-06-02 05:35:00,PS03,2,1729.2,1.54
2026-06-02 05:40:00,PS03,1,788.1,1.52
2026-06-02 05:45:00,PS03,1,827.3,1.61
2026-06-02 05:50:00,PS03,1,888.8,1.52
2026-06-02 05:55:00,PS03,1,868.2,1.54
2026-06-02 06:00:00,PS03,1,838.5,1.58
2026-06-02 06:05:00,PS03,2,1678.0,1.64
2026-06-02 06:10:00,PS03,1,811.6,1.66
2026-06-02 06:15:00,PS03,2,1758.6,1.7
2026-06-02 06:20:00,PS03,1,886.5,1.62
2026-06-02 06:25:00,PS03,2,1714.6,1.63
2026-06-02 06:30:00,PS03,2,1799.8,1.61
2026-06-02 06:35:00,PS03,2,1741.3,1.61
2026-06-02 06:40:00,PS03,2,1752.2,1.63
2026-06-02 06:45:00,PS03,1,833.0,1.61
2026-06-02 06:50:00,PS03,1,828.5,1.75
2026-06-02 06:55:00,PS03,2,1628.9,1.65
2026-06-02 07:00:00,PS03,2,1662.0,1.65
2026-06-02 07:05:00,PS03,2,1691.5,1.72
2026-06-02 07:10:00,PS03,1,838.1,1.81
2026-06-02 07:15:00,PS03,2,1584.9,1.69
2026-06-02 07:20:00,PS03,1,824.4,1.66
2026-06-02 07:25:00,PS03,2,1664.2,1.66
2026-06-02 07:30:00,PS03,1,838.0,1.64
2026-06-02 07:35:00,PS03,2,1545.0,1.64
2026-06-02 07:40:00,PS03,2,1727.0,1.68
2026-06-02 07:45:00,PS03,1,895.7,1.7
2026-06-02 07:50:00,PS03,2,1580.9,1.74
2026-06-02 07:55:00,PS03,2,1764.1,1.65
2026-06-02 08:00:00,PS03,2,1585.3,1.71
2026-06-02 08:05:00,PS03,2,1544.3,1.77
2026-06-02 08:10:00,PS03,1,865.5,1.61
2026-06-02 08:15:00,PS03,2,1762.4,1.68
2026-06-02 08:20:00,PS03,2,1757.9,1.8
2026-06-02 08:25:00,PS03,1,776.9,1.72
2026-06-02 08:30:00,PS03,2,1531.8,1.69
2026-06-02 08:35:00,PS03,2,1769.5,1.7
2026-06-02 08:40:00,PS03,2,1599.6,1.67
2026-06-02 08:45:00,PS03,2,1588.3,1.75
2026-06-02 08:50:00,PS03,2,1758.3,1.71
2026-06-02 08:55:00,PS03,1,804.5,1.76
2026-06-02 09:00:00,PS03,1,831.5,1.63
2026-06-02 09:05:00,PS03,2,1779.8,1.74
2026-06-02 09:10:00,PS03,1,858.6,1.67
2026-06-02 09:15:00,PS03,2,1647.6,1.71
2026-06-02 09:20:00,PS03,1,832.8,1.65
2026-06-02 09:25:00,PS03,1,809.4,1.75
2026-06-02 09:30:00,PS03,1,880.7,1.67
2026-06-02 09:35:00,PS03,2,1679.4,1.67
2026-06-02 09:40:00,PS03,2,1751.2,1.73
2026-06-02 09:45:00,PS03,1,899.7,1.73
2026-06-02 09:50:00,PS03,2,1657.2,1.8
2026-06-02 09:55:00,PS03,2,1535.8,1.57
2026-06-02 10:00:00,PS03,1,885.1,1.64
2026-06-02 10:05:00,PS03,2,1595.1,1.7
2026-06-02 10:10:00,PS03,2,1599.3,1.61
2026-06-02 10:15:00,PS03,2,1621.2,1.63
2026-06-02 10:20:00,PS03,2,1791.4,1.71
2026-06-02 10:25:00,PS03,2,1704.2,1.6
2026-06-02 10:30:00,PS03,1,864.8,1.65
2026-06-02 10:35:00,PS03,1,783.5,1.56
2026-06-02 10:40:00,PS03,1,815.8,1.58
2026-06-02 10:45:00,PS03,1,797.6,1.55
2026-06-02 10:50:00,PS03,2,1534.9,1.52
2026-06-02 10:55:00,PS03,2,1707.1,1.53
2026-06-02 11:00:00,PS03,1,766.4,1.73
2026-06-02 11:05:00,PS03,1,882.4,1.51
2026-06-02 11:10:00,PS03,1,853.8,1.63
2026-06-02 11:15:00,PS03,1,836.9,1.55
2026-06-02 11:20:00,PS03,1,825.2,1.45
2026-06-02 11:25:00,PS03,1,823.9,1.61
2026-06-02 11:30:00,PS03,2,1614.6,1.72
2026-06-02 11:35:00,PS03,1,855.5,1.53
2026-06-02 11:40:00,PS03,1,847.0,1.64
2026-06-02 11:45:00,PS03,1,807.4,1.68
2026-06-02 11:50:00,PS03,1,893.4,1.47
2026-06-02 11:55:00,PS03,1,816.5,1.47
2026-06-02 12:00:00,PS03,1,862.8,1.52
2026-06-02 12:05:00,PS03,2,1650.6,1.59
2026-06-02 12:10:00,PS03,1,780.1,1.46
2026-06-02 12:15:00,PS03,1,887.7,1.57
2026-06-02 12:20:00,PS03,1,872.5,1.54
2026-06-02 12:25:00,PS03,1,788.9,1.52
2026-06-02 12:30:00,PS03,1,823.6,1.5
2026-06-02 12:35:00,PS03,1,880.1,1.54
2026-06-02 12:40:00,PS03,1,864.3,1.51
2026-06-02 12:45:00,PS03,1,853.5,1.62
2026-06-02 12:50:00,PS03,1,875.2,1.52
2026-06-02 12:55:00,PS03,2,1615.7,1.52
2026-06-02 13:00:00,PS03,1,879.3,1.57
2026-06-02 13:05:00,PS03,1,887.5,1.48
2026-06-02 13:10:00,PS03,2,1545.7,1.63
2026-06-02 13:15:00,PS03,1,888.4,1.5
2026-06-02 13:20:00,PS03,1,895.2,1.56
2026-06-02 13:25:00,PS03,1,817.2,1.52
2026-06-02 13:30:00,PS03,1,885.1,1.52
2026-06-02 13:35:00,PS03,1,772.3,1.63
2026-06-02 13:40:00,PS03,2,1718.7,1.55
2026-06-02 13:45:00,PS03,1,828.2,1.49
2026-06-02 13:50:00,PS03,2,1661.5,1.5
2026-06-02 13:55:00,PS03,1,888.4,1.6
2026-06-02 14:00:00,PS03,1,849.2,1.56
2026-06-02 14:05:00,PS03,1,885.8,1.49
2026-06-02 14:10:00,PS03,1,789.4,1.61
2026-06-02 14:15:00,PS03,1,861.7,1.49
2026-06-02 14:20:00,PS03,1,796.7,1.48
2026-06-02 14:25:00,PS03,1,786.8,1.56
2026-06-02 14:30:00,PS03,1,882.3,1.54
2026-06-02 14:35:00,PS03,1,844.8,1.47
2026-06-02 14:40:00,PS03,1,784.3,1.52
2026-06-02 14:45:00,PS03,1,838.1,1.57
2026-06-02 14:50:00,PS03,1,852.4,1.52
2026-06-02 14:55:00,PS03,1,886.1,1.56
2026-06-02 15:00:00,PS03,1,790.7,1.52
2026-06-02 15:05:00,PS03,2,1580.6,1.56
2026-06-02 15:10:00,PS03,1,862.2,1.61
2026-06-02 15:15:00,PS03,2,1638.5,1.62
2026-06-02 15:20:00,PS03,1,861.4,1.52
2026-06-02 15:25:00,PS03,1,791.9,1.52
2026-06-02 15:30:00,PS03,1,851.1,1.56
2026-06-02 15:35:00,PS03,1,792.4,1.55
2026-06-02 15:40:00,PS03,2,1643.0,1.59
2026-06-02 15:45:00,PS03,1,887.4,1.62
2026-06-02 15:50:00,PS03,1,795.1,1.52
2026-06-02 15:55:00,PS03,1,794.5,1.53
2026-06-02 16:00:00,PS03,1,859.7,1.55
2026-06-02 16:05:00,PS03,1,797.4,1.5
2026-06-02 16:10:00,PS03,1,840.2,1.67
2026-06-02 16:15:00,PS03,1,843.1,1.55
2026-06-02 16:20:00,PS03,1,881.6,1.62
2026-06-02 16:25:00,PS03,1,772.2,1.55
2026-06-02 16:30:00,PS03,2,1781.3,1.65
2026-06-02 16:35:00,PS03,2,1712.2,1.67
2026-06-02 16:40:00,PS03,2,1761.7,1.52
2026-06-02 16:45:00,PS03,1,825.5,1.6
2026-06-02 16:50:00,PS03,2,1568.3,1.69
2026-06-02 16:55:00,PS03,2,1763.0,1.65
2026-06-02 17:00:00,PS03,1,820.7,1.66
2026-06-02 17:05:00,PS03,2,1677.6,1.67
2026-06-02 17:10:00,PS03,1,818.5,1.68
2026-06-02 17:15:00,PS03,2,1550.6,1.69
2026-06-02 17:20:00,PS03,2,1589.5,1.62
2026-06-02 17:25:00,PS03,1,893.8,1.65
2026-06-02 17:30:00,PS03,1,845.5,1.61
2026-06-02 17:35:00,PS03,1,833.8,1.58
2026-06-02 17:40:00,PS03,2,1540.5,1.68
2026-06-02 17:45:00,PS03,2,1766.7,1.66
2026-06-02 17:50:00,PS03,2,1795.7,1.72
2026-06-02 17:55:00,PS03,2,1547.2,1.76
2026-06-02 18:00:00,PS03,2,1728.8,1.63
2026-06-02 18:05:00,PS03,2,1789.0,1.67
2026-06-02 18:10:00,PS03,1,890.6,1.64
2026-06-02 18:15:00,PS03,1,853.3,1.79
2026-06-02 18:20:00,PS03,2,1676.5,1.6
2026-06-02 18:25:00,PS03,2,1548.7,1.7
2026-06-02 18:30:00,PS03,2,1676.7,1.58
2026-06-02 18:35:00,PS03,1,882.5,1.77
2026-06-02 18:40:00,PS03,1,785.5,1.7
2026-06-02 18:45:00,PS03,1,785.7,1.65
2026-06-02 18:50:00,PS03,2,1749.3,1.76
2026-06-02 18:55:00,PS03,2,1791.7,1.65
2026-06-02 19:00:00,PS03,1,776.3,1.68
2026-06-02 19:05:00,PS03,1,785.6,1.55
2026-06-02 19:10:00,PS03,1,819.0,1.7
2026-06-02 19:15:00,PS03,2,1783.1,1.69
2026-06-02 19:20:00,PS03,2,1554.1,1.67
2026-06-02 19:25:00,PS03,1,770.1,1.6
2026-06-02 19:30:00,PS03,1,889.8,1.64
2026-06-02 19:35:00,PS03,2,1646.0,1.63
2026-06-02 19:40:00,PS03,2,1685.4,1.75
2026-06-02 19:45:00,PS03,2,1625.1,1.7
2026-06-02 19:50:00,PS03,2,1700.9,1.64
2026-06-02 19:55:00,PS03,1,836.8,1.59
2026-06-02 20:00:00,PS03,2,1534.8,1.75
2026-06-02 20:05:00,PS03,2,1578.0,1.55
2026-06-02 20:10:00,PS03,1,772.3,1.74
2026-06-02 20:15:00,PS03,1,779.3,1.67
2026-06-02 20:20:00,PS03,2,1573.5,1.63
2026-06-02 20:25:00,PS03,2,1775.3,1.62
2026-06-02 20:30:00,PS03,2,1586.4,1.7
2026-06-02 20:35:00,PS03,2,1797.5,1.68
2026-06-02 20:40:00,PS03,1,886.9,1.71
2026-06-02 20:45:00,PS03,1,822.5,1.67
2026-06-02 20:50:00,PS03,1,775.1,1.59
2026-06-02 20:55:00,PS03,2,1790.3,1.61
2026-06-02 21:00:00,PS03,1,866.0,1.64
2026-06-02 21:05:00,PS03,1,808.5,1.64
2026-06-02 21:10:00,PS03,1,801.6,1.63
2026-06-02 21:15:00,PS03,2,1769.2,1.66
2026-06-02 21:20:00,PS03,1,870.6,1.62
2026-06-02 21:25:00,PS03,1,793.2,1.65
2026-06-02 21:30:00,PS03,1,793.4,1.62
2026-06-02 21:35:00,PS03,1,873.0,1.69
2026-06-02 21:40:00,PS03,2,1764.1,1.61
2026-06-02 21:45:00,PS03,1,836.0,1.59
2026-06-02 21:50:00,PS03,1,785.7,1.61
2026-06-02 21:55:00,PS03,1,798.1,1.68
2026-06-02 22:00:00,PS03,2,1706.1,1.54
2026-06-02 22:05:00,PS03,1,788.3,1.58
2026-06-02 22:10:00,PS03,1,769.4,1.54
2026-06-02 22:15:00,PS03,2,1611.0,1.56
2026-06-02 22:20:00,PS03,2,1703.7,1.52
2026-06-02 22:25:00,PS03,1,831.2,1.52
2026-06-02 22:30:00,PS03,1,894.2,1.63
2026-06-02 22:35:00,PS03,1,783.1,1.6
2026-06-02 22:40:00,PS03,2,1780.5,1.56
2026-06-02 22:45:00,PS03,1,828.8,1.66
2026-06-02 22:50:00,PS03,2,1784.7,1.67
2026-06-02 22:55:00,PS03,1,789.3,1.64
2026-06-02 23:00:00,PS03,1,800.2,1.54
2026-06-02 23:05:00,PS03,1,813.8,1.63
2026-06-02 23:10:00,PS03,1,781.8,1.6
2026-06-02 23:15:00,PS03,1,790.9,1.46
2026-06-02 23:20:00,PS03,1,820.4,1.49
2026-06-02 23:25:00,PS03,1,840.4,1.48
2026-06-02 23:30:00,PS03,1,842.4,1.5
2026-06-02 23:35:00,PS03,1,765.9,1.59
2026-06-02 23:40:00,PS03,1,873.0,1.48
2026-06-02 23:45:00,PS03,1,805.9,1.45
2026-06-02 23:50:00,PS03,1,864.5,1.47
2026-06-02 23:55:00,PS03,1,801.6,1.53
2026-06-03 00:00:00,PS03,1,803.4,1.35
2026-06-03 00:05:00,PS03,1,845.4,1.49
2026-06-03 00:10:00,PS03,1,767.3,1.44
2026-06-03 00:15:00,PS03,1,781.0,1.43
2026-06-03 00:20:00,PS03,1,895.7,1.37
2026-06-03 00:25:00,PS03,2,1654.0,1.48
2026-06-03 00:30:00,PS03,1,876.5,1.43
2026-06-03 00:35:00,PS03,1,875.7,1.44
2026-06-03 00:40:00,PS03,1,765.8,1.34
2026-06-03 00:45:00,PS03,1,827.4,1.34
2026-06-03 00:50:00,PS03,1,849.0,1.36
2026-06-03 00:55:00,PS03,1,872.2,1.4
2026-06-03 01:00:00,PS03,1,895.4,1.32
2026-06-03 01:05:00,PS03,1,784.2,1.43
2026-06-03 01:10:00,PS03,1,860.0,1.5
2026-06-03 01:15:00,PS03,1,824.4,1.28
2026-06-03 01:20:00,PS03,1,818.2,1.34
2026-06-03 01:25:00,PS03,1,765.1,1.36
2026-06-03 01:30:00,PS03,1,898.7,1.34
2026-06-03 01:35:00,PS03,1,848.4,1.44
2026-06-03 01:40:00,PS03,1,850.0,1.36
2026-06-03 01:45:00,PS03,1,891.4,1.36
2026-06-03 01:50:00,PS03,1,796.6,1.35
2026-06-03 01:55:00,PS03,1,860.1,1.38
2026-06-03 02:00:00,PS03,1,827.1,1.43
2026-06-03 02:05:00,PS03,1,830.9,1.34
2026-06-03 02:10:00,PS03,1,870.9,1.42
2026-06-03 02:15:00,PS03,1,801.3,1.34
2026-06-03 02:20:00,PS03,1,891.4,1.3
2026-06-03 02:25:00,PS03,1,830.9,1.39
2026-06-03 02:30:00,PS03,1,834.7,1.34
2026-06-03 02:35:00,PS03,1,817.9,1.39
2026-06-03 02:40:00,PS03,1,775.3,1.39
2026-06-03 02:45:00,PS03,1,839.8,1.39
2026-06-03 02:50:00,PS03,1,853.6,1.3
2026-06-03 02:55:00,PS03,1,771.9,1.29
2026-06-03 03:00:00,PS03,1,805.0,1.35
2026-06-03 03:05:00,PS03,1,877.0,1.28
2026-06-03 03:10:00,PS03,1,831.9,1.3
2026-06-03 03:15:00,PS03,1,846.4,1.34
2026-06-03 03:20:00,PS03,1,814.5,1.3
2026-06-03 03:25:00,PS03,1,772.7,1.37
2026-06-03 03:30:00,PS03,1,840.7,1.37
2026-06-03 03:35:00,PS03,1,799.4,1.34
2026-06-03 03:40:00,PS03,1,860.8,1.32
2026-06-03 03:45:00,PS03,1,818.4,1.37
2026-06-03 03:50:00,PS03,1,833.7,1.4
2026-06-03 03:55:00,PS03,1,840.8,1.39
2026-06-03 04:00:00,PS03,1,862.5,1.4
2026-06-03 04:05:00,PS03,1,874.6,1.33
2026-06-03 04:10:00,PS03,1,778.6,1.43
2026-06-03 04:15:00,PS03,1,777.6,1.5
2026-06-03 04:20:00,PS03,1,786.7,1.38
2026-06-03 04:25:00,PS03,1,853.8,1.44
2026-06-03 04:30:00,PS03,1,798.9,1.36
2026-06-03 04:35:00,PS03,1,869.4,1.47
2026-06-03 04:40:00,PS03,1,816.8,1.56
2026-06-03 04:45:00,PS03,1,821.6,1.53
2026-06-03 04:50:00,PS03,1,840.4,1.48
2026-06-03 04:55:00,PS03,1,848.2,1.5
2026-06-03 05:00:00,PS03,1,767.5,1.52
2026-06-03 05:05:00,PS03,2,1641.8,1.46
2026-06-03 05:10:00,PS03,1,875.2,1.51
2026-06-03 05:15:00,PS03,1,847.4,1.53
2026-06-03 05:20:00,PS03,1,802.1,1.52
2026-06-03 05:25:00,PS03,1,890.5,1.51
2026-06-03 05:30:00,PS03,1,895.7,1.54
2026-06-03 05:35:00,PS03,1,827.8,1.5
2026-06-03 05:40:00,PS03,2,1623.7,1.56
2026-06-03 05:45:00,PS03,1,882.8,1.6
2026-06-03 05:50:00,PS03,1,803.1,1.59
2026-06-03 05:55:00,PS03,1,863.3,1.57
2026-06-03 06:00:00,PS03,1,857.6,1.62
2026-06-03 06:05:00,PS03,1,850.6,1.62
2026-06-03 06:10:00,PS03,2,1573.5,1.61
2026-06-03 06:15:00,PS03,2,1577.5,1.65
2026-06-03 06:20:00,PS03,1,817.3,1.7
2026-06-03 06:25:00,PS03,1,838.2,1.58
2026-06-03 06:30:00,PS03,2,1628.4,1.67
2026-06-03 06:35:00,PS03,1,863.8,1.65
2026-06-03 06:40:00,PS03,1,802.5,1.59
2026-06-03 06:45:00,PS03,1,846.8,1.64
2026-06-03 06:50:00,PS03,1,798.1,1.71
2026-06-03 06:55:00,PS03,1,824.6,1.61
2026-06-03 07:00:00,PS03,2,1644.8,1.76
2026-06-03 07:05:00,PS03,1,833.8,1.65
2026-06-03 07:10:00,PS03,2,1733.3,1.65
2026-06-03 07:15:00,PS03,1,811.0,1.72
2026-06-03 07:20:00,PS03,2,1704.1,1.69
2026-06-03 07:25:00,PS03,2,1772.2,1.67
2026-06-03 07:30:00,PS03,1,807.2,1.64
2026-06-03 07:35:00,PS03,2,1668.8,1.8
2026-06-03 07:40:00,PS03,1,805.8,1.71
2026-06-03 07:45:00,PS03,2,1754.1,1.78
2026-06-03 07:50:00,PS03,1,804.2,1.67
2026-06-03 07:55:00,PS03,2,1796.0,1.71
2026-06-03 08:00:00,PS03,2,1547.9,1.67
2026-06-03 08:05:00,PS03,2,1771.5,1.67
2026-06-03 08:10:00,PS03,2,1746.6,1.68
2026-06-03 08:15:00,PS03,1,785.8,1.77
2026-06-03 08:20:00,PS03,2,1710.1,1.75
2026-06-03 08:25:00,PS03,1,770.0,1.76
2026-06-03 08:30:00,PS03,2,1544.8,1.8
2026-06-03 08:35:00,PS03,2,1683.2,1.78
2026-06-03 08:40:00,PS03,1,844.2,1.73
2026-06-03 08:45:00,PS03,2,1613.7,1.7
2026-06-03 08:50:00,PS03,1,882.6,1.76
2026-06-03 08:55:00,PS03,1,846.7,1.68
2026-06-03 09:00:00,PS03,1,851.9,1.75
2026-06-03 09:05:00,PS03,1,847.0,1.65
2026-06-03 09:10:00,PS03,1,819.6,1.7
2026-06-03 09:15:00,PS03,1,774.3,1.69
2026-06-03 09:20:00,PS03,2,1682.3,1.65
2026-06-03 09:25:00,PS03,2,1752.7,1.58
2026-06-03 09:30:00,PS03,1,887.3,1.69
2026-06-03 09:35:00,PS03,1,783.4,1.68
2026-06-03 09:40:00,PS03,2,1728.0,1.61
2026-06-03 09:45:00,PS03,2,1586.7,1.71
2026-06-03 09:50:00,PS03,1,793.0,1.66
2026-06-03 09:55:00,PS03,2,1547.5,1.71
2026-06-03 10:00:00,PS03,1,896.3,1.67
2026-06-03 10:05:00,PS03,1,866.0,1.67
2026-06-03 10:10:00,PS03,1,810.7,1.63
2026-06-03 10:15:00,PS03,1,880.5,1.61
2026-06-03 10:20:00,PS03,1,784.6,1.62
2026-06-03 10:25:00,PS03,2,1622.0,1.58
2026-06-03 10:30:00,PS03,1,771.7,1.59
2026-06-03 10:35:00,PS03,1,823.9,1.63
2026-06-03 10:40:00,PS03,1,799.3,1.6
2026-06-03 10:45:00,PS03,2,1797.2,1.65
2026-06-03 10:50:00,PS03,1,790.6,1.65
2026-06-03 10:55:00,PS03,1,788.1,1.66
2026-06-03 11:00:00,PS03,2,1542.8,1.67
2026-06-03 11:05:00,PS03,1,833.1,1.61
2026-06-03 11:10:00,PS03,1,775.7,1.63
2026-06-03 11:15:00,PS03,1,868.0,1.66
2026-06-03 11:20:00,PS03,1,821.4,1.57
2026-06-03 11:25:00,PS03,1,899.2,1.58
2026-06-03 11:30:00,PS03,2,1548.9,1.55
2026-06-03 11:35:00,PS03,1,824.8,1.58
2026-06-03 11:40:00,PS03,1,896.0,1.54
2026-06-03 11:45:00,PS03,2,1646.2,1.55
2026-06-03 11:50:00,PS03,2,1623.7,1.5
2026-06-03 11:55:00,PS03,1,783.4,1.55
2026-06-03 12:00:00,PS03,1,846.7,1.53
2026-06-03 12:05:00,PS03,1,807.3,1.46
2026-06-03 12:10:00,PS03,1,842.2,1.59
2026-06-03 12:15:00,PS03,1,889.4,1.59
2026-06-03 12:20:00,PS03,1,842.6,1.53
2026-06-03 12:25:00,PS03,2,1546.9,1.45
2026-06-03 12:30:00,PS03,1,831.7,1.52
2026-06-03 12:35:00,PS03,1,860.4,1.58
2026-06-03 12:40:00,PS03,1,845.8,1.61
2026-06-03 12:45:00,PS03,1,783.3,1.66
2026-06-03 12:50:00,PS03,1,822.5,1.55
2026-06-03 12:55:00,PS03,1,836.7,1.5
2026-06-03 13:00:00,PS03,1,817.1,1.57
2026-06-03 13:05:00,PS03,1,889.7,1.5
2026-06-03 13:10:00,PS03,1,898.0,1.51
2026-06-03 13:15:00,PS03,1,867.7,1.59
2026-06-03 13:20:00,PS03,1,889.4,1.58
2026-06-03 13:25:00,PS03,1,891.6,1.52
2026-06-03 13:30:00,PS03,1,812.1,1.44
2026-06-03 13:35:00,PS03,1,811.1,1.42
2026-06-03 13:40:00,PS03,1,770.6,1.5
2026-06-03 13:45:00,PS03,1,794.2,1.52
2026-06-03 13:50:00,PS03,1,785.8,1.5
2026-06-03 13:55:00,PS03,1,787.6,1.56
2026-06-03 14:00:00,PS03,1,786.4,1.55
2026-06-03 14:05:00,PS03,1,810.5,1.44
2026-06-03 14:10:00,PS03,1,852.7,1.63
2026-06-03 14:15:00,PS03,1,881.6,1.4
2026-06-03 14:20:00,PS03,1,789.6,1.49
2026-06-03 14:25:00,PS03,1,852.7,1.48
2026-06-03 14:30:00,PS03,1,834.6,1.55
2026-06-03 14:35:00,PS03,1,852.4,1.48
2026-06-03 14:40:00,PS03,1,765.9,1.55
2026-06-03 14:45:00,PS03,1,878.7,1.54
2026-06-03 14:50:00,PS03,2,1635.6,1.57
2026-06-03 14:55:00,PS03,1,870.8,1.43
2026-06-03 15:00:00,PS03,1,811.1,1.55
2026-06-03 15:05:00,PS03,1,894.9,1.59
2026-06-03 15:10:00,PS03,1,855.9,1.51
2026-06-03 15:15:00,PS03,1,890.3,1.54
2026-06-03 15:20:00,PS03,2,1641.8,1.56
2026-06-03 15:25:00,PS03,1,805.1,1.59
2026-06-03 15:30:00,PS03,1,826.2,1.55
2026-06-03 15:35:00,PS03,1,784.4,1.63
2026-06-03 15:40:00,PS03,2,1589.8,1.61
2026-06-03 15:45:00,PS03,1,816.0,1.59
2026-06-03 15:50:00,PS03,1,810.8,1.54
2026-06-03 15:55:00,PS03,1,770.7,1.51
2026-06-03 16:00:00,PS03,1,794.0,1.59
2026-06-03 16:05:00,PS03,1,848.3,1.54
2026-06-03 16:10:00,PS03,1,886.1,1.65
2026-06-03 16:15:00,PS03,1,791.9,1.67
2026-06-03 16:20:00,PS03,1,793.6,1.56
2026-06-03 16:25:00,PS03,2,1731.2,1.58
2026-06-03 16:30:00,PS03,1,851.1,1.64
2026-06-03 16:35:00,PS03,2,1769.3,1.61
2026-06-03 16:40:00,PS03,1,784.7,1.62
2026-06-03 16:45:00,PS03,2,1773.6,1.64
2026-06-03 16:50:00,PS03,2,1605.1,1.65
2026-06-03 16:55:00,PS03,1,802.2,1.57
2026-06-03 17:00:00,PS03,1,821.8,1.57
2026-06-03 17:05:00,PS03,1,894.9,1.54
2026-06-03 17:10:00,PS03,2,1557.8,1.54
2026-06-03 17:15:00,PS03,2,1697.7,1.57
2026-06-03 17:20:00,PS03,1,879.7,1.6
2026-06-03 17:25:00,PS03,1,892.6,1.68
2026-06-03 17:30:00,PS03,1,868.9,1.68
2026-06-03 17:35:00,PS03,2,1547.2,1.66
2026-06-03 17:40:00,PS03,1,875.9,1.61
2026-06-03 17:45:00,PS03,1,869.9,1.78
2026-06-03 17:50:00,PS03,2,1785.5,1.61
2026-06-03 17:55:00,PS03,2,1578.7,1.6
2026-06-03 18:00:00,PS03,1,832.8,1.7
2026-06-03 18:05:00,PS03,2,1636.8,1.6
2026-06-03 18:10:00,PS03,1,858.6,1.65
2026-06-03 18:15:00,PS03,2,1573.4,1.61
2026-06-03 18:20:00,PS03,2,1541.5,1.68
2026-06-03 18:25:00,PS03,2,1615.3,1.76
2026-06-03 18:30:00,PS03,2,1725.0,1.68
2026-06-03 18:35:00,PS03,2,1702.5,1.74
2026-06-03 18:40:00,PS03,1,805.2,1.7
2026-06-03 18:45:00,PS03,2,1690.5,1.62
2026-06-03 18:50:00,PS03,2,1673.4,1.64
2026-06-03 18:55:00,PS03,1,807.2,1.73
2026-06-03 19:00:00,PS03,2,1535.4,1.67
2026-06-03 19:05:00,PS03,2,1666.2,1.59
2026-06-03 19:10:00,PS03,1,766.3,1.71
2026-06-03 19:15:00,PS03,1,860.5,1.78
2026-06-03 19:20:00,PS03,2,1587.8,1.76
2026-06-03 19:25:00,PS03,2,1615.5,1.7
2026-06-03 19:30:00,PS03,1,780.2,1.79
2026-06-03 19:35:00,PS03,1,840.4,1.67
2026-06-03 19:40:00,PS03,1,780.5,1.64
2026-06-03 19:45:00,PS03,2,1648.5,1.71
2026-06-03 19:50:00,PS03,2,1709.8,1.66
2026-06-03 19:55:00,PS03,1,895.9,1.76
2026-06-03 20:00:00,PS03,2,1668.4,1.67
2026-06-03 20:05:00,PS03,2,1591.5,1.65
2026-06-03 20:10:00,PS03,1,857.6,1.6
2026-06-03 20:15:00,PS03,1,806.4,1.69
2026-06-03 20:20:00,PS03,2,1605.1,1.73
2026-06-03 20:25:00,PS03,1,850.7,1.71
2026-06-03 20:30:00,PS03,2,1545.8,1.66
2026-06-03 20:35:00,PS03,2,1635.0,1.63
2026-06-03 20:40:00,PS03,1,814.6,1.61
2026-06-03 20:45:00,PS03,2,1571.3,1.7
2026-06-03 20:50:00,PS03,1,846.8,1.63
2026-06-03 20:55:00,PS03,1,869.3,1.55
2026-06-03 21:00:00,PS03,1,806.5,1.81
2026-06-03 21:05:00,PS03,2,1630.9,1.65
2026-06-03 21:10:00,PS03,2,1632.5,1.63
2026-06-03 21:15:00,PS03,1,843.7,1.58
2026-06-03 21:20:00,PS03,1,868.5,1.64
2026-06-03 21:25:00,PS03,1,784.5,1.58
2026-06-03 21:30:00,PS03,1,767.1,1.6
2026-06-03 21:35:00,PS03,2,1730.5,1.62
2026-06-03 21:40:00,PS03,1,811.3,1.54
2026-06-03 21:45:00,PS03,2,1671.4,1.54
2026-06-03 21:50:00,PS03,1,854.5,1.56
2026-06-03 21:55:00,PS03,2,1798.1,1.61
2026-06-03 22:00:00,PS03,1,868.3,1.59
2026-06-03 22:05:00,PS03,2,1618.1,1.56
2026-06-03 22:10:00,PS03,1,789.9,1.58
2026-06-03 22:15:00,PS03,1,837.7,1.53
2026-06-03 22:20:00,PS03,1,832.5,1.58
2026-06-03 22:25:00,PS03,1,781.7,1.54
2026-06-03 22:30:00,PS03,1,826.8,1.59
2026-06-03 22:35:00,PS03,1,895.1,1.52
2026-06-03 22:40:00,PS03,1,837.9,1.52
2026-06-03 22:45:00,PS03,1,898.8,1.56
2026-06-03 22:50:00,PS03,2,1583.2,1.59
2026-06-03 22:55:00,PS03,1,842.5,1.6
2026-06-03 23:00:00,PS03,1,778.4,1.52
2026-06-03 23:05:00,PS03,1,865.4,1.49
2026-06-03 23:10:00,PS03,1,804.5,1.54
2026-06-03 23:15:00,PS03,1,894.4,1.52
2026-06-03 23:20:00,PS03,1,768.4,1.5
2026-06-03 23:25:00,PS03,1,841.2,1.52
2026-06-03 23:30:00,PS03,1,860.0,1.52
2026-06-03 23:35:00,PS03,1,823.2,1.48
2026-06-03 23:40:00,PS03,1,895.3,1.55
2026-06-03 23:45:00,PS03,1,805.5,1.58
2026-06-03 23:50:00,PS03,1,768.2,1.52
2026-06-03 23:55:00,PS03,1,857.4,1.54
2026-06-01 00:00:00,PS04,1,1098.0,1.16
2026-06-01 00:05:00,PS04,1,1082.0,1.09
2026-06-01 00:10:00,PS04,1,1197.7,1.16
2026-06-01 00:15:00,PS04,1,1081.6,1.04
2026-06-01 00:20:00,PS04,1,1182.8,1.13
2026-06-01 00:25:00,PS04,1,1089.3,1.1
2026-06-01 00:30:00,PS04,1,1150.9,1.1
2026-06-01 00:35:00,PS04,1,1107.4,1.19
2026-06-01 00:40:00,PS04,1,1126.7,1.08
2026-06-01 00:45:00,PS04,1,1182.5,1.18
2026-06-01 00:50:00,PS04,1,1150.0,1.23
2026-06-01 00:55:00,PS04,1,1164.2,1.05
2026-06-01 01:00:00,PS04,1,1101.4,1.07
2026-06-01 01:05:00,PS04,0,0.0,1.11
2026-06-01 01:10:00,PS04,1,1185.8,1.11
2026-06-01 01:15:00,PS04,1,1195.9,1.18
2026-06-01 01:20:00,PS04,1,1071.4,1.17
2026-06-01 01:25:00,PS04,1,1177.2,1.09
2026-06-01 01:30:00,PS04,1,1120.5,1.08
2026-06-01 01:35:00,PS04,0,0.0,1.11
2026-06-01 01:40:00,PS04,1,1024.6,1.13
2026-06-01 01:45:00,PS04,1,1164.1,1.08
2026-06-01 01:50:00,PS04,0,0.0,1.07
2026-06-01 01:55:00,PS04,1,1057.4,1.1
2026-06-01 02:00:00,PS04,1,1021.3,1.11
2026-06-01 02:05:00,PS04,1,1078.8,1.12
2026-06-01 02:10:00,PS04,1,1184.3,1.04
2026-06-01 02:15:00,PS04,1,1176.1,1.12
2026-06-01 02:20:00,PS04,1,1098.9,1.08
2026-06-01 02:25:00,PS04,1,1167.1,1.14
2026-06-01 02:30:00,PS04,1,1072.7,1.09
2026-06-01 02:35:00,PS04,1,1123.5,1.17
2026-06-01 02:40:00,PS04,1,1140.9,1.15
2026-06-01 02:45:00,PS04,1,1040.3,1.22
2026-06-01 02:50:00,PS04,1,1048.1,1.17
2026-06-01 02:55:00,PS04,1,1035.0,1.15
2026-06-01 03:00:00,PS04,1,1199.3,1.17
2026-06-01 03:05:00,PS04,1,1090.0,1.17
2026-06-01 03:10:00,PS04,1,1076.9,1.14
2026-06-01 03:15:00,PS04,1,1082.2,1.16
2026-06-01 03:20:00,PS04,0,0.0,1.15
2026-06-01 03:25:00,PS04,1,1024.6,1.16
2026-06-01 03:30:00,PS04,1,1187.0,1.16
2026-06-01 03:35:00,PS04,0,0.0,1.16
2026-06-01 03:40:00,PS04,1,1116.9,1.2
2026-06-01 03:45:00,PS04,1,1082.3,1.22
2026-06-01 03:50:00,PS04,1,1025.2,1.25
2026-06-01 03:55:00,PS04,0,0.0,1.16
2026-06-01 04:00:00,PS04,1,1114.8,1.13
2026-06-01 04:05:00,PS04,1,1020.9,1.24
2026-06-01 04:10:00,PS04,1,1146.6,1.3
2026-06-01 04:15:00,PS04,1,1096.2,1.24
2026-06-01 04:20:00,PS04,1,1091.0,1.19
2026-06-01 04:25:00,PS04,1,1031.1,1.23
2026-06-01 04:30:00,PS04,1,1141.1,1.22
2026-06-01 04:35:00,PS04,1,1136.7,1.21
2026-06-01 04:40:00,PS04,1,1194.4,1.17
2026-06-01 04:45:00,PS04,1,1039.4,1.28
2026-06-01 04:50:00,PS04,1,1190.2,1.18
2026-06-01 04:55:00,PS04,1,1106.1,1.27
2026-06-01 05:00:00,PS04,1,1029.7,1.26
2026-06-01 05:05:00,PS04,1,1156.0,1.31
2026-06-01 05:10:00,PS04,1,1094.4,1.27
2026-06-01 05:15:00,PS04,1,1036.2,1.1
2026-06-01 05:20:00,PS04,1,1042.8,1.16
2026-06-01 05:25:00,PS04,1,1193.4,1.23
2026-06-01 05:30:00,PS04,1,1137.7,1.32
2026-06-01 05:35:00,PS04,1,1191.5,1.22
2026-06-01 05:40:00,PS04,1,1159.7,1.16
2026-06-01 05:45:00,PS04,1,1132.7,1.27
2026-06-01 05:50:00,PS04,1,1041.4,1.31
2026-06-01 05:55:00,PS04,1,1101.0,1.2
2026-06-01 06:00:00,PS04,1,1063.3,1.2
2026-06-01 06:05:00,PS04,1,1048.8,1.32
2026-06-01 06:10:00,PS04,1,1108.9,1.18
2026-06-01 06:15:00,PS04,1,1076.4,1.2
2026-06-01 06:20:00,PS04,1,1191.6,1.19
2026-06-01 06:25:00,PS04,1,1025.2,1.24
2026-06-01 06:30:00,PS04,1,1025.1,1.23
2026-06-01 06:35:00,PS04,1,1132.4,1.2
2026-06-01 06:40:00,PS04,1,1036.7,1.27
2026-06-01 06:45:00,PS04,1,1119.7,1.28
2026-06-01 06:50:00,PS04,1,1166.8,1.29
2026-06-01 06:55:00,PS04,1,1042.6,1.24
2026-06-01 07:00:00,PS04,1,1032.7,1.27
2026-06-01 07:05:00,PS04,1,1191.3,1.18
2026-06-01 07:10:00,PS04,1,1174.8,1.26
2026-06-01 07:15:00,PS04,1,1064.4,1.27
2026-06-01 07:20:00,PS04,1,1106.8,1.19
2026-06-01 07:25:00,PS04,1,1047.8,1.27
2026-06-01 07:30:00,PS04,1,1170.9,1.24
2026-06-01 07:35:00,PS04,0,0.0,1.24
2026-06-01 07:40:00,PS04,1,1169.4,1.27
2026-06-01 07:45:00,PS04,1,1064.6,1.22
2026-06-01 07:50:00,PS04,1,1039.8,1.28
2026-06-01 07:55:00,PS04,1,1058.4,1.17
2026-06-01 08:00:00,PS04,1,1117.3,1.19
2026-06-01 08:05:00,PS04,1,1179.3,1.21
2026-06-01 08:10:00,PS04,1,1026.9,1.18
2026-06-01 08:15:00,PS04,0,0.0,1.22
2026-06-01 08:20:00,PS04,1,1119.6,1.2
2026-06-01 08:25:00,PS04,1,1036.3,1.2
2026-06-01 08:30:00,PS04,1,1082.6,1.19
2026-06-01 08:35:00,PS04,1,1087.3,1.23
2026-06-01 08:40:00,PS04,1,1107.8,1.2
2026-06-01 08:45:00,PS04,0,0.0,1.23
2026-06-01 08:50:00,PS04,1,1064.3,1.19
2026-06-01 08:55:00,PS04,1,1079.0,1.11
2026-06-01 09:00:00,PS04,1,1097.9,1.24
2026-06-01 09:05:00,PS04,1,1090.6,1.18
2026-06-01 09:10:00,PS04,1,1149.0,1.21
2026-06-01 09:15:00,PS04,1,1028.2,1.2
2026-06-01 09:20:00,PS04,1,1046.6,1.3
2026-06-01 09:25:00,PS04,1,1044.9,1.07
2026-06-01 09:30:00,PS04,1,1116.4,1.17
2026-06-01 09:35:00,PS04,1,1035.3,1.21
2026-06-01 09:40:00,PS04,1,1033.5,1.11
2026-06-01 09:45:00,PS04,1,1160.6,1.19
2026-06-01 09:50:00,PS04,1,1196.5,1.1
2026-06-01 09:55:00,PS04,1,1026.5,1.19
2026-06-01 10:00:00,PS04,1,1050.9,1.19
2026-06-01 10:05:00,PS04,1,1111.6,1.22
2026-06-01 10:10:00,PS04,1,1182.0,1.2
2026-06-01 10:15:00,PS04,1,1110.7,1.14
2026-06-01 10:20:00,PS04,1,1088.3,1.19
2026-06-01 10:25:00,PS04,1,1171.1,1.2
2026-06-01 10:30:00,PS04,1,1158.7,1.14
2026-06-01 10:35:00,PS04,0,0.0,1.24
2026-06-01 10:40:00,PS04,1,1062.1,1.21
2026-06-01 10:45:00,PS04,1,1137.0,1.1
2026-06-01 10:50:00,PS04,0,0.0,1.18
2026-06-01 10:55:00,PS04,1,1102.1,1.14
2026-06-01 11:00:00,PS04,1,1171.0,1.08
2026-06-01 11:05:00,PS04,1,1163.2,1.15
2026-06-01 11:10:00,PS04,1,1119.9,1.16
2026-06-01 11:15:00,PS04,1,1158.6,1.29
2026-06-01 11:20:00,PS04,1,1032.1,1.15
2026-06-01 11:25:00,PS04,0,0.0,1.18
2026-06-01 11:30:00,PS04,0,0.0,1.18
2026-06-01 11:35:00,PS04,1,1153.5,1.16
2026-06-01 11:40:00,PS04,1,1045.9,1.19
2026-06-01 11:45:00,PS04,1,1058.4,1.14
2026-06-01 11:50:00,PS04,1,1059.5,1.13
2026-06-01 11:55:00,PS04,1,1143.1,1.14
2026-06-01 12:00:00,PS04,1,1070.5,1.12
2026-06-01 12:05:00,PS04,1,1043.7,1.21
2026-06-01 12:10:00,PS04,1,1121.3,1.19
2026-06-01 12:15:00,PS04,1,1084.2,1.16
2026-06-01 12:20:00,PS04,1,1106.5,1.2
2026-06-01 12:25:00,PS04,1,1151.5,1.15
2026-06-01 12:30:00,PS04,1,1061.7,1.04
2026-06-01 12:35:00,PS04,1,1183.2,1.15
2026-06-01 12:40:00,PS04,1,1149.3,1.22
2026-06-01 12:45:00,PS04,1,1167.3,1.24
2026-06-01 12:50:00,PS04,1,1094.3,1.12
2026-06-01 12:55:00,PS04,1,1125.6,1.15
2026-06-01 13:00:00,PS04,1,1161.2,1.23
2026-06-01 13:05:00,PS04,1,1028.5,1.11
2026-06-01 13:10:00,PS04,1,1086.0,1.17
2026-06-01 13:15:00,PS04,1,1040.7,1.2
2026-06-01 13:20:00,PS04,0,0.0,1.25
2026-06-01 13:25:00,PS04,1,1194.9,1.16
2026-06-01 13:30:00,PS04,1,1182.6,1.12
2026-06-01 13:35:00,PS04,1,1185.4,1.15
2026-06-01 13:40:00,PS04,1,1087.5,1.31
2026-06-01 13:45:00,PS04,1,1113.7,1.21
2026-06-01 13:50:00,PS04,0,0.0,1.25
2026-06-01 13:55:00,PS04,1,1085.8,1.19
2026-06-01 14:00:00,PS04,1,1022.6,1.16
2026-06-01 14:05:00,PS04,1,1126.3,1.14
2026-06-01 14:10:00,PS04,1,1166.4,1.18
2026-06-01 14:15:00,PS04,1,1091.5,1.24
2026-06-01 14:20:00,PS04,1,1173.1,1.13
2026-06-01 14:25:00,PS04,1,1100.4,1.25
2026-06-01 14:30:00,PS04,0,0.0,1.13
2026-06-01 14:35:00,PS04,1,1022.1,1.19
2026-06-01 14:40:00,PS04,1,1131.7,1.2
2026-06-01 14:45:00,PS04,1,1072.9,1.23
2026-06-01 14:50:00,PS04,1,1164.3,1.19
2026-06-01 14:55:00,PS04,1,1020.3,1.23
2026-06-01 15:00:00,PS04,1,1039.7,1.2
2026-06-01 15:05:00,PS04,1,1167.2,1.23
2026-06-01 15:10:00,PS04,1,1100.3,1.21
2026-06-01 15:15:00,PS04,1,1068.3,1.21
2026-06-01 15:20:00,PS04,1,1023.4,1.21
2026-06-01 15:25:00,PS04,1,1084.6,1.21
2026-06-01 15:30:00,PS04,1,1163.0,1.27
2026-06-01 15:35:00,PS04,1,1115.4,1.23
2026-06-01 15:40:00,PS04,1,1041.2,1.23
2026-06-01 15:45:00,PS04,1,1087.0,1.19
2026-06-01 15:50:00,PS04,1,1082.1,1.33
2026-06-01 15:55:00,PS04,1,1039.0,1.3
2026-06-01 16:00:00,PS04,1,1086.4,1.17
2026-06-01 16:05:00,PS04,1,1044.9,1.25
2026-06-01 16:10:00,PS04,1,1148.1,1.29
2026-06-01 16:15:00,PS04,1,1060.8,1.26
2026-06-01 16:20:00,PS04,1,1071.9,1.23
2026-06-01 16:25:00,PS04,0,0.0,1.2
2026-06-01 16:30:00,PS04,1,1163.1,1.25
2026-06-01 16:35:00,PS04,1,1187.3,1.19
2026-06-01 16:40:00,PS04,1,1054.7,1.2
2026-06-01 16:45:00,PS04,1,1114.9,1.21
2026-06-01 16:50:00,PS04,1,1183.8,1.25
2026-06-01 16:55:00,PS04,1,1189.8,1.3
2026-06-01 17:00:00,PS04,1,1044.9,1.2
2026-06-01 17:05:00,PS04,1,1127.9,1.21
2026-06-01 17:10:00,PS04,1,1110.9,1.29
2026-06-01 17:15:00,PS04,1,1093.6,1.18
2026-06-01 17:20:00,PS04,1,1166.7,1.09
2026-06-01 17:25:00,PS04,1,1024.7,1.33
2026-06-01 17:30:00,PS04,1,1171.5,1.28
2026-06-01 17:35:00,PS04,1,1062.3,1.27
2026-06-01 17:40:00,PS04,1,1045.9,1.26
2026-06-01 17:45:00,PS04,1,1133.5,1.23
2026-06-01 17:50:00,PS04,1,1189.5,1.14
2026-06-01 17:55:00,PS04,1,1113.3,1.22
2026-06-01 18:00:00,PS04,1,1193.5,1.22
2026-06-01 18:05:00,PS04,1,1130.5,1.21
2026-06-01 18:10:00,PS04,1,1127.3,1.24
2026-06-01 18:15:00,PS04,1,1053.5,1.3
2026-06-01 18:20:00,PS04,1,1046.7,1.22
2026-06-01 18:25:00,PS04,1,1133.4,1.21
2026-06-01 18:30:00,PS04,1,1031.2,1.3
2026-06-01 18:35:00,PS04,1,1195.2,1.18
2026-06-01 18:40:00,PS04,1,1070.1,1.23
2026-06-01 18:45:00,PS04,1,1103.4,1.22
2026-06-01 18:50:00,PS04,1,1052.8,1.18
2026-06-01 18:55:00,PS04,1,1101.0,1.2
2026-06-01 19:00:00,PS04,1,1061.6,1.21
2026-06-01 19:05:00,PS04,0,0.0,1.24
2026-06-01 19:10:00,PS04,1,1031.4,1.19
2026-06-01 19:15:00,PS04,1,1094.9,1.2
2026-06-01 19:20:00,PS04,1,1158.2,1.24
2026-06-01 19:25:00,PS04,1,1179.2,1.19
2026-06-01 19:30:00,PS04,1,1194.1,1.16
2026-06-01 19:35:00,PS04,1,1030.3,1.34
2026-06-01 19:40:00,PS04,1,1043.7,1.21
2026-06-01 19:45:00,PS04,1,1064.6,1.21
2026-06-01 19:50:00,PS04,1,1191.9,1.19
2026-06-01 19:55:00,PS04,1,1194.4,1.13
2026-06-01 20:00:00,PS04,1,1123.6,1.19
2026-06-01 20:05:00,PS04,1,1152.1,1.15
2026-06-01 20:10:00,PS04,1,1104.4,1.23
2026-06-01 20:15:00,PS04,1,1182.8,1.22
2026-06-01 20:20:00,PS04,1,1039.6,1.23
2026-06-01 20:25:00,PS04,1,1164.4,1.15
2026-06-01 20:30:00,PS04,1,1106.0,1.1
2026-06-01 20:35:00,PS04,1,1101.9,1.07
2026-06-01 20:40:00,PS04,1,1122.3,1.22
2026-06-01 20:45:00,PS04,1,1105.5,1.16
2026-06-01 20:50:00,PS04,1,1173.7,1.12
2026-06-01 20:55:00,PS04,1,1063.3,1.22
2026-06-01 21:00:00,PS04,1,1042.8,1.24
2026-06-01 21:05:00,PS04,1,1135.2,1.18
2026-06-01 21:10:00,PS04,1,1155.2,1.15
2026-06-01 21:15:00,PS04,1,1109.2,1.15
2026-06-01 21:20:00,PS04,1,1137.2,1.23
2026-06-01 21:25:00,PS04,1,1106.6,1.2
2026-06-01 21:30:00,PS04,1,1169.9,1.15
2026-06-01 21:35:00,PS04,1,1148.0,1.18
2026-06-01 21:40:00,PS04,1,1192.8,1.39
2026-06-01 21:45:00,PS04,1,1129.0,1.26
2026-06-01 21:50:00,PS04,1,1141.5,1.16
2026-06-01 21:55:00,PS04,1,1115.7,1.23
2026-06-01 22:00:00,PS04,1,1117.9,1.18
2026-06-01 22:05:00,PS04,1,1034.1,1.24
2026-06-01 22:10:00,PS04,1,1100.3,1.12
2026-06-01 22:15:00,PS04,1,1062.6,1.19
2026-06-01 22:20:00,PS04,1,1194.2,1.21
2026-06-01 22:25:00,PS04,1,1181.5,1.15
2026-06-01 22:30:00,PS04,0,0.0,1.12
2026-06-01 22:35:00,PS04,1,1039.5,1.15
2026-06-01 22:40:00,PS04,1,1089.3,1.07
2026-06-01 22:45:00,PS04,1,1198.9,1.12
2026-06-01 22:50:00,PS04,1,1032.3,1.11
2026-06-01 22:55:00,PS04,1,1182.2,1.18
2026-06-01 23:00:00,PS04,1,1039.1,1.16
2026-06-01 23:05:00,PS04,1,1120.3,1.16
2026-06-01 23:10:00,PS04,1,1176.3,1.19
2026-06-01 23:15:00,PS04,1,1131.3,1.08
2026-06-01 23:20:00,PS04,1,1051.3,1.21
2026-06-01 23:25:00,PS04,1,1199.2,1.18
2026-06-01 23:30:00,PS04,1,1175.0,1.06
2026-06-01 23:35:00,PS04,1,1047.2,1.17
2026-06-01 23:40:00,PS04,1,1113.1,1.15
2026-06-01 23:45:00,PS04,1,1136.9,1.14
2026-06-01 23:50:00,PS04,1,1126.2,1.07
2026-06-01 23:55:00,PS04,1,1083.7,1.12
2026-06-02 00:00:00,PS04,1,1167.2,1.15
2026-06-02 00:05:00,PS04,1,1070.2,1.12
2026-06-02 00:10:00,PS04,0,0.0,1.05
2026-06-02 00:15:00,PS04,1,1118.5,1.1
2026-06-02 00:20:00,PS04,1,1031.4,1.14
2026-06-02 00:25:00,PS04,1,1034.0,1.11
2026-06-02 00:30:00,PS04,1,1194.0,1.21
2026-06-02 00:35:00,PS04,0,0.0,1.15
2026-06-02 00:40:00,PS04,1,1121.5,1.15
2026-06-02 00:45:00,PS04,1,1198.3,1.12
2026-06-02 00:50:00,PS04,1,1195.6,1.09
2026-06-02 00:55:00,PS04,1,1158.8,1.2
2026-06-02 01:00:00,PS04,1,1125.4,1.1
2026-06-02 01:05:00,PS04,1,1064.8,1.12
2026-06-02 01:10:00,PS04,1,1052.7,1.11
2026-06-02 01:15:00,PS04,1,1041.5,1.05
2026-06-02 01:20:00,PS04,1,1087.3,1.14
2026-06-02 01:25:00,PS04,1,1067.5,1.18
2026-06-02 01:30:00,PS04,1,1172.0,1.1
2026-06-02 01:35:00,PS04,1,1185.5,1.12
2026-06-02 01:40:00,PS04,0,0.0,1.09
2026-06-02 01:45:00,PS04,1,1137.5,1.23
2026-06-02 01:50:00,PS04,0,0.0,1.15
2026-06-02 01:55:00,PS04,1,1039.9,1.19
2026-06-02 02:00:00,PS04,1,1174.3,1.11
2026-06-02 02:05:00,PS04,1,1027.0,1.17
2026-06-02 02:10:00,PS04,1,1141.5,1.06
2026-06-02 02:15:00,PS04,1,1050.0,1.11
2026-06-02 02:20:00,PS04,1,1160.4,1.25
2026-06-02 02:25:00,PS04,1,1137.2,1.17
2026-06-02 02:30:00,PS04,1,1064.3,1.14
2026-06-02 02:35:00,PS04,1,1159.9,1.06
2026-06-02 02:40:00,PS04,1,1161.1,1.16
2026-06-02 02:45:00,PS04,1,1109.9,1.15
2026-06-02 02:50:00,PS04,1,1118.9,1.2
2026-06-02 02:55:00,PS04,1,1039.1,1.09
2026-06-02 03:00:00,PS04,1,1096.8,1.21
2026-06-02 03:05:00,PS04,1,1138.8,1.14
2026-06-02 03:10:00,PS04,1,1032.4,1.12
2026-06-02 03:15:00,PS04,1,1084.7,1.18
2026-06-02 03:20:00,PS04,1,1101.1,1.26
2026-06-02 03:25:00,PS04,1,1148.0,1.22
2026-06-02 03:30:00,PS04,1,1086.5,1.2
2026-06-02 03:35:00,PS04,1,1186.7,1.17
2026-06-02 03:40:00,PS04,1,1164.6,1.26
2026-06-02 03:45:00,PS04,1,1110.3,1.21
2026-06-02 03:50:00,PS04,1,1148.1,1.09
2026-06-02 03:55:00,PS04,1,1076.1,1.23
2026-06-02 04:00:00,PS04,1,1108.7,1.21
2026-06-02 04:05:00,PS04,1,1122.9,1.2
2026-06-02 04:10:00,PS04,1,1071.0,1.27
2026-06-02 04:15:00,PS04,1,1172.2,1.18
2026-06-02 04:20:00,PS04,1,1119.4,1.18
2026-06-02 04:25:00,PS04,1,1103.1,1.21
2026-06-02 04:30:00,PS04,1,1076.8,1.23
2026-06-02 04:35:00,PS04,1,1179.9,1.17
2026-06-02 04:40:00,PS04,1,1075.6,1.17
2026-06-02 04:45:00,PS04,1,1042.3,1.21
2026-06-02 04:50:00,PS04,1,1035.6,1.2
2026-06-02 04:55:00,PS04,1,1175.0,1.31
2026-06-02 05:00:00,PS04,1,1077.5,1.12
2026-06-02 05:05:00,PS04,1,1136.5,1.27
2026-06-02 05:10:00,PS04,1,1198.9,1.13
2026-06-02 05:15:00,PS04,1,1067.3,1.23
2026-06-02 05:20:00,PS04,1,1133.9,1.17
2026-06-02 05:25:00,PS04,1,1118.3,1.16
2026-06-02 05:30:00,PS04,1,1032.1,1.29
2026-06-02 05:35:00,PS04,1,1082.2,1.27
2026-06-02 05:40:00,PS04,1,1042.9,1.25
2026-06-02 05:45:00,PS04,1,1063.5,1.25
2026-06-02 05:50:00,PS04,1,1174.6,1.2
2026-06-02 05:55:00,PS04,1,1079.6,1.22
2026-06-02 06:00:00,PS04,1,1025.0,1.2
2026-06-02 06:05:00,PS04,1,1179.6,1.19
2026-06-02 06:10:00,PS04,1,1186.1,1.22
2026-06-02 06:15:00,PS04,1,1117.8,1.3
2026-06-02 06:20:00,PS04,1,1083.6,1.27
2026-06-02 06:25:00,PS04,1,1166.4,1.26
2026-06-02 06:30:00,PS04,1,1037.8,1.2
2026-06-02 06:35:00,PS04,1,1130.4,1.26
2026-06-02 06:40:00,PS04,1,1046.6,1.1
2026-06-02 06:45:00,PS04,1,1174.8,1.2
2026-06-02 06:50:00,PS04,1,1158.1,1.17
2026-06-02 06:55:00,PS04,1,1182.0,1.22
2026-06-02 07:00:00,PS04,1,1194.1,1.22
2026-06-02 07:05:00,PS04,1,1163.5,1.23
2026-06-02 07:10:00,PS04,1,1068.1,1.22
2026-06-02 07:15:00,PS04,1,1131.3,1.24
2026-06-02 07:20:00,PS04,1,1188.6,1.3
2026-06-02 07:25:00,PS04,1,1054.3,1.18
2026-06-02 07:30:00,PS04,1,1054.4,1.19
2026-06-02 07:35:00,PS04,0,0.0,1.23
2026-06-02 07:40:00,PS04,1,1133.1,1.24
2026-06-02 07:45:00,PS04,1,1101.3,1.22
2026-06-02 07:50:00,PS04,1,1036.3,1.31
2026-06-02 07:55:00,PS04,1,1157.1,1.26
2026-06-02 08:00:00,PS04,1,1080.9,1.29
2026-06-02 08:05:00,PS04,1,1183.7,1.24
2026-06-02 08:10:00,PS04,1,1127.2,1.22
2026-06-02 08:15:00,PS04,1,1155.8,1.09
2026-06-02 08:20:00,PS04,1,1052.6,1.21
2026-06-02 08:25:00,PS04,1,1141.7,1.19
2026-06-02 08:30:00,PS04,1,1194.3,1.18
2026-06-02 08:35:00,PS04,1,1060.3,1.26
2026-06-02 08:40:00,PS04,1,1153.4,1.14
2026-06-02 08:45:00,PS04,1,1093.3,1.26
2026-06-02 08:50:00,PS04,1,1038.1,1.23
2026-06-02 08:55:00,PS04,1,1181.1,1.22
2026-06-02 09:00:00,PS04,1,1098.3,1.24
2026-06-02 09:05:00,PS04,1,1082.4,1.11
2026-06-02 09:10:00,PS04,1,1162.5,1.22
2026-06-02 09:15:00,PS04,0,0.0,1.11
2026-06-02 09:20:00,PS04,1,1126.2,1.21
2026-06-02 09:25:00,PS04,1,1029.5,1.13
2026-06-02 09:30:00,PS04,1,1189.5,1.17
2026-06-02 09:35:00,PS04,1,1181.9,1.17
2026-06-02 09:40:00,PS04,1,1136.6,1.18
2026-06-02 09:45:00,PS04,1,1114.9,1.2
2026-06-02 09:50:00,PS04,1,1160.3,1.22
2026-06-02 09:55:00,PS04,1,1146.9,1.3
2026-06-02 10:00:00,PS04,1,1097.1,1.16
2026-06-02 10:05:00,PS04,1,1049.1,1.18
2026-06-02 10:10:00,PS04,1,1171.6,1.19
2026-06-02 10:15:00,PS04,1,1144.4,1.13
2026-06-02 10:20:00,PS04,1,1076.5,1.07
2026-06-02 10:25:00,PS04,1,1098.1,1.13
2026-06-02 10:30:00,PS04,1,1151.3,1.16
2026-06-02 10:35:00,PS04,1,1134.2,1.16
2026-06-02 10:40:00,PS04,1,1185.4,1.11
2026-06-02 10:45:00,PS04,1,1025.3,1.16
2026-06-02 10:50:00,PS04,1,1133.1,1.16
2026-06-02 10:55:00,PS04,1,1089.2,1.13
2026-06-02 11:00:00,PS04,1,1072.0,1.22
2026-06-02 11:05:00,PS04,1,1182.0,1.09
2026-06-02 11:10:00,PS04,1,1097.3,1.2
2026-06-02 11:15:00,PS04,1,1096.3,1.16
2026-06-02 11:20:00,PS04,1,1070.0,1.18
2026-06-02 11:25:00,PS04,1,1154.0,1.2
2026-06-02 11:30:00,PS04,1,1099.5,1.18
2026-06-02 11:35:00,PS04,1,1090.9,1.07
2026-06-02 11:40:00,PS04,1,1144.6,1.16
2026-06-02 11:45:00,PS04,1,1131.4,1.21
2026-06-02 11:50:00,PS04,1,1198.9,1.21
2026-06-02 11:55:00,PS04,1,1075.9,1.13
2026-06-02 12:00:00,PS04,1,1188.1,1.11
2026-06-02 12:05:00,PS04,1,1110.7,1.21
2026-06-02 12:10:00,PS04,1,1025.0,1.2
2026-06-02 12:15:00,PS04,1,1149.1,1.13
2026-06-02 12:20:00,PS04,0,0.0,1.11
2026-06-02 12:25:00,PS04,1,1178.1,1.16
2026-06-02 12:30:00,PS04,1,1094.1,1.14
2026-06-02 12:35:00,PS04,1,1041.3,1.18
2026-06-02 12:40:00,PS04,1,1141.6,1.24
2026-06-02 12:45:00,PS04,0,0.0,1.12
2026-06-02 12:50:00,PS04,1,1131.6,1.18
2026-06-02 12:55:00,PS04,1,1072.5,1.14
2026-06-02 13:00:00,PS04,1,1080.6,1.22
2026-06-02 13:05:00,PS04,1,1114.1,1.22
2026-06-02 13:10:00,PS04,1,1112.5,1.13
2026-06-02 13:15:00,PS04,1,1199.1,1.25
2026-06-02 13:20:00,PS04,1,1117.1,1.22
2026-06-02 13:25:00,PS04,1,1128.7,1.17
2026-06-02 13:30:00,PS04,1,1174.1,1.22
2026-06-02 13:35:00,PS04,1,1021.4,1.12
2026-06-02 13:40:00,PS04,1,1189.5,1.28
2026-06-02 13:45:00,PS04,1,1080.4,1.19
2026-06-02 13:50:00,PS04,1,1168.6,1.25
2026-06-02 13:55:00,PS04,1,1126.7,1.16
2026-06-02 14:00:00,PS04,0,0.0,1.1
2026-06-02 14:05:00,PS04,1,1089.0,1.22
2026-06-02 14:10:00,PS04,1,1173.7,1.15
2026-06-02 14:15:00,PS04,1,1187.7,1.16
2026-06-02 14:20:00,PS04,1,1073.7,1.2
2026-06-02 14:25:00,PS04,1,1131.7,1.23
2026-06-02 14:30:00,PS04,1,1057.6,1.21
2026-06-02 14:35:00,PS04,1,1138.8,1.26
2026-06-02 14:40:00,PS04,1,1187.2,1.18
2026-06-02 14:45:00,PS04,0,0.0,1.27
2026-06-02 14:50:00,PS04,1,1152.3,1.24
2026-06-02 14:55:00,PS04,1,1177.9,1.14
2026-06-02 15:00:00,PS04,1,1142.2,1.23
2026-06-02 15:05:00,PS04,1,1065.4,1.21
2026-06-02 15:10:00,PS04,1,1139.2,1.15
2026-06-02 15:15:00,PS04,1,1187.0,1.23
2026-06-02 15:20:00,PS04,1,1150.2,1.22
2026-06-02 15:25:00,PS04,1,1068.2,1.23
2026-06-02 15:30:00,PS04,1,1181.9,1.15
2026-06-02 15:35:00,PS04,1,1186.5,1.09
2026-06-02 15:40:00,PS04,0,0.0,1.19
2026-06-02 15:45:00,PS04,1,1086.0,1.19
2026-06-02 15:50:00,PS04,1,1040.2,1.23
2026-06-02 15:55:00,PS04,1,1186.9,1.09
2026-06-02 16:00:00,PS04,1,1124.0,1.25
2026-06-02 16:05:00,PS04,1,1078.5,1.26
2026-06-02 16:10:00,PS04,1,1069.0,1.25
2026-06-02 16:15:00,PS04,1,1121.9,1.25
2026-06-02 16:20:00,PS04,1,1194.4,1.16
2026-06-02 16:25:00,PS04,1,1103.6,1.18
2026-06-02 16:30:00,PS04,1,1196.5,1.22
2026-06-02 16:35:00,PS04,1,1153.5,1.22
2026-06-02 16:40:00,PS04,1,1146.8,1.18
2026-06-02 16:45:00,PS04,1,1047.6,1.23
2026-06-02 16:50:00,PS04,1,1055.1,1.25
2026-06-02 16:55:00,PS04,1,1153.0,1.24
2026-06-02 17:00:00,PS04,1,1049.8,1.23
2026-06-02 17:05:00,PS04,1,1119.1,1.26
2026-06-02 17:10:00,PS04,1,1112.3,1.2
2026-06-02 17:15:00,PS04,1,1150.3,1.25
2026-06-02 17:20:00,PS04,1,1119.1,1.25
2026-06-02 17:25:00,PS04,1,1059.3,1.18
2026-06-02 17:30:00,PS04,1,1160.6,1.31
2026-06-02 17:35:00,PS04,1,1161.2,1.3
2026-06-02 17:40:00,PS04,1,1027.1,1.26
2026-06-02 17:45:00,PS04,1,1117.6,1.27
2026-06-02 17:50:00,PS04,1,1034.7,1.24
2026-06-02 17:55:00,PS04,1,1040.9,1.21
2026-06-02 18:00:00,PS04,1,1030.2,1.28
2026-06-02 18:05:00,PS04,1,1156.7,1.23
2026-06-02 18:10:00,PS04,1,1122.1,1.26
2026-06-02 18:15:00,PS04,1,1111.1,1.29
2026-06-02 18:20:00,PS04,1,1058.3,1.14
2026-06-02 18:25:00,PS04,1,1024.1,1.26
2026-06-02 18:30:00,PS04,1,1060.1,1.18
2026-06-02 18:35:00,PS04,1,1077.6,1.2
2026-06-02 18:40:00,PS04,1,1175.6,1.18
2026-06-02 18:45:00,PS04,1,1046.5,1.27
2026-06-02 18:50:00,PS04,1,1057.8,1.23
2026-06-02 18:55:00,PS04,1,1044.8,1.21
2026-06-02 19:00:00,PS04,1,1160.9,1.13
2026-06-02 19:05:00,PS04,1,1045.9,1.19
2026-06-02 19:10:00,PS04,1,1038.2,1.19
2026-06-02 19:15:00,PS04,1,1111.8,1.23
2026-06-02 19:20:00,PS04,1,1111.1,1.18
2026-06-02 19:25:00,PS04,1,1099.9,1.19
2026-06-02 19:30:00,PS04,1,1173.9,1.09
2026-06-02 19:35:00,PS04,1,1120.2,1.25
2026-06-02 19:40:00,PS04,1,1024.3,1.14
2026-06-02 19:45:00,PS04,1,1076.9,1.17
2026-06-02 19:50:00,PS04,1,1159.6,1.23
2026-06-02 19:55:00,PS04,0,0.0,1.25
2026-06-02 20:00:00,PS04,1,1172.3,1.21
2026-06-02 20:05:00,PS04,1,1112.6,1.22
2026-06-02 20:10:00,PS04,1,1079.3,1.25
2026-06-02 20:15:00,PS04,1,1059.6,1.07
2026-06-02 20:20:00,PS04,1,1078.0,1.23
2026-06-02 20:25:00,PS04,1,1029.7,1.08
2026-06-02 20:30:00,PS04,1,1120.6,1.17
2026-06-02 20:35:00,PS04,1,1066.1,1.21
2026-06-02 20:40:00,PS04,1,1177.5,1.14
2026-06-02 20:45:00,PS04,1,1045.7,1.18
2026-06-02 20:50:00,PS04,1,1103.5,1.04
2026-06-02 20:55:00,PS04,1,1150.4,1.12
2026-06-02 21:00:00,PS04,0,0.0,1.14
2026-06-02 21:05:00,PS04,1,1059.8,1.12
2026-06-02 21:10:00,PS04,1,1191.4,1.18
2026-06-02 21:15:00,PS04,1,1190.8,1.25
2026-06-02 21:20:00,PS04,1,1094.8,1.21
2026-06-02 21:25:00,PS04,1,1102.6,1.22
2026-06-02 21:30:00,PS04,1,1080.2,1.19
2026-06-02 21:35:00,PS04,0,0.0,1.09
2026-06-02 21:40:00,PS04,1,1162.4,1.22
2026-06-02 21:45:00,PS04,0,0.0,1.18
2026-06-02 21:50:00,PS04,1,1181.0,1.18
2026-06-02 21:55:00,PS04,1,1093.9,1.19
2026-06-02 22:00:00,PS04,1,1144.8,1.18
2026-06-02 22:05:00,PS04,1,1152.2,1.18
2026-06-02 22:10:00,PS04,1,1080.2,1.11
2026-06-02 22:15:00,PS04,1,1184.1,1.11
2026-06-02 22:20:00,PS04,0,0.0,1.1
2026-06-02 22:25:00,PS04,1,1111.3,1.0
2026-06-02 22:30:00,PS04,1,1029.0,1.12
2026-06-02 22:35:00,PS04,1,1172.9,1.17
2026-06-02 22:40:00,PS04,1,1129.9,1.2
2026-06-02 22:45:00,PS04,1,1061.3,1.1
2026-06-02 22:50:00,PS04,1,1076.7,1.14
2026-06-02 22:55:00,PS04,1,1086.0,1.11
2026-06-02 23:00:00,PS04,1,1170.2,1.14
2026-06-02 23:05:00,PS04,1,1165.1,1.06
2026-06-02 23:10:00,PS04,0,0.0,1.11
2026-06-02 23:15:00,PS04,1,1161.2,1.1
2026-06-02 23:20:00,PS04,1,1122.1,1.16
2026-06-02 23:25:00,PS04,1,1046.7,1.05
2026-06-02 23:30:00,PS04,1,1059.9,1.15
2026-06-02 23:35:00,PS04,1,1078.3,1.17
2026-06-02 23:40:00,PS04,1,1061.0,1.05
2026-06-02 23:45:00,PS04,1,1182.0,1.1
2026-06-02 23:50:00,PS04,1,1055.1,1.08
2026-06-02 23:55:00,PS04,1,1037.4,1.2
2026-06-03 00:00:00,PS04,0,0.0,1.19
2026-06-03 00:05:00,PS04,1,1045.4,1.17
2026-06-03 00:10:00,PS04,1,1020.8,1.13
2026-06-03 00:15:00,PS04,1,1142.2,1.16
2026-06-03 00:20:00,PS04,1,1047.1,1.14
2026-06-03 00:25:00,PS04,1,1091.5,1.2
2026-06-03 00:30:00,PS04,1,1078.5,1.12
2026-06-03 00:35:00,PS04,1,1193.2,0.99
2026-06-03 00:40:00,PS04,1,1037.7,1.09
2026-06-03 00:45:00,PS04,1,1030.3,1.14
2026-06-03 00:50:00,PS04,1,1160.0,1.11
2026-06-03 00:55:00,PS04,1,1080.0,1.18
2026-06-03 01:00:00,PS04,1,1121.3,1.08
2026-06-03 01:05:00,PS04,1,1021.8,1.16
2026-06-03 01:10:00,PS04,1,1198.1,1.05
2026-06-03 01:15:00,PS04,1,1137.3,1.14
2026-06-03 01:20:00,PS04,1,1138.0,1.08
2026-06-03 01:25:00,PS04,1,1154.9,1.06
2026-06-03 01:30:00,PS04,1,1085.4,1.11
2026-06-03 01:35:00,PS04,0,0.0,1.07
2026-06-03 01:40:00,PS04,1,1098.8,1.17
2026-06-03 01:45:00,PS04,1,1162.9,1.11
2026-06-03 01:50:00,PS04,1,1035.1,1.13
2026-06-03 01:55:00,PS04,1,1072.0,1.13
2026-06-03 02:00:00,PS04,1,1160.6,1.16
2026-06-03 02:05:00,PS04,1,1032.4,1.1
2026-06-03 02:10:00,PS04,1,1190.7,1.2
2026-06-03 02:15:00,PS04,1,1119.5,1.25
2026-06-03 02:20:00,PS04,1,1041.9,1.09
2026-06-03 02:25:00,PS04,1,1055.4,1.22
2026-06-03 02:30:00,PS04,0,0.0,1.12
2026-06-03 02:35:00,PS04,1,1053.5,1.13
2026-06-03 02:40:00,PS04,1,1113.4,1.19
2026-06-03 02:45:00,PS04,1,1165.6,1.1
2026-06-03 02:50:00,PS04,1,1049.3,1.19
2026-06-03 02:55:00,PS04,1,1029.1,1.19
2026-06-03 03:00:00,PS04,1,1026.1,1.16
2026-06-03 03:05:00,PS04,0,0.0,1.17
2026-06-03 03:10:00,PS04,1,1056.3,1.13
2026-06-03 03:15:00,PS04,1,1093.8,1.21
2026-06-03 03:20:00,PS04,1,1153.6,1.16
2026-06-03 03:25:00,PS04,1,1024.4,1.24
2026-06-03 03:30:00,PS04,1,1070.9,1.24
2026-06-03 03:35:00,PS04,1,1024.6,1.12
2026-06-03 03:40:00,PS04,1,1198.5,1.12
2026-06-03 03:45:00,PS04,1,1144.8,1.19
2026-06-03 03:50:00,PS04,1,1055.8,1.15
2026-06-03 03:55:00,PS04,1,1038.4,1.15
2026-06-03 04:00:00,PS04,1,1070.9,1.17
2026-06-03 04:05:00,PS04,1,1152.5,1.29
2026-06-03 04:10:00,PS04,1,1199.5,1.26
2026-06-03 04:15:00,PS04,1,1067.9,1.17
2026-06-03 04:20:00,PS04,0,0.0,1.11
2026-06-03 04:25:00,PS04,1,1169.6,1.18
2026-06-03 04:30:00,PS04,1,1141.8,1.15
2026-06-03 04:35:00,PS04,1,1112.5,1.24
2026-06-03 04:40:00,PS04,1,1187.1,1.22
2026-06-03 04:45:00,PS04,1,1138.2,1.19
2026-06-03 04:50:00,PS04,1,1113.7,1.21
2026-06-03 04:55:00,PS04,1,1129.9,1.17
2026-06-03 05:00:00,PS04,1,1159.1,1.22
2026-06-03 05:05:00,PS04,1,1043.7,1.31
2026-06-03 05:10:00,PS04,1,1169.9,1.2
2026-06-03 05:15:00,PS04,0,0.0,1.24
2026-06-03 05:20:00,PS04,1,1083.4,1.19
2026-06-03 05:25:00,PS04,1,1031.6,1.19
2026-06-03 05:30:00,PS04,1,1160.2,1.27
2026-06-03 05:35:00,PS04,1,1177.5,1.17
2026-06-03 05:40:00,PS04,0,0.0,1.23
2026-06-03 05:45:00,PS04,1,1154.6,1.19
2026-06-03 05:50:00,PS04,0,0.0,1.29
2026-06-03 05:55:00,PS04,0,0.0,1.19
2026-06-03 06:00:00,PS04,1,1040.4,1.18
2026-06-03 06:05:00,PS04,1,1178.1,1.22
2026-06-03 06:10:00,PS04,1,1065.1,1.23
2026-06-03 06:15:00,PS04,1,1098.1,1.3
2026-06-03 06:20:00,PS04,1,1177.5,1.2
2026-06-03 06:25:00,PS04,1,1077.7,1.25
2026-06-03 06:30:00,PS04,1,1095.0,1.2
2026-06-03 06:35:00,PS04,1,1025.2,1.3
2026-06-03 06:40:00,PS04,1,1033.8,1.28
2026-06-03 06:45:00,PS04,1,1138.8,1.26
2026-06-03 06:50:00,PS04,1,1190.1,1.27
2026-06-03 06:55:00,PS04,1,1041.9,1.24
2026-06-03 07:00:00,PS04,1,1183.7,1.25
2026-06-03 07:05:00,PS04,1,1040.4,1.17
2026-06-03 07:10:00,PS04,1,1178.8,1.21
2026-06-03 07:15:00,PS04,1,1179.9,1.27
2026-06-03 07:20:00,PS04,1,1025.5,1.26
2026-06-03 07:25:00,PS04,1,1082.4,1.27
2026-06-03 07:30:00,PS04,1,1058.7,1.19
2026-06-03 07:35:00,PS04,1,1197.0,1.31
2026-06-03 07:40:00,PS04,1,1073.2,1.22
2026-06-03 07:45:00,PS04,0,0.0,1.25
2026-06-03 07:50:00,PS04,1,1096.3,1.35
2026-06-03 07:55:00,PS04,1,1114.6,1.2
2026-06-03 08:00:00,PS04,1,1141.5,1.26
2026-06-03 08:05:00,PS04,1,1084.7,1.15
2026-06-03 08:10:00,PS04,1,1181.3,1.2
2026-06-03 08:15:00,PS04,0,0.0,1.25
2026-06-03 08:20:00,PS04,1,1175.5,1.17
2026-06-03 08:25:00,PS04,1,1121.5,1.22
2026-06-03 08:30:00,PS04,1,1186.6,1.22
2026-06-03 08:35:00,PS04,1,1170.9,1.21
2026-06-03 08:40:00,PS04,1,1156.0,1.09
2026-06-03 08:45:00,PS04,1,1080.7,1.32
2026-06-03 08:50:00,PS04,1,1059.4,1.14
2026-06-03 08:55:00,PS04,0,0.0,1.16
2026-06-03 09:00:00,PS04,1,1046.7,1.11
2026-06-03 09:05:00,PS04,1,1025.2,1.14
2026-06-03 09:10:00,PS04,1,1170.8,1.2
2026-06-03 09:15:00,PS04,1,1167.4,1.25
2026-06-03 09:20:00,PS04,1,1185.1,1.16
2026-06-03 09:25:00,PS04,1,1153.9,1.2
2026-06-03 09:30:00,PS04,1,1170.9,1.21
2026-06-03 09:35:00,PS04,1,1043.3,1.14
2026-06-03 09:40:00,PS04,1,1129.5,1.1
2026-06-03 09:45:00,PS04,1,1184.8,1.15
2026-06-03 09:50:00,PS04,1,1182.8,1.25
2026-06-03 09:55:00,PS04,1,1181.8,1.15
2026-06-03 10:00:00,PS04,1,1148.1,1.15
2026-06-03 10:05:00,PS04,1,1085.6,1.2
2026-06-03 10:10:00,PS04,1,1054.8,1.21
2026-06-03 10:15:00,PS04,1,1034.3,1.13
2026-06-03 10:20:00,PS04,1,1037.4,1.22
2026-06-03 10:25:00,PS04,1,1048.4,1.2
2026-06-03 10:30:00,PS04,0,0.0,1.16
2026-06-03 10:35:00,PS04,1,1025.3,1.08
2026-06-03 10:40:00,PS04,1,1051.7,1.22
2026-06-03 10:45:00,PS04,1,1084.4,1.2
2026-06-03 10:50:00,PS04,1,1135.8,1.19
2026-06-03 10:55:00,PS04,1,1173.5,1.1
2026-06-03 11:00:00,PS04,1,1093.4,1.3
2026-06-03 11:05:00,PS04,1,1083.2,1.12
2026-06-03 11:10:00,PS04,1,1113.4,1.16
2026-06-03 11:15:00,PS04,0,0.0,1.22
2026-06-03 11:20:00,PS04,1,1084.5,1.18
2026-06-03 11:25:00,PS04,1,1136.3,1.2
2026-06-03 11:30:00,PS04,1,1092.0,1.12
2026-06-03 11:35:00,PS04,0,0.0,1.12
2026-06-03 11:40:00,PS04,1,1172.5,1.2
2026-06-03 11:45:00,PS04,1,1057.3,1.16
2026-06-03 11:50:00,PS04,1,1162.3,1.27
2026-06-03 11:55:00,PS04,1,1125.6,1.12
2026-06-03 12:00:00,PS04,0,0.0,1.15
2026-06-03 12:05:00,PS04,1,1021.5,1.18
2026-06-03 12:10:00,PS04,1,1059.0,1.15
2026-06-03 12:15:00,PS04,1,1099.5,1.14
2026-06-03 12:20:00,PS04,1,1176.1,1.18
2026-06-03 12:25:00,PS04,1,1038.3,1.29
2026-06-03 12:30:00,PS04,1,1121.9,1.16
2026-06-03 12:35:00,PS04,1,1171.3,1.1
2026-06-03 12:40:00,PS04,1,1022.9,1.21
2026-06-03 12:45:00,PS04,1,1026.7,1.16
2026-06-03 12:50:00,PS04,1,1091.4,1.14
2026-06-03 12:55:00,PS04,1,1036.5,1.22
2026-06-03 13:00:00,PS04,1,1035.4,1.21
2026-06-03 13:05:00,PS04,1,1058.4,1.14
2026-06-03 13:10:00,PS04,1,1106.0,1.1
2026-06-03 13:15:00,PS04,1,1080.0,1.24
2026-06-03 13:20:00,PS04,1,1195.0,1.15
2026-06-03 13:25:00,PS04,1,1100.5,1.21
2026-06-03 13:30:00,PS04,1,1123.6,1.2
2026-06-03 13:35:00,PS04,1,1087.6,1.21
2026-06-03 13:40:00,PS04,1,1038.7,1.2
2026-06-03 13:45:00,PS04,1,1095.5,1.25
2026-06-03 13:50:00,PS04,1,1101.1,1.23
2026-06-03 13:55:00,PS04,1,1191.3,1.1
2026-06-03 14:00:00,PS04,1,1180.8,1.18
2026-06-03 14:05:00,PS04,1,1020.8,1.2
2026-06-03 14:10:00,PS04,1,1069.8,1.17
2026-06-03 14:15:00,PS04,1,1123.8,1.26
2026-06-03 14:20:00,PS04,1,1147.2,1.22
2026-06-03 14:25:00,PS04,1,1100.5,1.1
2026-06-03 14:30:00,PS04,1,1148.2,1.19
2026-06-03 14:35:00,PS04,1,1149.4,1.2
2026-06-03 14:40:00,PS04,1,1147.9,1.16
2026-06-03 14:45:00,PS04,1,1065.4,1.24
2026-06-03 14:50:00,PS04,1,1021.6,1.24
2026-06-03 14:55:00,PS04,1,1054.9,1.24
2026-06-03 15:00:00,PS04,1,1083.3,1.25
2026-06-03 15:05:00,PS04,1,1100.6,1.28
2026-06-03 15:10:00,PS04,1,1036.1,1.25
2026-06-03 15:15:00,PS04,1,1145.0,1.25
2026-06-03 15:20:00,PS04,1,1045.8,1.22
2026-06-03 15:25:00,PS04,1,1071.7,1.19
2026-06-03 15:30:00,PS04,1,1078.1,1.31
2026-06-03 15:35:00,PS04,1,1125.8,1.24
2026-06-03 15:40:00,PS04,1,1152.1,1.17
2026-06-03 15:45:00,PS04,1,1075.6,1.21
2026-06-03 15:50:00,PS04,1,1170.8,1.21
2026-06-03 15:55:00,PS04,1,1084.0,1.27
2026-06-03 16:00:00,PS04,1,1165.2,1.22
2026-06-03 16:05:00,PS04,1,1048.7,1.15
2026-06-03 16:10:00,PS04,1,1084.6,1.25
2026-06-03 16:15:00,PS04,1,1125.0,1.19
2026-06-03 16:20:00,PS04,1,1110.7,1.11
2026-06-03 16:25:00,PS04,0,0.0,1.27
2026-06-03 16:30:00,PS04,1,1058.2,1.15
2026-06-03 16:35:00,PS04,1,1110.8,1.18
2026-06-03 16:40:00,PS04,1,1036.6,1.23
2026-06-03 16:45:00,PS04,1,1091.2,1.24
2026-06-03 16:50:00,PS04,1,1032.7,1.21
2026-06-03 16:55:00,PS04,1,1097.9,1.24
2026-06-03 17:00:00,PS04,1,1193.3,1.28
2026-06-03 17:05:00,PS04,1,1107.4,1.18
2026-06-03 17:10:00,PS04,1,1125.7,1.21
2026-06-03 17:15:00,PS04,1,1110.4,1.23
2026-06-03 17:20:00,PS04,1,1059.2,1.3
2026-06-03 17:25:00,PS04,1,1039.5,1.23
2026-06-03 17:30:00,PS04,1,1080.1,1.14
2026-06-03 17:35:00,PS04,1,1112.6,1.36
2026-06-03 17:40:00,PS04,1,1145.5,1.23
2026-06-03 17:45:00,PS04,1,1136.5,1.24
2026-06-03 17:50:00,PS04,1,1115.0,1.21
2026-06-03 17:55:00,PS04,1,1084.0,1.25
2026-06-03 18:00:00,PS04,1,1066.7,1.25
2026-06-03 18:05:00,PS04,1,1153.8,1.27
2026-06-03 18:10:00,PS04,1,1180.3,1.23
2026-06-03 18:15:00,PS04,1,1133.7,1.11
2026-06-03 18:20:00,PS04,1,1038.1,1.2
2026-06-03 18:25:00,PS04,1,1163.1,1.21
2026-06-03 18:30:00,PS04,1,1126.2,1.19
2026-06-03 18:35:00,PS04,1,1137.7,1.16
2026-06-03 18:40:00,PS04,1,1144.5,1.18
2026-06-03 18:45:00,PS04,1,1103.2,1.26
2026-06-03 18:50:00,PS04,1,1111.8,1.22
2026-06-03 18:55:00,PS04,1,1076.2,1.16
2026-06-03 19:00:00,PS04,1,1132.7,1.13
2026-06-03 19:05:00,PS04,1,1109.0,1.12
2026-06-03 19:10:00,PS04,1,1081.7,1.22
2026-06-03 19:15:00,PS04,1,1061.5,1.12
2026-06-03 19:20:00,PS04,1,1133.0,1.2
2026-06-03 19:25:00,PS04,1,1100.8,1.25
2026-06-03 19:30:00,PS04,1,1056.7,1.24
2026-06-03 19:35:00,PS04,1,1160.3,1.19
2026-06-03 19:40:00,PS04,1,1117.2,1.28
2026-06-03 19:45:00,PS04,1,1133.8,1.17
2026-06-03 19:50:00,PS04,1,1121.3,1.2
2026-06-03 19:55:00,PS04,1,1132.6,1.2
2026-06-03 20:00:00,PS04,1,1036.0,1.19
2026-06-03 20:05:00,PS04,1,1071.4,1.25
2026-06-03 20:10:00,PS04,0,0.0,1.24
2026-06-03 20:15:00,PS04,1,1163.7,1.1
2026-06-03 20:20:00,PS04,1,1029.1,1.14
2026-06-03 20:25:00,PS04,1,1152.0,1.23
2026-06-03 20:30:00,PS04,1,1060.9,1.13
2026-06-03 20:35:00,PS04,1,1170.2,1.14
2026-06-03 20:40:00,PS04,1,1089.7,1.23
2026-06-03 20:45:00,PS04,1,1073.8,1.23
2026-06-03 20:50:00,PS04,1,1072.4,1.23
2026-06-03 20:55:00,PS04,1,1143.1,1.11
2026-06-03 21:00:00,PS04,1,1142.5,1.18
2026-06-03 21:05:00,PS04,1,1128.1,1.17
2026-06-03 21:10:00,PS04,1,1191.2,1.15
2026-06-03 21:15:00,PS04,1,1075.5,1.09
2026-06-03 21:20:00,PS04,1,1130.5,1.24
2026-06-03 21:25:00,PS04,1,1099.4,1.16
2026-06-03 21:30:00,PS04,1,1122.1,1.11
2026-06-03 21:35:00,PS04,1,1046.4,1.19
2026-06-03 21:40:00,PS04,1,1184.7,1.15
2026-06-03 21:45:00,PS04,1,1177.0,1.21
2026-06-03 21:50:00,PS04,1,1192.1,1.14
2026-06-03 21:55:00,PS04,1,1152.8,1.14
2026-06-03 22:00:00,PS04,1,1146.5,1.16
2026-06-03 22:05:00,PS04,1,1029.5,1.19
2026-06-03 22:10:00,PS04,1,1099.5,1.1
2026-06-03 22:15:00,PS04,1,1026.5,1.08
2026-06-03 22:20:00,PS04,0,0.0,1.18
2026-06-03 22:25:00,PS04,0,0.0,1.16
2026-06-03 22:30:00,PS04,1,1031.0,1.16
2026-06-03 22:35:00,PS04,1,1127.7,1.15
2026-06-03 22:40:00,PS04,1,1136.2,1.15
2026-06-03 22:45:00,PS04,1,1196.5,1.21
2026-06-03 22:50:00,PS04,1,1138.2,1.15
2026-06-03 22:55:00,PS04,1,1165.4,1.13
2026-06-03 23:00:00,PS04,1,1159.6,1.08
2026-06-03 23:05:00,PS04,1,1149.9,1.12
2026-06-03 23:10:00,PS04,0,0.0,1.17
2026-06-03 23:15:00,PS04,0,0.0,1.17
2026-06-03 23:20:00,PS04,1,1155.6,1.05
2026-06-03 23:25:00,PS04,1,1180.8,1.18
2026-06-03 23:30:00,PS04,1,1049.4,1.12
2026-06-03 23:35:00,PS04,0,0.0,1.24
2026-06-03 23:40:00,PS04,0,0.0,1.18
2026-06-03 23:45:00,PS04,1,1062.5,1.12
2026-06-03 23:50:00,PS04,0,0.0,1.06
2026-06-03 23:55:00,PS04,1,1198.5,1.07
2026-06-01 00:00:00,PS05,1,855.3,1.41
2026-06-01 00:05:00,PS05,2,1606.3,1.41
2026-06-01 00:10:00,PS05,1,876.3,1.41
2026-06-01 00:15:00,PS05,1,855.2,1.46
2026-06-01 00:20:00,PS05,1,823.3,1.46
2026-06-01 00:25:00,PS05,1,767.9,1.46
2026-06-01 00:30:00,PS05,1,853.6,1.42
2026-06-01 00:35:00,PS05,1,870.7,1.52
2026-06-01 00:40:00,PS05,1,795.2,1.34
2026-06-01 00:45:00,PS05,1,781.1,1.37
2026-06-01 00:50:00,PS05,1,807.5,1.24
2026-06-01 00:55:00,PS05,1,859.8,1.42
2026-06-01 01:00:00,PS05,1,894.9,1.35
2026-06-01 01:05:00,PS05,1,818.0,1.39
2026-06-01 01:10:00,PS05,1,877.1,1.33
2026-06-01 01:15:00,PS05,1,867.7,1.36
2026-06-01 01:20:00,PS05,1,884.7,1.38
2026-06-01 01:25:00,PS05,1,854.6,1.35
2026-06-01 01:30:00,PS05,1,892.8,1.4
2026-06-01 01:35:00,PS05,1,888.8,1.35
2026-06-01 01:40:00,PS05,1,769.6,1.34
2026-06-01 01:45:00,PS05,1,834.7,1.41
2026-06-01 01:50:00,PS05,1,809.2,1.37
2026-06-01 01:55:00,PS05,1,879.3,1.27
2026-06-01 02:00:00,PS05,1,820.2,1.35
2026-06-01 02:05:00,PS05,1,888.3,1.31
2026-06-01 02:10:00,PS05,1,887.6,1.43
2026-06-01 02:15:00,PS05,1,814.2,1.32
2026-06-01 02:20:00,PS05,1,842.6,1.36
2026-06-01 02:25:00,PS05,1,768.7,1.39
2026-06-01 02:30:00,PS05,1,813.2,1.43
2026-06-01 02:35:00,PS05,1,853.8,1.34
2026-06-01 02:40:00,PS05,1,793.5,1.42
2026-06-01 02:45:00,PS05,1,786.4,1.39
2026-06-01 02:50:00,PS05,1,893.8,1.31
2026-06-01 02:55:00,PS05,1,843.8,1.43
2026-06-01 03:00:00,PS05,1,841.3,1.41
2026-06-01 03:05:00,PS05,1,875.8,1.37
2026-06-01 03:10:00,PS05,1,840.2,1.52
2026-06-01 03:15:00,PS05,1,852.2,1.39
2026-06-01 03:20:00,PS05,1,806.5,1.47
2026-06-01 03:25:00,PS05,1,816.0,1.49
2026-06-01 03:30:00,PS05,1,801.9,1.39
2026-06-01 03:35:00,PS05,1,845.8,1.45
2026-06-01 03:40:00,PS05,1,845.4,1.43
2026-06-01 03:45:00,PS05,1,787.3,1.49
2026-06-01 03:50:00,PS05,1,868.2,1.52
2026-06-01 03:55:00,PS05,2,1582.3,1.59
2026-06-01 04:00:00,PS05,1,857.5,1.46
2026-06-01 04:05:00,PS05,1,773.5,1.63
2026-06-01 04:10:00,PS05,1,889.0,1.56
2026-06-01 04:15:00,PS05,1,773.1,1.64
2026-06-01 04:20:00,PS05,1,773.7,1.56
2026-06-01 04:25:00,PS05,1,776.6,1.55
2026-06-01 04:30:00,PS05,1,826.3,1.51
2026-06-01 04:35:00,PS05,1,839.4,1.64
2026-06-01 04:40:00,PS05,1,785.4,1.55
2026-06-01 04:45:00,PS05,1,866.4,1.59
2026-06-01 04:50:00,PS05,1,781.7,1.61
2026-06-01 04:55:00,PS05,2,1783.2,1.62
2026-06-01 05:00:00,PS05,1,823.6,1.6
2026-06-01 05:05:00,PS05,2,1676.6,1.68
2026-06-01 05:10:00,PS05,1,868.4,1.61
2026-06-01 05:15:00,PS05,2,1754.1,1.62
2026-06-01 05:20:00,PS05,2,1745.2,1.71
2026-06-01 05:25:00,PS05,2,1620.9,1.72
2026-06-01 05:30:00,PS05,1,865.5,1.65
2026-06-01 05:35:00,PS05,2,1553.5,1.75
2026-06-01 05:40:00,PS05,2,1699.7,1.64
2026-06-01 05:45:00,PS05,2,1626.2,1.67
2026-06-01 05:50:00,PS05,2,1534.6,1.68
2026-06-01 05:55:00,PS05,1,871.8,1.66
2026-06-01 06:00:00,PS05,2,1767.4,1.7
2026-06-01 06:05:00,PS05,2,1564.3,1.72
2026-06-01 06:10:00,PS05,1,787.3,1.74
2026-06-01 06:15:00,PS05,2,1564.7,1.81
2026-06-01 06:20:00,PS05,1,900.0,1.69
2026-06-01 06:25:00,PS05,2,1545.1,1.66
2026-06-01 06:30:00,PS05,2,1717.7,1.65
2026-06-01 06:35:00,PS05,1,770.4,1.7
2026-06-01 06:40:00,PS05,2,1705.3,1.7
2026-06-01 06:45:00,PS05,2,1791.8,1.71
2026-06-01 06:50:00,PS05,1,788.3,1.7
2026-06-01 06:55:00,PS05,1,858.1,1.75
2026-06-01 07:00:00,PS05,1,859.8,1.68
2026-06-01 07:05:00,PS05,1,809.1,1.83
2026-06-01 07:10:00,PS05,2,1768.6,1.75
2026-06-01 07:15:00,PS05,1,859.1,1.8
2026-06-01 07:20:00,PS05,2,1587.8,1.69
2026-06-01 07:25:00,PS05,2,1568.4,1.73
2026-06-01 07:30:00,PS05,2,1757.6,1.78
2026-06-01 07:35:00,PS05,2,1539.4,1.77
2026-06-01 07:40:00,PS05,1,882.3,1.79
2026-06-01 07:45:00,PS05,2,1555.1,1.73
2026-06-01 07:50:00,PS05,2,1765.4,1.86
2026-06-01 07:55:00,PS05,2,1598.8,1.85
2026-06-01 08:00:00,PS05,2,1748.0,1.73
2026-06-01 08:05:00,PS05,1,899.9,1.77
2026-06-01 08:10:00,PS05,2,1605.9,1.76
2026-06-01 08:15:00,PS05,1,879.2,1.67
2026-06-01 08:20:00,PS05,2,1742.6,1.64
2026-06-01 08:25:00,PS05,1,871.3,1.63
2026-06-01 08:30:00,PS05,1,809.2,1.65
2026-06-01 08:35:00,PS05,2,1753.3,1.81
2026-06-01 08:40:00,PS05,1,892.7,1.67
2026-06-01 08:45:00,PS05,1,766.7,1.77
2026-06-01 08:50:00,PS05,1,874.0,1.66
2026-06-01 08:55:00,PS05,1,776.5,1.69
2026-06-01 09:00:00,PS05,2,1585.7,1.66
2026-06-01 09:05:00,PS05,2,1633.0,1.66
2026-06-01 09:10:00,PS05,2,1796.5,1.76
2026-06-01 09:15:00,PS05,2,1725.9,1.66
2026-06-01 09:20:00,PS05,2,1797.5,1.73
2026-06-01 09:25:00,PS05,1,817.7,1.66
2026-06-01 09:30:00,PS05,1,862.7,1.71
2026-06-01 09:35:00,PS05,1,855.3,1.69
2026-06-01 09:40:00,PS05,1,765.7,1.64
2026-06-01 09:45:00,PS05,1,777.6,1.54
2026-06-01 09:50:00,PS05,2,1533.6,1.67
2026-06-01 09:55:00,PS05,2,1656.8,1.74
2026-06-01 10:00:00,PS05,1,842.9,1.67
2026-06-01 10:05:00,PS05,1,770.6,1.64
2026-06-01 10:10:00,PS05,2,1597.0,1.65
2026-06-01 10:15:00,PS05,1,871.0,1.58
2026-06-01 10:20:00,PS05,2,1563.0,1.59
2026-06-01 10:25:00,PS05,1,857.6,1.59
2026-06-01 10:30:00,PS05,1,826.2,1.56
2026-06-01 10:35:00,PS05,1,775.9,1.62
2026-06-01 10:40:00,PS05,2,1728.5,1.67
2026-06-01 10:45:00,PS05,1,879.4,1.57
2026-06-01 10:50:00,PS05,2,1673.8,1.7
2026-06-01 10:55:00,PS05,2,1677.1,1.57
2026-06-01 11:00:00,PS05,1,772.5,1.66
2026-06-01 11:05:00,PS05,2,1787.1,1.55
2026-06-01 11:10:00,PS05,2,1767.1,1.58
2026-06-01 11:15:00,PS05,1,899.1,1.58
2026-06-01 11:20:00,PS05,2,1729.5,1.63
2026-06-01 11:25:00,PS05,1,849.0,1.58
2026-06-01 11:30:00,PS05,1,882.9,1.51
2026-06-01 11:35:00,PS05,1,891.5,1.61
2026-06-01 11:40:00,PS05,1,889.2,1.56
2026-06-01 11:45:00,PS05,1,769.9,1.67
2026-06-01 11:50:00,PS05,2,1738.7,1.49
2026-06-01 11:55:00,PS05,1,815.0,1.58
2026-06-01 12:00:00,PS05,1,874.8,1.49
2026-06-01 12:05:00,PS05,1,773.1,1.57
2026-06-01 12:10:00,PS05,1,835.5,1.59
2026-06-01 12:15:00,PS05,1,897.3,1.64
2026-06-01 12:20:00,PS05,2,1692.6,1.57
2026-06-01 12:25:00,PS05,1,772.5,1.53
2026-06-01 12:30:00,PS05,2,1789.2,1.59
2026-06-01 12:35:00,PS05,1,803.1,1.62
2026-06-01 12:40:00,PS05,1,890.4,1.45
2026-06-01 12:45:00,PS05,2,1591.9,1.6
2026-06-01 12:50:00,PS05,2,1662.3,1.53
2026-06-01 12:55:00,PS05,1,782.2,1.54
2026-06-01 13:00:00,PS05,1,883.9,1.55
2026-06-01 13:05:00,PS05,1,854.6,1.51
2026-06-01 13:10:00,PS05,1,779.8,1.46
2026-06-01 13:15:00,PS05,2,1758.1,1.59
2026-06-01 13:20:00,PS05,1,899.0,1.56
2026-06-01 13:25:00,PS05,1,893.6,1.6
2026-06-01 13:30:00,PS05,1,770.8,1.6
2026-06-01 13:35:00,PS05,2,1744.3,1.5
2026-06-01 13:40:00,PS05,1,889.9,1.57
2026-06-01 13:45:00,PS05,1,899.3,1.51
2026-06-01 13:50:00,PS05,1,892.3,1.47
2026-06-01 13:55:00,PS05,1,883.3,1.58
2026-06-01 14:00:00,PS05,2,1774.2,1.56
2026-06-01 14:05:00,PS05,1,794.0,1.62
2026-06-01 14:10:00,PS05,2,1788.1,1.6
2026-06-01 14:15:00,PS05,2,1737.7,1.52
2026-06-01 14:20:00,PS05,1,806.3,1.48
2026-06-01 14:25:00,PS05,2,1653.1,1.57
2026-06-01 14:30:00,PS05,2,1616.0,1.6
2026-06-01 14:35:00,PS05,1,858.4,1.6
2026-06-01 14:40:00,PS05,1,782.0,1.56
2026-06-01 14:45:00,PS05,1,806.7,1.69
2026-06-01 14:50:00,PS05,2,1725.3,1.65
2026-06-01 14:55:00,PS05,1,871.6,1.64
2026-06-01 15:00:00,PS05,1,832.3,1.65
2026-06-01 15:05:00,PS05,1,847.6,1.58
2026-06-01 15:10:00,PS05,1,865.9,1.67
2026-06-01 15:15:00,PS05,1,829.0,1.71
2026-06-01 15:20:00,PS05,2,1697.9,1.64
2026-06-01 15:25:00,PS05,2,1564.8,1.65
2026-06-01 15:30:00,PS05,1,893.9,1.53
2026-06-01 15:35:00,PS05,2,1588.0,1.62
2026-06-01 15:40:00,PS05,2,1651.7,1.69
2026-06-01 15:45:00,PS05,2,1775.4,1.66
2026-06-01 15:50:00,PS05,1,816.5,1.56
2026-06-01 15:55:00,PS05,2,1587.1,1.67
2026-06-01 16:00:00,PS05,2,1758.8,1.65
2026-06-01 16:05:00,PS05,1,780.6,1.69
2026-06-01 16:10:00,PS05,2,1751.2,1.68
2026-06-01 16:15:00,PS05,1,783.2,1.7
2026-06-01 16:20:00,PS05,1,768.7,1.67
2026-06-01 16:25:00,PS05,2,1586.3,1.71
2026-06-01 16:30:00,PS05,2,1618.2,1.67
2026-06-01 16:35:00,PS05,2,1639.4,1.73
2026-06-01 16:40:00,PS05,2,1746.1,1.7
2026-06-01 16:45:00,PS05,1,882.8,1.63
2026-06-01 16:50:00,PS05,2,1625.5,1.68
2026-06-01 16:55:00,PS05,2,1575.2,1.74
2026-06-01 17:00:00,PS05,2,1635.8,1.64
2026-06-01 17:05:00,PS05,2,1738.8,1.7
2026-06-01 17:10:00,PS05,2,1789.2,1.69
2026-06-01 17:15:00,PS05,2,1610.8,1.65
2026-06-01 17:20:00,PS05,1,769.4,1.7
2026-06-01 17:25:00,PS05,1,883.6,1.64
2026-06-01 17:30:00,PS05,1,809.8,1.72
2026-06-01 17:35:00,PS05,2,1703.6,1.65
2026-06-01 17:40:00,PS05,1,784.1,1.78
2026-06-01 17:45:00,PS05,1,826.4,1.82
2026-06-01 17:50:00,PS05,2,1646.1,1.76
2026-06-01 17:55:00,PS05,2,1693.4,1.82
2026-06-01 18:00:00,PS05,2,1696.7,1.81
2026-06-01 18:05:00,PS05,1,826.8,1.77
2026-06-01 18:10:00,PS05,2,1793.7,1.81
2026-06-01 18:15:00,PS05,2,1791.8,1.73
2026-06-01 18:20:00,PS05,1,793.1,1.7
2026-06-01 18:25:00,PS05,2,1650.7,1.84
2026-06-01 18:30:00,PS05,2,1651.7,1.74
2026-06-01 18:35:00,PS05,2,1641.6,1.75
2026-06-01 18:40:00,PS05,1,769.5,1.69
2026-06-01 18:45:00,PS05,2,1692.4,1.67
2026-06-01 18:50:00,PS05,2,1605.0,1.66
2026-06-01 18:55:00,PS05,1,766.5,1.64
2026-06-01 19:00:00,PS05,1,856.7,1.71
2026-06-01 19:05:00,PS05,2,1763.6,1.65
2026-06-01 19:10:00,PS05,2,1539.1,1.69
2026-06-01 19:15:00,PS05,2,1753.4,1.68
2026-06-01 19:20:00,PS05,2,1695.3,1.71
2026-06-01 19:25:00,PS05,2,1620.1,1.72
2026-06-01 19:30:00,PS05,1,844.4,1.81
2026-06-01 19:35:00,PS05,2,1667.7,1.73
2026-06-01 19:40:00,PS05,2,1704.2,1.69
2026-06-01 19:45:00,PS05,2,1670.1,1.72
2026-06-01 19:50:00,PS05,1,823.3,1.66
2026-06-01 19:55:00,PS05,2,1536.4,1.73
2026-06-01 20:00:00,PS05,2,1625.6,1.75
2026-06-01 20:05:00,PS05,2,1617.1,1.66
2026-06-01 20:10:00,PS05,2,1584.1,1.7
2026-06-01 20:15:00,PS05,1,803.7,1.71
2026-06-01 20:20:00,PS05,1,895.8,1.67
2026-06-01 20:25:00,PS05,2,1589.4,1.67
2026-06-01 20:30:00,PS05,2,1556.6,1.7
2026-06-01 20:35:00,PS05,2,1764.0,1.77
2026-06-01 20:40:00,PS05,2,1668.9,1.75
2026-06-01 20:45:00,PS05,2,1778.4,1.62
2026-06-01 20:50:00,PS05,2,1540.0,1.65
2026-06-01 20:55:00,PS05,2,1677.7,1.77
2026-06-01 21:00:00,PS05,2,1613.0,1.67
2026-06-01 21:05:00,PS05,2,1626.6,1.76
2026-06-01 21:10:00,PS05,1,865.2,1.76
2026-06-01 21:15:00,PS05,2,1730.6,1.59
2026-06-01 21:20:00,PS05,1,829.1,1.62
2026-06-01 21:25:00,PS05,2,1539.4,1.63
2026-06-01 21:30:00,PS05,2,1782.3,1.54
2026-06-01 21:35:00,PS05,2,1532.2,1.7
2026-06-01 21:40:00,PS05,1,836.2,1.64
2026-06-01 21:45:00,PS05,2,1584.4,1.55
2026-06-01 21:50:00,PS05,2,1663.7,1.62
2026-06-01 21:55:00,PS05,2,1551.2,1.56
2026-06-01 22:00:00,PS05,1,768.1,1.62
2026-06-01 22:05:00,PS05,1,879.2,1.46
2026-06-01 22:10:00,PS05,2,1588.8,1.61
2026-06-01 22:15:00,PS05,1,799.4,1.66
2026-06-01 22:20:00,PS05,1,767.5,1.53
2026-06-01 22:25:00,PS05,1,874.4,1.45
2026-06-01 22:30:00,PS05,2,1682.1,1.52
2026-06-01 22:35:00,PS05,1,874.3,1.52
2026-06-01 22:40:00,PS05,1,824.7,1.61
2026-06-01 22:45:00,PS05,2,1703.0,1.53
2026-06-01 22:50:00,PS05,1,836.2,1.52
2026-06-01 22:55:00,PS05,1,869.8,1.46
2026-06-01 23:00:00,PS05,1,811.1,1.49
2026-06-01 23:05:00,PS05,1,780.7,1.63
2026-06-01 23:10:00,PS05,1,796.6,1.52
2026-06-01 23:15:00,PS05,1,840.2,1.51
2026-06-01 23:20:00,PS05,1,802.5,1.35
2026-06-01 23:25:00,PS05,1,787.5,1.55
2026-06-01 23:30:00,PS05,1,884.7,1.51
2026-06-01 23:35:00,PS05,1,808.5,1.49
2026-06-01 23:40:00,PS05,2,1539.5,1.5
2026-06-01 23:45:00,PS05,1,842.6,1.49
2026-06-01 23:50:00,PS05,1,865.4,1.45
2026-06-01 23:55:00,PS05,1,788.1,1.43
2026-06-02 00:00:00,PS05,1,832.3,1.38
2026-06-02 00:05:00,PS05,1,779.2,1.43
2026-06-02 00:10:00,PS05,1,791.2,1.48
2026-06-02 00:15:00,PS05,1,799.9,1.41
2026-06-02 00:20:00,PS05,1,872.4,1.48
2026-06-02 00:25:00,PS05,1,789.5,1.36
2026-06-02 00:30:00,PS05,1,777.5,1.34
2026-06-02 00:35:00,PS05,1,815.0,1.39
2026-06-02 00:40:00,PS05,1,897.7,1.44
2026-06-02 00:45:00,PS05,1,837.8,1.31
2026-06-02 00:50:00,PS05,1,836.2,1.5
2026-06-02 00:55:00,PS05,1,872.2,1.49
2026-06-02 01:00:00,PS05,1,828.5,1.42
2026-06-02 01:05:00,PS05,1,862.2,1.35
2026-06-02 01:10:00,PS05,1,774.0,1.37
2026-06-02 01:15:00,PS05,1,802.4,1.35
2026-06-02 01:20:00,PS05,1,822.4,1.34
2026-06-02 01:25:00,PS05,1,809.9,1.35
2026-06-02 01:30:00,PS05,1,769.5,1.27
2026-06-02 01:35:00,PS05,1,831.7,1.39
2026-06-02 01:40:00,PS05,1,800.8,1.31
2026-06-02 01:45:00,PS05,1,825.4,1.33
2026-06-02 01:50:00,PS05,1,881.6,1.33
2026-06-02 01:55:00,PS05,1,780.9,1.4
2026-06-02 02:00:00,PS05,1,832.9,1.42
2026-06-02 02:05:00,PS05,1,815.0,1.33
2026-06-02 02:10:00,PS05,1,806.3,1.42
2026-06-02 02:15:00,PS05,1,818.1,1.35
2026-06-02 02:20:00,PS05,1,781.2,1.34
2026-06-02 02:25:00,PS05,1,841.9,1.43
2026-06-02 02:30:00,PS05,1,824.8,1.31
2026-06-02 02:35:00,PS05,1,885.2,1.36
2026-06-02 02:40:00,PS05,1,772.1,1.35
2026-06-02 02:45:00,PS05,1,859.5,1.38
2026-06-02 02:50:00,PS05,1,770.1,1.36
2026-06-02 02:55:00,PS05,1,827.9,1.33
2026-06-02 03:00:00,PS05,2,1624.5,1.43
2026-06-02 03:05:00,PS05,1,794.3,1.47
2026-06-02 03:10:00,PS05,1,898.0,1.49
2026-06-02 03:15:00,PS05,1,835.7,1.43
2026-06-02 03:20:00,PS05,1,888.4,1.42
2026-06-02 03:25:00,PS05,1,839.9,1.49
2026-06-02 03:30:00,PS05,1,894.9,1.5
2026-06-02 03:35:00,PS05,1,893.4,1.58
2026-06-02 03:40:00,PS05,1,774.2,1.54
2026-06-02 03:45:00,PS05,1,802.0,1.51
2026-06-02 03:50:00,PS05,1,887.7,1.51
2026-06-02 03:55:00,PS05,1,808.6,1.49
2026-06-02 04:00:00,PS05,1,830.5,1.54
2026-06-02 04:05:00,PS05,1,794.6,1.48
2026-06-02 04:10:00,PS05,1,877.7,1.53
2026-06-02 04:15:00,PS05,1,810.9,1.53
2026-06-02 04:20:00,PS05,1,844.3,1.54
2026-06-02 04:25:00,PS05,1,831.0,1.58
2026-06-02 04:30:00,PS05,1,851.8,1.63
2026-06-02 04:35:00,PS05,2,1706.4,1.58
2026-06-02 04:40:00,PS05,1,790.9,1.57
2026-06-02 04:45:00,PS05,2,1595.0,1.59
2026-06-02 04:50:00,PS05,2,1616.1,1.5
2026-06-02 04:55:00,PS05,2,1744.4,1.57
2026-06-02 05:00:00,PS05,1,820.8,1.73
2026-06-02 05:05:00,PS05,1,849.6,1.61
2026-06-02 05:10:00,PS05,2,1629.3,1.6
2026-06-02 05:15:00,PS05,1,765.2,1.66
2026-06-02 05:20:00,PS05,1,838.0,1.6
2026-06-02 05:25:00,PS05,1,813.6,1.66
2026-06-02 05:30:00,PS05,1,877.7,1.71
2026-06-02 05:35:00,PS05,1,877.3,1.65
2026-06-02 05:40:00,PS05,1,853.1,1.73
2026-06-02 05:45:00,PS05,1,778.5,1.63
2026-06-02 05:50:00,PS05,2,1705.5,1.73
2026-06-02 05:55:00,PS05,1,825.2,1.76
2026-06-02 06:00:00,PS05,1,893.3,1.68
2026-06-02 06:05:00,PS05,2,1669.5,1.75
2026-06-02 06:10:00,PS05,2,1601.1,1.71
2026-06-02 06:15:00,PS05,1,846.2,1.66
2026-06-02 06:20:00,PS05,2,1677.8,1.6
2026-06-02 06:25:00,PS05,2,1628.0,1.73
2026-06-02 06:30:00,PS05,1,858.8,1.74
2026-06-02 06:35:00,PS05,2,1665.0,1.82
2026-06-02 06:40:00,PS05,2,1652.2,1.74
2026-06-02 06:45:00,PS05,1,895.6,1.71
2026-06-02 06:50:00,PS05,2,1674.0,1.75
2026-06-02 06:55:00,PS05,1,831.9,1.69
2026-06-02 07:00:00,PS05,2,1749.5,1.79
2026-06-02 07:05:00,PS05,2,1731.2,1.82
2026-06-02 07:10:00,PS05,1,783.4,1.73
2026-06-02 07:15:00,PS05,2,1667.5,1.67
2026-06-02 07:20:00,PS05,1,808.7,1.77
2026-06-02 07:25:00,PS05,1,851.8,1.76
2026-06-02 07:30:00,PS05,2,1630.6,1.83
2026-06-02 07:35:00,PS05,2,1702.1,1.73
2026-06-02 07:40:00,PS05,2,1661.7,1.75
2026-06-02 07:45:00,PS05,2,1660.9,1.82
2026-06-02 07:50:00,PS05,2,1788.4,1.75
2026-06-02 07:55:00,PS05,1,887.8,1.78
2026-06-02 08:00:00,PS05,2,1795.9,1.7
2026-06-02 08:05:00,PS05,1,852.3,1.74
2026-06-02 08:10:00,PS05,2,1722.3,1.69
2026-06-02 08:15:00,PS05,2,1581.8,1.78
2026-06-02 08:20:00,PS05,2,1548.5,1.75
2026-06-02 08:25:00,PS05,1,797.3,1.7
2026-06-02 08:30:00,PS05,2,1622.7,1.74
2026-06-02 08:35:00,PS05,1,776.0,1.79
2026-06-02 08:40:00,PS05,1,824.0,1.63
2026-06-02 08:45:00,PS05,2,1642.0,1.71
2026-06-02 08:50:00,PS05,2,1694.8,1.69
2026-06-02 08:55:00,PS05,1,883.3,1.69
2026-06-02 09:00:00,PS05,1,886.6,1.65
2026-06-02 09:05:00,PS05,1,852.0,1.65
2026-06-02 09:10:00,PS05,1,887.4,1.68
2026-06-02 09:15:00,PS05,2,1589.9,1.74
2026-06-02 09:20:00,PS05,2,1678.1,1.67
2026-06-02 09:25:00,PS05,2,1771.0,1.69
2026-06-02 09:30:00,PS05,2,1782.7,1.72
2026-06-02 09:35:00,PS05,1,899.4,1.66
2026-06-02 09:40:00,PS05,2,1748.6,1.7
2026-06-02 09:45:00,PS05,2,1548.2,1.75
2026-06-02 09:50:00,PS05,1,871.4,1.68
2026-06-02 09:55:00,PS05,1,781.0,1.74
2026-06-02 10:00:00,PS05,1,874.5,1.64
2026-06-02 10:05:00,PS05,2,1574.1,1.68
2026-06-02 10:10:00,PS05,2,1728.3,1.66
2026-06-02 10:15:00,PS05,1,880.1,1.65
2026-06-02 10:20:00,PS05,2,1567.1,1.64
2026-06-02 10:25:00,PS05,2,1536.6,1.69
2026-06-02 10:30:00,PS05,1,867.9,1.62
2026-06-02 10:35:00,PS05,2,1684.3,1.66
2026-06-02 10:40:00,PS05,2,1624.0,1.54
2026-06-02 10:45:00,PS05,1,817.1,1.56
2026-06-02 10:50:00,PS05,2,1554.4,1.57
2026-06-02 10:55:00,PS05,2,1734.2,1.63
2026-06-02 11:00:00,PS05,1,886.4,1.6
2026-06-02 11:05:00,PS05,1,788.1,1.68
2026-06-02 11:10:00,PS05,2,1679.5,1.64
2026-06-02 11:15:00,PS05,1,868.1,1.59
2026-06-02 11:20:00,PS05,1,807.9,1.72
2026-06-02 11:25:00,PS05,1,892.4,1.6
2026-06-02 11:30:00,PS05,1,805.3,1.48
2026-06-02 11:35:00,PS05,2,1794.2,1.51
2026-06-02 11:40:00,PS05,2,1558.9,1.6
2026-06-02 11:45:00,PS05,2,1545.1,1.51
2026-06-02 11:50:00,PS05,2,1662.0,1.62
2026-06-02 11:55:00,PS05,1,768.1,1.57
2026-06-02 12:00:00,PS05,1,872.0,1.7
2026-06-02 12:05:00,PS05,1,863.2,1.53
2026-06-02 12:10:00,PS05,1,766.3,1.64
2026-06-02 12:15:00,PS05,1,777.1,1.59
2026-06-02 12:20:00,PS05,2,1653.5,1.54
2026-06-02 12:25:00,PS05,1,896.2,1.63
2026-06-02 12:30:00,PS05,1,876.6,1.56
2026-06-02 12:35:00,PS05,1,813.5,1.53
2026-06-02 12:40:00,PS05,1,807.3,1.55
2026-06-02 12:45:00,PS05,1,863.3,1.52
2026-06-02 12:50:00,PS05,1,806.1,1.49
2026-06-02 12:55:00,PS05,2,1719.8,1.56
2026-06-02 13:00:00,PS05,1,770.7,1.47
2026-06-02 13:05:00,PS05,2,1752.7,1.54
2026-06-02 13:10:00,PS05,1,790.0,1.54
2026-06-02 13:15:00,PS05,1,814.1,1.56
2026-06-02 13:20:00,PS05,2,1722.8,1.5
2026-06-02 13:25:00,PS05,1,794.5,1.59
2026-06-02 13:30:00,PS05,2,1799.3,1.48
2026-06-02 13:35:00,PS05,2,1622.8,1.53
2026-06-02 13:40:00,PS05,1,841.1,1.57
2026-06-02 13:45:00,PS05,1,881.1,1.54
2026-06-02 13:50:00,PS05,1,896.4,1.63
2026-06-02 13:55:00,PS05,2,1774.2,1.52
2026-06-02 14:00:00,PS05,1,888.3,1.69
2026-06-02 14:05:00,PS05,1,863.2,1.66
2026-06-02 14:10:00,PS05,1,778.6,1.45
2026-06-02 14:15:00,PS05,1,797.6,1.66
2026-06-02 14:20:00,PS05,1,856.3,1.54
2026-06-02 14:25:00,PS05,1,853.2,1.59
2026-06-02 14:30:00,PS05,1,850.7,1.57
2026-06-02 14:35:00,PS05,1,781.9,1.55
2026-06-02 14:40:00,PS05,1,800.1,1.59
2026-06-02 14:45:00,PS05,2,1699.0,1.66
2026-06-02 14:50:00,PS05,1,828.3,1.7
2026-06-02 14:55:00,PS05,1,850.7,1.56
2026-06-02 15:00:00,PS05,1,798.6,1.53
2026-06-02 15:05:00,PS05,2,1674.2,1.6
2026-06-02 15:10:00,PS05,1,768.7,1.58
2026-06-02 15:15:00,PS05,1,771.3,1.72
2026-06-02 15:20:00,PS05,1,806.0,1.56
2026-06-02 15:25:00,PS05,2,1533.3,1.53
2026-06-02 15:30:00,PS05,2,1638.8,1.59
2026-06-02 15:35:00,PS05,1,807.6,1.67
2026-06-02 15:40:00,PS05,1,832.3,1.62
2026-06-02 15:45:00,PS05,2,1555.4,1.68
2026-06-02 15:50:00,PS05,2,1651.7,1.7
2026-06-02 15:55:00,PS05,1,787.7,1.6
2026-06-02 16:00:00,PS05,1,823.9,1.68
2026-06-02 16:05:00,PS05,2,1583.8,1.68
2026-06-02 16:10:00,PS05,1,854.4,1.73
2026-06-02 16:15:00,PS05,1,791.4,1.66
2026-06-02 16:20:00,PS05,2,1539.2,1.75
2026-06-02 16:25:00,PS05,1,897.4,1.66
2026-06-02 16:30:00,PS05,1,858.8,1.68
2026-06-02 16:35:00,PS05,1,869.7,1.74
2026-06-02 16:40:00,PS05,1,771.9,1.53
2026-06-02 16:45:00,PS05,1,854.0,1.73
2026-06-02 16:50:00,PS05,2,1673.4,1.64
2026-06-02 16:55:00,PS05,1,889.2,1.65
2026-06-02 17:00:00,PS05,2,1718.0,1.75
2026-06-02 17:05:00,PS05,1,792.8,1.68
2026-06-02 17:10:00,PS05,2,1573.5,1.7
2026-06-02 17:15:00,PS05,2,1591.2,1.73
2026-06-02 17:20:00,PS05,2,1694.1,1.74
2026-06-02 17:25:00,PS05,2,1650.0,1.66
2026-06-02 17:30:00,PS05,2,1788.4,1.78
2026-06-02 17:35:00,PS05,1,866.5,1.71
2026-06-02 17:40:00,PS05,1,781.1,1.64
2026-06-02 17:45:00,PS05,2,1786.6,1.74
2026-06-02 17:50:00,PS05,2,1734.5,1.76
2026-06-02 17:55:00,PS05,2,1537.5,1.69
2026-06-02 18:00:00,PS05,2,1773.7,1.63
2026-06-02 18:05:00,PS05,2,1707.2,1.63
2026-06-02 18:10:00,PS05,2,1629.4,1.68
2026-06-02 18:15:00,PS05,2,1545.1,1.71
2026-06-02 18:20:00,PS05,1,873.5,1.78
2026-06-02 18:25:00,PS05,2,1587.5,1.67
2026-06-02 18:30:00,PS05,1,828.6,1.68
2026-06-02 18:35:00,PS05,1,894.0,1.62
2026-06-02 18:40:00,PS05,2,1735.2,1.72
2026-06-02 18:45:00,PS05,2,1680.1,1.82
2026-06-02 18:50:00,PS05,1,816.0,1.76
2026-06-02 18:55:00,PS05,1,854.1,1.69
2026-06-02 19:00:00,PS05,2,1692.2,1.68
2026-06-02 19:05:00,PS05,1,798.1,1.67
2026-06-02 19:10:00,PS05,2,1746.4,1.71
2026-06-02 19:15:00,PS05,2,1562.2,1.71
2026-06-02 19:20:00,PS05,1,793.6,1.69
2026-06-02 19:25:00,PS05,1,784.4,1.73
2026-06-02 19:30:00,PS05,2,1694.2,1.68
2026-06-02 19:35:00,PS05,2,1539.8,1.69
2026-06-02 19:40:00,PS05,2,1788.4,1.74
2026-06-02 19:45:00,PS05,1,849.3,1.82
2026-06-02 19:50:00,PS05,2,1773.1,1.71
2026-06-02 19:55:00,PS05,1,781.6,1.69
2026-06-02 20:00:00,PS05,2,1586.7,1.73
2026-06-02 20:05:00,PS05,1,866.8,1.78
2026-06-02 20:10:00,PS05,1,879.0,1.65
2026-06-02 20:15:00,PS05,2,1602.6,1.74
2026-06-02 20:20:00,PS05,1,862.6,1.68
2026-06-02 20:25:00,PS05,2,1758.0,1.56
2026-06-02 20:30:00,PS05,1,805.7,1.62
2026-06-02 20:35:00,PS05,1,812.2,1.62
2026-06-02 20:40:00,PS05,1,820.1,1.7
2026-06-02 20:45:00,PS05,1,867.7,1.68
2026-06-02 20:50:00,PS05,2,1626.0,1.68
2026-06-02 20:55:00,PS05,1,779.4,1.64
2026-06-02 21:00:00,PS05,1,840.6,1.73
2026-06-02 21:05:00,PS05,1,772.3,1.64
2026-06-02 21:10:00,PS05,2,1680.7,1.61
2026-06-02 21:15:00,PS05,1,805.3,1.67
2026-06-02 21:20:00,PS05,1,858.0,1.62
2026-06-02 21:25:00,PS05,1,789.8,1.69
2026-06-02 21:30:00,PS05,2,1731.9,1.6
2026-06-02 21:35:00,PS05,1,890.3,1.63
2026-06-02 21:40:00,PS05,1,865.3,1.71
2026-06-02 21:45:00,PS05,1,805.6,1.56
2026-06-02 21:50:00,PS05,1,838.4,1.67
2026-06-02 21:55:00,PS05,2,1756.5,1.53
2026-06-02 22:00:00,PS05,1,871.4,1.69
2026-06-02 22:05:00,PS05,1,772.5,1.56
2026-06-02 22:10:00,PS05,1,773.3,1.65
2026-06-02 22:15:00,PS05,2,1559.9,1.59
2026-06-02 22:20:00,PS05,1,827.0,1.59
2026-06-02 22:25:00,PS05,2,1578.7,1.53
2026-06-02 22:30:00,PS05,1,859.6,1.53
2026-06-02 22:35:00,PS05,1,886.2,1.56
2026-06-02 22:40:00,PS05,1,768.0,1.5
2026-06-02 22:45:00,PS05,1,865.4,1.49
2026-06-02 22:50:00,PS05,1,770.1,1.46
2026-06-02 22:55:00,PS05,1,775.5,1.54
2026-06-02 23:00:00,PS05,1,823.5,1.43
2026-06-02 23:05:00,PS05,1,899.9,1.52
2026-06-02 23:10:00,PS05,1,805.1,1.44
2026-06-02 23:15:00,PS05,1,834.1,1.46
2026-06-02 23:20:00,PS05,1,897.0,1.41
2026-06-02 23:25:00,PS05,1,850.0,1.54
2026-06-02 23:30:00,PS05,1,814.1,1.52
2026-06-02 23:35:00,PS05,1,809.2,1.48
2026-06-02 23:40:00,PS05,2,1606.1,1.48
2026-06-02 23:45:00,PS05,1,776.1,1.49
2026-06-02 23:50:00,PS05,1,779.0,1.44
2026-06-02 23:55:00,PS05,1,863.6,1.52
2026-06-03 00:00:00,PS05,1,840.1,1.41
2026-06-03 00:05:00,PS05,1,782.4,1.44
2026-06-03 00:10:00,PS05,1,819.4,1.34
2026-06-03 00:15:00,PS05,1,796.6,1.5
2026-06-03 00:20:00,PS05,1,821.6,1.39
2026-06-03 00:25:00,PS05,1,849.2,1.43
2026-06-03 00:30:00,PS05,1,781.7,1.38
2026-06-03 00:35:00,PS05,1,862.1,1.41
2026-06-03 00:40:00,PS05,1,770.3,1.34
2026-06-03 00:45:00,PS05,1,766.4,1.37
2026-06-03 00:50:00,PS05,1,879.4,1.32
2026-06-03 00:55:00,PS05,1,861.2,1.37
2026-06-03 01:00:00,PS05,1,776.3,1.34
2026-06-03 01:05:00,PS05,0,0.0,1.47
2026-06-03 01:10:00,PS05,1,876.8,1.32
2026-06-03 01:15:00,PS05,1,777.1,1.33
2026-06-03 01:20:00,PS05,1,865.5,1.42
2026-06-03 01:25:00,PS05,1,849.3,1.31
2026-06-03 01:30:00,PS05,1,878.5,1.35
2026-06-03 01:35:00,PS05,1,826.2,1.4
2026-06-03 01:40:00,PS05,1,843.0,1.39
2026-06-03 01:45:00,PS05,1,783.6,1.37
2026-06-03 01:50:00,PS05,1,884.4,1.37
2026-06-03 01:55:00,PS05,1,813.7,1.41
2026-06-03 02:00:00,PS05,1,795.6,1.43
2026-06-03 02:05:00,PS05,1,769.0,1.37
2026-06-03 02:10:00,PS05,1,826.2,1.38
2026-06-03 02:15:00,PS05,1,765.2,1.35
2026-06-03 02:20:00,PS05,1,848.4,1.44
2026-06-03 02:25:00,PS05,1,864.7,1.43
2026-06-03 02:30:00,PS05,1,780.1,1.38
2026-06-03 02:35:00,PS05,1,827.9,1.36
2026-06-03 02:40:00,PS05,1,827.1,1.5
2026-06-03 02:45:00,PS05,1,783.4,1.37
2026-06-03 02:50:00,PS05,1,833.8,1.4
2026-06-03 02:55:00,PS05,1,853.9,1.34
2026-06-03 03:00:00,PS05,1,859.9,1.48
2026-06-03 03:05:00,PS05,1,782.3,1.39
2026-06-03 03:10:00,PS05,1,863.3,1.45
2026-06-03 03:15:00,PS05,1,854.5,1.46
2026-06-03 03:20:00,PS05,1,785.4,1.58
2026-06-03 03:25:00,PS05,1,791.7,1.57
2026-06-03 03:30:00,PS05,1,808.6,1.46
2026-06-03 03:35:00,PS05,1,864.1,1.42
2026-06-03 03:40:00,PS05,1,809.3,1.48
2026-06-03 03:45:00,PS05,1,867.1,1.49
2026-06-03 03:50:00,PS05,1,855.5,1.57
2026-06-03 03:55:00,PS05,1,863.7,1.61
2026-06-03 04:00:00,PS05,1,775.0,1.55
2026-06-03 04:05:00,PS05,1,824.8,1.6
2026-06-03 04:10:00,PS05,1,788.1,1.65
2026-06-03 04:15:00,PS05,1,775.6,1.59
2026-06-03 04:20:00,PS05,1,804.7,1.51
2026-06-03 04:25:00,PS05,1,851.6,1.54
2026-06-03 04:30:00,PS05,1,862.9,1.57
2026-06-03 04:35:00,PS05,1,887.3,1.58
2026-06-03 04:40:00,PS05,2,1724.3,1.58
2026-06-03 04:45:00,PS05,1,776.4,1.51
2026-06-03 04:50:00,PS05,1,860.5,1.52
2026-06-03 04:55:00,PS05,1,776.4,1.63
2026-06-03 05:00:00,PS05,1,877.0,1.59
2026-06-03 05:05:00,PS05,1,770.1,1.71
2026-06-03 05:10:00,PS05,2,1678.6,1.6
2026-06-03 05:15:00,PS05,1,875.7,1.66
2026-06-03 05:20:00,PS05,2,1628.2,1.65
2026-06-03 05:25:00,PS05,1,821.2,1.55
2026-06-03 05:30:00,PS05,2,1707.7,1.69
2026-06-03 05:35:00,PS05,2,1617.0,1.69
2026-06-03 05:40:00,PS05,2,1785.5,1.7
2026-06-03 05:45:00,PS05,2,1583.5,1.68
2026-06-03 05:50:00,PS05,1,770.0,1.74
2026-06-03 05:55:00,PS05,1,891.9,1.7
2026-06-03 06:00:00,PS05,2,1654.6,1.76
2026-06-03 06:05:00,PS05,2,1748.6,1.68
2026-06-03 06:10:00,PS05,1,855.7,1.76
2026-06-03 06:15:00,PS05,1,870.7,1.79
2026-06-03 06:20:00,PS05,2,1625.4,1.65
2026-06-03 06:25:00,PS05,2,1785.6,1.78
2026-06-03 06:30:00,PS05,1,800.8,1.75
2026-06-03 06:35:00,PS05,1,849.2,1.78
2026-06-03 06:40:00,PS05,2,1672.9,1.73
2026-06-03 06:45:00,PS05,2,1547.4,1.61
2026-06-03 06:50:00,PS05,2,1749.8,1.86
2026-06-03 06:55:00,PS05,2,1554.7,1.67
2026-06-03 07:00:00,PS05,2,1737.8,1.83
2026-06-03 07:05:00,PS05,1,825.6,1.69
2026-06-03 07:10:00,PS05,2,1715.8,1.69
2026-06-03 07:15:00,PS05,2,1634.7,1.74
2026-06-03 07:20:00,PS05,2,1709.6,1.76
2026-06-03 07:25:00,PS05,2,1702.3,1.87
2026-06-03 07:30:00,PS05,2,1637.8,1.72
2026-06-03 07:35:00,PS05,2,1760.5,1.85
2026-06-03 07:40:00,PS05,2,1785.2,1.77
2026-06-03 07:45:00,PS05,2,1785.7,1.7
2026-06-03 07:50:00,PS05,2,1748.0,1.77
2026-06-03 07:55:00,PS05,2,1577.5,1.72
2026-06-03 08:00:00,PS05,2,1790.5,1.82
2026-06-03 08:05:00,PS05,2,1685.6,1.72
2026-06-03 08:10:00,PS05,2,1588.1,1.8
2026-06-03 08:15:00,PS05,2,1690.5,1.74
2026-06-03 08:20:00,PS05,1,846.6,1.65
2026-06-03 08:25:00,PS05,1,823.2,1.6
2026-06-03 08:30:00,PS05,2,1559.8,1.81
2026-06-03 08:35:00,PS05,2,1709.6,1.74
2026-06-03 08:40:00,PS05,1,787.8,1.72
2026-06-03 08:45:00,PS05,2,1600.6,1.76
2026-06-03 08:50:00,PS05,1,871.6,1.72
2026-06-03 08:55:00,PS05,1,854.9,1.72
2026-06-03 09:00:00,PS05,2,1570.7,1.66
2026-06-03 09:05:00,PS05,1,841.4,1.74
2026-06-03 09:10:00,PS05,2,1601.0,1.7
2026-06-03 09:15:00,PS05,1,862.4,1.72
2026-06-03 09:20:00,PS05,2,1624.4,1.68
2026-06-03 09:25:00,PS05,2,1583.8,1.67
2026-06-03 09:30:00,PS05,1,810.8,1.58
2026-06-03 09:35:00,PS05,2,1767.2,1.73
2026-06-03 09:40:00,PS05,2,1542.9,1.64
2026-06-03 09:45:00,PS05,2,1727.5,1.54
2026-06-03 09:50:00,PS05,1,891.0,1.64
2026-06-03 09:55:00,PS05,2,1599.3,1.66
2026-06-03 10:00:00,PS05,2,1573.9,1.72
2026-06-03 10:05:00,PS05,1,891.7,1.53
2026-06-03 10:10:00,PS05,2,1639.9,1.7
2026-06-03 10:15:00,PS05,1,792.9,1.65
2026-06-03 10:20:00,PS05,2,1615.2,1.65
2026-06-03 10:25:00,PS05,1,834.8,1.67
2026-06-03 10:30:00,PS05,1,821.3,1.62
2026-06-03 10:35:00,PS05,2,1673.1,1.56
2026-06-03 10:40:00,PS05,1,817.3,1.69
2026-06-03 10:45:00,PS05,2,1673.2,1.67
2026-06-03 10:50:00,PS05,1,886.9,1.52
2026-06-03 10:55:00,PS05,2,1751.2,1.62
2026-06-03 11:00:00,PS05,2,1690.8,1.6
2026-06-03 11:05:00,PS05,1,821.9,1.63
2026-06-03 11:10:00,PS05,1,879.5,1.58
2026-06-03 11:15:00,PS05,1,812.8,1.67
2026-06-03 11:20:00,PS05,1,883.8,1.5
2026-06-03 11:25:00,PS05,2,1580.9,1.6
2026-06-03 11:30:00,PS05,1,801.5,1.56
2026-06-03 11:35:00,PS05,2,1692.1,1.59
2026-06-03 11:40:00,PS05,1,859.3,1.48
2026-06-03 11:45:00,PS05,1,889.2,1.63
2026-06-03 11:50:00,PS05,1,822.3,1.5
2026-06-03 11:55:00,PS05,2,1641.0,1.61
2026-06-03 12:00:00,PS05,1,774.1,1.52
2026-06-03 12:05:00,PS05,1,856.6,1.53
2026-06-03 12:10:00,PS05,1,871.0,1.62
2026-06-03 12:15:00,PS05,1,766.3,1.66
2026-06-03 12:20:00,PS05,1,851.5,1.48
2026-06-03 12:25:00,PS05,1,805.3,1.55
2026-06-03 12:30:00,PS05,2,1732.3,1.58
2026-06-03 12:35:00,PS05,2,1549.2,1.56
2026-06-03 12:40:00,PS05,1,831.4,1.62
2026-06-03 12:45:00,PS05,1,882.7,1.62
2026-06-03 12:50:00,PS05,2,1794.9,1.52
2026-06-03 12:55:00,PS05,1,862.3,1.53
2026-06-03 13:00:00,PS05,2,1552.9,1.6
2026-06-03 13:05:00,PS05,1,838.2,1.49
2026-06-03 13:10:00,PS05,1,836.3,1.61
2026-06-03 13:15:00,PS05,1,831.0,1.56
2026-06-03 13:20:00,PS05,2,1656.9,1.56
2026-06-03 13:25:00,PS05,2,1535.7,1.62
2026-06-03 13:30:00,PS05,1,857.7,1.55
2026-06-03 13:35:00,PS05,1,846.1,1.76
2026-06-03 13:40:00,PS05,1,839.0,1.55
2026-06-03 13:45:00,PS05,1,861.5,1.52
2026-06-03 13:50:00,PS05,1,839.6,1.69
2026-06-03 13:55:00,PS05,1,822.6,1.58
2026-06-03 14:00:00,PS05,1,810.1,1.51
2026-06-03 14:05:00,PS05,2,1636.8,1.55
2026-06-03 14:10:00,PS05,1,835.0,1.68
2026-06-03 14:15:00,PS05,1,815.5,1.59
2026-06-03 14:20:00,PS05,1,824.5,1.52
2026-06-03 14:25:00,PS05,1,851.2,1.66
2026-06-03 14:30:00,PS05,2,1679.7,1.62
2026-06-03 14:35:00,PS05,1,823.9,1.65
2026-06-03 14:40:00,PS05,1,882.6,1.52
2026-06-03 14:45:00,PS05,1,811.3,1.56
2026-06-03 14:50:00,PS05,1,801.2,1.53
2026-06-03 14:55:00,PS05,1,810.9,1.55
2026-06-03 15:00:00,PS05,1,849.4,1.67
2026-06-03 15:05:00,PS05,1,766.1,1.52
2026-06-03 15:10:00,PS05,1,814.1,1.57
2026-06-03 15:15:00,PS05,1,770.9,1.5
2026-06-03 15:20:00,PS05,1,871.4,1.67
2026-06-03 15:25:00,PS05,2,1629.6,1.7
2026-06-03 15:30:00,PS05,2,1574.1,1.65
2026-06-03 15:35:00,PS05,2,1664.1,1.66
2026-06-03 15:40:00,PS05,2,1628.5,1.65
2026-06-03 15:45:00,PS05,2,1780.3,1.66
2026-06-03 15:50:00,PS05,1,855.3,1.69
2026-06-03 15:55:00,PS05,2,1658.9,1.62
2026-06-03 16:00:00,PS05,2,1791.5,1.68
2026-06-03 16:05:00,PS05,2,1727.3,1.7
2026-06-03 16:10:00,PS05,2,1582.6,1.64
2026-06-03 16:15:00,PS05,2,1655.4,1.63
2026-06-03 16:20:00,PS05,1,832.6,1.58
2026-06-03 16:25:00,PS05,2,1777.0,1.73
2026-06-03 16:30:00,PS05,1,840.1,1.68
2026-06-03 16:35:00,PS05,2,1715.3,1.69
2026-06-03 16:40:00,PS05,1,787.1,1.74
2026-06-03 16:45:00,PS05,1,819.7,1.73
2026-06-03 16:50:00,PS05,1,789.5,1.65
2026-06-03 16:55:00,PS05,2,1651.4,1.64
2026-06-03 17:00:00,PS05,1,882.5,1.64
2026-06-03 17:05:00,PS05,2,1760.7,1.73
2026-06-03 17:10:00,PS05,2,1570.8,1.62
2026-06-03 17:15:00,PS05,2,1641.9,1.77
2026-06-03 17:20:00,PS05,1,893.6,1.7
2026-06-03 17:25:00,PS05,1,782.2,1.71
2026-06-03 17:30:00,PS05,1,786.3,1.69
2026-06-03 17:35:00,PS05,2,1554.9,1.64
2026-06-03 17:40:00,PS05,2,1670.8,1.69
2026-06-03 17:45:00,PS05,2,1799.2,1.75
2026-06-03 17:50:00,PS05,2,1769.7,1.74
2026-06-03 17:55:00,PS05,2,1590.7,1.7
2026-06-03 18:00:00,PS05,2,1747.9,1.68
2026-06-03 18:05:00,PS05,2,1537.4,1.75
2026-06-03 18:10:00,PS05,2,1692.3,1.85
2026-06-03 18:15:00,PS05,1,882.8,1.75
2026-06-03 18:20:00,PS05,2,1625.6,1.62
2026-06-03 18:25:00,PS05,2,1634.7,1.85
2026-06-03 18:30:00,PS05,2,1706.2,1.8
2026-06-03 18:35:00,PS05,2,1765.9,1.71
2026-06-03 18:40:00,PS05,2,1676.5,1.68
2026-06-03 18:45:00,PS05,2,1783.6,1.8
2026-06-03 18:50:00,PS05,1,844.2,1.69
2026-06-03 18:55:00,PS05,2,1622.9,1.7
2026-06-03 19:00:00,PS05,2,1757.8,1.78
2026-06-03 19:05:00,PS05,2,1750.2,1.73
2026-06-03 19:10:00,PS05,2,1704.3,1.65
2026-06-03 19:15:00,PS05,2,1567.1,1.72
2026-06-03 19:20:00,PS05,1,765.3,1.68
2026-06-03 19:25:00,PS05,1,772.0,1.64
2026-06-03 19:30:00,PS05,2,1598.0,1.68
2026-06-03 19:35:00,PS05,2,1594.3,1.82
2026-06-03 19:40:00,PS05,1,848.4,1.78
2026-06-03 19:45:00,PS05,1,823.2,1.64
2026-06-03 19:50:00,PS05,2,1537.0,1.68
2026-06-03 19:55:00,PS05,1,881.9,1.69
2026-06-03 20:00:00,PS05,2,1690.3,1.6
2026-06-03 20:05:00,PS05,2,1635.9,1.75
2026-06-03 20:10:00,PS05,2,1634.3,1.72
2026-06-03 20:15:00,PS05,1,779.3,1.73
2026-06-03 20:20:00,PS05,1,834.0,1.71
2026-06-03 20:25:00,PS05,2,1797.5,1.73
2026-06-03 20:30:00,PS05,2,1670.8,1.69
2026-06-03 20:35:00,PS05,2,1534.0,1.59
2026-06-03 20:40:00,PS05,2,1697.3,1.66
2026-06-03 20:45:00,PS05,1,766.0,1.56
2026-06-03 20:50:00,PS05,2,1776.2,1.62
2026-06-03 20:55:00,PS05,2,1669.3,1.72
2026-06-03 21:00:00,PS05,1,858.2,1.68
2026-06-03 21:05:00,PS05,1,883.1,1.64
2026-06-03 21:10:00,PS05,2,1742.0,1.61
2026-06-03 21:15:00,PS05,2,1677.1,1.6
2026-06-03 21:20:00,PS05,1,819.5,1.64
2026-06-03 21:25:00,PS05,1,889.7,1.63
2026-06-03 21:30:00,PS05,1,768.1,1.64
2026-06-03 21:35:00,PS05,2,1639.7,1.71
2026-06-03 21:40:00,PS05,2,1664.8,1.69
2026-06-03 21:45:00,PS05,1,882.6,1.61
2026-06-03 21:50:00,PS05,1,787.3,1.56
2026-06-03 21:55:00,PS05,2,1718.8,1.58
2026-06-03 22:00:00,PS05,1,855.2,1.59
2026-06-03 22:05:00,PS05,1,894.5,1.5
2026-06-03 22:10:00,PS05,2,1764.5,1.6
2026-06-03 22:15:00,PS05,1,830.4,1.57
2026-06-03 22:20:00,PS05,1,777.4,1.5
2026-06-03 22:25:00,PS05,1,878.4,1.51
2026-06-03 22:30:00,PS05,1,798.4,1.53
2026-06-03 22:35:00,PS05,2,1733.6,1.47
2026-06-03 22:40:00,PS05,1,840.9,1.49
2026-06-03 22:45:00,PS05,2,1543.0,1.61
2026-06-03 22:50:00,PS05,2,1530.7,1.45
2026-06-03 22:55:00,PS05,1,782.2,1.63
2026-06-03 23:00:00,PS05,1,801.9,1.45
2026-06-03 23:05:00,PS05,1,802.0,1.44
2026-06-03 23:10:00,PS05,1,794.9,1.44
2026-06-03 23:15:00,PS05,1,882.4,1.46
2026-06-03 23:20:00,PS05,1,837.0,1.31
2026-06-03 23:25:00,PS05,1,780.8,1.55
2026-06-03 23:30:00,PS05,1,779.0,1.45
2026-06-03 23:35:00,PS05,1,844.8,1.51
2026-06-03 23:40:00,PS05,1,855.9,1.56
2026-06-03 23:45:00,PS05,1,861.3,1.44
2026-06-03 23:50:00,PS05,1,853.2,1.45
2026-06-03 23:55:00,PS05,1,850.6,1.4
2026-06-01 00:00:00,PS06,1,571.3,1.47
2026-06-01 00:05:00,PS06,1,549.9,1.51
2026-06-01 00:10:00,PS06,1,543.5,1.35
2026-06-01 00:15:00,PS06,2,1180.5,1.62
2026-06-01 00:20:00,PS06,1,538.5,1.52
2026-06-01 00:25:00,PS06,1,550.3,1.5
2026-06-01 00:30:00,PS06,1,546.3,1.5
2026-06-01 00:35:00,PS06,1,597.4,1.54
2026-06-01 00:40:00,PS06,1,589.0,1.5
2026-06-01 00:45:00,PS06,1,572.7,1.5
2026-06-01 00:50:00,PS06,1,562.8,1.5
2026-06-01 00:55:00,PS06,1,555.0,1.57
2026-06-01 01:00:00,PS06,1,519.4,1.43
2026-06-01 01:05:00,PS06,1,590.8,1.4
2026-06-01 01:10:00,PS06,1,597.9,1.4
2026-06-01 01:15:00,PS06,1,576.8,1.47
2026-06-01 01:20:00,PS06,1,535.7,1.35
2026-06-01 01:25:00,PS06,1,545.2,1.36
2026-06-01 01:30:00,PS06,1,583.1,1.45
2026-06-01 01:35:00,PS06,1,585.2,1.41
2026-06-01 01:40:00,PS06,1,537.5,1.43
2026-06-01 01:45:00,PS06,1,571.2,1.5
2026-06-01 01:50:00,PS06,1,594.9,1.48
2026-06-01 01:55:00,PS06,1,576.2,1.43
2026-06-01 02:00:00,PS06,1,546.7,1.36
2026-06-01 02:05:00,PS06,1,555.2,1.43
2026-06-01 02:10:00,PS06,1,579.1,1.38
2026-06-01 02:15:00,PS06,1,512.7,1.41
2026-06-01 02:20:00,PS06,1,588.6,1.35
2026-06-01 02:25:00,PS06,1,523.3,1.43
2026-06-01 02:30:00,PS06,1,590.0,1.39
2026-06-01 02:35:00,PS06,1,599.4,1.36
2026-06-01 02:40:00,PS06,1,514.6,1.32
2026-06-01 02:45:00,PS06,1,596.6,1.49
2026-06-01 02:50:00,PS06,1,530.4,1.36
2026-06-01 02:55:00,PS06,1,551.9,1.47
2026-06-01 03:00:00,PS06,1,517.4,1.4
2026-06-01 03:05:00,PS06,1,530.9,1.45
2026-06-01 03:10:00,PS06,1,532.0,1.44
2026-06-01 03:15:00,PS06,1,526.7,1.45
2026-06-01 03:20:00,PS06,1,586.1,1.43
2026-06-01 03:25:00,PS06,1,597.9,1.5
2026-06-01 03:30:00,PS06,1,537.5,1.37
2026-06-01 03:35:00,PS06,1,576.5,1.45
2026-06-01 03:40:00,PS06,1,523.7,1.46
2026-06-01 03:45:00,PS06,1,595.1,1.5
2026-06-01 03:50:00,PS06,1,572.8,1.46
2026-06-01 03:55:00,PS06,1,573.0,1.47
2026-06-01 04:00:00,PS06,1,532.2,1.52
2026-06-01 04:05:00,PS06,1,557.3,1.42
2026-06-01 04:10:00,PS06,1,546.6,1.58
2026-06-01 04:15:00,PS06,1,588.1,1.51
2026-06-01 04:20:00,PS06,2,1138.1,1.6
2026-06-01 04:25:00,PS06,1,535.2,1.63
2026-06-01 04:30:00,PS06,1,519.3,1.52
2026-06-01 04:35:00,PS06,2,1165.3,1.61
2026-06-01 04:40:00,PS06,1,515.9,1.57
2026-06-01 04:45:00,PS06,1,551.6,1.56
2026-06-01 04:50:00,PS06,1,568.3,1.6
2026-06-01 04:55:00,PS06,2,1128.2,1.67
2026-06-01 05:00:00,PS06,1,520.8,1.56
2026-06-01 05:05:00,PS06,1,568.3,1.52
2026-06-01 05:10:00,PS06,1,531.6,1.65
2026-06-01 05:15:00,PS06,1,560.1,1.73
2026-06-01 05:20:00,PS06,2,1064.7,1.64
2026-06-01 05:25:00,PS06,1,544.8,1.72
2026-06-01 05:30:00,PS06,2,1154.3,1.71
2026-06-01 05:35:00,PS06,2,1065.6,1.72
2026-06-01 05:40:00,PS06,2,1173.4,1.71
2026-06-01 05:45:00,PS06,2,1101.7,1.67
2026-06-01 05:50:00,PS06,2,1198.6,1.73
2026-06-01 05:55:00,PS06,2,1129.8,1.67
2026-06-01 06:00:00,PS06,2,1048.8,1.75
2026-06-01 06:05:00,PS06,2,1154.8,1.68
2026-06-01 06:10:00,PS06,2,1129.9,1.71
2026-06-01 06:15:00,PS06,2,1041.3,1.72
2026-06-01 06:20:00,PS06,2,1032.3,1.7
2026-06-01 06:25:00,PS06,2,1168.4,1.76
2026-06-01 06:30:00,PS06,2,1107.7,1.81
2026-06-01 06:35:00,PS06,2,1144.9,1.77
2026-06-01 06:40:00,PS06,2,1110.2,1.71
2026-06-01 06:45:00,PS06,2,1169.0,1.78
2026-06-01 06:50:00,PS06,2,1049.0,1.83
2026-06-01 06:55:00,PS06,2,1040.0,1.71
2026-06-01 07:00:00,PS06,2,1090.1,1.78
2026-06-01 07:05:00,PS06,2,1113.5,1.72
2026-06-01 07:10:00,PS06,2,1131.5,1.73
2026-06-01 07:15:00,PS06,2,1062.5,1.79
2026-06-01 07:20:00,PS06,2,1156.4,1.82
2026-06-01 07:25:00,PS06,2,1152.4,1.77
2026-06-01 07:30:00,PS06,2,1108.3,1.82
2026-06-01 07:35:00,PS06,2,1105.0,1.78
2026-06-01 07:40:00,PS06,2,1149.2,1.86
2026-06-01 07:45:00,PS06,2,1199.5,1.81
2026-06-01 07:50:00,PS06,2,1088.1,1.72
2026-06-01 07:55:00,PS06,1,534.7,1.92
2026-06-01 08:00:00,PS06,2,1106.5,1.8
2026-06-01 08:05:00,PS06,2,1064.2,1.8
2026-06-01 08:10:00,PS06,2,1030.8,1.87
2026-06-01 08:15:00,PS06,1,595.8,1.76
2026-06-01 08:20:00,PS06,2,1083.4,1.9
2026-06-01 08:25:00,PS06,2,1111.9,1.83
2026-06-01 08:30:00,PS06,1,519.3,1.85
2026-06-01 08:35:00,PS06,2,1152.4,1.84
2026-06-01 08:40:00,PS06,2,1106.5,1.79
2026-06-01 08:45:00,PS06,2,1052.0,1.85
2026-06-01 08:50:00,PS06,2,1067.6,1.87
2026-06-01 08:55:00,PS06,1,565.4,1.73
2026-06-01 09:00:00,PS06,2,1175.2,1.76
2026-06-01 09:05:00,PS06,2,1039.5,1.84
2026-06-01 09:10:00,PS06,2,1053.9,1.7
2026-06-01 09:15:00,PS06,2,1175.4,1.77
2026-06-01 09:20:00,PS06,2,1151.8,1.82
2026-06-01 09:25:00,PS06,2,1186.9,1.76
2026-06-01 09:30:00,PS06,1,524.2,1.71
2026-06-01 09:35:00,PS06,1,569.0,1.79
2026-06-01 09:40:00,PS06,1,530.9,1.9
2026-06-01 09:45:00,PS06,2,1074.5,1.69
2026-06-01 09:50:00,PS06,1,558.5,1.68
2026-06-01 09:55:00,PS06,2,1088.9,1.82
2026-06-01 10:00:00,PS06,2,1122.2,1.78
2026-06-01 10:05:00,PS06,2,1089.1,1.72
2026-06-01 10:10:00,PS06,1,577.7,1.7
2026-06-01 10:15:00,PS06,2,1062.5,1.79
2026-06-01 10:20:00,PS06,2,1033.0,1.76
2026-06-01 10:25:00,PS06,2,1161.1,1.81
2026-06-01 10:30:00,PS06,2,1181.0,1.64
2026-06-01 10:35:00,PS06,2,1168.1,1.72
2026-06-01 10:40:00,PS06,2,1100.5,1.82
2026-06-01 10:45:00,PS06,1,550.0,1.72
2026-06-01 10:50:00,PS06,2,1075.6,1.76
2026-06-01 10:55:00,PS06,1,552.1,1.68
2026-06-01 11:00:00,PS06,2,1026.2,1.64
2026-06-01 11:05:00,PS06,2,1140.6,1.63
2026-06-01 11:10:00,PS06,1,573.3,1.65
2026-06-01 11:15:00,PS06,1,583.6,1.7
2026-06-01 11:20:00,PS06,1,568.1,1.72
2026-06-01 11:25:00,PS06,1,526.0,1.58
2026-06-01 11:30:00,PS06,1,587.3,1.61
2026-06-01 11:35:00,PS06,1,543.8,1.76
2026-06-01 11:40:00,PS06,1,567.6,1.61
2026-06-01 11:45:00,PS06,2,1058.4,1.66
2026-06-01 11:50:00,PS06,1,546.9,1.69
2026-06-01 11:55:00,PS06,1,566.6,1.63
2026-06-01 12:00:00,PS06,1,569.1,1.54
2026-06-01 12:05:00,PS06,1,537.4,1.58
2026-06-01 12:10:00,PS06,2,1127.5,1.61
2026-06-01 12:15:00,PS06,2,1020.7,1.57
2026-06-01 12:20:00,PS06,2,1126.9,1.71
2026-06-01 12:25:00,PS06,1,591.7,1.67
2026-06-01 12:30:00,PS06,2,1115.6,1.71
2026-06-01 12:35:00,PS06,1,549.6,1.59
2026-06-01 12:40:00,PS06,1,552.4,1.62
2026-06-01 12:45:00,PS06,1,517.8,1.68
2026-06-01 12:50:00,PS06,1,547.9,1.54
2026-06-01 12:55:00,PS06,2,1169.2,1.72
2026-06-01 13:00:00,PS06,2,1189.5,1.69
2026-06-01 13:05:00,PS06,1,526.2,1.64
2026-06-01 13:10:00,PS06,1,572.7,1.61
2026-06-01 13:15:00,PS06,2,1111.8,1.58
2026-06-01 13:20:00,PS06,1,594.7,1.7
2026-06-01 13:25:00,PS06,1,550.9,1.69
2026-06-01 13:30:00,PS06,2,1059.5,1.66
2026-06-01 13:35:00,PS06,1,514.1,1.63
2026-06-01 13:40:00,PS06,1,577.6,1.68
2026-06-01 13:45:00,PS06,2,1149.5,1.61
2026-06-01 13:50:00,PS06,2,1186.8,1.64
2026-06-01 13:55:00,PS06,2,1030.9,1.72
2026-06-01 14:00:00,PS06,1,598.4,1.65
2026-06-01 14:05:00,PS06,1,526.6,1.63
2026-06-01 14:10:00,PS06,1,560.5,1.59
2026-06-01 14:15:00,PS06,2,1121.7,1.69
2026-06-01 14:20:00,PS06,1,513.7,1.62
2026-06-01 14:25:00,PS06,1,566.2,1.64
2026-06-01 14:30:00,PS06,2,1081.1,1.66
2026-06-01 14:35:00,PS06,1,585.2,1.66
2026-06-01 14:40:00,PS06,2,1115.9,1.68
2026-06-01 14:45:00,PS06,2,1033.4,1.62
2026-06-01 14:50:00,PS06,2,1121.5,1.65
2026-06-01 14:55:00,PS06,1,596.4,1.68
2026-06-01 15:00:00,PS06,2,1167.2,1.53
2026-06-01 15:05:00,PS06,1,577.2,1.67
2026-06-01 15:10:00,PS06,2,1182.6,1.62
2026-06-01 15:15:00,PS06,2,1146.6,1.77
2026-06-01 15:20:00,PS06,1,524.8,1.58
2026-06-01 15:25:00,PS06,1,543.9,1.63
2026-06-01 15:30:00,PS06,1,518.6,1.69
2026-06-01 15:35:00,PS06,2,1108.8,1.64
2026-06-01 15:40:00,PS06,1,532.8,1.67
2026-06-01 15:45:00,PS06,2,1148.2,1.74
2026-06-01 15:50:00,PS06,1,517.1,1.6
2026-06-01 15:55:00,PS06,1,516.9,1.67
2026-06-01 16:00:00,PS06,2,1191.2,1.66
2026-06-01 16:05:00,PS06,1,586.5,1.76
2026-06-01 16:10:00,PS06,1,541.8,1.65
2026-06-01 16:15:00,PS06,2,1021.1,1.73
2026-06-01 16:20:00,PS06,1,535.7,1.69
2026-06-01 16:25:00,PS06,1,532.6,1.69
2026-06-01 16:30:00,PS06,1,576.9,1.71
2026-06-01 16:35:00,PS06,2,1105.0,1.76
2026-06-01 16:40:00,PS06,1,561.3,1.69
2026-06-01 16:45:00,PS06,2,1180.3,1.68
2026-06-01 16:50:00,PS06,2,1094.9,1.77
2026-06-01 16:55:00,PS06,2,1021.3,1.68
2026-06-01 17:00:00,PS06,1,595.8,1.74
2026-06-01 17:05:00,PS06,2,1115.6,1.77
2026-06-01 17:10:00,PS06,2,1040.2,1.66
2026-06-01 17:15:00,PS06,2,1170.7,1.77
2026-06-01 17:20:00,PS06,1,527.3,1.83
2026-06-01 17:25:00,PS06,2,1146.9,1.75
2026-06-01 17:30:00,PS06,2,1080.7,1.78
2026-06-01 17:35:00,PS06,2,1188.6,1.7
2026-06-01 17:40:00,PS06,1,561.4,1.92
2026-06-01 17:45:00,PS06,2,1070.4,1.93
2026-06-01 17:50:00,PS06,2,1085.2,1.86
2026-06-01 17:55:00,PS06,1,552.3,1.89
2026-06-01 18:00:00,PS06,2,1180.9,1.77
2026-06-01 18:05:00,PS06,1,548.9,1.77
2026-06-01 18:10:00,PS06,1,562.5,1.97
2026-06-01 18:15:00,PS06,2,1053.0,1.74
2026-06-01 18:20:00,PS06,2,1054.3,1.74
2026-06-01 18:25:00,PS06,2,1042.3,1.83
2026-06-01 18:30:00,PS06,2,1052.5,1.73
2026-06-01 18:35:00,PS06,2,1081.2,1.85
2026-06-01 18:40:00,PS06,2,1077.6,1.8
2026-06-01 18:45:00,PS06,2,1154.2,1.82
2026-06-01 18:50:00,PS06,2,1135.1,1.75
2026-06-01 18:55:00,PS06,2,1066.8,1.72
2026-06-01 19:00:00,PS06,2,1066.2,1.75
2026-06-01 19:05:00,PS06,2,1070.9,1.81
2026-06-01 19:10:00,PS06,2,1090.0,1.79
2026-06-01 19:15:00,PS06,2,1113.9,1.82
2026-06-01 19:20:00,PS06,1,571.8,1.73
2026-06-01 19:25:00,PS06,2,1123.6,1.79
2026-06-01 19:30:00,PS06,1,538.2,1.72
2026-06-01 19:35:00,PS06,2,1111.4,1.77
2026-06-01 19:40:00,PS06,2,1177.0,1.79
2026-06-01 19:45:00,PS06,1,561.3,1.72
2026-06-01 19:50:00,PS06,2,1039.2,1.73
2026-06-01 19:55:00,PS06,2,1111.9,1.78
2026-06-01 20:00:00,PS06,1,596.4,1.67
2026-06-01 20:05:00,PS06,1,559.7,1.74
2026-06-01 20:10:00,PS06,2,1044.0,1.75
2026-06-01 20:15:00,PS06,2,1167.4,1.72
2026-06-01 20:20:00,PS06,2,1071.9,1.64
2026-06-01 20:25:00,PS06,2,1087.3,1.75
2026-06-01 20:30:00,PS06,2,1194.6,1.7
2026-06-01 20:35:00,PS06,1,528.0,1.69
2026-06-01 20:40:00,PS06,2,1085.0,1.7
2026-06-01 20:45:00,PS06,2,1193.0,1.78
2026-06-01 20:50:00,PS06,2,1181.6,1.74
2026-06-01 20:55:00,PS06,2,1022.8,1.72
2026-06-01 21:00:00,PS06,2,1159.7,1.78
2026-06-01 21:05:00,PS06,2,1039.4,1.74
2026-06-01 21:10:00,PS06,2,1124.9,1.66
2026-06-01 21:15:00,PS06,2,1147.4,1.73
2026-06-01 21:20:00,PS06,2,1109.0,1.59
2026-06-01 21:25:00,PS06,2,1199.5,1.78
2026-06-01 21:30:00,PS06,2,1110.1,1.66
2026-06-01 21:35:00,PS06,1,522.1,1.78
2026-06-01 21:40:00,PS06,1,513.3,1.66
2026-06-01 21:45:00,PS06,2,1140.6,1.68
2026-06-01 21:50:00,PS06,2,1094.7,1.71
2026-06-01 21:55:00,PS06,2,1141.6,1.77
2026-06-01 22:00:00,PS06,1,568.1,1.75
2026-06-01 22:05:00,PS06,2,1089.4,1.67
2026-06-01 22:10:00,PS06,2,1087.6,1.68
2026-06-01 22:15:00,PS06,2,1106.8,1.62
2026-06-01 22:20:00,PS06,1,551.1,1.76
2026-06-01 22:25:00,PS06,2,1059.0,1.71
2026-06-01 22:30:00,PS06,2,1022.7,1.62
2026-06-01 22:35:00,PS06,2,1169.3,1.72
2026-06-01 22:40:00,PS06,1,585.3,1.66
2026-06-01 22:45:00,PS06,1,576.1,1.64
2026-06-01 22:50:00,PS06,1,545.2,1.64
2026-06-01 22:55:00,PS06,1,556.5,1.53
2026-06-01 23:00:00,PS06,1,513.6,1.66
2026-06-01 23:05:00,PS06,1,595.8,1.55
2026-06-01 23:10:00,PS06,1,538.4,1.51
2026-06-01 23:15:00,PS06,1,571.1,1.67
2026-06-01 23:20:00,PS06,1,550.4,1.62
2026-06-01 23:25:00,PS06,1,516.7,1.45
2026-06-01 23:30:00,PS06,1,572.2,1.6
2026-06-01 23:35:00,PS06,1,531.8,1.48
2026-06-01 23:40:00,PS06,1,566.7,1.51
2026-06-01 23:45:00,PS06,1,585.6,1.58
2026-06-01 23:50:00,PS06,1,542.0,1.58
2026-06-01 23:55:00,PS06,1,587.6,1.49
2026-06-02 00:00:00,PS06,1,543.0,1.47
2026-06-02 00:05:00,PS06,2,1086.6,1.62
2026-06-02 00:10:00,PS06,1,590.9,1.58
2026-06-02 00:15:00,PS06,1,574.1,1.49
2026-06-02 00:20:00,PS06,1,563.6,1.5
2026-06-02 00:25:00,PS06,2,1045.1,1.48
2026-06-02 00:30:00,PS06,1,514.1,1.5
2026-06-02 00:35:00,PS06,1,574.3,1.5
2026-06-02 00:40:00,PS06,1,547.5,1.53
2026-06-02 00:45:00,PS06,1,516.1,1.4
2026-06-02 00:50:00,PS06,1,516.8,1.5
2026-06-02 00:55:00,PS06,1,511.8,1.55
2026-06-02 01:00:00,PS06,1,555.8,1.45
2026-06-02 01:05:00,PS06,1,580.8,1.38
2026-06-02 01:10:00,PS06,1,577.1,1.49
2026-06-02 01:15:00,PS06,1,533.5,1.37
2026-06-02 01:20:00,PS06,1,571.2,1.39
2026-06-02 01:25:00,PS06,1,595.7,1.36
2026-06-02 01:30:00,PS06,1,582.2,1.42
2026-06-02 01:35:00,PS06,1,548.2,1.38
2026-06-02 01:40:00,PS06,1,575.6,1.33
2026-06-02 01:45:00,PS06,1,524.8,1.43
2026-06-02 01:50:00,PS06,1,580.1,1.36
2026-06-02 01:55:00,PS06,1,529.2,1.46
2026-06-02 02:00:00,PS06,1,544.0,1.43
2026-06-02 02:05:00,PS06,1,563.9,1.39
2026-06-02 02:10:00,PS06,1,560.4,1.36
2026-06-02 02:15:00,PS06,1,560.7,1.45
2026-06-02 02:20:00,PS06,1,580.5,1.33
2026-06-02 02:25:00,PS06,1,530.4,1.47
2026-06-02 02:30:00,PS06,1,588.1,1.39
2026-06-02 02:35:00,PS06,1,513.2,1.39
2026-06-02 02:40:00,PS06,1,523.6,1.41
2026-06-02 02:45:00,PS06,1,597.3,1.47
2026-06-02 02:50:00,PS06,1,578.3,1.43
2026-06-02 02:55:00,PS06,1,523.4,1.37
2026-06-02 03:00:00,PS06,1,550.3,1.44
2026-06-02 03:05:00,PS06,1,510.7,1.46
2026-06-02 03:10:00,PS06,1,556.9,1.47
2026-06-02 03:15:00,PS06,1,598.4,1.46
2026-06-02 03:20:00,PS06,1,568.2,1.44
2026-06-02 03:25:00,PS06,1,564.8,1.48
2026-06-02 03:30:00,PS06,1,584.6,1.54
2026-06-02 03:35:00,PS06,1,561.9,1.48
2026-06-02 03:40:00,PS06,2,1135.7,1.48
2026-06-02 03:45:00,PS06,1,536.8,1.5
2026-06-02 03:50:00,PS06,1,560.8,1.4
2026-06-02 03:55:00,PS06,1,576.1,1.44
2026-06-02 04:00:00,PS06,2,1112.7,1.55
2026-06-02 04:05:00,PS06,1,546.6,1.62
2026-06-02 04:10:00,PS06,1,529.0,1.54
2026-06-02 04:15:00,PS06,1,532.1,1.52
2026-06-02 04:20:00,PS06,1,592.7,1.52
2026-06-02 04:25:00,PS06,1,521.7,1.43
2026-06-02 04:30:00,PS06,2,1133.3,1.64
2026-06-02 04:35:00,PS06,1,576.2,1.53
2026-06-02 04:40:00,PS06,1,528.0,1.48
2026-06-02 04:45:00,PS06,2,1051.0,1.61
2026-06-02 04:50:00,PS06,1,528.8,1.6
2026-06-02 04:55:00,PS06,2,1118.6,1.71
2026-06-02 05:00:00,PS06,1,527.2,1.65
2026-06-02 05:05:00,PS06,1,535.1,1.73
2026-06-02 05:10:00,PS06,2,1083.9,1.69
2026-06-02 05:15:00,PS06,1,513.7,1.6
2026-06-02 05:20:00,PS06,1,512.5,1.78
2026-06-02 05:25:00,PS06,1,510.6,1.73
2026-06-02 05:30:00,PS06,1,589.6,1.71
2026-06-02 05:35:00,PS06,1,592.6,1.72
2026-06-02 05:40:00,PS06,2,1122.7,1.74
2026-06-02 05:45:00,PS06,1,513.8,1.73
2026-06-02 05:50:00,PS06,2,1115.1,1.76
2026-06-02 05:55:00,PS06,2,1178.0,1.85
2026-06-02 06:00:00,PS06,2,1173.5,1.78
2026-06-02 06:05:00,PS06,2,1126.3,1.72
2026-06-02 06:10:00,PS06,2,1041.1,1.79
2026-06-02 06:15:00,PS06,2,1081.9,1.67
2026-06-02 06:20:00,PS06,1,599.0,1.73
2026-06-02 06:25:00,PS06,2,1168.6,1.82
2026-06-02 06:30:00,PS06,2,1149.2,1.79
2026-06-02 06:35:00,PS06,1,538.5,1.82
2026-06-02 06:40:00,PS06,2,1053.5,1.75
2026-06-02 06:45:00,PS06,2,1097.0,1.83
2026-06-02 06:50:00,PS06,2,1062.1,1.88
2026-06-02 06:55:00,PS06,2,1080.4,1.76
2026-06-02 07:00:00,PS06,1,583.0,1.79
2026-06-02 07:05:00,PS06,2,1050.9,1.78
2026-06-02 07:10:00,PS06,1,532.6,1.77
2026-06-02 07:15:00,PS06,2,1065.9,1.86
2026-06-02 07:20:00,PS06,2,1184.5,1.72
2026-06-02 07:25:00,PS06,1,519.2,1.82
2026-06-02 07:30:00,PS06,2,1102.7,1.77
2026-06-02 07:35:00,PS06,2,1187.6,1.81
2026-06-02 07:40:00,PS06,2,1174.9,1.88
2026-06-02 07:45:00,PS06,2,1138.5,1.76
2026-06-02 07:50:00,PS06,2,1145.4,1.75
2026-06-02 07:55:00,PS06,2,1146.0,1.78
2026-06-02 08:00:00,PS06,2,1042.1,1.84
2026-06-02 08:05:00,PS06,2,1031.0,1.85
2026-06-02 08:10:00,PS06,1,510.6,1.8
2026-06-02 08:15:00,PS06,2,1108.0,1.73
2026-06-02 08:20:00,PS06,1,573.1,1.78
2026-06-02 08:25:00,PS06,2,1105.9,1.9
2026-06-02 08:30:00,PS06,2,1021.5,1.82
2026-06-02 08:35:00,PS06,2,1146.5,1.7
2026-06-02 08:40:00,PS06,2,1091.1,1.78
2026-06-02 08:45:00,PS06,2,1164.7,1.72
2026-06-02 08:50:00,PS06,2,1188.4,1.83
2026-06-02 08:55:00,PS06,1,551.4,1.83
2026-06-02 09:00:00,PS06,2,1103.9,1.83
2026-06-02 09:05:00,PS06,2,1091.7,1.76
2026-06-02 09:10:00,PS06,2,1096.1,1.86
2026-06-02 09:15:00,PS06,2,1131.5,1.8
2026-06-02 09:20:00,PS06,2,1152.8,1.78
2026-06-02 09:25:00,PS06,2,1091.8,1.83
2026-06-02 09:30:00,PS06,2,1063.4,1.84
2026-06-02 09:35:00,PS06,1,519.6,1.73
2026-06-02 09:40:00,PS06,2,1152.0,1.93
2026-06-02 09:45:00,PS06,2,1094.5,1.73
2026-06-02 09:50:00,PS06,1,574.0,1.78
2026-06-02 09:55:00,PS06,2,1084.7,1.82
2026-06-02 10:00:00,PS06,2,1137.8,1.67
2026-06-02 10:05:00,PS06,2,1097.8,1.77
2026-06-02 10:10:00,PS06,2,1188.7,1.7
2026-06-02 10:15:00,PS06,2,1105.8,1.74
2026-06-02 10:20:00,PS06,2,1141.1,1.75
2026-06-02 10:25:00,PS06,1,561.2,1.72
2026-06-02 10:30:00,PS06,2,1169.5,1.56
2026-06-02 10:35:00,PS06,1,574.2,1.76
2026-06-02 10:40:00,PS06,1,546.8,1.65
2026-06-02 10:45:00,PS06,2,1048.3,1.64
2026-06-02 10:50:00,PS06,2,1096.5,1.74
2026-06-02 10:55:00,PS06,1,592.1,1.61
2026-06-02 11:00:00,PS06,2,1155.3,1.7
2026-06-02 11:05:00,PS06,1,547.2,1.65
2026-06-02 11:10:00,PS06,1,544.0,1.55
2026-06-02 11:15:00,PS06,1,514.5,1.65
2026-06-02 11:20:00,PS06,2,1074.6,1.65
2026-06-02 11:25:00,PS06,1,568.4,1.62
2026-06-02 11:30:00,PS06,1,591.1,1.64
2026-06-02 11:35:00,PS06,2,1140.3,1.69
2026-06-02 11:40:00,PS06,1,513.0,1.66
2026-06-02 11:45:00,PS06,2,1078.6,1.66
2026-06-02 11:50:00,PS06,1,580.1,1.68
2026-06-02 11:55:00,PS06,2,1169.7,1.56
2026-06-02 12:00:00,PS06,1,518.4,1.68
2026-06-02 12:05:00,PS06,2,1067.6,1.59
2026-06-02 12:10:00,PS06,1,539.1,1.62
2026-06-02 12:15:00,PS06,2,1180.6,1.61
2026-06-02 12:20:00,PS06,2,1123.7,1.6
2026-06-02 12:25:00,PS06,1,526.8,1.68
2026-06-02 12:30:00,PS06,1,562.1,1.59
2026-06-02 12:35:00,PS06,1,575.4,1.66
2026-06-02 12:40:00,PS06,1,542.5,1.64
2026-06-02 12:45:00,PS06,2,1189.4,1.63
2026-06-02 12:50:00,PS06,1,584.5,1.69
2026-06-02 12:55:00,PS06,1,566.2,1.64
2026-06-02 13:00:00,PS06,1,544.1,1.53
2026-06-02 13:05:00,PS06,1,511.0,1.61
2026-06-02 13:10:00,PS06,1,516.4,1.78
2026-06-02 13:15:00,PS06,1,582.5,1.61
2026-06-02 13:20:00,PS06,1,590.6,1.64
2026-06-02 13:25:00,PS06,1,521.2,1.68
2026-06-02 13:30:00,PS06,1,518.1,1.69
2026-06-02 13:35:00,PS06,1,571.9,1.59
2026-06-02 13:40:00,PS06,1,560.2,1.64
2026-06-02 13:45:00,PS06,1,543.2,1.65
2026-06-02 13:50:00,PS06,2,1075.7,1.54
2026-06-02 13:55:00,PS06,1,532.0,1.65
2026-06-02 14:00:00,PS06,1,528.0,1.64
2026-06-02 14:05:00,PS06,2,1061.0,1.61
2026-06-02 14:10:00,PS06,1,539.8,1.73
2026-06-02 14:15:00,PS06,2,1112.0,1.66
2026-06-02 14:20:00,PS06,2,1196.1,1.62
2026-06-02 14:25:00,PS06,2,1025.2,1.65
2026-06-02 14:30:00,PS06,1,578.7,1.72
2026-06-02 14:35:00,PS06,1,519.5,1.6
2026-06-02 14:40:00,PS06,1,559.5,1.55
2026-06-02 14:45:00,PS06,1,527.1,1.6
2026-06-02 14:50:00,PS06,2,1022.3,1.66
2026-06-02 14:55:00,PS06,1,521.4,1.73
2026-06-02 15:00:00,PS06,2,1060.5,1.63
2026-06-02 15:05:00,PS06,1,536.5,1.69
2026-06-02 15:10:00,PS06,2,1053.3,1.68
2026-06-02 15:15:00,PS06,1,537.1,1.67
2026-06-02 15:20:00,PS06,2,1073.6,1.59
2026-06-02 15:25:00,PS06,2,1183.5,1.63
2026-06-02 15:30:00,PS06,1,579.0,1.79
2026-06-02 15:35:00,PS06,1,526.8,1.62
2026-06-02 15:40:00,PS06,1,568.2,1.71
2026-06-02 15:45:00,PS06,2,1093.9,1.72
2026-06-02 15:50:00,PS06,2,1103.2,1.69
2026-06-02 15:55:00,PS06,1,540.0,1.79
2026-06-02 16:00:00,PS06,2,1138.2,1.8
2026-06-02 16:05:00,PS06,2,1024.5,1.77
2026-06-02 16:10:00,PS06,1,543.9,1.72
2026-06-02 16:15:00,PS06,2,1158.3,1.62
2026-06-02 16:20:00,PS06,1,599.5,1.64
2026-06-02 16:25:00,PS06,2,1044.4,1.7
2026-06-02 16:30:00,PS06,2,1080.2,1.66
2026-06-02 16:35:00,PS06,2,1089.7,1.76
2026-06-02 16:40:00,PS06,2,1118.4,1.85
2026-06-02 16:45:00,PS06,1,553.6,1.73
2026-06-02 16:50:00,PS06,2,1169.3,1.76
2026-06-02 16:55:00,PS06,2,1135.1,1.69
2026-06-02 17:00:00,PS06,2,1166.9,1.72
2026-06-02 17:05:00,PS06,1,574.4,1.73
2026-06-02 17:10:00,PS06,2,1190.2,1.77
2026-06-02 17:15:00,PS06,1,576.3,1.74
2026-06-02 17:20:00,PS06,1,519.0,1.76
2026-06-02 17:25:00,PS06,2,1144.1,1.72
2026-06-02 17:30:00,PS06,2,1025.9,1.78
2026-06-02 17:35:00,PS06,2,1051.8,1.86
2026-06-02 17:40:00,PS06,1,594.3,1.78
2026-06-02 17:45:00,PS06,2,1192.0,1.71
2026-06-02 17:50:00,PS06,2,1039.5,1.78
2026-06-02 17:55:00,PS06,1,545.7,1.81
2026-06-02 18:00:00,PS06,1,599.0,1.73
2026-06-02 18:05:00,PS06,2,1033.3,1.74
2026-06-02 18:10:00,PS06,2,1184.1,1.79
2026-06-02 18:15:00,PS06,1,598.5,1.67
2026-06-02 18:20:00,PS06,1,589.4,1.84
2026-06-02 18:25:00,PS06,2,1167.2,1.77
2026-06-02 18:30:00,PS06,2,1122.8,1.82
2026-06-02 18:35:00,PS06,2,1184.2,1.74
2026-06-02 18:40:00,PS06,2,1038.2,1.82
2026-06-02 18:45:00,PS06,2,1040.4,1.76
2026-06-02 18:50:00,PS06,2,1144.5,1.77
2026-06-02 18:55:00,PS06,2,1021.6,1.74
2026-06-02 19:00:00,PS06,2,1135.1,1.73
2026-06-02 19:05:00,PS06,2,1131.2,1.67
2026-06-02 19:10:00,PS06,2,1130.2,1.75
2026-06-02 19:15:00,PS06,2,1051.0,1.81
2026-06-02 19:20:00,PS06,2,1184.7,1.72
2026-06-02 19:25:00,PS06,2,1152.1,1.78
2026-06-02 19:30:00,PS06,2,1070.6,1.78
2026-06-02 19:35:00,PS06,2,1127.7,1.79
2026-06-02 19:40:00,PS06,2,1091.5,1.7
2026-06-02 19:45:00,PS06,2,1157.1,1.75
2026-06-02 19:50:00,PS06,1,554.5,1.84
2026-06-02 19:55:00,PS06,2,1072.1,1.79
2026-06-02 20:00:00,PS06,2,1167.0,1.82
2026-06-02 20:05:00,PS06,2,1091.6,1.76
2026-06-02 20:10:00,PS06,2,1199.2,1.74
2026-06-02 20:15:00,PS06,2,1090.6,1.79
2026-06-02 20:20:00,PS06,2,1122.6,1.81
2026-06-02 20:25:00,PS06,2,1092.0,1.82
2026-06-02 20:30:00,PS06,1,558.1,1.8
2026-06-02 20:35:00,PS06,2,1198.4,1.79
2026-06-02 20:40:00,PS06,2,1040.1,1.74
2026-06-02 20:45:00,PS06,2,1166.5,1.69
2026-06-02 20:50:00,PS06,1,589.9,1.66
2026-06-02 20:55:00,PS06,1,570.4,1.73
2026-06-02 21:00:00,PS06,2,1108.5,1.64
2026-06-02 21:05:00,PS06,2,1117.5,1.78
2026-06-02 21:10:00,PS06,1,571.7,1.75
2026-06-02 21:15:00,PS06,2,1191.5,1.73
2026-06-02 21:20:00,PS06,2,1082.2,1.69
2026-06-02 21:25:00,PS06,2,1184.7,1.72
2026-06-02 21:30:00,PS06,2,1070.4,1.63
2026-06-02 21:35:00,PS06,2,1100.7,1.62
2026-06-02 21:40:00,PS06,1,549.6,1.79
2026-06-02 21:45:00,PS06,2,1051.4,1.61
2026-06-02 21:50:00,PS06,1,527.1,1.76
2026-06-02 21:55:00,PS06,1,587.5,1.74
2026-06-02 22:00:00,PS06,1,599.1,1.68
2026-06-02 22:05:00,PS06,2,1190.4,1.67
2026-06-02 22:10:00,PS06,2,1058.2,1.67
2026-06-02 22:15:00,PS06,1,535.9,1.53
2026-06-02 22:20:00,PS06,1,521.3,1.64
2026-06-02 22:25:00,PS06,2,1145.3,1.75
2026-06-02 22:30:00,PS06,1,510.4,1.67
2026-06-02 22:35:00,PS06,1,571.1,1.65
2026-06-02 22:40:00,PS06,2,1067.7,1.67
2026-06-02 22:45:00,PS06,1,574.8,1.65
2026-06-02 22:50:00,PS06,1,526.6,1.58
2026-06-02 22:55:00,PS06,1,594.0,1.61
2026-06-02 23:00:00,PS06,1,520.0,1.53
2026-06-02 23:05:00,PS06,1,513.3,1.72
2026-06-02 23:10:00,PS06,1,520.5,1.54
2026-06-02 23:15:00,PS06,1,531.9,1.6
2026-06-02 23:20:00,PS06,1,571.2,1.67
2026-06-02 23:25:00,PS06,1,549.5,1.55
2026-06-02 23:30:00,PS06,1,551.4,1.5
2026-06-02 23:35:00,PS06,1,563.2,1.54
2026-06-02 23:40:00,PS06,2,1141.7,1.46
2026-06-02 23:45:00,PS06,1,574.7,1.53
2026-06-02 23:50:00,PS06,1,548.1,1.48
2026-06-02 23:55:00,PS06,1,521.3,1.52
2026-06-03 00:00:00,PS06,1,518.5,1.6
2026-06-03 00:05:00,PS06,1,533.2,1.6
2026-06-03 00:10:00,PS06,1,525.4,1.43
2026-06-03 00:15:00,PS06,1,544.7,1.44
2026-06-03 00:20:00,PS06,1,599.3,1.49
2026-06-03 00:25:00,PS06,2,1074.2,1.47
2026-06-03 00:30:00,PS06,1,594.9,1.45
2026-06-03 00:35:00,PS06,1,568.1,1.47
2026-06-03 00:40:00,PS06,1,514.6,1.48
2026-06-03 00:45:00,PS06,1,577.9,1.46
2026-06-03 00:50:00,PS06,1,574.5,1.54
2026-06-03 00:55:00,PS06,1,573.3,1.51
2026-06-03 01:00:00,PS06,2,1044.8,1.46
2026-06-03 01:05:00,PS06,1,511.9,1.5
2026-06-03 01:10:00,PS06,1,584.3,1.49
2026-06-03 01:15:00,PS06,1,577.1,1.42
2026-06-03 01:20:00,PS06,1,562.5,1.32
2026-06-03 01:25:00,PS06,1,578.5,1.36
2026-06-03 01:30:00,PS06,1,561.9,1.41
2026-06-03 01:35:00,PS06,1,563.3,1.45
2026-06-03 01:40:00,PS06,1,596.6,1.36
2026-06-03 01:45:00,PS06,1,523.1,1.47
2026-06-03 01:50:00,PS06,1,536.9,1.49
2026-06-03 01:55:00,PS06,1,520.1,1.42
2026-06-03 02:00:00,PS06,1,530.9,1.42
2026-06-03 02:05:00,PS06,1,586.0,1.44
2026-06-03 02:10:00,PS06,1,574.6,1.41
2026-06-03 02:15:00,PS06,1,561.3,1.42
2026-06-03 02:20:00,PS06,1,529.0,1.4
2026-06-03 02:25:00,PS06,1,553.3,1.44
2026-06-03 02:30:00,PS06,1,560.3,1.44
2026-06-03 02:35:00,PS06,1,521.6,1.33
2026-06-03 02:40:00,PS06,1,516.7,1.4
2026-06-03 02:45:00,PS06,1,526.4,1.44
2026-06-03 02:50:00,PS06,1,581.3,1.34
2026-06-03 02:55:00,PS06,1,561.1,1.43
2026-06-03 03:00:00,PS06,1,568.5,1.38
2026-06-03 03:05:00,PS06,1,519.5,1.52
2026-06-03 03:10:00,PS06,1,538.2,1.47
2026-06-03 03:15:00,PS06,1,531.4,1.43
2026-06-03 03:20:00,PS06,2,1161.5,1.48
2026-06-03 03:25:00,PS06,1,522.8,1.45
2026-06-03 03:30:00,PS06,1,534.2,1.39
2026-06-03 03:35:00,PS06,1,572.6,1.47
2026-06-03 03:40:00,PS06,1,568.9,1.4
2026-06-03 03:45:00,PS06,1,588.7,1.44
2026-06-03 03:50:00,PS06,1,586.2,1.49
2026-06-03 03:55:00,PS06,2,1171.2,1.45
2026-06-03 04:00:00,PS06,1,577.8,1.5
2026-06-03 04:05:00,PS06,1,523.5,1.59
2026-06-03 04:10:00,PS06,1,559.0,1.47
2026-06-03 04:15:00,PS06,1,520.4,1.51
2026-06-03 04:20:00,PS06,1,554.9,1.58
2026-06-03 04:25:00,PS06,1,580.5,1.53
2026-06-03 04:30:00,PS06,1,556.0,1.55
2026-06-03 04:35:00,PS06,2,1082.2,1.55
2026-06-03 04:40:00,PS06,1,599.9,1.57
2026-06-03 04:45:00,PS06,2,1075.6,1.59
2026-06-03 04:50:00,PS06,2,1053.0,1.53
2026-06-03 04:55:00,PS06,1,555.9,1.67
2026-06-03 05:00:00,PS06,1,550.8,1.64
2026-06-03 05:05:00,PS06,1,540.8,1.69
2026-06-03 05:10:00,PS06,2,1069.0,1.64
2026-06-03 05:15:00,PS06,1,599.5,1.69
2026-06-03 05:20:00,PS06,1,542.9,1.62
2026-06-03 05:25:00,PS06,1,559.8,1.56
2026-06-03 05:30:00,PS06,2,1035.5,1.75
2026-06-03 05:35:00,PS06,1,551.9,1.74
2026-06-03 05:40:00,PS06,2,1110.5,1.74
2026-06-03 05:45:00,PS06,2,1083.1,1.71
2026-06-03 05:50:00,PS06,2,1026.8,1.66
2026-06-03 05:55:00,PS06,1,557.6,1.72
2026-06-03 06:00:00,PS06,2,1027.8,1.72
2026-06-03 06:05:00,PS06,1,529.9,1.76
2026-06-03 06:10:00,PS06,1,594.5,1.7
2026-06-03 06:15:00,PS06,1,541.0,1.64
2026-06-03 06:20:00,PS06,1,547.8,1.74
2026-06-03 06:25:00,PS06,2,1114.6,1.79
2026-06-03 06:30:00,PS06,1,588.8,1.69
2026-06-03 06:35:00,PS06,2,1066.6,1.87
2026-06-03 06:40:00,PS06,2,1191.7,1.73
2026-06-03 06:45:00,PS06,2,1154.1,1.73
2026-06-03 06:50:00,PS06,2,1042.6,1.82
2026-06-03 06:55:00,PS06,2,1155.8,1.8
2026-06-03 07:00:00,PS06,2,1150.6,1.77
2026-06-03 07:05:00,PS06,2,1132.3,1.75
2026-06-03 07:10:00,PS06,2,1091.5,1.8
2026-06-03 07:15:00,PS06,2,1162.9,1.83
2026-06-03 07:20:00,PS06,2,1174.8,1.9
2026-06-03 07:25:00,PS06,2,1032.7,1.76
2026-06-03 07:30:00,PS06,2,1086.9,1.81
2026-06-03 07:35:00,PS06,2,1116.8,1.85
2026-06-03 07:40:00,PS06,2,1196.5,1.86
2026-06-03 07:45:00,PS06,2,1108.7,1.8
2026-06-03 07:50:00,PS06,2,1078.4,1.86
2026-06-03 07:55:00,PS06,1,518.7,1.89
2026-06-03 08:00:00,PS06,2,1129.6,1.89
2026-06-03 08:05:00,PS06,2,1164.8,1.83
2026-06-03 08:10:00,PS06,2,1198.3,1.83
2026-06-03 08:15:00,PS06,2,1135.4,1.81
2026-06-03 08:20:00,PS06,2,1130.2,1.75
2026-06-03 08:25:00,PS06,2,1121.9,1.87
2026-06-03 08:30:00,PS06,2,1156.9,1.87
2026-06-03 08:35:00,PS06,2,1111.1,1.86
2026-06-03 08:40:00,PS06,2,1069.8,1.83
2026-06-03 08:45:00,PS06,2,1084.2,1.75
2026-06-03 08:50:00,PS06,2,1146.7,1.78
2026-06-03 08:55:00,PS06,2,1168.5,1.84
2026-06-03 09:00:00,PS06,2,1131.3,1.88
2026-06-03 09:05:00,PS06,2,1151.2,1.74
2026-06-03 09:10:00,PS06,2,1020.2,1.88
2026-06-03 09:15:00,PS06,2,1193.3,1.73
2026-06-03 09:20:00,PS06,1,526.7,1.86
2026-06-03 09:25:00,PS06,1,533.7,1.72
2026-06-03 09:30:00,PS06,2,1066.6,1.84
2026-06-03 09:35:00,PS06,1,535.2,1.73
2026-06-03 09:40:00,PS06,1,526.6,1.78
2026-06-03 09:45:00,PS06,2,1024.0,1.67
2026-06-03 09:50:00,PS06,2,1190.6,1.75
2026-06-03 09:55:00,PS06,2,1094.4,1.8
2026-06-03 10:00:00,PS06,2,1046.8,1.72
2026-06-03 10:05:00,PS06,1,550.2,1.78
2026-06-03 10:10:00,PS06,2,1121.3,1.76
2026-06-03 10:15:00,PS06,1,577.6,1.71
2026-06-03 10:20:00,PS06,2,1112.1,1.7
2026-06-03 10:25:00,PS06,2,1137.3,1.63
2026-06-03 10:30:00,PS06,2,1055.2,1.74
2026-06-03 10:35:00,PS06,2,1175.2,1.76
2026-06-03 10:40:00,PS06,2,1174.3,1.75
2026-06-03 10:45:00,PS06,2,1034.6,1.71
2026-06-03 10:50:00,PS06,1,543.4,1.68
2026-06-03 10:55:00,PS06,2,1169.9,1.66
2026-06-03 11:00:00,PS06,1,535.1,1.75
2026-06-03 11:05:00,PS06,1,518.8,1.68
2026-06-03 11:10:00,PS06,1,514.8,1.66
2026-06-03 11:15:00,PS06,2,1055.4,1.69
2026-06-03 11:20:00,PS06,2,1059.8,1.76
2026-06-03 11:25:00,PS06,2,1154.2,1.55
2026-06-03 11:30:00,PS06,1,511.3,1.68
2026-06-03 11:35:00,PS06,1,560.1,1.62
2026-06-03 11:40:00,PS06,1,592.9,1.68
2026-06-03 11:45:00,PS06,2,1189.4,1.54
2026-06-03 11:50:00,PS06,2,1128.3,1.59
2026-06-03 11:55:00,PS06,1,545.9,1.71
2026-06-03 12:00:00,PS06,2,1078.7,1.73
2026-06-03 12:05:00,PS06,2,1115.4,1.61
2026-06-03 12:10:00,PS06,2,1172.1,1.75
2026-06-03 12:15:00,PS06,1,531.4,1.63
2026-06-03 12:20:00,PS06,2,1052.5,1.66
2026-06-03 12:25:00,PS06,1,526.4,1.62
2026-06-03 12:30:00,PS06,1,554.7,1.62
2026-06-03 12:35:00,PS06,2,1083.0,1.65
2026-06-03 12:40:00,PS06,2,1187.6,1.53
2026-06-03 12:45:00,PS06,2,1092.3,1.63
2026-06-03 12:50:00,PS06,2,1140.1,1.66
2026-06-03 12:55:00,PS06,2,1171.5,1.63
2026-06-03 13:00:00,PS06,2,1168.3,1.72
2026-06-03 13:05:00,PS06,1,526.5,1.58
2026-06-03 13:10:00,PS06,1,575.3,1.6
2026-06-03 13:15:00,PS06,1,566.5,1.58
2026-06-03 13:20:00,PS06,2,1102.3,1.61
2026-06-03 13:25:00,PS06,1,584.7,1.59
2026-06-03 13:30:00,PS06,1,542.8,1.59
2026-06-03 13:35:00,PS06,1,515.5,1.66
2026-06-03 13:40:00,PS06,2,1023.7,1.73
2026-06-03 13:45:00,PS06,2,1134.5,1.67
2026-06-03 13:50:00,PS06,1,551.6,1.64
2026-06-03 13:55:00,PS06,1,579.0,1.59
2026-06-03 14:00:00,PS06,1,590.6,1.66
2026-06-03 14:05:00,PS06,2,1133.3,1.74
2026-06-03 14:10:00,PS06,1,559.8,1.62
2026-06-03 14:15:00,PS06,1,526.4,1.68
2026-06-03 14:20:00,PS06,2,1121.6,1.58
2026-06-03 14:25:00,PS06,2,1111.5,1.67
2026-06-03 14:30:00,PS06,2,1129.3,1.6
2026-06-03 14:35:00,PS06,2,1108.1,1.64
2026-06-03 14:40:00,PS06,1,561.5,1.48
2026-06-03 14:45:00,PS06,2,1155.8,1.63
2026-06-03 14:50:00,PS06,2,1180.5,1.72
2026-06-03 14:55:00,PS06,2,1113.5,1.72
2026-06-03 15:00:00,PS06,1,587.3,1.64
2026-06-03 15:05:00,PS06,1,563.9,1.66
2026-06-03 15:10:00,PS06,1,541.9,1.68
2026-06-03 15:15:00,PS06,1,543.0,1.61
2026-06-03 15:20:00,PS06,1,578.7,1.71
2026-06-03 15:25:00,PS06,2,1106.9,1.63
2026-06-03 15:30:00,PS06,1,580.0,1.6
2026-06-03 15:35:00,PS06,1,561.5,1.68
2026-06-03 15:40:00,PS06,2,1027.8,1.7
2026-06-03 15:45:00,PS06,2,1107.2,1.61
2026-06-03 15:50:00,PS06,2,1109.0,1.56
2026-06-03 15:55:00,PS06,1,573.9,1.68
2026-06-03 16:00:00,PS06,1,581.4,1.69
2026-06-03 16:05:00,PS06,1,520.7,1.65
2026-06-03 16:10:00,PS06,2,1131.3,1.71
2026-06-03 16:15:00,PS06,2,1145.9,1.75
2026-06-03 16:20:00,PS06,1,585.5,1.6
2026-06-03 16:25:00,PS06,2,1109.5,1.58
2026-06-03 16:30:00,PS06,2,1027.3,1.79
2026-06-03 16:35:00,PS06,2,1034.0,1.78
2026-06-03 16:40:00,PS06,2,1097.2,1.77
2026-06-03 16:45:00,PS06,2,1150.2,1.68
2026-06-03 16:50:00,PS06,1,595.3,1.76
2026-06-03 16:55:00,PS06,2,1087.4,1.82
2026-06-03 17:00:00,PS06,2,1135.2,1.71
2026-06-03 17:05:00,PS06,2,1149.2,1.75
2026-06-03 17:10:00,PS06,1,516.5,1.75
2026-06-03 17:15:00,PS06,2,1113.9,1.81
2026-06-03 17:20:00,PS06,2,1034.1,1.76
2026-06-03 17:25:00,PS06,2,1104.3,1.71
2026-06-03 17:30:00,PS06,1,588.9,1.83
2026-06-03 17:35:00,PS06,2,1163.8,1.75
2026-06-03 17:40:00,PS06,2,1143.5,1.75
2026-06-03 17:45:00,PS06,2,1183.1,1.75
2026-06-03 17:50:00,PS06,2,1074.2,1.81
2026-06-03 17:55:00,PS06,2,1101.8,1.74
2026-06-03 18:00:00,PS06,2,1071.1,1.72
2026-06-03 18:05:00,PS06,1,540.0,1.83
2026-06-03 18:10:00,PS06,2,1138.7,1.82
2026-06-03 18:15:00,PS06,2,1141.8,1.8
2026-06-03 18:20:00,PS06,2,1042.3,1.76
2026-06-03 18:25:00,PS06,2,1173.9,1.79
2026-06-03 18:30:00,PS06,1,532.8,1.88
2026-06-03 18:35:00,PS06,2,1063.3,1.83
2026-06-03 18:40:00,PS06,2,1083.7,1.81
2026-06-03 18:45:00,PS06,2,1089.1,1.85
2026-06-03 18:50:00,PS06,2,1138.0,1.8
2026-06-03 18:55:00,PS06,2,1144.2,1.81
2026-06-03 19:00:00,PS06,1,571.4,1.76
2026-06-03 19:05:00,PS06,2,1116.2,1.72
2026-06-03 19:10:00,PS06,2,1062.3,1.86
2026-06-03 19:15:00,PS06,2,1064.0,1.74
2026-06-03 19:20:00,PS06,2,1190.8,1.67
2026-06-03 19:25:00,PS06,2,1051.0,1.81
2026-06-03 19:30:00,PS06,1,550.8,1.82
2026-06-03 19:35:00,PS06,2,1166.8,1.71
2026-06-03 19:40:00,PS06,2,1114.0,1.69
2026-06-03 19:45:00,PS06,2,1192.3,1.84
2026-06-03 19:50:00,PS06,1,597.2,1.85
2026-06-03 19:55:00,PS06,2,1171.4,1.82
2026-06-03 20:00:00,PS06,2,1093.2,1.72
2026-06-03 20:05:00,PS06,2,1173.8,1.76
2026-06-03 20:10:00,PS06,2,1144.5,1.82
2026-06-03 20:15:00,PS06,2,1179.5,1.85
2026-06-03 20:20:00,PS06,2,1065.8,1.76
2026-06-03 20:25:00,PS06,2,1037.5,1.9
2026-06-03 20:30:00,PS06,2,1119.3,1.78
2026-06-03 20:35:00,PS06,2,1103.5,1.77
2026-06-03 20:40:00,PS06,1,563.0,1.75
2026-06-03 20:45:00,PS06,1,588.6,1.79
2026-06-03 20:50:00,PS06,2,1170.5,1.72
2026-06-03 20:55:00,PS06,2,1033.8,1.68
2026-06-03 21:00:00,PS06,2,1047.4,1.68
2026-06-03 21:05:00,PS06,1,571.8,1.69
2026-06-03 21:10:00,PS06,2,1117.3,1.69
2026-06-03 21:15:00,PS06,2,1051.3,1.7
2026-06-03 21:20:00,PS06,2,1024.0,1.71
2026-06-03 21:25:00,PS06,2,1072.7,1.7
2026-06-03 21:30:00,PS06,2,1065.6,1.6
2026-06-03 21:35:00,PS06,2,1040.8,1.78
2026-06-03 21:40:00,PS06,1,598.8,1.64
2026-06-03 21:45:00,PS06,2,1187.2,1.71
2026-06-03 21:50:00,PS06,2,1051.8,1.62
2026-06-03 21:55:00,PS06,1,571.0,1.71
2026-06-03 22:00:00,PS06,1,579.8,1.79
2026-06-03 22:05:00,PS06,2,1111.2,1.69
2026-06-03 22:10:00,PS06,1,555.8,1.6
2026-06-03 22:15:00,PS06,1,535.6,1.67
2026-06-03 22:20:00,PS06,2,1147.8,1.65
2026-06-03 22:25:00,PS06,1,510.6,1.59
2026-06-03 22:30:00,PS06,2,1117.0,1.73
2026-06-03 22:35:00,PS06,2,1093.0,1.8
2026-06-03 22:40:00,PS06,1,585.9,1.73
2026-06-03 22:45:00,PS06,1,586.1,1.61
2026-06-03 22:50:00,PS06,2,1123.5,1.76
2026-06-03 22:55:00,PS06,2,1073.0,1.59
2026-06-03 23:00:00,PS06,1,563.6,1.55
2026-06-03 23:05:00,PS06,2,1125.4,1.57
2026-06-03 23:10:00,PS06,1,560.7,1.59
2026-06-03 23:15:00,PS06,1,552.7,1.49
2026-06-03 23:20:00,PS06,1,523.6,1.54
2026-06-03 23:25:00,PS06,2,1123.4,1.6
2026-06-03 23:30:00,PS06,1,543.0,1.7
2026-06-03 23:35:00,PS06,1,554.9,1.46
2026-06-03 23:40:00,PS06,1,579.0,1.61
2026-06-03 23:45:00,PS06,1,566.8,1.48
2026-06-03 23:50:00,PS06,1,587.1,1.5
2026-06-03 23:55:00,PS06,1,537.9,1.49
